{"chunk_id":2720,"map_id":1,"chunk_size":100,"chunk_segments":16,"vertex_count":289,"x":300,"y":300,"vertices":[40.79673155,37.95030957828059322990749650531827368072,33.44108760966118028054981707499580484341,30.15386685177542891193271529069113446193,27.445248916366869370535197666289983166,23.73149407906747603026423049349652273768,21.87791519957286945782248818636639103869,19.20920267654224323972374972592854120747,16.61027008287348731977555062030743621701,12.98278981241687182618152606490335989544,11.06046976831801759232830388629210948399,8.55110439720833788449067326089921721233,6.36268225202047672664060141013124397786,5.17533312095465219121993257555209570751,4.48478391031971373195613586247242385816,1.92942983721385160248253512222889383877,0,43.39172846245360406774383540713927551017,38.52380972538718660894069724020776758381,34.495653500290051418049332228214275605,30.19729373842829815662511159569696517193,27.86867952711297866483657113705750408738,24.4320071201424926298930157062134933753,23.19014635374933015734233440048476344868,20.79300567052241686043847021011305634556,17.19607948291361770624169328380434679996,14.8645416304770881420063861663359563164,12.32336602407093477544866403265526929897,11.08339389743506907067194989126941955295,7.70293934075240176039756959475831815112,6.86111284948425704136571130593717178103,6.3728796546166497776514152113245697978,4.05136604425308670325914641836273424926,0.8849522480710524363461579589430908761592,45.20981806236416402516313459607036558879,39.49497066269529322041369087551260719525,34.74347746814838531509723096072329911345,32.46813006236978740048757181596455076835,29.78492596691099853717025583868089145075,25.54023600602320507568227952702201529787,22.83456410041729711166986675366891103799,20.20586823950921419174805945690972847323,16.97205179820169423849717765578606345921,16.80159620958220360253929918921962175897,14.80127077520743736443431515072409142272,10.72591871223425483603205666622256131677,8.87555366419101218771207545545312882806,8.08497503129937827513959307012349104377,7.28205214035607061876922603067951253878,3.97250910201118913311507274956445202038,2.30495178230229450308720342494554692154,46.75712668439261351653335465453288705005,41.45643624814786015684911495063958331236,37.38451610688852849630965083318095875416,33.94787503442424696374607678292815824874,29.93360929191248038729489998068391358805,26.8156252028412233592833538656892810678,25.68397640212027571969742870884328565222,22.29258705370644976887129658905100236438,19.07963690341798200018043443041676245588,17.33817931903211377268972868165759691121,14.1137685257067444579224307213140264385,9.91878758072807877117629377091301351699,8.885414378183220070610268522189666214,8.4268165411293687955758845125527158179,6.65254209240787942582638706796239843405,6.42492162352090427420907104147064009036,2.344485821761246745925075881714698821,48.07607178698184556471577824172791540155,44.58585465777579643971076768744750759849,40.41117994922226121477530070520700394561,35.26877498177077051301719683353490730439,31.67195772822869281928164071226772910268,29.49021143764020241091945786641549312952,27.19727313394297473443585761414056737737,24.39210849876858214206207138389720684496,19.71587110554663822431868503011457035108,16.1641569229715237786760369031980866195,13.3159863778426645636426389169630078117,11.39031630264899777017176636634785576697,9.09399262449816576632625425302181625597,7.49657327133481760511205735368899522082,4.98008036982234098721254710210528540865,3.88848018363963387039807876678548202214,3.94006678763618394629629060383570207479,48.98015832297967998706141426473540250687,45.61408017029373302995314427015145338342,40.14233366949910393404609000899486457456,36.41861291026871399652657532411392180245,33.39848192851312650597642679395365053904,31.35642979414753148826421054619100233809,29.13527719157185783461253171412704124268,24.14616074275231101261040949109413721751,19.93506510828121964977551702602883174011,19.5796350945908740334536433127560172086,15.34148950562239493480321309539775701865,12.50172813571354820965965838117994700696,9.80404469622093163564875753210241700384,10.73755802157552394824478726777076492311,8.65502451095813070924309570497233573296,7.34198442000590453665687976487452725365,6.48895854328211280250762495510921772518,50.53003443523609094779006171460927516694,44.01693102648248916990945279476939488648,40.45834042007520671629404546080351392684,38.54728965193609635498887834383708375926,36.39015568454948826917302399699463174293,33.72887117925695866744394400692915321561,30.3331977642854644704709349078234859992,25.31521179031018627149848196932152163845,21.96335032505447287312927503636485867587,19.66823273571194611940946173608138223257,18.9979554690809575279100011038167887229,15.74858281764619896066744676604785131804,12.38817188144135329351268053205732188852,11.76740095239984624857334400686549542276,10.9218695242468610554404321245885274847,9.32058826557386611213569804706470569235,7.64206385751342259217407732580733692004,50.84835832966597725454921199175512301114,45.1513351259216216402855553688047142738,41.58761209933183453246571049677338021889,41.35233201840726666921381975024454834487,37.1456796099279752615266467307326530641,35.82704566057023905856813753348780830561,30.84581823805497501126034234226878944705,27.69310323583237103926023231022111360564,23.01689506967242921301547272295971744751,19.34723342008740255971901039416778219132,18.63078816654127252590081186900730316942,15.29180035144968029672444748005116743815,13.8959943741185446876222712581086349149,13.49138241008908653982870438760193211396,12.08734097494314835628163058869984707433,10.09787146145049284961951669110270979205,9.47770826142001206739161737470172506965,51.86994795737180112924552344917214550604,47.26403171073366385010775725576912521983,44.35567110149800668857287863852751410198,39.66361593339260208272936646760480259236,35.97975002008858939685996316302282647856,33.72109334004975445103484040241778246213,29.75353477572912507979603427360318986784,26.1404458993713727632373561306686309733,23.96737254556598148575802699927487470855,22.41962855045146634213542833869693272991,21.64136028779348627829212685141223902641,21.40188916579946796871519575949221914377,21.00822486195820423486521198946491272656,18.9572680937970335237522048093623709043,15.44218361307911448563283901929822087818,14.92246400165524332790719943188131108156,12.92390366044092214722696285839985418508,53.68974861756912139945354703268912852725,49.71248194052721528531993279944690814713,43.95123496307310952063620603767136933154,40.63146356799541140015332959373040699713,38.10065262143065948445421305378342241004,32.96877916872082321335902769297199922109,29.86063549823915063532959201548710315885,26.12109738078636297881305006796711045224,26.93422184042092590136478990012831610312,23.60089258409810202602656246574720186823,21.88718595416540552811460745016987279237,21.8928177857377030522759868903288505487,21.76475652194554723526908394903567910416,18.40180585850530490727057759468413323322,15.03721347458663411953708103375079845285,13.45116767217300821005836899797777438886,13.3280221100249527761251720676043926315,54.08369318807700686163012601170196053868,49.31510408944805398168132008882168269451,44.37694845050630176735842743916953049755,42.57777661161181343364899108072270545454,39.20273541744246927348183549453846664215,36.1213373748331840054750845534399758869,31.48134542446035963849301719700853020469,27.93086745291325629493283543439978369323,28.72985753515824012683708485769277160059,26.0919621436979412015019810265031685855,22.87906204809002594980471054092843407042,23.60919440158983151109173793915321971878,21.37911868919306696752431422517062371428,18.07093915719546830358024233098715659827,16.42022695095060140764346776402444633735,14.19984497087822672284257679840658972924,13.72951251062231703348722886010534988111,55.5314598047440444550902365013669120154,50.84806615709987183519764838513977043017,46.95204439366912736576952007425167426711,