{"chunk_id":3691,"map_id":1,"chunk_size":100,"chunk_segments":16,"vertex_count":289,"x":500,"y":1000,"vertices":[-50,-48.5177065961100162690330011432340631925,-47.95615581945605981709112084557965499209,-48.10640266789839560445808239716940098818,-47.30479600890424563928014815794812310229,-47.45823822788259825895111794706847467673,-48.00133540071178519313869416079583941832,-46.43493374878828857899481149788013239078,-46.26563746489732773398556879453740590457,-45.06829456760194018178497334392220484253,-45.39524173018741675290940516440193526829,-45.21259777724538918695906348862022274481,-45.62531776620570094485210170113364549718,-47.65730892089691984323448149371552077657,-49.29956134892428418074807003943918797292,-48.98718853314210046489142030392341954764,-50,-48.80427733325106062791856984369595120064,-48.54431442610228751517654313543848960424,-47.94415675241086674460232530792700492745,-46.70591091349212120481743263516082745796,-47.73253150185736856277106133308373714636,-46.9812698260459092148106266106650318286,-46.84736658875878847186972640066470929121,-46.37522655076393999861532668318398589603,-47.57403039515087582002382721752490035997,-45.3018798597521049654921552397545831005,-46.86466793775210010877438326563267333437,-46.88331450568291576220717677471884760977,-45.59640014013083084055258372826253784558,-46.94856020718209065548218986657664672135,-49.2488556382912234562456780750309362527,-49.08576196364943252608234645300474167117,-49.16900596952328643113867726647054388089,-49.41287942136027327581665702379571702298,-47.77678198579160413142067649335255714417,-47.03231355248830966205790207137032965877,-45.9272380195306617118448340913262040067,-48.19964595108188605927493181610045088506,-47.17429401016471288444218777537054731348,-45.00470129675796425679306569322976349923,-47.41839981381967156442853825561443454881,-48.45106654178397226668662236516758344016,-47.27771974571313979663349718951969862464,-46.66891883936340778061318350752464721717,-46.88641231858320922967010043280411320018,-47.30452111801528437723172604628795488519,-47.74665648987119748344863291445139496086,-47.46636733784447113256825737999555382648,-49.57143819366984750753822890619192578016,-49.94563938216010951895560160418239165918,-49.35120803668563595436914010929231465683,-48.50562836481943668916122075291848986699,-47.18489654741289113342352042385759925842,-47.12207315280882606054648419460125765406,-48.24903254591075426697719831650443968426,-47.05561822155964937992573657276000634459,-46.79240755785975151137569351563782577166,-47.35180020235442345004819302668487456457,-51.57416786183874783275935020071162246471,-49.4645527854780069890447263516982001744,-48.58115459766477336324806003800896714816,-48.13424284368644345869438734778763253372,-48.14400508937963423849477900762363702233,-47.5244937604766718103209322673979767093,-47.93419578702898612372095576980473104954,-47.70020392035418953064248429172306656775,-50.31603992750208169539909082407158707235,-49.8880547955666002241031158734350752567,-48.21584107537367103238634273994521233657,-49.09318055108592945358622078609880062708,-48.63650895166909793540580426740376475087,-47.33219978546996698302380632344447235894,-47.76686074307116747083990484567193534761,-48.52961908162107346233129789735793121455,-47.74946561183969275703678006316805406673,-53.55422279490907225611153840353703876021,-52.56806959918680636306925426351612516619,-50.78722066712953266761914752677693104541,-49.33949577019322581792231951510172761185,-48.04251895581619649559193748468638225476,-49.46920037135820377455931128505221272491,-49.38372366325400522300925766689199779261,-49.32598423426224317678527911427403516524,-48.91441708062307094416710868505891507887,-50.70841838816249958533047171018809971486,-49.13335397138552521938855994393500301019,-49.77322219962320941391143954028757128754,-49.88894817046147554616461375119870282196,-49.02548692063782763561324427968693897101,-49.80837629995593292703308569817986725712,-49.99382700977147017584935065664254084788,-50.39001549644302701675387312424520234161,-53.37410462398523958394840480895323236726,-55.13517965234506601300073713244342575981,-52.19947743249577642094224844047184905462,-52.38122973342525830309533461125144600647,-47.76131911783245288428063241047170439424,-50.69064212682999213850840919002379723329,-50.28152662023800527206007319292802735694,-50.17660543573203163642599836685561675765,-48.81627220944686099801523269798726145576,-50.06344397910717412443103618909574784652,-47.7264334125829216281182379347731017122,-49.13490780073414184091309866532920071547,-48.9373881831451416071723127284532474118,-49.85152959732809482537002642670562175518,-50.81889975384751444701846286714914405466,-50.14596228822731116686734741420508828741,-51.69912322542605156459391155291232105249,-55.10433979981875973583316566836615437546,-55.53852924059739698381405882427765833657,-54.73463868757771397402109483196374760546,-52.9898366833522505448815952000718677798,-48.87277622132322853443678809300523267715,-48.70060275724955951596189488329034392594,-50.17767244484632115968172641314230108611,-50.64576609621499544837026258947294526244,-49.92524842620219544121277267512209482666,-50.5549897919505581393960152415237526446,-49.90688488063713555485450367570125925893,-49.10320723124125245040609250965574860766,-48.87887035274769032491012374379948660055,-50.55225818992210880025365759356125706128,-50.47395629337826032553357724859287939311,-52.35813121969293449782473957181009421632,-53.21250675766903726075596508683908455667,-54.56838910856806635507609290714628416282,-53.5019781027024122941360398521464013097,-54.05732006809555835172079921525165574273,-52.39665140767001947469400087950889526137,-50.46349048746711521432020019335868488626,-52.16215482095814000336217663332121178897,-50.78351747359901446340183342990986301943,-50.04627442893707733806463304498765542664,-49.89090551501336028155377724163854865036,-52.1114679915770347407209298666205442786,-49.15653282375784717314224957437939738114,-48.83065707023868078653150168370455700677,-49.3312525433506766530613719562792893246,-51.23498806062118991366774980195173224488,-51.94062616675537781377225368560864680842,-53.38806732509365376596512812653494035288,-54.20835386216033930389978928168756082664,-55.6364473940040805412580717181799986445,-55.3899345642434070289179127043191913544,-54.77442927638704220405766672393417419308,-52.85136449765414488914147659111970598073,-50.9944080093626035132685843255499464065,-51.00922980227761995935631018649738906893,-50.2672458299706899195747398044839232246,-49.21901371087534752534280196148995629227,-48.19432742324131450687470439680648921053,-54.14823440579194562382543012757992773945,-50.34174485267971991351513794868175718731,-50.33780957015999149006885474020464752767,-50.43389697885377799442302034424678389303,-51.11666034488410199271517679604245715963,-54.05065636666529821472205490256546010768,-53.52287260329902693278641725063875019459,-55.87851018386395374176972998212592573741,-54.27179607475043194472247811652987838977,-54.24887467937378006419894273273608363533,-53.98763253390232430006983122535114108485,-53.67348716446865701038857812802985560407,-52.36338611869427363945969138130197106457,-51.9760205524982566792274059223510586534,-50.84225419311269939446381150377640186476,-50.92062976011541170901070714153024360655,-48.47274576165657177810416510166679855334,-54.49782702627335903442250047763997533123,-50.80895405750652245363525657433165354471,-50.67003883514958580696776139790456113133,-51.18689001498116568536704826076585065979,-51.83876372729859470656351045018206397248,-52.73701946376752538062948871715782240343,-53.86356184616964299337654334149174113858,-54.09836581411895741694775450812711732177,-54.80369073732040146347812830966299757014,-53.36946843073649987363252160706597627411,-53.76819945471479202451172680889909157521,-52.77671216174669192756947009301998064859,-52.34973387416601330847507589618795871611,-50.93344430028835126329270936034140500372,-50.8293428676598822175622100817579068405,