{"chunk_id":3882,"map_id":1,"chunk_size":100,"chunk_segments":16,"vertex_count":289,"x":800,"y":1600,"vertices":[-50,-49.33166685746614743050903860610511492703,-48.79191883625869195198028172186701416123,-47.44299418974605735909707813493527135032,-46.98817272555820560141871394233332614327,-46.51425444953074521810029116596057029662,-46.44462313988266766798156079847582065899,-46.15680642912547920702044919908979498258,-46.09683454363803933785455579696938703298,-46.67515092465917663188482140914017170417,-47.68752520548351357343215666316463375661,-47.18787189767117801749950489655493708255,-47.10636459624609970857405898458535298304,-47.58741926408053590148254478791558465421,-47.9785352500701143622534962277332915444,-49.38919267535260149864365480011579186045,-50,-51.47256827101793378774390180754811736528,-51.59986246773080542354937453677642056887,-50.92255279116546200590491797924241145937,-49.0853636045069436143631313147498726948,-46.28750816064224248582303693241425979528,-46.7744855059110154815462742849881521433,-47.00714209234758131243918677325420796059,-48.86593148418148143359958231202889394826,-47.93556326466338630298864254032704147051,-46.58914083372001809214391829757635713261,-48.04931419538685033678264203114292739102,-48.00023018672730653282979775865153019925,-47.13946250128693836294945313350657842443,-46.13004831249144151418017839620227237579,-49.24626443382107313816972976121142149439,-50.8816132292425127061776401790370592811,-50.86638648592640458006494175970065284095,-51.48731815781301828412597901690468887649,-50.83091665164924590105256645501094271752,-51.13045842344320144063494544964133083841,-50.67431664636910657698072337729824738093,-46.93211333683985681096326679648567813321,-47.39950007742601902780619710920304534579,-49.46148654319438050655178389883327707765,-48.63056440016167715863354106973917523807,-48.62717935345666025009479536910056336119,-48.91601866436131735219301972937584882336,-50.13452578158960597564959850669160436053,-49.90671110899109971060796548003578266779,-46.55373420960340863483187404035447428921,-47.82333541290039199877559970851920514761,-48.78126132644784854747017252003734203948,-51.26680063763672732116913270178250820397,-52.08830475103740305436059882758646135781,-51.55657473294767818430493580005829331635,-50.51324433449059580935213177316095328638,-50.41890117343347135299896967537628723966,-48.13295087882591714279851765261818533756,-47.05468015855631764924808511517286052776,-47.39797868578408205349020990202631015909,-49.29455040828507165272741631675601248639,-48.33201320369344905853534110931712569071,-50.30854060339316007961451239322418916505,-48.79878524285319441618263823601064412531,-49.5330757373519039680229108305621284029,-48.68801591085310551738669909637884941868,-47.20656035350863744553691339720230905946,-48.20741511833460884764805327116066927329,-50.97616527499349939677488328015786191148,-50.88596005553079164886632964005484316926,-52.72954510681675507945535950692208490165,-53.48196538938171275051061361806330660126,-50.54560808920971672656314096538718381654,-49.47055597744502417870358834065312853735,-48.97397734743975166675494429781478087666,-47.48051995531019084398757325348586555508,-47.90441743333755929751908950005875888293,-47.47995557878823664257745657429344423383,-49.37359042439188590514804738635582986835,-51.57587280603686064928223653624288017783,-50.46469116996643338545584607783300827201,-50.85845309188729802241561741855009934186,-49.88548189621115377903064203916319055695,-49.17247924005872074208540275800037055882,-48.96254697884490324699165145430021565989,-50.28505247791009830197133233076647900145,-52.36854517367968012783826316201577997618,-53.64650325082560018948556681529519725101,-53.680222931857059212569902241056379924,-50.61319377524411920539339225096500182674,-49.97210917526042312470578066928564028397,-50.89813405059996806141335316538037505961,-50.46018961054693998115504714782205923336,-51.28169127090365727389517939666815388331,-49.70130879683498400546058046528824655469,-51.35737410974007544324051248907032715748,-53.0154480929853825569227909637681591187,-51.27861685250548052726264052964101942756,-51.73735855277246867791078910656097041942,-51.22207367662163487940161428731849507283,-49.7365163954489551951311491751894867188,-50.66107354587763129344047897125924852786,-52.66486856396498758914266763939801255581,-52.90896196042379751085869012621304123205,-52.45436676701783580580229408422037777945,-53.45667906606698877067171127864222025381,-51.21503266335090499946555257241217663487,-50.96578553479665361179488742167305553629,-51.74397725845298936885729178325522356662,-52.18014383170905359609096692694963983335,-51.29958060279845959137720657906043826091,-51.69987182395434835421084393977716208938,-53.36970852045369696031387987179527547289,-53.45160902325437474717190626577138428954,-52.90809059663611577079654043492189926959,-53.32321269958070858324049251647518416917,-51.42712411994770787065881123614479928972,-49.67824631849058276469616646379049908882,-51.55529229162401937385524887413054770735,-53.98680201128680039460719150508317950906,-52.78756237124590592414767435437061554984,-52.74499740176565365027955075553018717407,-53.30826318773699388071473270704728062136,-53.7056611795738347833247527543492744753,-52.83196170349749938553091601473887352743,-54.97525802936959833966158707539183698392,-54.45493850498493596701046717162525305671,-52.59673312165227638075637899933828386237,-54.02963042355326762629323702253300596748,-53.8586979928785013599028434618645382949,-54.6648003904415554893652865999403607472,-54.13236639719313433827073417335567470188,-52.70824825848399279088633642897525670531,-52.70318280603739614343503663259776974401,-50.3882536806667594739714810177227728189,-52.67743667115256850649321874150579776754,-53.48030244648496043886645443777304999452,-53.98374726127220476313759858643276050979,-52.13232698982596124895060716388861367394,-54.17258063568852480970232956480435212872,-54.66797653133510984525307415009925947702,-54.90068441414786032918458055951853967914,-54.18244251792183585383259240809767249543,-55.3764213512474113327930046254477575011,-56.02448426910725810276017705855381214351,-55.80739247371829532014691265270146062665,-55.72019304084748595598610915427784245968,-54.85756425329306647204132466918142836375,-55.01912673564371273805542466153892400272,-56.78631233242710861880953180933165204365,-56.34634141649879730793053233476631910241,-56.19881546995711025737735252359437198091,-55.53791406199152947854781731994873544674,-54.51038756245435023764975319317308929425,-52.83172378366414703035143209257880714354,-53.03641035107061562003579468799565281042,-55.36886525914233997769597404821213946629,-55.73299214932452225755830147849981414683,-53.5877606224278917535228477104057235476,-54.81808750337530605990836863036381406253,-54.99954935900002873940885315431708369967,-54.33051950725583475662058052705492420257,-55.14873034292067458029838590299132876883,-54.91075021720960602161929923835047096113,-54.76142221928596044023398241998050171428,-55.8019398948853185990433732429875074004,-56.46680104560585422345302894197762908941,-57.48436050276451687596092202956144203109,-57.09019292172961526518353986976503187552,-54.96731087315794595130304840156329883062,-55.46007886291691203234538732913044747146,-53.70916460460357770810186100269396349626,-50.79415164099980985869362813541955398777,-55.45507797181965911209913643745138167085,-54.57469802025653735755201631633945229191,-54.12025089800733066347601940522636638769,-53.7212086967071839854751134369393266998,-55.77322042764566628979058827339751447328,-56.18632171102727405757030749974868853766,-55.08061489065197236840866266124285350018,-55.15602278017319251838503052503603797631,-53.83049685419565228253152262783440485277,-53.97687853760445223351548752212825082638,-54.71271125939967616309084626615496582062,-55.30621001889254058779793976484143345195,-57.48324751205250376235393944995530991477,-57.9079245288594916789867753173104933521,-56.54151045928652395508759097711484349117,