{"chunk_id":3065,"map_id":1,"chunk_size":100,"chunk_segments":16,"vertex_count":289,"x":-300,"y":1300,"vertices":[-50,-50.19631910054988707931103366212383106972,-50.34123288301542233599955373971862931912,-49.33793429689994957070588105281738673223,-48.83140488975297528229462253065316050944,-49.05442480538831955316596785765524097031,-47.38530875244422162697313449913417514283,-47.30530948514323317497298433108414649863,-47.7792334124504258904171432737285933174,-48.18367619434347737054365362452183483553,-48.96288542028264647194144459712845215708,-48.15414832404954341164134550352243864763,-49.09525272879205963417977993600622966309,-49.16643690289298323256176446753532181092,-48.99945282746889022407184557022272496289,-48.54981817438573274035674787927377109055,-50,-50.63698877431094056654833513001990854179,-51.04494349568551178538029050131222198073,-51.16458477645595653341608205450844680962,-49.26999492547817360803914919974818559205,-48.2567739923217993905799369663061626143,-50.26088728318855061902387517322182140296,-49.84352856197403266685277062832799573976,-48.33443161282661074531496893104429855393,-48.37972391944777986330195987341588036678,-50.53594276021409750861929872541719295461,-49.13391029540314745302968309341821074544,-50.58548671493421872558564251300089543278,-49.3544498029854113916058179601797392364,-49.30459171859203737525268058606446347504,-49.24924499037279094318513575171715981881,-48.58639189810631533556304746672687520059,-50.27901418977132355434842966877992764926,-49.71897023201301816216592456503003953265,-50.69413132567840944803775313239582012191,-52.05173211100462834709594428851585303043,-51.24022558698938942740615638996273631508,-48.15257521220956758424613187242770221783,-50.34657807881724905238920327175204658604,-51.1300407125813336732213007584620690393,-50.51700850799040741446886166767976116709,-48.12988099504254561212062255071397819087,-49.17704370667937241043190862549276488576,-51.19421478662925570582481140748596724831,-51.00080625395778059463203079419145352875,-48.92083304332164990275417458537089370079,-48.23804095467675767225432470988946188018,-49.43379310609596019438819669176835364111,-49.86006791831898570728370054684488801803,-49.68004518353828128877725760322608173802,-50.5516157700408062420261662355049218537,-49.80732147431111818339584202127411245139,-49.82679936564738205688529504389584189851,-50.43942446556638254696830983078879558373,-49.27824024512997121605978216847472635993,-50.68161981306221593389048842347239772562,-50.26125079148249893422576327574433207204,-48.49755461797158269503794788918669594021,-48.09281063337353768217427845273779769046,-48.57292963084506148673083537601580405905,-49.68462225832946328009424613884260337938,-50.32213127235815845777654753387212948162,-48.78213259127175225106640246666608096955,-48.26394803299441120565907089618957167775,-48.59110902141643875018364352965263069685,-49.61176397243060434229156149734277392271,-48.83423817251592187964416290574683047545,-50.64665029912690602312321874322674211782,-50.37250938107043620460738604708095741633,-51.0600739903462242391210173870751548411,-50.59436917116454668837534762426922999565,-50.35799316416868602219907096727121871902,-50.35629288069196019123988179963958402154,-49.73986331304598944643682903780204969174,-47.91224985968575770090128188200627518445,-49.74348395983724715971553902476653273476,-48.57244296210177903232825661353093158026,-48.45467229610903417278405958014015187441,-49.85275559806528707423662380369645534259,-49.45089479346078073327545098079923903454,-49.66301068131588668324637084157458570991,-49.15842995656194682272946505460312533093,-48.30045461193328351427647967655747302759,-47.74480907622215440684569456447944724905,-49.99421849749926992468876070830139184006,-48.40420299520358900799012364453579826144,-51.19547915078526631863637407563282208466,-51.5297138076006094708291069372101578935,-49.77862723761404734077245866864014624736,-50.85789529519308861364297593045442420354,-49.14620519317045348818008395392911396431,-49.60839209073590752641593268581932546407,-49.95845451904329362421766399348317651455,-50.24483375472993681071408073423972347553,-48.02850319146757545559144117750551725917,-48.08680070631606865942511795910138040509,-49.91226619803780302294600868201689341214,-49.098761830841594462615232491204935882,-50.37513818625205476117605984630390147608,-49.93784158975884407841156980445795656922,-48.08294497391299018395638560227188952965,-47.73147902901931281091133853099996426618,-50.16846285200936734723685143051495376881,-49.49708052069703602024831884850977018862,-49.12391512171239007987212600555123650806,-51.08121829679597986463974456173996746743,-50.03386491322382484080080596422333875801,-50.05653658206806844074182900679956139984,-49.74506124976113078928997662257205211619,-49.64500655188345669587630455777658993897,-48.58334019970149410550150172791694598747,-48.45783240589851190746076542364000442278,-48.96053717026481522217193309093703865966,-50.22334696062852537823841793804403737965,-49.64397653998822353060510982739627720285,-50.00830291382777272118805861686714396097,-48.7539921479189989558181109113846304749,-48.49726119348291874103600971575288224446,-47.09677908299412464173922593757401879433,-50.69727340839633161627038949047234514219,-50.13123905989237385502129959559579400925,-51.18906446537735555853583114158781701399,-49.79764261782285165468710365811725915683,-50.3526692658248223924166231456089308671,-49.56198792007869038602218307492988312036,-50.47583961990497304212575415927235552853,-47.97160778130978832911465091532825726034,-47.71912013983301704785526679692264793792,-47.5046664392039883422594740209252314948,-49.13886388650413419618650889098610183566,-49.90102139255896047369400138106965025906,-49.75705449619287240965900728479346087184,-49.29212548956236796816494140912244034992,-49.73692783688535040548850884751264567416,-47.5757552140672768747710717590968224468,-47.08933632286784139121351837473846861968,-50.70779751891277342767155198094727852046,-50.66707024419015650333591392341254519552,-49.87381567525269388255986795994549161459,-47.92184803407229693281596957018615000985,-46.73036312226852446543802085726517401258,-46.89803257015967133475555220749550460268,-48.11109743490591193300035763169734745712,-48.14330510553915197741823690233310527765,-46.57552471303303017922615548661758787965,-45.74946559999446468717689896266084340377,-45.94315610736449038167811746629143245943,-45.6242011041733490061321845374710026652,-46.3486057483849927797679139232064974558,-45.51894530354365072169113715950682920144,-46.02137910650382330272523423416327776595,-46.96082244929335868601442065949327238291,-47.38744649634104755245500562640963668037,-49.24705483354175284072885317873141692367,-49.97076645275983645716393926195453178388,-49.93082700703969429333344594636551762134,-48.72502859701521406690803018368273822981,-47.81164459777985171352131972632150392618,-48.51669339047265132039757290701937452699,-50.15170848156470471096136651311030079988,-49.2720851590256583291793592689296015177,-46.98333200351171902100544131395658315487,-47.33536433362522460827740715717415458485,-47.30315338836361721991998082362101896339,-47.50245098216350623730006373914769729048,-47.7644518329971914176485876011344498558,-47.80745754938087801578561420619748613157,-47.66486919761621676512355206903435413341,-46.68779437317489309007019587118594681832,-47.81671506657810490276283561259526562189,-49.25125394380662120238848173499473296906,-48.4882907893194457810761075152332666759,-47.62094994324953613133155676229065054376,-49.62948703481416639911327590839043617919,-49.39033284597069900752784816313327145032,-50.33885923074775893693922175089867289312,-50.36985178826921285188888508181072115132,-48.99290452454835203125546037304775566336,-49.15680271429595241474464873495720267457,-48.45123666384216129342194262975205344491,-47.21171243413775657765436487483506056792,-47.54746437522454866937416568495432476668,-47.66561687542210322955865491672499586345,-49.58801410239745313452125938435751060239,