{"chunk_id":3577,"map_id":1,"chunk_size":100,"chunk_segments":16,"vertex_count":289,"x":-1600,"y":-500,"vertices":[-50,-50.12679143827645317288972030413329602596,-49.3845575827248972038618806025940242311,-49.80568644208779872057983263847458605263,-50.600888095949206891230364853103953631,-50.89417185286688220466786481327719505695,-52.46787801319949658682756145059326335988,-52.97898584154440666613918553530006216466,-52.02997043207526691216276296359783412797,-51.08190734938568914142167770764381828973,-51.69579088477987628544763471520720349011,-50.52469576671138245674286515884814114995,-50.45646035679195742185215959204608976266,-50.44050668334757434329350839028391250092,-48.62624111785940497043660731981474331056,-50.26864521516058672754845496784920598006,-50,-49.34958029763441098971347261201304301934,-50.77495499740177325309633024531512230717,-49.97514176724156659157363361144229577849,-49.21614817541828013007902304005001154745,-50.03395553243959478976256823705215065514,-48.36999187673214232318419375919544950062,-49.77828054554735039870304501986345403034,-49.4541827169720616434825550363337611224,-50.56810913793422917656322109483987571991,-53.03056122672379686013659431339975204744,-51.76524165419668823738658124347635824876,-52.25911279805363476809109610701295454654,-51.38897227856172952807056518068342021677,-49.3061907992905133729975889007387435888,-49.53888784819455006332856963739289323518,-49.3708372203651236580478362174948905554,-48.93314971084151348730985128454413430526,-49.41583247178524218442572497898471089241,-49.82787542246114700206951953849589426631,-50.52406144321620023729813285946426329719,-49.52583996932273291392272394811637434832,-48.54548350013986741117611920942343921047,-48.52073520220233104124835962317574666633,-47.54831390521707536049063319991806330197,-49.44374862858496484320885354296447900652,-50.82631473384361203875586334675585272012,-50.77436861133164268857226264332224519885,-52.60879402211010418727356939528130568658,-52.69518909620785063924562697547899869626,-52.66036033020241342386158824478191401243,-52.15514451308242233318758323451331624312,-51.8048906331233055659109323820360376529,-51.23479219678537556069873795888454938915,-49.54535740007835322265159169453302159477,-50.18717030906403195872336871303923318009,-49.70847461993527316403213663851169822936,-48.88096755855276971743424583689336860014,-50.11648460959429859535533734094439049052,-47.14818567802694564152137628449613312889,-48.39203691854553479852137151510109732291,-48.28565589891635387919721248268387956761,-50.24337979098821485954104321965607066025,-48.81230599475809353462913113662848223337,-52.30335978836420450234283130817466039017,-53.07388520730754988115831693871841034926,-53.13022766177292771648192242184072744183,-52.33833437347063806736378529525047506562,-52.94088842629915246422008297947743147207,-52.76420343490696504762557820829963304762,-52.1264194176658530521306605080876192024,-49.55644279042805949732013047584434483645,-50.51904156090747785533612884715345035574,-48.15243806408219328249652374508906528711,-47.58763127190376934115201904727770669342,-47.77421193599304515724766613573972428989,-46.8525461085274349185221243214062505157,-46.04960651824681076488036241148891737963,-46.67842792280836488896509538526194696329,-47.26091662634785073857271393526072350839,-48.33334346732958374850425546889768761651,-48.53006283471733748102037282822177253758,-49.61461977568386585386501912089480447603,-50.28513442300525458592382965996261731266,-52.47055246065491659977096204326497430289,-53.36964276852482353964695613790829671923,-52.3543845840825104537891567069247829095,-51.43305806809994514100555690717996708966,-51.44215061501463481122470266067329138361,-50.03659967098657068367163002367398768362,-50.14176258966867213022959039300316304418,-46.7377745919457347205298471381474378313,-48.40594297834930914224493532940798556341,-47.04082654683083893684759526256036784877,-47.1501591637695582682753595274660883933,-45.09779989128314739093275139109111747283,-46.68058595811154854769131429303635048512,-47.53594920255314368591150204372284501827,-47.75454395954806965085090687951915553393,-48.74574737660418170697139928515375521337,-51.13619972727617553733845584588528886845,-50.18828240247397757510612514304413006157,-48.91283961438421520133488700484592248847,-50.27181582048176770027240479115818098435,-50.41619880539516592393103474564149362818,-52.09034362898711219148860596886338000304,-49.00288357199753612083028796313298382997,-48.80668296028897239436933446467410205328,-47.08465637272017417744405541860958664877,-46.94904598832585633420155787227728811108,-46.16707370342067168687389180403793837682,-46.1354105208376763907102502024369565367,-45.25258129626777538782376556046788143647,-46.44285857061010181213275838531268102475,-45.9433524694511680617992906333882540874,-47.88959032797653019675730219364481023183,-49.74262997553113186357171370137964943028,-50.02734217250623846589725268697409774574,-49.35858146448832803910836289249545922501,-48.84671579608698712484409874111662830627,-47.47196076033071137665679928420168941803,-49.32242160459517748434438233262199919567,-51.1643518081268167282483696370398450369,-48.55756211465449801725530731163814275111,-47.9702228003942609159366547973583462169,-46.88338934319111442888670096577713693437,-45.58864482174313678995990573007731793176,-45.26467649595741548991675713038124033182,-46.00399581140159465753541476007769144231,-45.85959015224750105074064998600529925728,-45.60631678477150687160662476679683015939,-44.18144307240202336068519186506545365504,-44.14301039770169062789559656432561875104,-46.79555987575216330579427657334280244938,-47.28576855316059117604306077522048429211,-46.42958178017018832283244374653187814305,-46.34204959744959859442318469344429568745,-47.74326386074732638823109232628548461451,-49.65840843227642909996115256412315438056,-49.62454592445505218084724432097176793965,-48.33725318842465386047953043127455967059,-49.63990739141810858945454022052248725714,-48.78944719311772355620340944090004056506,-47.88068810987390163540509260915865126591,-46.77324818075055589865356441353389639102,-45.06924953819108640970568305990479915255,-44.87762221983346671127205780255998140885,-43.16581594365950486763268767695568825487,-43.2265859613877141728588321043947772526,-44.00950137071787886622899631140827964205,-44.56589106656032868516278593420493826666,-45.52195275905870552837671571332027466414,-46.98571875113176964767803085602758372292,-46.58294803294779437089220337368032328129,-47.40798852030942866751085479098623890559,-47.57416287023458381755446202867834231495,-48.53409450755099549070123911801934971636,-47.63410808523062023304470574433644234836,-50.1861739485520459610069980138350242713,-47.80877135020797721309562400307524546612,-48.13361755103864316232727269964909935783,-47.53846240008386654542617781863224895225,-47.4896247448536967059850534881996541941,-45.87165571639493770917643607094465380935,-44.95732108920955030439770881191455914622,-43.30636643889839811082369375328961357567,-45.19607876634302982240752495801809197981,-46.20954603695630616397097241326764625744,-47.46956505701848156881165073163493462453,-48.43589091430728936884504213750991668307,-48.02457379153164496152640441304619373295,-47.51900326100763376033209069932964223672,-48.28808280742847549457590388543484862579,-49.56950161191535969055126999447057698916,-48.83154391022108558998757257076043863759,-49.19427836210165718313924780372333853075,-47.68026956820212015648451837045553396044,-48.72744662858288790109599437371033264344,-48.07012286046342192995186507588997151731,-45.91877801861065659833765468927794613276,-44.94947673359075147650620955373934835642,-43.61286743058945178370953168356280672741,-44.70077087234539521937012870317875552325,-46.14311598878786238699704076817012473592,-47.64392215987018364062679942812701710675,-48.60881092824976742206618967058303999779,-49.93897557106552794821904448107313011054,-48.36030235814519887612024133361518880242,-46.91079856963256245045440284339894823661,