{"chunk_id":3237,"map_id":1,"chunk_size":100,"chunk_segments":16,"vertex_count":289,"x":-2000,"y":1300,"vertices":[-50,-48.71209125331375916543976399799412580161,-46.89546201379562387007318908556213746416,-46.78100106371757417646455266368107828768,-46.79779286169468459160921381351857059732,-48.17109646940484656358638824759692426882,-47.79754405307923979247451960080673077012,-48.45013974658911113942532863807298485299,-47.46559652325242584929884297351638944491,-46.81543341554369884094553627159366990682,-47.81736105715895809130275176815837549439,-47.8269040105954452128823194777202378923,-49.36743954376698945761295071178454607557,-49.17996852903263883778318117731827252565,-48.11413965509348577907399008104754814828,-48.66389678564501477310688627444503283727,-50,-50.00398385785774505941631881013529731111,-48.7354943592281653094695937655317323552,-49.79964317437852808577691243382224560593,-48.9726178379128284408751998191206040908,-48.26961633228221854334700008553287498493,-47.53157618610298931937905011914348687075,-47.20653828561120386576470436953986882495,-49.43321420648588657670654767816104280754,-47.62913219291801175481388073715943222101,-49.74079919077580756045952071149310602051,-49.26167460456899560462413757171047563934,-47.30998699941441154092643469232562263968,-47.61293029836045679957977901832943052324,-48.54031263170682253044755078063610281046,-47.69349296884492872148807091184593704924,-49.62600945488933623133779809868334380634,-51.10432422401613303968223059069418846802,-50.80378902911769823837768509940583114153,-50.22360650350647764289138569499571841702,-50.81603626720615945748249107753973348019,-49.24681973099827050136609028911689394974,-47.83253994231538328662595725487771839529,-46.87765893526940465873148463818178095524,-46.41705857123456197285939516786745234085,-47.48366924282909539763850987934772597919,-49.18453985124534787875951474824437887989,-50.35463283885658021144636619399090217328,-49.9584687112175986569267979326944089895,-49.57368834720906264907303945902997010357,-46.19742148907585089798223853207713675338,-46.37003038266768553061247074947263017041,-48.32783200617485342111208439050303678425,-47.33128029854294491860990332752414213243,-52.68104270012064250107483150052680030852,-51.00372794302388785118398184743572044651,-52.00854388150578099021219207412061604908,-50.52620113551696024909888895809408980135,-49.38565911844372394517753390296507650474,-49.04806029640613167017998826332140424968,-48.04165404137163963390552648563502591655,-49.4975449996469050925726671322951868796,-49.9617119787132694385350305055863711355,-50.2153234362832760113542286184286981937,-49.82356298162741867128306860623201799951,-49.04225061533061354632068957324297876226,-47.59204877250022521436446516345639807731,-46.65273428677088697168229196382051074817,-47.53486860842175061259979727825689234423,-47.86371067404719760742785005262208842963,-47.81120754521764170941646489671336797353,-52.65462605533953440956781320056591205227,-51.17085714782468665816355963621618682037,-49.98021944618951122564344200907822714318,-50.1013765793632005000815639339810141515,-48.85172138551230440721819298254655864755,-48.63293490400308756336434872883494639083,-50.54386291189790501908102263383798944199,-51.01971468742772007080796857258732255256,-50.82648119106849577572543169174484438118,-49.71028419910692567561632531170007627348,-50.00313216615404345338902121868384655017,-49.12725446189110174768985764851837429098,-47.82446174600800105506472945977710572311,-45.58343442963405345134744164738361923663,-45.52838659177442738706306568996219900499,-45.9756820765602302320658713268355586299,-46.3944251810485719492984078736558331599,-54.2684492146506992752847830156628447844,-51.45828593564390073206273873991704587182,-50.78857614153100188856769209499606621579,-49.19152841540133188832500321081675335004,-47.93183853981608497008533145827277313495,-48.7578297238250546692133955717809862324,-51.92297432573220848499010935020583772815,-50.9598252657868034968449937557833549048,-52.66690205081316663149901043162162434757,-50.36285009387784871368918474350155403973,-48.76548859803884452330947468300676584857,-49.59548730553831768156734869493907823816,-48.91598286908724890561159189554998829338,-45.63627612272339537937223404488313278522,-46.28805187541708606529801884347953309914,-46.16807966442589695200515006961059082967,-48.24432484549876346703860019441508395613,-54.8722799459154520834813640962638037163,-52.62866294448986742838224205731351874623,-50.79316619383318205201660195719159533887,-49.27464554080590265302444688591918189816,-49.45161999538895428012724041890758915417,-50.44673660814804905691429953253933713742,-52.29623163208044023277645334571874078929,-52.24683081840038242138142938835067296517,-51.78741851848644619061142540336124102504,-50.23899274071797595187870977835332644855,-50.2109656128524911866093871596881033972,-48.6332342786424813949960144269972352407,-48.943866216389386660494964441290876493,-47.39026223593760735414500661661914957397,-46.54353975160796182942906731228940106252,-47.47475201710343094490820054243920227604,-48.10649066195045994317456969657081646558,-54.05902828678104663712704284198730047003,-53.21629559819317790526908408854486789222,-49.85653153999635189863844807045621307295,-51.15031622254331262430291686197239300318,-50.74919350525170869519745889919982831187,-51.94824034441312963855833375325564487134,-51.59242629602024599259426707785767924386,-51.57852766787698585408810223602050872999,-51.01497017423281569549761458511724646879,-51.92395142762440074957619317414596846903,-50.62625426415941826208405126981525956032,-50.04194173721295358701463797709983987767,-49.84992180798963010696087457755959024859,-49.93996081637919740321117579778696016305,-49.48192824862073331167080842399532849926,-48.00714955406465826241303842869969869068,-45.99408087061231467628161504546468756036,-54.01893879973873697190959185136408910964,-52.22300126729465890108048671341074727942,-51.49457627866562703896218363155813631337,-51.92300259599662900975435450036410200715,-52.13372441978020378068298341717797977308,-52.47235173556548355893891195710421070511,-52.61788189171721957148613348242976541606,-53.18427723585941686691272063018327734184,-52.243516624063198946902187819516321661,-51.7037367575728473191151686595279261689,-50.85269886750890139488666444551868613166,-50.43997716995075879295933334410817245845,-51.61522576265140154611804591752157649603,-51.42306559151989568878125683342243422215,-48.64455846415596759617879865811809730613,-47.6839930156609598639947369592605410524,-46.58540578273224147220091945490125598384,-54.4285047381141077948315816119654169837,-51.47274043686845304308674047319503527843,-51.24128565915166066529810165031141591931,-51.74044637913724094096359920584150979859,-51.34939778287202482612457676872803299069,-53.13287502334814378077973241280133912071,-53.35502566330077472398690468121776341828,-53.96294578376389271046959549788966465208,-52.29941448819259290848038403641721233462,-52.02540228954533738735755676873332528988,-52.93180684573348235890695375267240896699,-53.69560229951943947874335657728338623144,-53.88867656095863264664305337770365881507,-52.76175146950507096651736790808166634677,-52.02136356276723844366668395139276768838,-48.45446973307738085334598961865912824195,-48.52938628262057026298479075982279085644,-53.44349701028905237758292938408241381844,-52.39239968115688029449684143032439777644,-51.76940555199876502183859346693338577633,-50.04338981899093021592749956521450447558,-50.95951761000801237319880909210458751494,-54.06015141777580471367494684460702315903,-54.56073410702887600131768828745304698407,-55.06874040244026965990071604630820786959,-53.68585726241426435251907803762741812112,-52.56011712618387178079307243799793362344,-52.99054001306353961560441001147944842538,-55.16206361527912392421244103078208977697,-54.08513940723991021223188081944457065157,-52.17952303576005716819695948673558363839,-51.0187079319500552362589755079977355604,-50.49305879301873883667441383393822295302,