{"chunk_id":3694,"map_id":1,"chunk_size":100,"chunk_segments":16,"vertex_count":289,"x":500,"y":1500,"vertices":[-50,-50.10133449083336761132691517645527274472,-50.49718099746363231800164966871702850305,-51.24242165814439693430281895722397151674,-52.83623132267713620862762911783464292353,-51.45544172488463367286929107673102945921,-50.95010552763487160479149979458236732661,-50.44355146205644641127666464490515221314,-51.21577022026124347841663516850289284308,-50.44201485535008095248835926162460012253,-50.62467892445230093036758608405316590896,-51.5071633587262375237849200070213579656,-52.5564877364248304037595228939000002837,-50.76818197352359927510435915531695222945,-50.5515969009439571763767611575383243244,-50.88449377209470158202938129451946479678,-50,-50.98496393564998129818618368047145977165,-51.9104914132135206714474186492438516132,-51.67245625762975020162193830378860210027,-52.1850974038306094881403940874768890745,-52.35083865626660070319756649146084970892,-52.49616711180358314296429528780969818672,-51.24084955030557621255922842308987418236,-50.43197598042376367028573572628889962249,-51.15027238831389255310302311569220773337,-52.26369501602079183892153466447085829888,-52.5714890787043042016608972232887383753,-52.0289777903446033042250084614074788555,-52.58144082508377153577238994337298573734,-52.25610619940256821946219872601465248409,-50.46663565192913961035021413542025293266,-49.93771454771375158959984366408284977271,-49.87035155200673803178634806740720591844,-50.07293554949019069673576441009028203457,-50.89975120180939993245121848446952995257,-52.86652386639074857477563507809480736144,-51.69308252571306201757445597661160789297,-52.15763925649420966195556060632024604259,-53.31468896436106367320174301333224447144,-53.18266531748328188829578331479670038951,-52.69292539499885988715363974750109805786,-51.4692300449176323065328961412505244408,-52.69735649422299014084553624652494679088,-54.50177870026238959195408669826432481744,-52.93905356416771544256984679269395216498,-53.4561257124282621890461694778125790463,-50.77520815301879146978184544945261781915,-50.00747302361420695032022838363268608078,-50.69152270118993217065915725667280572027,-50.81132228008117339444245077271161408971,-50.33819862282384964466551381398176121153,-51.74976617492760949166676539072291703017,-51.94791145383679748485686169986437596203,-51.32823269453719759877849208149155678947,-51.20262445610970082162545589288755774524,-52.20038820055226204648446603556425629418,-52.76349620243008660671856496372860133834,-54.34763730725066482382330734399574178698,-52.52887491286560067585977256499621347442,-54.96258943100850039406384577288866346606,-53.88556960628045584528860140384869834979,-52.02462554030007036516990887282280325059,-52.36467428713065096146915884131330858526,-51.32787916803292781822123949073683948547,-50.49280634041782494283705536018503772991,-50.52902386745904407116803813619338040638,-51.36312840891307992414670538900460164115,-51.03219707165383320524842879181249905094,-50.68551548393111986660787965784902550594,-49.58958244503229938705734354848214582438,-50.59646356660443299022425916534644787864,-49.69644859709601372628298160270578212729,-51.00691482630739079920378691120263125487,-53.50404156662599542082751287885525722977,-53.51572424208563371254936046523919689795,-54.38984160353690404891150004295025122183,-52.78360597449023687786543963552644922382,-51.41565911856968930798219436236913013266,-52.16165028525007793649428789141680880874,-51.18423845868414422131005025241883993124,-51.93745022960646452302997452790165738132,-51.61909054389565146349633265770643015584,-50.94454603705985329546072482698137874433,-50.0033253907769442223125825975927158914,-52.9401490456130090609454320232378614365,-51.47962644628389899320355427962634510331,-49.09146490748585657947200338288486589117,-49.93041666245362222374396328205703444903,-49.54666558719137141740396667499485673256,-51.56386530945851457805357594336372455053,-53.69310209464911432642133034955377052163,-53.84727661007053445313030485941699524616,-53.59459894702095760007730492826806891042,-53.06914272681812535521718797272815143781,-52.44947000034784700804087565615550295132,-51.8106128564087574321664921086849733169,-51.60429466964387624336696311159883890547,-52.18841889777072382005647731672505385152,-53.08251922407201738571371322683891317216,-52.15115349079750560190687542759765172379,-50.88740852108171122010217205386308220479,-53.13305080056339463233418480960648717861,-49.89742688720181538674246417646468335329,-49.42122082823406156404406261478444764726,-49.93421717192682266561663621601269624682,-50.67687431130339541692127269567260240748,-52.83432973515844939879442090762488547351,-54.49554180935873563420420636127592984613,-54.29249212423256461955377591522424166683,-53.32762369160489053040411591825115469056,-54.05719030252180965589771751309531727198,-53.49545706099868441677060776911529773663,-53.37193132442415851592077403641651560242,-53.71109283780408020616451342757354568593,-53.18298605367089494974995327950859126006,-53.68996847606005243035482141520448695027,-52.63656365627215367646646419004036048845,-50.23338263738653726302598100180631642348,-51.95289705986775445530829915169862712652,-53.72750418788665834553956753514974608856,-52.47603716724995280585795582360454398596,-52.12018274215706553163987520460488356364,-51.52639830259661248402944198144481015366,-51.99571091602313977001508763848884641116,-55.67668644377646059510090980500857299953,-53.22710342136587896491011909726166381301,-53.78437458012469753844286546039719440357,-54.72687008387271335701566636560530587508,-52.73080466738862740924102826763627874007,-53.71347440731148632335676133403863200201,-53.6618716126115248707484847304322515664,-52.13168426618154867906667766563128311497,-53.42042935404284115156146999932592599473,-52.35470191704744561959998756254153897148,-51.89423916213945157305354455297165786489,-52.23728444872223164049728618873112351978,-55.18960298030747359348290510888870128878,-55.12308338955902208324428406570777778432,-54.80849039559434026455101236638553714501,-53.79684033386208499363007428759345170954,-54.84244856571875311361173103043847424611,-55.51584488021268292022728372108543041541,-55.43759914904236904299126639741063223218,-54.9512142927051406777994919067826428223,-53.07904322365338972231922249056527185451,-52.86561195680933511035117764409368841451,-51.45303992572937471871733043426837667564,-51.91739988153673193700592031306153136452,-52.29644934372860357799285671331259771216,-52.42222644029736954794807375950029084604,-53.46551744599087143440715544569865649663,-53.5583890114156751471593947341775747032,-52.42152411153463776118039870131899465273,-52.37731280698205089431175650935046495116,-53.30975094651964258893993183752573333465,-53.82946713281109165959465955305698191292,-52.94632407955892577150097832338231627637,-52.97384215201984269182639039012383303316,-54.49234073469278957481820939044187948644,-54.94688963097476617411740874924382406122,-55.51010800238783654526004369910384158875,-53.47654395902296856329692085346966278261,-53.12927411243829417381248674612561015905,-50.4330817181741519875251543502009313456,-51.90804040049615390501264798462632099415,-51.06229939188158145088747778793630112125,-51.79353422283365606887398456167620167865,-52.65093351232028112361235849079357616718,-52.45070972974007573569564559611316226855,-51.88438494197523979531315047439189509155,-53.91495288557602231394828718416614391246,-53.18591854290583189819409602985349941007,-51.19934877622632399776704161983676113975,-50.36032937237687575672599380895484667056,-52.66705451278861668383433118663956806546,-53.28636035171899486532562035909882842013,-53.01315296827434191105004838000989617004,-54.40735517726501944470722333196788047928,-52.95670174018333962469599090977811863495,-51.56276859822790498015940501272121025525,-49.78527132722399887334241602184832687115,-51.38985158426409770558219736166545060102,-51.43162994376949450220877027671248153867,-50.72945321548627813371592709161499730546,