{"chunk_id":3482,"map_id":1,"chunk_size":100,"chunk_segments":16,"vertex_count":289,"x":-2100,"y":-700,"vertices":[-50,-50.16711340585506976111682419982253852688,-50.28040506839068419600558026585353829047,-51.9305648190653984714538489381000300394,-52.69172568093074682897426257245399266259,-51.3244286810051904437168491649624901807,-50.37983080344701818719395821449421836891,-51.38391413670772227613317473984667937992,-51.21454239446282216006880654514485441176,-52.07183356064348404847123770287083592601,-51.11011462024608680359982769856608076071,-50.98630282228058121697393572442784297509,-50.75082391279903098798610300475216151715,-51.49102609628672350578381243330059880874,-51.01972660605945796461930625555278786405,-51.44261584963974934869173446824582119518,-50,-49.45739284715199921065029830769696277936,-48.64480834346169503715959454961457448574,-50.30777496723414869089205279021427207335,-53.13895652536244698586939461079541659749,-52.25874306853141044826319350404907422744,-51.11382943300906485668685682586670532333,-50.81967179324379165856865428692364479053,-50.02755663421014666477181941037271349201,-49.95812839086749786400617511273269284396,-49.25213259762694418346266720390164887774,-52.08587617774348122181035157175464737374,-51.26742086286194844533502022444116027588,-50.09385330837271764588540666063622994317,-49.26673146644006349321418499444056923068,-50.62676236052738423665961526754583491059,-51.26789548071597241021217126331494787929,-50.45935285349724860835629167394091693727,-48.3598289279818533010418573002199717379,-49.97562393510209012608734217319696676567,-51.19762726688872593543300540497317767813,-52.92279317390990457808331446640610171678,-52.67285777538911222972929413273892765851,-51.25361286350618554367231843233756626549,-50.31934675633203563316358646990483983092,-49.32287335320091587842337452577962814857,-48.72937117465952647559369374046746246611,-50.438400297999972286781337361747485382,-51.38017358339067408008384473483238128582,-51.19869219571148776888236049221413904914,-49.83531434593393804381214049875016908963,-50.22941642053329333197550430109000653482,-49.34335928207891228316959223297369111365,-49.66547182058819517292331039840458633745,-50.7226610138617464368623210917892106679,-48.33409158668682203569784838668706236621,-50.619243528773638157790363677833983418,-51.27131412145977013354999451259703479276,-52.3424870434013654400028131425653560276,-53.39490884653687908963126039578000650866,-52.14639821726083129734989692725123470432,-51.24883363825064959088609891720965948179,-49.58572106734485645288109928615842502911,-48.15976489950650347037331904817304831021,-48.63654866181143440999826845136228889366,-48.77868505024797805573104042052535028509,-50.50735427198197419535524208691527780122,-48.81601819703303099867798293847759519329,-49.43261173331872009824943615057613886731,-50.63968545623641142507424940341926884497,-52.66981017454216131461065875557298998192,-51.23608944403599827799359804405183585849,-47.03028784725001917718799477226257927711,-48.3152284008436872055760885573548356753,-49.68164290884197797953052176081786604421,-52.07494171101072474458586981605641521758,-52.95295175507881221910725196334097279618,-50.69668475303785883542415599306555870327,-50.28173266251275124553555036667724811741,-50.19934381572918680086085615844351612027,-48.27763573432282013309728149759297820964,-48.62847172578524433164514735311507977125,-47.96241805732432169683680882757677688875,-47.89516941568797288097984211029645420932,-49.11760015180689052386815483526535464854,-50.17107837184038351744876392111682989983,-51.4399774377881651770185690890547347979,-51.68572914828022347678240373223367446622,-53.50516917490331341043879513232548668529,-48.00280171686087495859264190161739979456,-48.10472213236972769610710028448764093873,-47.18909104814883287721027672333109611501,-49.90261083557360689722456464058455474956,-53.02189887342712115241913250001109539444,-50.50715161257043441773651945843424922844,-49.26897057894891775669137871316996668787,-49.3413865953482533592506013691246393301,-49.46984859764262610971074400357929799032,-48.27451561871138716572684051858195471446,-48.84964645530992229860573309537295656374,-49.95717132632052915783796400416263004032,-50.0937822583394998683053619990532941369,-50.5882154889839520287237720723200283792,-51.46488436276582218644591145376974722422,-52.40303116499314027481150138796843201033,-53.85702593262509757552063976104549965322,-49.1056574623432378538529487472320479945,-47.24583192180249789109923298146794454736,-46.50828154350092678336581482769360303559,-48.44896414326431125862878820802108208914,-51.69819539370115610124529072725217606859,-48.97026268904203507677128256550497447594,-47.24077976904674517559071617512823109517,-49.18157579984155283517606026312159653287,-49.16494534905045472675992114283531385783,-49.51269646689677450252184667363790364178,-50.4970299669679177490625918170198191922,-50.37359345493783687421349430490634873539,-50.12688145140357682525564647497440786552,-51.47939207711138173637858975730348561007,-52.81533326980766610254447961965422592736,-52.24671474998723968811183456891822147476,-52.45401898912792714444651059242823077369,-48.24492905141864183294457866632821770897,-48.19751091266340345119062810960400348553,-46.44257903361676395875318583041648185839,-46.75396405538355446778513248169605013521,-49.89157392112651709285718326847531877276,-48.55860463081052830669725669151966049874,-46.62101089943427823038797712136880744739,-47.42413302634297199851030423127683921224,-49.26039003209267071492910147825057716864,-48.97094098961314585625323215293492613279,-48.99412090790235749133475712868530081222,-49.88949866309158904774086634901583664743,-51.60193644663828901252177575677668915975,-50.61905344301814163473998815185660598263,-52.61646263937045495336246451938339404796,-52.09534922570520259014707670352354702286,-52.65588558764613198118005877679045309596,-49.01722796579955435668710395576827326688,-49.05338926882270862092320419572799468056,-50.36074001838366320594062857352789456679,-49.77244576430468671399609205021977224782,-48.71054315147732990135753963363755809033,-48.11503195887019036472446940357263200826,-48.9428434989199364236934658502891130566,-49.17558639361885133520891335168988740229,-47.7528654700646444103970884226161532526,-49.28031512950770722782542057366463315918,-48.99041602184883509539441869530417540822,-48.87821635313237573116740573546176258545,-50.28302176663892738261338833447113759927,-50.27545797934344751937831745671614055414,-50.06045938765836925384414808346635188356,-51.71203076641779452719624128490120390588,-53.02596946257022631910667529224727012198,-49.00903453895426539122832808019108103566,-50.76917451644460020662877872374550767828,-49.86132018805847701049347975859445862598,-50.52188447311946094364600827732170520132,-49.28851346394641559109207912366352362801,-49.85819158366606120431797371178751611313,-48.1460599421470356579080657336321764718,-49.11536124061727939751520749191103586567,-46.97230347355432612875796806345040750324,-47.8865359647793097682744038382067290082,-49.24680440419402498688681289112305524394,-51.38576282774112102112122234664275931196,-50.66181151547843900612080227421060532983,-50.4296410855573710401007855839995174249,-49.32755779331132612124471686155696361442,-50.13213335372148422765128880596234460663,-53.70917671424949242739635751421018619189,-49.66314584611128773219446291997001453761,-49.69676081110908382945223906937501839828,-49.75174378753671729762682215442457818929,-48.27668455912765284683314494166121580722,-49.07117551125270360103772779123268874013,-48.47569538262055724830571137128373445833,-48.00200781397612211957521555598488463611,-47.63990485107360717167459624615771873673,-47.79936995813445577254697065960542601403,-47.43399963259910354316459223814260306959,-48.77556561024016110568635889044694657294,-49.84147602816689230444708187749146851583,-50.71309158986153313900141140898852036435,-50.12610153137207369873148998132731868287,-49.60143445948213968336914107120841315578,