{"chunk_id":3138,"map_id":1,"chunk_size":100,"chunk_segments":16,"vertex_count":289,"x":-1400,"y":1300,"vertices":[7.0844162,6.13193431148856149630886421017042033993,5.38459798453332988974004951648306165696,4.3892284583326036913920028381577759722,4.79706993726417078559877591163267638208,5.15111490994704962195531277799682745995,6.60277563052509343211656598687661142657,5.9325705662366641717350322306202565735,5.29473986663648215289720389444204540441,4.56388304627047274305397432587502365961,2.07834710808561868870903571314721689393,1.41906060711219041237918739374613194514,0.10147484709932725573212344802633656997,1.15510340139228209833737699784422361395,0.344360309453268915167048241634726038325,-0.0838411062189714861839337751236976533595,0,8.5426289393160963586818018605340491021,8.31540942894967151828761562629357165972,7.23089856745283455198271875031577847493,5.44586407881789420412143096492638764893,5.90566197957538062543476454620863933974,6.39996772298627049360072851537611850052,6.8259062087145529865085290678221930182,4.73436554698955727175039251558008410857,5.85903502916843110877909535418230205607,4.47601152629442494905850815499696612463,2.88193004729000280152314664779763497222,2.77110066766676485738837752392736222529,1.84406519429113899724702090896090873778,2.79858195921441649681465462516530747884,3.22852052210301175596406744070808238786,1.11015303304047476807039562292079379597,0.6340675387916153490628758531690819205598,9.27256443878286737643607785921848143704,9.06773878484072233724813341584696258297,8.51168568262890947564210224960287693391,6.33563988650393863694052774069569377495,6.65466171380383714998231526546810264934,7.00587550330154418068195783975611035286,7.3752253452164424272764517264194435557,6.11406384083771973523936305420611936112,6.74514313158500231921287800996639905161,4.74310914914051200673751890335857267397,2.89126062776355186567218335055834727824,3.04299809621096645225023534486940986055,4.12259102883959372716733417514207933116,5.23795358446457265110975265534848315762,4.79689856250375791550808928215330196177,3.14788012778771332368065996389767009651,2.93090775470506932912672953141410815474,9.98737992981424625865074777231088455722,8.07426544723896511767393786680697549938,9.44117687327217817748663382514997665736,5.82034218657324277701237428857552351683,6.25536677918611467160375741898373124123,5.33620301369316231755043105809392215765,4.34464678516455028203327857146413021378,4.91773453666147530797411059202555439543,6.90912375584648500415044457077726880476,4.81493949567148056044398574914881126057,5.33079599466734542083948251817455701631,5.70285962731581140630788839486391926844,4.66000827465695041859847337221979222636,3.91216821786755977395792303921618459989,3.17089247562682099498669555133652329639,1.29198724631617289502119427962251309087,2.74939559266277320586834453336120818943,11.01423256432836271289979532937454948804,9.13401108770151214402814329048964839405,8.0522788647272628536936408534538951934,8.23515838389740023644609184334043785761,6.6281419850830830624922223780369095024,6.98006068348631652200736571456794661591,5.90192526400631581550010778118737274492,4.88744161892721953276316492612466337645,7.59253373806258460715969757145920543312,7.17551591592464313208741042697510033679,7.71054192839668617293983560199141889549,7.51667043733344691446439385885201617112,6.96341890176284755938203606544039262162,5.71877211177823009742560731168851983335,4.27686918665669718277703985161201912775,2.68354857947191866822814100467898816139,3.10055900630161321942938524914493192618,12.31901759895290638600127077782528503712,11.62081986927659416690731431868908187792,11.27734166557370116217598129445655368937,10.2508592823750259684440667849126201985,7.15947420843584065990434008156887258763,6.97991717409260194060145156665842071873,5.66951945343641281643677833736064178,4.74400754085430537201156142295525086508,5.99877421069355475016347475936668226968,6.61606501107383654868918283728722333887,8.60144868990405564483442518414006350309,8.576408730523570001540910576269718349,6.78502673514962798347898163993109430876,4.55541933430476641986244460851380002088,4.79928961631732214778628816642961331867,4.20592609810774166589649270600952674691,4.63359000143307810286433194904373597858,13.43166969134530647967703869223147191457,12.83362355892160788370546048347659186304,12.92774297446597910353551221612522830693,12.41248789244747288148214818818807027204,9.42702962060649802699512004064306518651,6.15323587401652819625300693318554134834,3.93201058843635778062216058006655906036,3.97879141657580124405115110872826828784,5.63485962515763582138475539370936144282,6.86868272109582831616231787648870897917,9.89379674506407934550532365630516383496,9.64133690482302716183664982982890393649,7.32338285306543671644085937208139447173,6.97922763054544791315693265980272418388,4.8656893679445746171256646059942295902,3.95046765994167837054061434711998345944,7.42998892207293062661358591417508007032,13.24662219507495067241304116679369876914,11.82027978322166877928544799122129434647,13.20376660814722872076088013670945333367,10.77889790655409498910601905238905473128,10.08864591206436323237160779278981765063,7.39840035831332238843849994128713139976,7.04459049532268079648356884242325391417,5.37555009575780217668670555631820848187,4.4693634025483972919823540678047355317,6.31694032321859300987873365899597573522,8.91466648033196354821544099116765889743,8.68589491024752969875563846585327772884,8.58487027787493514324595060770859037847,7.73261888775112303858348836176079082245,6.24940279956729855766197914209133426571,5.81102341322332891945476298813724274769,7.93073154124765426832541812749805508045,14.47243559574941236810946332688845094873,13.83564564949883333428845897432499412502,13.76920442952138593527491337958381167468,12.17563471131982984194984750749107229012,11.99943812417656042475341672641188562754,11.20330764664313058478103211722774048418,9.56298753599879198012288079318487717296,7.36173871753011160895884038650570102442,4.96565734309953560144979430189252519335,4.32363883322809805610061633283141902241,5.31869017672119752155730840138633903846,5.63786922644971843245629737196557036634,6.81784079136716627195312515286734617689,8.65531663490712250263359749089988191994,9.48996582921111642102235253980950827277,10.36693146760999877632736155923577956284,9.91847601005877893980670604057445943407,16.59327140181908915218953004602234117681,14.64428560129577565811710232899125506811,13.8261789291134761348812174284270878628,12.23482333956275537937463202808256987251,13.09549613619098946530649517686957166547,11.28930011800028950868637340706283938264,11.02641923287498403858890688077258429253,8.59655278591373359889824926570554133211,6.26521153482085538044397790194907747216,7.54742666437737101390052272874713427999,7.76578731761422191103875422007032005301,7.91411830140188535466475661747535476558,8.15347350670761872804723594120410021097,9.47019278345452965387618215924028558197,9.02023873461173788539671696257089995518,8.85424459322680695027137867414776223278,10.81965815533923062286321717673099387971,17.80269601458496141179496150526680582415,15.74990597573209105216283635021655678519,13.73046467384194446315811232355431203087,14.52845242429710925340724176616251992607,12.32438134926436736811233776146648411537,10.68050490784506330431235143431231654676,10.66017897799093523619251985092958786609,9.3987338658816945000848435007082811797,7.4644860429770182039112601706982015507,9.13060527507426072790779241733040332224,9.94026708280832212860909121342695283213,8.32671346808488992773709091664313519004,9.71409772259321788165590377402181207276,9.52186700855568325318399783764719477779,10.13792493246111809540963805329106943327,10.28433355713434547184302777112238995464,11.20384675587501834239704995178926774537,18.01874780399657266719719126630609340722,19.1910930338066204345680683401660137184,16.14818854087660573273020756228198066279,14.54561265743587618455718118254487386875,14.08343685258607948601888756858086344608,12.58563570540335526581299162160591565521,