{"chunk_id":3531,"map_id":1,"chunk_size":100,"chunk_segments":16,"vertex_count":289,"x":-1900,"y":500,"vertices":[-50,-51.12149353154500520930529931898651665719,-50.351053401535058756309443383088462899,-50.78105445691317952810105394723847272476,-50.16620840214257039129821541135362162865,-51.45331757404290946963611424033572151916,-51.85381759992519165544753427807858791027,-50.63727492762397446122320312410435248829,-50.38345322219360222734127176693464142478,-49.51107979044336568461832517716540927816,-50.1917841228458190859183935011081427438,-49.96138561783160460595657692571503673682,-50.21311452463483600622219400833343776595,-50.21996746778620623717619355986070462878,-50.91648827851020770803465438290272342186,-51.1362355813473415231336141691620831776,-50,-51.3146866464190949488805174771267708367,-48.58033658508144518989886616343609250447,-49.47501193670809288989826158212710437034,-50.76429064609042258751478519375167479697,-49.7361813324980089231450809535798223435,-48.94539438054006423902763900730040492356,-50.99775806080520499622490165031867836153,-49.87918114920902689112064600719498817597,-50.57115178447666735286197478491808340737,-49.3660526221645128309512898747753670272,-51.36988317130810839459309230184266403051,-49.47255437145278904505654012218400311351,-49.31568254762661932565735408568916487753,-50.08559653047540441267865121076884555763,-50.84311323906149826050418635827994421068,-51.89494147119972180416300010941541583832,-50.3174583395133022866880221057463593355,-52.21370155802349086038445839674722937906,-50.25794173045690065373390097386252874932,-49.44602664587849681606578115875503871785,-50.9436894588253798342714821353821610447,-48.35955679858890026070066612278474427645,-49.18820725661789790664465274379514614568,-48.8240500441941385064865527107598473724,-51.61663534679815050209171312794685677121,-50.4702570820240937292260866433463153732,-50.7202319989405724371556743657424922709,-52.68247118382425332595371465230955708165,-50.76820566171030917188090516563295842393,-48.95246816798972094362305483323061640656,-50.65252792178864426454440315395753726895,-50.96174308789352458448897369967900974204,-50.26678977240678712630225739508939292173,-49.57980390649260233485019553088023525866,-52.38537031835075902907257734850589454965,-49.07249042587373457014088487539851618859,-49.05133597650693539376944999565758777673,-49.61864578441609872489684219576989772761,-49.3248437730992636736286470751641819391,-51.44136931101734946050494733630295810697,-50.76834038944856295598488361120275219328,-52.8695795828764026893556709442274069694,-51.27595516354223366734092093016145381919,-51.80974135816352702045778583038887315912,-51.84883001926025985302869274101027596411,-51.70147947660405060360127094665100101974,-48.85529250394659265825845975811881354,-49.96882323427780330152634875982285492136,-50.07994914788820733707340029433618309302,-50.15230287495622561915719933836299223822,-49.1696126723990827213262460821918700607,-52.95161669061519909469416504522355143166,-52.01045974461777814583136944027410234006,-51.94322720614323991302999831993923064054,-50.29564860969189695688498352136527578228,-49.72675294849276549578553721603930495636,-51.11645077668633161713634400516586418559,-52.77204638633389519364874848721452845124,-54.68331411931500992999618838932219808038,-52.68631653520116529006059552590616268731,-50.64482015386661230224737466830111545991,-49.88196090614045506739758584471644156656,-49.53186673516590278176471991457546736206,-49.00127870948204191765115052246758030217,-50.41564187449843578899972518365355489199,-49.95245338964704930301756504923175757848,-49.97000600252301457827473004130411992198,-50.22612041149230772479046565785556041209,-53.29406326318118250443758782098233737354,-50.59237334222124801572240230812256459629,-52.07945521472936389881952930491061092963,-51.17373753260840678740626384542994981425,-52.15711819272101732748561861141111721379,-52.42811106747867083311216652355074153242,-53.21568672476117716464448432032611502302,-53.65745092483326277919443349011108795091,-54.20843415946103607480727629159471849914,-50.90855088639987432975727555135238644407,-51.68746879116641053019274823546797784016,-50.35630083909453784387777126916698005496,-51.24533888301297730664488358842289646274,-51.56862913153563585276482622904239073545,-49.89990545291595202266845086664831497758,-49.90842966382298666889823945955928151204,-50.61365247291467822596543298104987490072,-52.38127023459485951686475517306184322409,-52.65395573454013411143040010197355628659,-51.69728160822273395891784991441496247002,-51.81638679739641807351313999620648530077,-53.04990133363850742068023341313757766643,-54.24863468584121772606447744217470260199,-54.24225418731650496313246060574758072517,-54.61847651639487636314199343784786069515,-54.09218792029750724901550460648897288397,-52.72631548554009281465365236695821517686,-51.95005127902935848373578073817905602729,-52.94232957790913244683835575842584562346,-53.48527725486775256136490218834659968972,-50.93126033815685190288763006370448166622,-49.71621224716456879381330938827097012832,-49.9119288954453077116799843137987669794,-51.18931600262614096231535267177105077275,-52.08616312533035816406669577554030611628,-51.78955007799922755806786261911850636142,-52.67714960439004769878046290984673009445,-53.89841160431097022292464154526758635681,-52.90651949452235150470720772805174558481,-53.56107637020106726846399246352799157144,-55.34850428893114919377831319204390082428,-54.77610760380204275085307745719135546268,-54.53595737070500157930229324062710563461,-54.33904253844019446258909920094521226142,-54.08282372600755175141098444289568567534,-53.98830509796866073930556828097097676308,-55.79842040021758041903057580109963958487,-52.00658508285775337574755612470142010439,-52.155650392128743735688749768459173879,-52.01655023109825986144213386798053516541,-51.03248398644491766124282295374272070866,-51.9384254558389301691251947499499772385,-53.63338953099528630893477502246353476598,-53.2308547363446739312028879193070277638,-55.21291756206718404542596760886297330312,-55.50560155177182161367146431511966984007,-54.75909384020457200503054031073299804643,-55.05221840156777149922299367224205555565,-56.15958638117340786352666518257554176799,-55.7022329009818761940424314690761672161,-55.85120613905416177766745747304537700098,-55.00722157769709790415169045708510608975,-55.38110456402926154216476503682169827808,-55.87670754724597535933658002927483992041,-54.11053004280658600544896470646397227327,-53.30151973213307926743533188418949893342,-52.20157768966618773647072907684373817024,-51.77501405001219628779913654435103838314,-52.70993490008065219773322577897341301483,-51.53393017279435292456453772289750209752,-52.09803482854734027371966330389943833363,-52.95343010119232675437860363699155075459,-55.93462248590781022262291680968291527532,-54.62319116799639129650022395592406349758,-54.87799386309673121219258454683491010917,-56.40440778584320857968654378063685729695,-54.49533011759542787960703628183318628097,-55.13634972402731832865638437632903008299,-55.75559829557996872364611316513586950852,-55.33951811970819862072702139734193973537,-55.98176844319473977348165044285173528748,-53.90201070352136268630329688828000828428,-53.82010788232202564005679813697403188765,-52.20682827084353843953848172490805406006,-51.49936823064099752249270517991592364723,-53.03096046620205569174099279120249523974,-50.5710579215634767817090209364166265975,-51.60485131968032697824287942493046896372,-52.87314201884646716277253994307074515936,-55.12272065487309606149989642168868748227,-54.69116873912403476772843259587923567578,-54.61547271171946147905586682929843917529,-53.9926382383053198505637017177596119229,-54.13986192928653927638077643510766243187,-53.66873316460650935647593884852827824139,-54.93068840181395134031763693134423481142,-54.82073236640231465442186248445965172965,-55.26432630439022008232182669017988438195,-55.15751444793091423067577828431919969485,-54.67244293054068714480879955364630034546,