{"chunk_id":3771,"map_id":1,"chunk_size":100,"chunk_segments":16,"vertex_count":289,"x":0,"y":1800,"vertices":[-50,-52.11702486819372568683905981768081486254,-52.36478057188507676128525054104089635886,-53.3740747725715176991230062198985878838,-52.75009234633562059165267396739802481143,-52.7042838157365601961682032954335089858,-51.90960151872560353700728894153356317429,-51.00851925254073841099687360426011892688,-50.93329177049893493865273768598358857142,-52.04220496652813206772046638831846444447,-51.99947503568457495935484270782306494859,-52.0272380582382087422994349160910995267,-51.69873292273493717010408875586258047239,-50.33466997707913844760049962941328215482,-50.86995877146008879685376938757235780754,-49.87804210348996399690569682780758615141,-50,-51.27731530895795577219685100066604236931,-51.44926967084567729591058539143988058517,-53.35565214476735206855905579553044176777,-53.09978073426914523873963244896224012282,-52.26191300311040058087783078204027048534,-51.78435604077908545119043782263696557227,-51.59138216300918391441666133090048560774,-51.22000156631286585124331447201450902213,-50.52869450510423275468206871348984920266,-50.45561716070083550701622608378694480436,-52.22615934014210720697300044068083437694,-51.78810610320762503104975298421531423106,-52.13779396779649610663527644282970052627,-51.72915549083029618382201003358838550606,-51.35942817136073459466390166086134506749,-49.82703774593387831253309758466665274114,-49.00969177152611851787249193686969086915,-51.77178830594585591841335502117341415988,-50.60754049331284101812879996682305282315,-53.31278215222612342871748030099428420582,-52.17055597388247682346822811157868250243,-53.38132689861610982805504526468455794375,-51.17174142964220160078951103729186746187,-49.57465135307088643864201584672616949906,-50.74607560596490529033907155551371747327,-51.09817194784942239992692091702583421135,-51.42398155482103654120821856741964456495,-53.34691914310398679836041512508686934212,-52.84850643778353786122632387369051362436,-51.89799451484173603776150338273923421071,-50.77925805887333357405299235591293120017,-50.80946761640141058413611610916079499965,-49.86357587324179888532707894604844800997,-49.93508318136650172633944652270130848628,-51.78052066449138402451341749884211797994,-50.33083136240360372909822530696044139389,-52.39042613011149890243697996751325117769,-51.25648315220318932363095147959031772705,-53.63456882791902363403407514726482708761,-51.55192863260627628386382761948665372517,-50.26246827383778475926149481057087224533,-49.4713762392531931467946186991153610774,-52.40963068000259755158193353095141569328,-51.60200668745823981844942092825172516281,-52.27620203804783404921825366397836106875,-52.247919695398073736416470925274221397,-53.75234301038449319158139904211849265148,-50.60340134813307872608574557838233717382,-50.43476593279012161730100901021454913188,-48.10492306109273998255581895071821254793,-49.28690024270426712255926692458427500414,-51.27890910006077096154887025046639001551,-50.29052738003350696923752481203950319359,-49.75494952623591683941322236940963248311,-50.87517879008192058915290021030924898355,-52.21361327551511330367829077582646805958,-51.83904635864585477651791519247293069836,-52.29197957015209997305689676703236038719,-51.19644604468231941023970158552650295324,-52.14026593984222647203012580050934083206,-51.28242408422567893250462693037345559166,-51.55974261637638112937711933200606635839,-52.51482164992484755630164582430973779045,-53.77011711523565610186305118407756149316,-52.38700138998997987545835705213652211845,-51.24382898718103058175918221341257480878,-49.52782966814788587569222187661862350314,-47.83188495345958474440902814141677424772,-51.20096938138626684910849009465702504837,-50.60257000456830784559358672475746438273,-50.76862884496305558469233368031082396769,-52.62452659790125277838683231887626854685,-53.81845895893961993069101127699190523282,-54.26639418348315573878356093385164501563,-53.86447035733019314441713387206486799702,-51.53893836167933454007254747190441140033,-54.29416837453444448105991147459705341033,-53.49985933630538404332432577044190293021,-53.06986642283103780397972474099284565798,-52.68137708419809047343698254017179702686,-52.94709110546751860446668931589850953316,-51.40996281002355754004528846586117931471,-49.85762738770553737804881940040888285287,-48.61968032458696546232781074543300499021,-45.80424108638406898924626665481276648198,-51.53704781574183451797924742916997564806,-52.17717905461756609268105354607229424633,-53.22912587401445399116732984103456884046,-54.13870849278110822421119212653480540521,-53.62059937122897423827048641537973254858,-54.29935518939157446045050548232835673113,-53.60517431652107074487280553493811364821,-54.24322727806775392671628307596482501409,-55.00568832590090820242504012858024149104,-56.06173279288620128998030310173208166528,-55.5094166774623353795547102106177233056,-54.24628123151262989026821301366819911574,-52.85832039406672601402017034474132346487,-49.75838503289267396697562673150275966046,-46.98372567798097490533148711211610053411,-46.31605876566331464707294358140598736285,-45.16091718217308715845601122153734859458,-52.15655777925806964405130217899124737917,-52.19960453182656588417645876089719326645,-53.16916157833212961045669369710881997116,-54.91300962208717378706840541989527335154,-54.04792826203809156845443534457149126079,-54.38770152359192856904176503600439579244,-54.59723197178886636284522092427059160694,-55.80058961753148303768587864252202612393,-55.08990923245436208724534199701534580935,-54.22779675021382619604016268854227250013,-53.09028015810782510322005380507539775895,-51.68057684103709570582443334533364693224,-51.60651894760471978366143526333732454394,-49.35035260148890330820526502535699130587,-48.46779331243150364716232588895481261426,-45.61183196885375891452907948928247716937,-44.704996909473953836208091176488466811,-51.04130604667574752239002455651171207592,-50.74675859218921938574394471483674109483,-49.76635304843120174948430705905829225381,-50.06788896171458766889509900739895536817,-51.63613195749436036913610953522900422116,-52.30928794353145268901424793101690775063,-54.49552031863976190693828989392651333473,-54.75941207495737328370277265953436524423,-55.23808020199232411887727654895590116955,-53.81758510875423568670214634079429082013,-51.61460918177041661929149704695588795045,-49.35257248287504162391110121666961416575,-48.17913923395805453954427899020345942462,-47.93224943651754457667704689390854410615,-47.92034864653622833786383957294069308782,-46.21475563345708595015564417072388891345,-45.55904613962480806567871401920275570006,-49.76860614405169375722594421983849854357,-52.53170592678433084129400529782620800148,-51.40740874347105137061991596068700852837,-49.83943373355946989752276470835808193439,-51.39200999638006067241700336243307029635,-53.35673815579178439166717405461392019255,-54.16952082991029515700619199280830549225,-56.32668407267137136400493665215534278205,-55.0832124553574295129208093470800375056,-52.90932859684442612037732470449165897592,-50.25624691598487033595251426167167290157,-49.43923491619632399316551702862760100353,-50.440706110472309307350904508108536964,-48.27431228736067094810210576715836140441,-49.59287523213775721712664225868592981893,-48.94138151428510677197232161673057155395,-45.88826321066037697219359529091883215326,-49.20163123279938523681714853169216596697,-51.38770865314459854595272991920672260525,-52.0539454910323854675116715245459252012,-51.18444423012387320557952653961836308171,-51.61009893242760039949187418071917740507,-52.59188607116645148342214960101012186936,-53.25582389901005610730293698544035620612,-55.45226403963941504764557654105161759876,-53.80353048993964131957473405015190443736,-51.29696132218384766202533065258288183262,-50.42517980902382678927792301452944703092,-51.22698847137891971596764567835153512574,-51.53223216947547086559458830487745885578,-51.54904050947514090082785124698105712398,-50.57393409154265418860713138222722263109,