{"chunk_id":3853,"map_id":1,"chunk_size":100,"chunk_segments":16,"vertex_count":289,"x":700,"y":1400,"vertices":[-50,-49.58806039915179156573912612707539893531,-50.20810477057445412883594556638205168961,-50.57198090305539825344498853850243513767,-50.56601270586809533607380452631808636052,-51.21477390879540974487761053833035818313,-50.94865624711399939144558467638201603336,-51.18795304975564796675165906108155731691,-50.40421202223634766747215393623970657409,-48.88557995724723737010277132051953326438,-49.20182516853825184090402417270375420092,-48.09334415349488842936299492812839053396,-48.09675361923395123481521571965760279536,-48.5848413499373932594886258927236136083,-47.48909874533586026666487451634412220815,-49.05796569927382944785758174703680919252,-50,-48.79238212564160286240818495741791076398,-48.86007175644584603290991056525192860726,-50.04174019646901317749971268886718298341,-49.49393260318898830223009048783916734239,-49.4637219049250022363781734721931427145,-51.07159919935580344569614658815120889436,-50.60527083039849026287537023207988273898,-49.24370503078969456845408633054750995593,-48.6318052851701974831891834613704032046,-48.41414211999850914586269410695333579189,-49.09411173167218134064495806638816895282,-49.15708130864224300424526214719228341139,-49.44809100241971446356553856915935798551,-48.22498678598893070143088547582140151276,-47.76417345079046155790339182461091423816,-47.61547187089762325382185813992886369138,-48.92742804380095455707904796145592171615,-48.9659577112484058447275150657649009365,-49.00085737207390923089079826742904371776,-48.87686735906957249774092122231707794058,-49.34674799608877866315424627465489614941,-48.54185727717109997428499346898513269564,-49.20887152502705895513566243340665347347,-49.46259986252486283870586129138672681045,-49.84718602050299542792875590467109516183,-47.38144120614671384014576090449404813191,-47.65404345454118628999228273714851511922,-49.18553572232727030149405566191630604727,-49.80983432135771548625367421798604700648,-50.21941333091018337966258368172296883301,-48.76701877201510361161830449518061189099,-48.56568237630324512412435662916459188185,-47.22107725768483895667959523452197313555,-47.14929964135877031063822053243472666514,-48.81871547574136357794288466388891339527,-50.27891753954753775838707515327510693429,-50.11860059202839469767919442089430461281,-48.87031670914921396844749867126062365161,-48.64791936661487102343925683064169911399,-48.06664228343718220327748945120798050179,-49.74680574684646417875237339893346970803,-48.98707875222320733019334749746317362613,-46.91568890675383873830759888566660332145,-47.32106283042687333874892421527461375097,-49.58031206780336503453367897789938428343,-49.40960218636572455750007078175984111935,-50.52730759416488507322370725420232592873,-50.30356822436556238762856740275407191775,-49.67703480068972921740048425826719436577,-47.41674066335447896082177024386366228408,-47.99842957775389997191033991218437810627,-48.04794519496886218704662022848814423994,-49.35056804570683974454751866753829518097,-47.77786046940012734947124732105580083438,-47.62978118738956530265728049373155253237,-49.0275046662263273805187042617786959465,-48.52897877426060870360729160831401860851,-48.10574187212291948398988280514260037274,-48.7126693357658661079070735750977947537,-47.13023811587531640866153492034150169908,-48.70057422990289878948012097751188511368,-49.0452712971071933285460674116264695659,-50.70335164518501610668328115620379972668,-52.6936095478912188128541769617666280345,-51.51544313599186573782142613740178773101,-49.26878103233030463124040442186380982525,-48.27712634503341696429779225032010499286,-47.13887617442356059304896489440258368108,-48.87896483793547736457110537532526716367,-51.16274798839978420843004492289817558537,-49.51601561201724483605564964542333518781,-48.64249758189918934356457135028649300619,-48.87478318107748414975332913833483970661,-47.97994817141730071199679719233608511376,-48.41411431801930440824025197782682480863,-48.14737190930599630278049893720299985148,-46.16356728583301339660985780368914327527,-48.61162787545895754479672401166192127132,-48.97893656738859299056568419011171133185,-49.05276393731369079438859568765922030167,-52.09832132437632708076207029895105372877,-51.58834761386127731523600898730902898843,-48.22930528446510401901298201048172449416,-46.66525748741934038981325801820868617433,-46.92824188786432201120230416700280494948,-49.31219412963621533942940207117282029336,-53.41699609770954315412756992610999303537,-52.835074527143684532768070123626229597,-52.19607116117658615349382900660162386449,-50.02765745859706947404708349165895854349,-50.28592678216075746907464025923676380195,-49.35804370769374683930243317889354061195,-50.64501862094541473037759887841252976743,-46.78697076841899064295476092777426708449,-48.2956182321110168982235962466728472704,-49.79481416040768417632768733714439918151,-48.92581636919938730652029884452397243452,-50.80993804577560646033064506223556968247,-49.87680555418068004400713083496797071894,-47.32817543508132125237964223910569585803,-47.00068587637456737814163537599209449276,-45.45811295720464838484828580235450949605,-48.03890335922444267124184542990412247358,-52.24927019361063998683954337567425352434,-53.0990682860773746945633351877058225907,-52.68650321720653181028644142341455978205,-51.65903206745970569109282096702070158791,-50.29306003906225964068678554907785939527,-49.33692836074484662246430162251798667188,-49.43662511304938798063548353084796626399,-46.56883288305521891723435961040960351212,-48.6139612797579314363562750289598750386,-49.0370215807131991804019150133548258146,-47.83299685246307271527530685597736770436,-48.92623060264414537977010746781798610067,-47.42158660469220763021986404210344720763,-46.3328159464137514154253654309629007197,-44.75713835379936780765253738365079067071,-46.36603119792323794623059821295039769355,-47.34291292640821732946639723077371011402,-53.67319608839142589693522531993808808625,-52.69485932845866162247512133534731097668,-52.46551055164509929800006739375028456828,-51.38421402426865889223797509860631255508,-51.68533254932724162516977671104140176289,-50.6124946010215787372581932995662226587,-48.87259208347190370204833888437425916355,-47.86699977200080802357183301715916610545,-46.93441232537002609499152597284227037236,-45.9613304556799303377765905473782374412,-45.14617504393444337915467409797063738809,-44.9003192857604391861550648609654350748,-46.03092841905858801785990275611516867188,-47.1208919046175808098844072136598289827,-46.88241486286052973838116030430615263607,-46.84047502044489903894004390708159365959,-48.57233712767520205194787587547918311116,-53.45155668897748749125834952887446261756,-52.00673628661678757767096698349244552932,-50.10824847172662057540976103828279603852,-50.89818364333348486553853958144008371518,-50.8756058701405049423674811179584165495,-50.48788107355289586753758268505598734077,-49.13336887729246266821122527198393721387,-47.8556325439352634173419535637386038055,-48.86478892109784131800879431676126194425,-48.53537424335257192892056607883115462054,-47.80394314367099283638278293275691634397,-45.7790303350988492568278919063990953902,-45.31681755840662406605646657624374062066,-46.50942190695470443864625749513589827719,-48.25563605794225398489495962495720212117,-47.38977145630357107684093834633742450487,-48.04026318144102680879170420095754844636,-51.12187449744731489451214714314798138242,-50.11023008419963635230298381581120968637,-49.98372083883644166137896871677467031862,-51.35617215763782627791298864843720497607,-50.67388410556491094691981901521798083945,-51.28810847943234557041666490821668598908,-49.83819717384708542635754527377520371881,-49.77004264807303355938108225114258778897,-49.48174370158775419568297960207277310469,-50.77831709266133731040253683344367878578,-49.33875823685555358596777237272902721816,-47.86805764811476262021873356156591792669,-47.38864652913154050197183344954265866218,-47.39935114633144809020608802152828072385,