{"chunk_id":3679,"map_id":1,"chunk_size":100,"chunk_segments":16,"vertex_count":289,"x":-900,"y":-800,"vertices":[-50,-49.29353802490508080560870897509504643293,-50.05764089898107119859985820633742427088,-51.6512618451884513387975928071502372861,-52.23408887757503110813611051880340989347,-52.80135784598207311393148508009354060116,-51.81655453485206583117698395872753529476,-51.36988487830529069136113066409020339901,-50.16423072932408159741846314199133095999,-48.55588821799460722407882831840666703728,-48.84318331271910194293649971693651617985,-49.33121285035989621572410847699550756637,-47.96639177934861717869051721849548558474,-47.77939112604656435039960304131886347554,-49.01356734558947982734127035207563695008,-49.29014574042853582629344069330478648879,-50,-49.50869720942097765148514854950973216488,-50.91224471225763468545074100752153511267,-51.63779941686431970176526403035665112353,-51.53538054251054260678039168808816741376,-52.14642290186268135259902455081033568428,-52.48744450839253133979436012901409423568,-52.0953557849293316818201584151903673775,-50.87789069486187861043247224422344826623,-49.18835027157529428047622522126519975762,-49.87646239648361264070937119568951320133,-50.05918103021029263842342864063667468505,-49.47310354457072114112632599372433733727,-50.07369286277480100494807427700033581475,-50.28050847555554952302175330362007658637,-51.57698021828932604905109248080301398208,-53.09194780140225353677937228638129186754,-52.60160265419934412114182823023156975179,-50.86357138081245119297874066221542364704,-50.49305287335563071868010741659343496818,-51.64497296773893319913581628507625320195,-52.07681864616557580246418268436590246702,-52.34528603489011350223925795113085260925,-53.07483486810709304590403902380259255373,-52.1771440486127905806346921605739182505,-48.967408061663401275587699214322300167,-49.61089133350046350631158362019301891285,-49.71864095000037046296135792445561349222,-49.55972816738246338070578124462014515199,-50.13971260665267908742391961427318185457,-51.25948034943306017138322892929150933727,-52.08049915564416754733223266470760618565,-53.96390059778279144805581994248492488183,-53.76207610662260203504060798367129882432,-53.3598953652521945189197660621146579354,-50.32046668764520271985734002814902334923,-50.89326384791452591307934706452217829692,-50.27393902029263117213027323882231094305,-51.92912486054184362947556585864862586292,-50.80698941858173137195798624447412646111,-49.2906874670331802006014346628806198684,-49.9645925453995262641113850495734312692,-47.09246830294177442657294756025865673692,-48.56273244379495305767670364675000600952,-51.00692769133014542616456821111279785356,-50.24073008008160228154697755019209465179,-50.12357868306742531534102913958983376487,-52.03265982168365731163130446414232694021,-54.13588808731484004872031349088678580564,-53.5120659238992736091869283357315040749,-55.7666759071580932903154716939295655851,-54.62056576152392093896631827527019053527,-50.79148948757480162853122825302555557981,-49.36546334146843555447403054501402848244,-50.634686054027203197385103502483234146,-51.29060678344975634130557187587028361264,-51.06008100075118177151136172735846621643,-50.34069651242178982846618108052081163391,-48.65380892844766191657620311719483291736,-47.82500565278496242154544814088665246948,-48.82120524347715423729583278399177939452,-49.4587457355500001607953042807479467526,-50.58235907894388454446692055572398768096,-52.03192940433881838438466405635264129708,-53.75752918676724647651486074745598310138,-53.84632313632184824405923053769537977858,-55.21918743071396134323470720050223118097,-54.93494452505560944117454347017188964675,-54.55123321046164394829876970538602561492,-51.599900167796726994720016004351801345,-50.42383110594573685479530849640497270649,-47.60436132677969005831810193271360656919,-50.04222528451421544563863596529572386055,-49.00104415786994512225325599894759907041,-50.24438889910271775012308297607538195437,-48.54432694341014431955448334485426704147,-45.87063073551986941352861769868388286746,-47.05484485950539720897977787870953079258,-48.76433316064980463275749110760817865011,-49.85874034437612323528673133541590480433,-50.59424060979257833586737220731839886622,-53.88532429953174668015873877704962240784,-53.49569358730483945433779327199934558448,-54.5846828821802956082297073797442100791,-55.97606841018181346115459614378905279384,-54.14958331527126476331784568255277500143,-52.79373364775148075663025138180920086329,-48.10330188086029610217093428092358938539,-45.91496534157824675065258796005611450154,-46.34258446718513428338353758641403275286,-47.69794018828008687903115930835478470589,-48.12702694928079154924292254213127753431,-48.30671485911227680763036268335372196814,-46.56731282351899501939084764651112133284,-47.05423071191561998832318609339205271867,-49.39146484599517228905064793565060913332,-50.01072000232728677411671992269516786888,-49.88115412609429250516656316152294782414,-52.44050533606007184619208032306420400136,-54.31895927329104068560039311433342849763,-55.45873758819974367357444993099238584006,-54.6100434696480288607436194840816760731,-52.8412028486354198757032880005507938143,-52.25466321977787126625307054868961271953,-48.8930406895904344256558265734804471365,-46.28835606976018666457580306010543699989,-47.51301791214774240710403014633640698158,-45.53964551373882424977094915752613505583,-45.13054852309412120713440314950561572328,-46.69917436559084824386741437775900971142,-45.81237385878129262985294000367489516776,-45.53001068326048426780635483969927927363,-47.24249371065694227228684204412869697674,-48.3473417025417409278379856341914320782,-49.98362861592218527827353898285333733069,-51.80884926151647517421278854127524823166,-52.54544741777546476984068087170581852376,-53.50710971176906976406398911387103023125,-55.31686980526815257507600310105993664442,-52.76100703707058536786344673071844955387,-53.04773764226982875732863187073334665044,-47.42223450189150722142144791356638145569,-45.98124213090049145704485603321649600252,-45.38051342983034805458647066094316680224,-45.24964041697875340319838755782709337219,-44.41252375930543100095925186228203525811,-43.96953227406203084423447637707963932583,-44.83229505070062634038864263776514849348,-44.66761593901873676883933623175588176285,-46.77383492909680645707703960362158028072,-47.05799286473573167342060681888965059879,-48.97100339298889344581252731961792171951,-51.47851766846949597887907668091217428547,-52.30811447554010021275291169231207070846,-51.81068188988021876928221257441398695486,-52.54780051655249839713230999874525508133,-53.88144168737409222724826458066429095347,-52.89499542457687830562503977836084339743,-46.1501320745027796106902144860690858144,-46.43445790093231508586715141091729261529,-45.2135087267692285603880468569536235729,-44.29704381064488012590707115488487826837,-44.07967466892898047346963393298811976624,-46.33749187527178701989861134603464987466,-45.5031769179296662487550599135324076351,-46.65574990100532233316808876489904127776,-48.85659647198281561663084937896800316295,-47.69806059649588592423678256884072577106,-50.99609723469593519992917046597485827104,-53.11456945447427468202221445326777871008,-51.35765169119280972948622575456315271292,-51.54913293935590279817513438165390169048,-52.62565647188556109021945716338936294403,-53.19032385309538067472188287205121301382,-51.66180154288939120925218923552303221777,-46.78587604265026462254825159021204809358,-45.71980365454744997188401456174991267189,-46.2563453230104342138042839756314124366,-44.65207999035753076604222082700488648095,-46.9410081842990366251427531545167929495,-47.6800391401121951127341109994209573921,-46.8287415708521216162109061954281857774,-47.47160229339712377108186795477423254855,-48.9072405294042160580311483956195881457,-50.27641927945282218313709356337702341991,-50.63759752806450998771191503966413852236,-53.58465871400103068604359805258477092033,-53.55933290518189100322376181181088104833,-52.20154699123888750648277340676378062358,