{"chunk_id":3896,"map_id":1,"chunk_size":100,"chunk_segments":16,"vertex_count":289,"x":900,"y":1600,"vertices":[-50,-51.45816466725872298378746767674916226567,-52.15791306392967832369755676804373417335,-51.39403978892578979016008274455876209078,-51.65574723498502617925336653502506129183,-50.7101569125853140299929919096910712512,-51.20665372130069055059242067629538539214,-52.72394708650075385554543706205974212539,-52.82062944091741485044359669822110561932,-52.49566641792978965966341528004354253585,-52.88336605776365297015250325698132566573,-50.93891025028530326074759366732819638116,-50.54731714990476511875551787540916095855,-51.87416670620883811128421384150984058865,-51.86447350280483514327845046229248546687,-50.20907811244035972437255489912811403901,-50,-50.86638648592640458006494175970065284095,-52.55604183484712269309947410817083550334,-53.76776595516473653619048571366664854996,-53.43141368312553735989023653134861004699,-51.99054644477558235815305136994286259287,-53.66156651596861312208810348440690230995,-52.72945026864359314448671658364512748606,-52.31519651114909297436623265181952876095,-50.96288176189987040829965413484113376894,-52.92717168168442357935632972351996316618,-52.49383759062481375352672186493920925863,-52.61062435106529071443435652386001615714,-51.06029688243965497494112222129032172801,-49.64555625329269335962634852109282283391,-49.27774756808091592567690061199528456681,-51.20497860983854996618092817196916548484,-49.74111347489890358644441728929426678513,-52.08830475103740305436059882758646135781,-52.54369190424546420270063140522679700095,-54.32628744479182594045463960929778347845,-54.2373699696362026990213483745770032468,-53.76954117476328678525045937226282118516,-54.46500743749631575637600451254176920107,-53.25904892784071055797208506080829449729,-52.57568087142912355456769908709190311858,-49.32377267354557387549991881001357539536,-51.09911532515019337180798174665147108476,-52.46550509852169794833030184817065761652,-53.21071922493129152734612230402481201011,-52.80196286672302362071031357585523647617,-50.53131277005946148351651226743943264378,-48.26302679049411154989102088957519632384,-48.72894099353363797459133794457664171919,-50.06572755013102765632546130828615566987,-52.72954510681675507945535950692208490165,-52.75957241560859644843053510228168428825,-54.58466109665687038757177003899440146407,-55.52388543795565048418298597725610129848,-53.28246073334658260137514717694318090039,-54.56078685526834385619821750273005647791,-51.62095238528435727187918931477088725146,-51.93970854128431035944959585592213248412,-48.17335292987038302237528029236951559779,-48.79710632530830026343418627173311663724,-51.58161236778878917049921728229327617244,-52.36513708782979254964249423540067412668,-53.02413827489198280585185828843569857597,-50.96181075669159300628197310944502174643,-50.35546233457635423198347893625001726226,-51.48212572151943071249835250512858794552,-48.79581439527970867246639812342974157229,-53.64650325082560018948556681529519725101,-52.6626871747083931433247927015525129861,-52.97043169741496323465277273722265451763,-53.61089144163335036904589077386800052524,-54.01035241376854833497640553708794211216,-51.39128627418097766426436383629117379263,-50.45242317978152357055601011125965563345,-49.52634732627366154076265340128240364355,-46.96939515724487407270879049567361711472,-50.04682721358989918266113839791655832634,-51.56400848143501925248172009162256871536,-52.44597947975826068125409208800863058444,-53.56497972992977920953470609513827503396,-53.6545055057298347490342928043259678038,-52.05880745732791006613982314934052403637,-49.7837832717569616568562378218593149441,-49.06770209504840488533924267476723835509,-52.45436676701783580580229408422037777945,-50.96642209885177336567389177290910958893,-52.25933026602326998330032241698773323728,-51.04557524543899077607452298921566000268,-51.85433951908492348744515593838256086747,-51.3797022952889220310790229497244593235,-50.00794118888768089985044822450344390907,-49.2806210352535152090703915656308907117,-46.88708103080727416424177712401269296828,-48.54655035764033677991400723102406943751,-51.01852656467005528371109597685600671259,-52.72648022406313493847155301001013672403,-51.87298283567868515036679798831638138782,-50.9902815860571852439035244835129922586,-50.50224225328701282623003036930729637681,-49.36092445465879180701564506077419999728,-50.75835044215313785819108327796234009425,-52.74499740176565365027955075553018717407,-52.12472258797663562280582572027822429911,-53.08648349494637804694419332378216282257,-52.18578411149016246726034729552473905494,-50.42228419097285301216102851256036445374,-50.18534074992063228005526753126321454015,-48.47880169230946456969128707050899862875,-47.48110573505703503183121265938664300716,-47.52527654158941585838546366716682600298,-50.3017801460645676046457418165367014595,-51.29914047886026326375021975532382343417,-52.64033005288555465832676428882615947007,-49.67382338384345820968868181733671839728,-50.65080855823325660100928882663635121668,-50.55811251249468933577205838942089187317,-51.25623419011599965359242366047568664941,-51.90559233351221889190661341639261180705,-52.13232698982596124895060716388861367394,-49.42664308086929189066769351273658484269,-51.83472952632288535657207119665166158201,-51.41962344772498329934422137726978378472,-48.6297354405513756847441354773002117862,-49.68453766572953920046361116447174946343,-48.76601970695976889113426037042105566344,-46.12844947038958737796321748305950439286,-46.99560046374887223830632417371880814524,-46.92598062345973276779362340879625661747,-49.13297836041122121899553322231986771403,-50.51147252116738922981782800365410078918,-49.29230831885304604259605898739926572872,-50.9782007318201695956415382033853554003,-50.28960581959369610999945482016435574839,-52.67344904983016881902284521257517547356,-52.41900993694247401463480232547957358774,-53.03641035107061562003579468799565281042,-49.85849827848544418615715483949723009896,-49.99305896246603660863742442961992092986,-50.03717182289368567117137465473486407966,-50.21826890909402861854211410664072963383,-49.52544832029622343492381852279631654831,-49.88838403190467342561605096466251657021,-48.95868023262665329058359669758123310252,-46.3294376388681677241898867195806124412,-48.0880823909653511643824368184681587395,-48.76119556192954649684374304514898175598,-48.660805673112018585465300084544748001,-48.45684237957200965352648085257642607282,-49.28323738954923300621820921827287203125,-50.6868389146625777840955334813563082145,-51.10945591217783702756095070716901668047,-51.69680352106060110201586761111912444935,-50.79415164099980985869362813541955398777,-50.90866678381505446386540038907921709226,-48.96975756106285985631697604567487228481,-49.40862392565127543231782034026802041563,-51.03397020241623380220795199400595688344,-50.39913313733483525346981783571754848528,-48.90666884495846592252747271655794985634,-48.9680326118130891648746656970300713322,-46.65731666015928807971748598266953882033,-47.71481459464299341415010521959425048166,-46.8024536085581828265981334155944999882,-49.46722724614945804453240051454446912523,-49.01445283566997732420951322357728510067,-50.26377325352222224793539394777656509419,-51.43379554591283554037110331543827463658,-52.97129278618174302403434238463210661603,-51.44954667712618891839044941800808349984,-50.36761350851367964035678143660931214381,-49.86960242268971563054270012823404907828,-48.38749499947724669057286573535333486737,-49.98866971449979761513372775784252328751,-49.94343902534052463144482326324971177499,-48.61544138935223384213107610124367077378,-48.54551735457105588241530051521860756794,-47.10470807224886335756386139287577772454,-46.22484020233335459361362923935332796835,-46.16071840104893229535819836987747687958,-46.12509220970047076496549507909090400199,-48.18148193099987390829078698926065655406,-48.81600794392605579914607181075386411093,-49.62105465141831674506819466723323374277,-50.99426656699886436164043246626583397101,