{"chunk_id":3630,"map_id":1,"chunk_size":100,"chunk_segments":16,"vertex_count":289,"x":-1200,"y":-800,"vertices":[-50,-49.74203789174516005736255006653697026084,-50.24667166877192035326605236265396822185,-49.80192735176699653922863251503349156447,-49.46567504050140298782602086650312057557,-49.95404849310663379673340109130580645977,-50.56509473122308190323361240556659308732,-50.34827886900788817854439596131349743947,-51.92043569888979737256665102635329224834,-51.77557688634658803973062648779452769314,-51.29161537825452627022256351380836906043,-51.06513376392831674352296066188738395711,-51.68287812485844238616323841686767317063,-49.76151516142117194420188937330262071743,-49.69045968659774271111849764589776380977,-50.01963661093012818715052893322196436778,-50,-50.82495303713742920594499397009654567647,-50.92939870040925525149402105245949603716,-48.73194907266770976651365825003987984355,-49.50868357872431942207096864851408495447,-49.68607471444107622655130232797279594718,-51.18513348021774713532113791978415908064,-49.98471118871523916224803628791563376369,-50.14841571255819614785543739148462832696,-50.99810939582177766979707750317347322046,-51.77051086374323794290331346826395260513,-50.5080308650227846089425076960620571863,-49.79742081777739935323729292537437303504,-52.00485277589422033503927575385913715187,-52.3769407959314567379851229787166748405,-51.21952415508825064736471567308919556355,-49.58715233372161840474089229004425863125,-50.35356990755577722981544477564375820202,-51.4560877259036716247065870493995318536,-49.39772326044293612008334047049622248794,-48.11155407655404193471091463143373615984,-48.48993964264729695362347651047548238828,-48.17785891319038859572373302789872772015,-49.45943200173072780919834789145287058445,-50.79012791013373395873875857015567873826,-49.38627289649748491132081620136812693687,-48.99941899042206716253711984863079563182,-49.38042086342177772378849620593311263719,-50.12300848492533887294894295317334284996,-50.52069929918849705495779628684211394151,-50.83397212117594343609946962827330588256,-51.9856325609900721870558990986049563642,-51.3285938422043117003318889951520925975,-50.21913166253051357932415791981103199341,-50.48234107741372928347385022895698437152,-51.96742728592601587398585507472705641178,-48.90411312922097318470284967205128312254,-48.82058397191220385355335788363876877159,-47.17360267354512510106329221388653042157,-48.47204650967512023083731257121046905905,-50.40199529154165249477681906585278804203,-51.40091694686399349019479431842824910171,-49.97473649507224089507817138247547938104,-46.91964275594914004315852965222426171648,-48.63152071172751814694101889073380944696,-49.12887515663658562646702298846985370738,-50.9199706604379484162261333224995515606,-50.82776012514270929998284359711965306188,-52.46304912376566047310604844172020742585,-51.82387139620843212712913615734406014644,-49.98039333275677043544352081807831739696,-51.20997699256199564269913850068719167951,-53.64779076671543893878810126895632582237,-49.37734316803578441732224771450403031938,-48.74831381766290582088175137462727688178,-48.05822538254796273320939472864861432083,-48.35219963496790555534926226954622459973,-48.95333896066137237456170368521916116526,-49.52462095411008625686018028792539963345,-50.01969527459711231165359829791979855183,-46.38644317600716054030416232720948563104,-48.14645410609430094970149651919867020165,-48.50930153538675447332135743558869974037,-49.42179955471472835297811789962670234224,-50.14763705582703378049462075963455169653,-50.56663073784358659244363409493961204427,-52.1883619794714583615363601555155460429,-51.88325215648493180512698758145504297143,-53.12156384847510831940119277654119323957,-53.25792590165020102439577991122993383948,-48.83794295747715452031476920291316587264,-48.47843440934386185412881351482253008193,-49.28428975454661964294415793534865238252,-49.45949974550839311477748366137117268188,-47.82975914035605162486735498773181559594,-47.44420700964259284829094169279628292415,-46.47877688637132924348718607457643952765,-46.74370739011785428039224299985945161276,-45.49787242861313104205890746823773192742,-47.7545892575240348723576410647827737568,-47.83997130216091446934426542688689373722,-49.98671324759646285293788237314876635038,-52.29135068903069631398014039268974950671,-52.52225904121106481114811713700860500731,-51.40655122116631741895381498872790838015,-52.03540894752499787463853708510821637592,-52.21283691524810480014778716220177951416,-50.09211013269378886255901825035466350008,-47.5316611986772608478435339910945425564,-47.66734513019730306309402181610490274572,-50.40589470995131349541900414125628913441,-48.88475966342875827283530005056569601411,-46.22690097934950499311469682796602557204,-46.41649869733976558140166966945039220724,-46.72297139165801635151401374133341689479,-46.35336510047317691758371535012869272965,-45.82982036594346567578149787877418475747,-47.86865822423692308655449168854760761035,-51.57661829900245672655013686803633157302,-52.37383056932175913480429750466448504717,-51.91013729640192952716655738032521368912,-53.00245356319108319240636052790317725103,-52.62340961184626879655857895137307464607,-53.44234922043950870583567732758979539798,-48.21060432430561398955133552319070302832,-47.70850975343955465431060748955263493263,-49.45348946215501244091720099285320441703,-50.11469240612732660896702148592010561126,-49.25666007883843516909007342215532106611,-47.07767080222764860833715576930418394584,-46.80617788605056749481879732878112630769,-47.22254951231567011604245598112876308774,-47.77646585014350835600557417336675929504,-45.75880070851312823648292670577283087449,-49.7076295659878757991895131325215718834,-51.00263904599230264744415051573827389634,-52.27015149623005909880986210361158696037,-51.87364450668440754270838211772022180689,-53.75962801820437099741003125370188360806,-53.81982461495193569270579381794741313392,-53.36763927814883545710987733969316382545,-50.27094929895351715618245784148819960732,-49.43388945245975719051859198728253402715,-50.61480069155839312774950522030270804933,-50.93023176790020921149438964194574705257,-50.47012361268685470120066610827025619453,-49.19099093950861919029604799363734759986,-48.36471574137252318349560725937820997778,-45.8278762308451061426748290752355418923,-46.11342070812167198576326583926041002336,-45.71196954358228045729854485360474060978,-47.64966732974052019403246873745880838071,-47.78910656518425840714898942455724242769,-48.88221803526743766019236683036071298761,-50.25705599267055873186375215960209429318,-52.01169639437396464803785328912526697021,-53.46876681773563489024529396295873089816,-52.51607613099589702836585392541396408356,-50.59302340867530644551769444882667641827,-49.87257061042390412817394719088802390269,-47.59336542983248868620754104187618520507,-49.1222713614120010264569309333966964499,-48.3186146509627102676661640662218780908,-46.70550521742504090031338202921911558767,-46.81981282624367166587379813777526353163,-45.23928816023900899557523385760637902092,-47.0280525233448382338026263096202422106,-44.69988849824185191820264191011498206554,-45.36976087883403663566523747227730083834,-48.02681253716905486876114773729401092714,-47.93709231991316173428154269503684626427,-48.57477253689876339223957039732364613835,-50.72986565224914772453757587927157393642,-53.36271530859819818671040484395333028409,-52.3108175284779810922305329746076889728,-48.34591755136745761743661503155181107821,-48.7406166696469045409004533484375041016,-47.3039211243510561355519940787182606563,-48.74984225656474544767297920540170600389,-47.49995181786529029617013962348059906168,-44.76204275037206193290806012885107175324,-44.62068636593301416417832327038968874034,-45.19447383139762246057677592679894451407,-44.37146368070395176325414618774821089315,-45.23793649992453627315745641455807117951,-46.52025799373029836040298425364228130151,-47.91418020344226121451613888778647186003,-48.97140643968640732493576895692596048781,-48.53062817219123539543701990249495500593,