{"chunk_id":3862,"map_id":1,"chunk_size":100,"chunk_segments":16,"vertex_count":289,"x":700,"y":900,"vertices":[-50,-50.25313293329143654829576160303505622022,-51.31076454746647886645839979813837399245,-50.55604531436488772925154695539589480083,-50.51182690413121819026731279895006408597,-49.42253080617750758929176288502223443754,-49.94871298116454550450576787989550437273,-49.61459404741177579424982192876856888677,-50.39614425003033809822233642735016425109,-49.89835009180149505318536493757359720264,-51.01149005590631931369062935470302423692,-50.98458768932139777828551049205408053689,-51.79703746232948867509871422328928863841,-51.6502606857946539185351751913480336141,-50.68837313699616440490127798579606797618,-51.2202791143970928891249571938408063772,-50,-50.85926930294735242245023060270259388843,-49.68321574355799226116589939903982155226,-50.23601439730784631414632623182562239298,-50.01925497804048901714221292650255681459,-50.09918392402432893350056471415084107795,-51.76997879458160554590345168320999616774,-52.77443072752673748452248365139247463905,-51.99778650602161281640131928420305362278,-50.30586324587131959830117518351723621803,-51.4161703411680246607326709286443363526,-51.70410906422711877567274800102743893414,-51.8831751695244489249576998101397443443,-50.8883458626735417833900400988405692571,-50.21631263889909371787047565101898198998,-49.73886370239591807606851358068783439423,-49.39107405894668324318773053153109360678,-49.35228877986522464560717802642154056756,-50.29428510753442766570470915889564768749,-48.90328491712282532322797611689398929912,-48.86837323893052047620610959044197165355,-49.92847798120542123784527884357141875469,-49.53803914763512142555863123347345196729,-51.90397050333323159067700829174676088582,-54.2914611695047548272880855984082936691,-52.66376346350481953347672341514779425104,-50.81990837946229826322647084260866982042,-51.39155589982761024267138064903667188996,-53.62403014529988362687679390275745640832,-51.86816692180171283986565188387559832777,-50.9433588112053223008603438255381549246,-50.02707515611379176420995777002702832011,-49.0340346711201850216135517116260918238,-49.02133172079074761243711310920614254428,-48.52566772896996108378702408767657809315,-49.54760899991691925503850420930876688232,-48.66339457549863678215275463499626846292,-48.96832973768968875734789823545617339929,-47.92376802468833591228663310170106023626,-49.82262929872980376279402268637812905696,-53.11332845390301146954319642848445938983,-52.53092695039016003004696072107717078938,-52.34704705031035776715853737469628064349,-52.97073236763676379261563134623498105403,-51.13486439501365643018632645826122491479,-53.11578866864390604155032867035096482604,-50.45051720114314210457376924220439102459,-50.08171961445360548867125759590079532205,-50.06908824209916713029072930462073714746,-48.54463869484461560407179207818764053561,-49.82710170624286450024033249771602254059,-48.54854857188431366979553680398445364815,-50.64964923796761063413407386575674745786,-50.2030021156949265868590537957797951776,-50.09068495582468767760088674695057497347,-49.36058103294976524825333681982824447561,-50.54201329819121391797446071814037435693,-53.11039543594185258014976922287037173239,-54.26436696520657880881463843984784863935,-54.65576594944556892351204151020781523804,-54.17010096238070836611296607785508638912,-54.63597140757537448607828782555457204655,-53.96697012796007687224870573879504052508,-52.24152569441853573896346412516892024203,-50.66228144102709757051805396110089666319,-48.96478002491411404061369650375278632802,-48.71445477374630165952639507079553569052,-48.90910108567409738121575369837534883698,-47.6046381970226170555108886665638496116,-51.35633455493702624614437042085455035061,-49.09589905628604909863177518761376703784,-50.5970058423829836719257605084184294966,-51.22061622632769533549800635100196388393,-51.27510364046760188445133572673398491695,-51.90687952177037782560855195277970178924,-54.2654672104155286640929066575309240826,-54.16722798294946654206150841230689795547,-53.87443530791760703904831264107967300706,-52.68269318666267017895275848142761657961,-52.69233010959144369014249009264554593763,-52.8070785861372852676503964448204742252,-49.93422806832254498021350208289189657411,-47.66827609704291901936472623406100878113,-46.54112329022497838008768304150680297559,-47.52628378415855760646770941736291527711,-46.76096447238722252060219524544611971681,-52.92490038130570506458582072300335122697,-50.053667317523356598904782697354036706,-50.25088133329928862654686197103002236638,-50.77407524607349070003155623196950821609,-50.92577757060340437254331342173385787586,-53.77216241440094427262109903636609596928,-54.84431373661532448820674150435449645455,-55.14727462525113386235454343787216021793,-53.64280143854867159389077064731529783555,-53.846610482637469408109770865774269684,-53.15090545670915291581237317580970237314,-51.11614650265655779710999739738270423224,-49.63280075267814869152676366149076295741,-48.52655756095260548658955195287761210239,-46.14062463008141877603304502890535813033,-45.8778425727631942704221252835337674874,-47.13267268467464514686600964297974144657,-53.76296149502880417115660180476741534896,-48.483134103000855795707520869246848882,-50.03031765126573515880995019147430916361,-51.48861542037395154652989069204311019593,-51.41391510780496396645952764547940669816,-51.01494970698525590527343199809248598128,-52.58146540502428832479258559865030051775,-55.1367770814674789192658236847408800108,-53.44420752280215450683598928964330617234,-53.33412923411318575962627233264638769297,-51.47388023183312956540020634918307226595,-49.84739991749537065731919697544672490504,-50.06566297993047623174588809226261482705,-46.38211372730019154888657905931482458569,-47.19983616086642165623040155979335078116,-47.27444341297476322696158845915289124749,-46.58157059875913396079625753483896601664,-54.31875551686348560438387752654276311211,-51.62302775058412818297527690514168944908,-51.13357847232329786384813987245432420288,-52.13550037696639722413812563054652270845,-55.07379900642682521288759306013466504902,-56.5907449396660676643304106202601164689,-56.17273915892205003286303852704960824831,-54.71933342907022848664636695568189304611,-54.6647305880095814356544987854913725076,-52.45200762409588708020058080150667269359,-52.02559590684806364139030055547286724362,-51.3632509890392397229539049252596835284,-49.63239462443514461066216430936606508352,-49.22044234333747651491527751039924335109,-50.12663939269498188498914127627294922737,-49.24396929025000026462784436929627262445,-47.49991436207173795828332662279999067872,-53.74504769868096582166464162762523437572,-51.21394277643503565307871837138536887681,-53.72185935977319568738775695317847761105,-53.29428439873829985502432439148403921771,-54.06454895803116534404401848862142258754,-54.95238317854031348998530813784132279819,-56.41356435435322688354943462047637356773,-53.11214963500801758223081592924987764489,-53.7977947444624346913846439941841754014,-53.77341712772382318239434084517048808153,-53.32109902041221866036502474518118965415,-52.58660112935531146711159851973335506795,-52.53514410169863897513473365376287506101,-50.29235483679153638930389401257415898073,-48.58674768273091185626963630041709842859,-47.17704438786743775514955569366529672332,-46.90835428231765458387890647705594606893,-55.04593230726188392767991403667768617816,-53.77712896420301172694287896461322242937,-54.60024641213015987130924910382496967038,-53.76496937019750292974719146262223304878,-53.44794368386982864054371492656241239195,-53.53666791145075342331124324661024642955,-54.74746781116059086186860673194596507314,-53.27027637106126709781659151418282750432,-54.1505075499654193060393916652918317864,-52.87904809825419502486883557177862740418,-53.5440952954775680347065058628950840204,-53.05736015025465454554268388332269837749,-53.66010155866663155273750272312846951783,-50.55558772131538936413841983340788417585,-48.18081868601693102652380392047240123792,