{"chunk_id":3545,"map_id":1,"chunk_size":100,"chunk_segments":16,"vertex_count":289,"x":-1900,"y":-300,"vertices":[-50,-52.26934398253585133717505026136796442258,-53.31711865052195642248315898132746222557,-54.10282098256738107411680201196838699794,-53.43751483931327588206371784311349679508,-53.36461653819986680467028021654331871602,-54.62995885263617263569636159802669730818,-54.02907107666090726333021365004773290555,-54.46008952017096960543674431728514710977,-54.3512002592622298175562583528385090445,-55.17571085829397007406587011836038349596,-53.69143980029223840863764505395771222691,-52.98995088314285400104027158993562411732,-51.6249245337995736910046544496652445552,-50.08779982408908288895639434178478980386,-49.33513257074043217372924679490672143348,-50,-51.28581733851851949895284754526364739395,-53.39914816348090532382254096373361945513,-53.51730443469688029407726382729188562342,-51.10433015622785282487769104948137490491,-51.28318796831550240014514122705076463428,-51.77835027365061567469790255336661907755,-52.6890608561489583497978984255457891861,-54.87210393113803522451402268341014979424,-55.19776463527572565652634723756831430386,-52.91180201231824387190726157413175489462,-52.17756216912701750218561263287264517389,-51.78948619744932206940898426463354493028,-51.83472120659010406250334102658608894352,-50.98700456942358466503330047176378499604,-50.33990912583902734560868679509703882324,-50.11867049143394275359824550816670370151,-50.50740336907342423354891297922278054887,-51.08360475764959133401963244030523929574,-52.54023421117736840005679365709405177727,-52.99083057138125337636957732628428894908,-52.31229079419077948185017947391396671903,-50.50284465642284944880574610627338828371,-51.39400668027914771809476669083269465485,-51.98870910267973241230630436846746409552,-52.64524070267269952333835781708689447987,-54.78176527655479694725896482991138380355,-52.78105410134887838400103629784375291028,-51.0960198960507233271582056868506348126,-49.57251234308474329956330850496570428185,-49.52512043044949081193406952369565999532,-48.51703487612906838517056350301018040676,-49.3666749154544421482767768648239722913,-50.11398669505696499891621182606305357318,-50.02015198328322925028426950605721038809,-51.55062126823491802167315552398036126108,-51.53335130547147449819384750591865534668,-51.68202583438609682219832495142123424538,-50.70770246977175567268326664681471135965,-49.73695136070609975748013024999491538524,-50.31115047218727215041673388591155713977,-50.78500372282109866523806374394793520984,-51.65091577076825901742708541549733841762,-54.07291769961693155381577260315753041806,-50.71836815782026730212453975615404390558,-49.6240571362169028650446317127343521385,-50.37174824217132798452499414087225712371,-48.63917235733732813896011908570867887443,-47.88959319754565922539162631159644042016,-50.15498173533022493164884315407442218578,-50.46131292138086104348066317188750044191,-51.81231637005408945814651181837194061403,-50.18312382254327021935684369228420214118,-52.09203325439164521173815462887604594938,-50.3920196352083867286473212304868338647,-48.11353134195715651205365339114697625454,-47.59116164109105034761719992112302307706,-49.48178933104696025718629755313514004293,-52.43139250758735661720293681325440250893,-54.20666114799281958370568003321345947416,-53.25006877067679489744034424226532914873,-51.13449516615147897621091754689603408792,-50.24677789383132098505102060983379662185,-49.7477954808695033540098667413652903076,-47.6446712604806251243811037328207683772,-49.6657289401847753298742238035823753955,-51.07378839521161045587847911405672285882,-52.59343867418111977833545375957477915469,-52.52477263024777755136553411435646919353,-49.42862312469037779816177542708300878071,-53.78990414810998411632946409871050217706,-50.42263233237282394921617939505127325373,-49.64470943280708273409440560635639095114,-49.75490873972115755452334916152121153653,-51.62553339254836973131084117363058995703,-52.00584553909246723971120197811682456216,-51.439705852990496826388125864800805102,-52.09198706637583364346608406331570242415,-50.53776707879202077311325744071225186899,-50.23777654560106278380883355217861002755,-49.75310576508822583499714133626899367455,-49.49051938636889510767928129605922711687,-51.04698902598932947307055375716336647156,-52.08379067179389415135090981171558512144,-51.42018040967455072312414775588758981621,-51.94961422853618111801654593080245307553,-50.0523265599447078406694406789729118753,-53.81523138642925088280994693820365720678,-52.11223001355894636502720894387425256038,-51.52121296564071000887371908412469651978,-50.56111352672787137438999206007850368092,-51.17295832462374386316914124594331432359,-51.36555519852256816384516702942541854659,-51.50338338272500653479786555619106638233,-49.56649274569658768838380896802232759646,-50.93736477044742738940631898130762384137,-50.84700236317790933019701819897325054878,-51.06690533100888190828015124309206391737,-50.58370682798873042294104467776783192854,-51.06802700965361289171085142553721117036,-51.2232781809934724648605293281406112053,-52.27324360989358039047164672322277215928,-53.03939924403857007738951754622812457052,-49.02120634535384159923590970333552318576,-51.79042346939179623512508797571792229714,-51.59128635209273326527784893927182558267,-51.67881836714594254828016214039410877595,-51.14789136704139595726410418365536684026,-52.15379618811705152155810042098772286849,-50.96398610969455748793714874064163601863,-50.53168101678118801384237965437218966245,-48.4558900578138773528829148229576988161,-50.16022602148243783573195036115466201147,-50.94040366764494000499859203849249260401,-51.6303596724962544385482247161281227549,-51.62015831230355808335848090393383291372,-50.02013162975011850969709972652908425359,-51.78238217485352009437212056334870885104,-53.11649276296910529674016288115209147905,-52.49162182154476736777153047010946133714,-47.04386055029038177574794549688692158584,-52.88779042900767139248592254873157751885,-50.41333769679178417751179303956833581608,-49.95986524641518383940035218416248288909,-50.50040603214949119980054291245008491534,-48.84277745873714813376251173332483362788,-48.37687907700875185370313490831586314148,-47.77484703661920232293716961762396871268,-48.735428468630043955732771969330144934,-48.65657280582305522412378045098044833387,-49.23312684172637309076552260182207057231,-48.44732559680018379594862327265361047997,-48.42033379039794772974824418860667077508,-49.82170355189181605224409223559043380764,-50.60929682994369703225554163730204482211,-50.5494227657995056790222566691670615023,-51.55218587857201670356075533006845905964,-48.15143333408337446536631130060623683704,-51.36975467450915400406513643305453571509,-50.53845166719405617506738062971164195974,-51.04116959040122391145239586138019995644,-50.15129058286293354731030386494976333215,-50.45823070308895901122985992511990635655,-50.32394599651094890339738404479177272995,-50.1969332073585846721887635241837716769,-49.89234463884233052117675337712262810959,-51.51869178337965038857117662738167837528,-50.68614723375532454956242681016566665458,-50.95708622346424025044276375251935850941,-49.55043939242461068136362764137907614436,-51.57655963662542087271931695847512173662,-51.26775904039293949462354100397847560812,-51.44467191818265289014740249440631864093,-51.33354046308541200278300516371615206574,-48.39545448724619279917554914789243468709,-53.54134209265132720499980193183130199067,-51.63747648050058137082644563356840896176,-50.93787941519755704242714886356211184446,-49.03816046943380655980778335397260620785,-49.12141240119776585304564533389548230752,-50.52960104905073467393203430558064427983,-49.98155653007992363173940834556784577505,-51.95225306827608359197746257236696054565,-51.51409911564448083374215118322116873393,-50.28562444599627358942736471910244460908,-50.81403766564679323771949674044479950781,-52.38241159767173454540927780759361261849,-51.64741588795694342649179946325785475619,-51.3223154219194981457422420007782281032,