{"chunk_id":3044,"map_id":1,"chunk_size":100,"chunk_segments":16,"vertex_count":289,"x":-200,"y":1200,"vertices":[-50,-49.48222318441947620773219496504824589887,-50.54275244060672443033305891318841551064,-50.53207160269695521937936136423407125343,-49.88723196819665928313645257598444907942,-49.16120925874992409232187647680534267589,-48.80119726424138195608809700519416727243,-46.71599630935003168144960442129992935381,-46.17163722793036645922383854237081770807,-47.7960929643603122563315165706686909991,-48.50074270547753469190085048164505186023,-47.91193772999917794444879860614177750844,-49.19251263814351831009070230092886187751,-48.96930345937358830742588453550585654778,-50.47949434669044033794326240113694599265,-50.53893940196391205863159752838726680803,-50,-49.58135330700055012507861276890824086487,-51.39326795991355514906988414134642875565,-49.77812553542210022974053423563258702846,-50.93024646311881466404041644584480796167,-50.18801835944133461386167030300320047113,-49.11578781174373409987287086188532114077,-47.98937316231107220332677902178134721472,-47.72692749597374353482331150170942594998,-44.53111498855195807911748041834154563931,-47.93962481805374363414251967277865268598,-48.74009802740705913200716759463648486631,-49.86723901715778206687118347683370347238,-49.93832570811770871764259441538994372029,-50.27025049205744298193944193033170165872,-50.72042266709001387740117216492999377103,-50.11795555316171104594225706922458131441,-48.40891289621789015081788179352916637141,-47.83849777484249300596439586139246130313,-48.88608171378713122602599384484764580526,-48.98495038769114219824320247366581840159,-48.19335181745758987075871353820673120858,-48.62165949583018425942937056764430576788,-47.94562888723837329077768180050393965544,-46.77332953613718183277125518211296793363,-45.44676000900710257552097541396643241437,-44.7603781382191667890109072622116568382,-47.06183177684145575175437009698438219539,-47.99793148369975210263834477961765092912,-49.13417212519470164565066351645918855648,-50.26395490655086476500987676192201364511,-50.4800196592033956567507714485797890616,-49.54066114675929818604031055310605810665,-48.79602719514295704267731703461422246793,-48.70464047170227235369222351083818342725,-48.04673701265631115791238396591045690167,-48.59014075124363076637978503087860490863,-49.97441864431162603158430604263532125868,-49.64832283574408532332278376794161731546,-47.97083187345287892718298733248469326969,-47.14635618845334759323102142357682144773,-44.76880215620969646201296339398116187729,-44.93368917391700693209113578745470847706,-45.84167149511947949589915285193695815751,-47.20313268211525681781810780825475569107,-47.88750345277552738546426816778853050186,-48.9059296836248350979329200020217506812,-50.44152416054265088316186262716896765499,-51.06851783669867242524833359278110603382,-49.23847644652561588754694191290444288234,-47.31584347611935706345656638824484473689,-48.44754274938245535114858188368802440829,-48.82001579952443102880430777506335443576,-48.67674231091734588810348601661916184263,-49.19040202462933619351738027785890732815,-49.4211519634141015091267629471249151368,-48.57228807919578011918492216450122830599,-48.00145486044913535458444922156701086495,-47.09767825912664786663243414986492783306,-45.79423243872934661255135913264076505682,-46.30262194371812771980833996406523297121,-46.31515316814540870268303009894354016884,-47.13717691517996874477956082164635069338,-48.79946827021442699799118220239938387506,-51.00463995091046679106237475456102652297,-49.14519042502009961581097678961469932942,-49.17544247268988757312495453238943873975,-47.6803147224382150355195823835421185908,-47.12045782873870668697559104481633184832,-48.12283263379260506846223373853951093662,-48.40263168701269826734268102006477918747,-50.17083726772917103761222950073915892393,-50.39021043193062887794614825933406719089,-49.34182794291458789495462212161154535229,-47.40775046698058432656081420712902278218,-44.87289384480988685952765290075546858432,-43.97074283834504320434690014389169389232,-45.79671013480890324934205085276311625143,-44.67018878985947457919233892418565203777,-45.23975131612764380335258288371020112109,-46.98455116767445142473825845225472594184,-49.75919864570280123107890414313925848502,-47.95525970674533648965103051105048121886,-49.81344966516819685219099553781530611371,-47.00649616568080949993903738436556902679,-47.29338049871433044705872675685271362612,-48.43039873433161834492492720454479048893,-47.92511744671529724715414080799261012247,-49.46979218736311184341303016366590117713,-49.22847966705063270103783838874281974165,-48.72958526202107207923200838278710496156,-45.53272369316182388343071543714442795888,-44.09122558507555998314244439335053832242,-44.8730823712841800312715565026571386565,-44.05901442988335772000448662986162366871,-44.82962679635841429192304307392196792906,-45.00151117220771798510758554472752959106,-46.52939388150222361891281898483559704566,-48.19104784462768322656238349590514197738,-49.44089699430635576787501671888327733109,-48.89676550871275083029426736313666489664,-48.70120219714869863787624495403832977981,-46.59823594878594742110136935300744864618,-49.7060870856061767697346867717857331293,-45.67033011935980423302815962709163719242,-48.17469373198656931708542001907012094597,-47.7840117917613781866379264888062921158,-47.45678832954018055478219772967167258973,-45.79951734887813220751104230706469225544,-44.88940381448623384073866283915578217482,-45.58275776253619411373652787112490783721,-43.93470997484197199861412590626073738587,-43.42049722290394074450530988904582820363,-44.62682126626537910100007451051738000081,-44.88633720070371678478008592001015871773,-45.61786827488218352611200708215959100144,-47.19118960509903350842429196978565293835,-46.89516754677145452313153465609347906289,-46.84992811288613538268478282843049612819,-47.04240759970902322450928892115785550316,-50.96281487030755810734929804051024682797,-45.88594864703844628210523771810825539937,-46.64266930544046211026182798977734712003,-46.53829830168141409945967856613274385078,-46.16228275244516398203911014066303245491,-45.96259926145873136162882655894325633745,-46.61967442197522502160825768864152962918,-46.32374591420261198369014304547030470105,-44.1744991969263710284286925990119965367,-43.23134897311610367560185211431787256922,-43.64849599880682829600784733892562042041,-44.25342173252916619660505504863215406063,-44.25499058958703991820718287923360848139,-44.61522642897226418325773448332204529974,-45.46665885782629969395915920168182297302,-47.52109423335965656178028057216117346307,-49.06046397689093701545769502421547280468,-50.11607461603282779277118430246748595071,-46.58393087138814019144667375032872457066,-45.40567071685100754557132370853570569398,-44.68791243872967369183468501392978427362,-45.74985063196338095974212630886568396558,-45.20001308209386652169025713391564091421,-45.57861478591268857851667260556863388037,-46.08308216495778911139064387642361471454,-44.46448131521587935230094802689188311247,-46.6986335505763349612563580906240394226,-46.18998238809560091239734711952552923839,-47.52527032818348823098664124349172002568,-46.02096472170490816165652398891630106099,-47.01470306818167366760587680121191937701,-46.48086933696495448506883881954506288988,-49.13326929914178397673886548372813060383,-49.7730088953363971321087952330021564653,-50.94122652776333769296585769357265770219,-45.09310550578792777111023925200793205143,-44.81912843994611629312418083636907571667,-45.71717928549892785993464190205169611153,-46.06214205829161470096283221680145264595,-45.08277065261584196156596105848233396843,-45.42641340851150863241611636075283704591,-45.22409125048111895927016270680324822718,-45.24943704337357120724983029298158192034,-45.65974312533928683871854696634522990644,-47.66131543337586789440667225285631900177,-48.76129830977530477617710755824075817914,-47.55822260943254796591380629302395092618,-46.82105411117856249736231338780143656587,-46.77582710465995221378002573758509529436,