{"chunk_id":3169,"map_id":1,"chunk_size":100,"chunk_segments":16,"vertex_count":289,"x":-1300,"y":1400,"vertices":[0,-0.2027156094089502936971227538721511708726,-0.12748845006632941187815512251420415089,-1.38292810325005780513981233987982485112,-1.05137479929568250031829009438198336294,-0.816496446968793652620328088717940810725,-0.68381466914524021921189157420160648517,-1.29040535232078160751511614011213181106,-2.97754433445528569624968486447697683098,-2.06432808182462290586599396124527361593,-2.82702733243779812756101439453097864992,-1.47917781415386377731225060773743265691,-0.49284293826955348158485171940317229644,-0.79116237101307651444568722680821262086,-1.41261481823084548145573212506911496596,-0.31991918246488336696441531123474978439,0,0.5143178033155134966793763703875636052044,-1.2476136134850634580017158331606434642,-1.00325816147238805204181325546996176954,-2.15359716608831698765996275776296541368,-2.36111872284595603950688959579558986861,-0.43027129972612895113542068148160371508,-1.87213038800793313463353677665677472937,-0.07103547518491030471392869973419746273,-3.23762379912655231720958903768832344445,-1.89396756799364151684502437959548443979,-1.31047047762345330286364969681322430246,-2.01717822772124134961682850288057096966,0.083707027527911978307456709979280298219,-1.45103164493819411407516789119617034984,-0.1391729829566246129889404569042684480819,0.0152632171353179073093076693597608879,-0.2367615818544055356429830116494519158602,1.4111841478592659147812008456089331374,0.8043280579952834152904688102631454371,-0.676719501119782632281856725874255154,-1.1913732645069989260345218004193124759,-2.31460816735915117123413010395254570962,-2.15942195737113995516996676249607630565,-1.67116786252120544493261750194388272462,-0.85904457794912892692811789206256646658,-2.45158559652589411616397655119816320401,-2.80966954081372104235184812078236875715,-1.55865539380920012060145415420133336472,0.527846874068556097496139318176678324995,0.182787902589756779800075740788862102378,2.0514014692762963281053057274722047536,2.05774321592476396975269890242765303706,0.5955181076841398840952808816319211676739,-0.0699267437842140637884661221804820807244,0.931429549640670551511188269176804700255,-0.4147524927491375886789932222077202387725,-0.85899472775308906181956939119488181543,-3.13072576446273061984059881661391242391,-4.09313041122272859157772958680720087004,-1.21931885532599545766405434871385061941,-0.47437226569219278362126654477682704141,-0.275703872436424956491740950904592035695,-0.46422993210396410360410284698570813188,-1.49354496806759884225629124817727435787,-0.148609179179134706138546124550039597105,-0.3511127027594680302262339370033187977416,2.24910887518513242235329920622957102774,1.5426163957472790653594869061611504939,1.03756973331249144182866452943801118458,-0.28367959402230572283736375329881922387,0.7683801963608354608119801649731728548276,-0.28418666707912553852707944542516111303,-1.1763185959827227887838433751743094961,-0.82531513707239272014840727049562532753,-2.90458049613240189779396511521960218462,-3.96186717626586895927000653927956187746,-3.29704600703109181698391068018742459653,-2.01340031556950277695209439313451569485,-1.89461217197918633444550127798984396057,0.32549614271420400877964896927266814922,2.3955999440988369880073110169239033934,2.69148818846738728922481016068873291132,3.47340791891900128006845072959527005558,2.47717212865684673167723867104307173374,1.62978334503093041258744730002517653408,2.43223730698125215256668083024332957782,0.3385815823222997005482679181675567813234,1.66677718827993945759958528023145384568,-0.18542439582787996293024431453084378997,-1.11310114997152226589896339566466056824,-0.44876239870293901002831902891898195223,-3.52634674945970300247098635160331681897,-2.22929597278008113479371419661901300113,-0.76609581358972569584556075881410681227,-1.33384064324144455263961342558586571905,-0.1801424132057424533613022784596964315125,0.6653671838516385061356525846256204590187,2.46497851064332409041059401973371762868,4.5473886485514476917366443871406077798,2.1502108565960553158043900766749281099,2.44694901027689057460360267391765926047,1.9063135031795909683346154974922479716,2.18484870159075781026518107870084156408,0.71163221893827285864383542200882918544,3.46818154891482230481154856847859141235,-1.60336897953152146307361295189579123375,-2.5557524387280995771398577066306090303,-1.7358576936085817927753081736562408766,-1.83917032812264973689820976428737657882,-0.340394295320368215089606575640419818745,0.4900521315103572213026061930290354927475,0.00110889593761939802642656964726747306,2.02315324764063674067948647020683267573,1.81134404469077941920237404273481798585,4.44437690209569742937139711496424274495,5.18227376143318698210478588243812748149,3.55595731296773808219167717406922072752,3.78379305968336792902966835019251636292,3.5648972335023170965820146583308348184,1.62977544844856013155382902469907703358,1.33618549965943544588455038295155002556,3.85112652564243372884461884918107402099,-1.912286515881852609227647511259837789,-2.5049358935588484877774755566302583618,-1.85918570032164411781125654282475384837,1.27315158906683270473571292949267326994,1.02364791349314426152466511999538979173,0.00875296213944167933269138724944809697,0.8592308525399111767994042106351526361995,2.54280902879776655371014535354693824529,4.28971947702138119595434261640019338813,5.47811872358238918550607405311260660405,5.13360760142854961634808972851598722574,3.83767770979338194549778107862419460737,2.51874750488641437480678149621102196649,1.33085920160556562882104264317727752744,2.51005205315726058531435633844184389391,0.9208374667319026994347435479470066555075,3.73181156503731813263753830215370162895,-4.0434439794324823958894115665267398041,-3.01828503451998633793083958987594977732,-1.0140244673080740365357440512488646303,0.4970782731069005504643451617213484314535,2.41949592401988548558539674937602446947,2.90355894851774814191811346757044125616,3.45200690402144391700206118345526768289,3.93452473493263634027575822625090319161,6.1745766850508125827442405323600899835,5.02508256013218045125202251042368490021,5.19937660436444668596833514298794418205,3.56267342951232116385762085732156976241,3.67689611972759194632142727280328710778,3.81285370613055839080664835870894330633,2.73765326015976954330015161656361140862,2.24188643053388805044586938832838785036,4.21921962223289442149861251991238946101,-2.7768270946038427544256641120073913585,-0.34617348477320270851160678253127802227,-0.50958868218383832408598660829350672467,-1.62345451101828048169016338456604018296,1.86275215345223137673479122013696348323,2.45350375246361736810556126666150501162,2.35177697080190794326858330659752246259,1.39802385106240488312015470991022761429,3.57782175490573978674003390863156495641,3.94362910649108749900461514348656063214,3.17012373690969834141369371034459991847,3.9255032715535553100936993741423901326,3.44479773401049123299521607715944991621,2.93330404047478400733169753340089027588,0.2378206219716007077138293708530754053129,-0.15459451799644438336682491045719403902,3.24281308373334059190610547783767812772,-0.99826164449725863818217391349574945246,-1.88072335367827023708742627985269824676,-1.50409483031649125662835839448852320254,-1.91094379929161115721804696286437249665,0.971536078193141477044371335506380428275,1.44595989344246519699640151961592481682,-0.02103598786991512343822331074320415423,0.134577852499746646187606779653255276494,1.62899594944571829710938537389819683581,1.88872645714119735471158456269150429386,2.83268805440902834432629062957656566778,1.54750777687614599828428885761271448643,1.27904015689808885982874697295534210543,-0.8688294486834345710885099560956844248026,-1.91147042678375649140247544091124588982,-1.00282586758683905589001698246782603797,2.80195648229368426420632957018703312192,-0.71225762309941855038503531983482699942,-0.98014130763315345914053607311353250118,-0.79154555278648599735866611317295052067,0.48427803314363989733255616673050659599,