{"chunk_id":3677,"map_id":1,"chunk_size":100,"chunk_segments":16,"vertex_count":289,"x":-1000,"y":500,"vertices":[-50,-49.92437403243261928022038484823265293135,-51.75199280243139394402385679248691978235,-51.8130055045730977523393850055026787938,-52.79037591509375954746032989915595043161,-54.06812613744914318636288249724321829485,-53.92406097667634233523301444311980352957,-52.35942455817132399824240553262665751756,-51.8471517384350804675393746212625463615,-51.02313079013501140810115337240767440526,-49.69223678477151298628253658246981239946,-50.38322468587162337675640253291353111153,-49.29004579956271045081747512997944155887,-49.73716759870940131251087976408608189766,-48.44190259479497512904729770679976488852,-48.97920368145532068354073706647215407184,-50,-50.16840760680340961200645232304756479055,-50.53885465497000372323109328546756115561,-48.80882765363985822298157649085265072852,-50.5564737439950017722186764006799709201,-50.70271348936400999786097352143521597585,-48.26529659234809146033757107966657471713,-47.40948854071098549200359705706178280376,-49.19233557467514420970487216310265171914,-47.84289371627133041769940738677380065822,-46.87125762075729182700740523921061931043,-49.82299145429695506863179685137049774605,-49.60744311070219014774854577474918989278,-47.94628411636816960755065912972480791745,-47.15264584459494799827496982195880662976,-47.29851309491393902941342767500892990479,-50.09747775520195018381141287131743295196,-50.19881616682006338178308134495797105182,-49.5143649660290936925749317846149348292,-48.47053150975981649288239795711124013644,-47.68862654116652469953746211894890764673,-47.67532813285521000319196724549547921078,-50.36677043033511573998079280816221437313,-48.76491900841895399075445629939909467366,-46.93233679513640810667794005087608971655,-46.54136518806195864702469120998634060881,-46.77633209906622212117653779982404977607,-48.84954142118920274617025325076523218367,-49.45555587136472550304161528252234875953,-48.33927711116371236595342667062307738947,-48.85415427686850781923996191961527164033,-47.39172184307047383193866569114057909871,-46.18456615088402494867398530620505904297,-47.75496704792909811708564466659529912612,-50.52223254618068558181698880933273278397,-49.22780265651453336237374582431842340486,-50.04614528027840611633842757613105338425,-48.39651771976272514044759527422091000613,-48.73368460093637300901013918031796796281,-50.47356802598328507818083272066577870453,-51.083462712182473255607081657398907097,-50.05586723089680896403341806550690669052,-47.13167878131845805561062723044764854552,-47.47251937027610057386032648001050571428,-47.84903224854444734350142846542941799355,-49.09018815834880999278114365515929016848,-49.51190465611175105388464122782985562117,-47.88531780013638902906685671662919180867,-47.38369489977408624095272498874985422298,-47.70329399927359337181297306405483865964,-49.73997520879113945715908420097352615787,-50.05361231978916569514987559488202885664,-48.81140980624089578970798752543672516349,-50.67519817798336815841942383165148297342,-51.3789056149181235881693132876069664453,-52.2944878900862595064701104201804986538,-51.37769347420528496745588901749354029049,-51.01054527389970153820102421428465511772,-48.84406774791474672002367701249606662553,-49.77783604173358959960348198248217378692,-46.54711827979580798929082805345338819874,-47.08116907951322510201460257628522190397,-45.7575809238796641472874651581997856043,-45.50554055161003683001145589466615135191,-47.04463779058775726089907228260684782859,-46.68198194131681111009398526651354668973,-46.63026370611661641941235044955264825378,-48.43676528510894921934459653096910280873,-48.63146442112873262255984026966703540937,-50.33190132800442964847399469707766989956,-50.43435288056066564933887049638401724285,-51.56591308619623482194709330411046425614,-51.25446631763961633147002012075434623425,-50.96467699519187961703895684781715655944,-51.96898958825566912484118323614808563346,-50.68429812298627943277683683311074782169,-47.86667648120021102071651681490132172233,-47.06668135983448566121439173783929754787,-47.03208716467633026113646905485137056393,-45.34761071393286435022290813346560073284,-46.69440863159422128549413072930723620491,-46.03385587160404982373621795114459101859,-49.051849831315805231639093690910832533,-48.24114713995884341416182516313275427777,-50.79352947141217861136588013748137889975,-48.50095869891539842962188918140408286175,-50.99082591254438564566635249963250875992,-49.23529088119726014287508836302371141707,-50.44835285000941896358719784609792131495,-49.9226900761855363265606574777542880692,-51.05280990899721225318525883558997641033,-51.79207867144083629126530661588996103644,-51.78959533874343386011313246228783229775,-49.95987329012391323288682793355113795602,-46.54196957327452191172870034848003978536,-44.7297245654003074365387507072446759686,-44.4339043516539789149636815406752397838,-44.82961172667423297038577680805501656323,-46.52985973048843819122201115417432638549,-49.09525257120837436787208548151990791476,-50.75836383288744204197932569041093036378,-50.09014038248231641451508849654804769728,-46.74245348237605923414895881147219091848,-51.39284526527403509413948236449424122853,-49.49475232048081852498362793608673797933,-51.10174884003542941339269177468872946517,-48.9938285985896873265652503763181664373,-50.17248204112855392921829554772742976987,-49.98151224544441016630405746173729859849,-50.15606546741910682922941436823883945611,-48.89048545997487580715445609124682614941,-47.07160404238415819792509872670846227714,-47.15079894708823409914665155677393154603,-45.82068660736981587948445327262050636344,-46.922385587334319476008879982457239164,-47.12141124952340434965211053459183247782,-47.56084955629484590389230855799889637118,-50.07037816961562032157132250049806566325,-48.90835350628831611016013616163132524051,-46.91599777594373623616142610820375230404,-51.69367742898983321102662127914588416218,-48.81917113163798990272513019203539588462,-46.60041820998759474579256480483203358681,-47.35453602802585321201896651182536128487,-46.23051856583212747362548476487426047651,-45.37403247070024002607379494824770125319,-45.37937552926657022050307123182570071202,-45.48519534211133936957694948481006794393,-46.74083364890403472834112448005041014215,-46.87440433743962037431696985501781487352,-47.05472857147816468722420099827673716327,-46.88366031419703049008387128580059009705,-46.02818895178972702581049620969066204132,-46.40653843329181245174242726989395013177,-47.83798921850968752538764711058867622444,-48.65748257960193640866129247287819793932,-47.73189560727519155751477456290980768196,-49.9229794588964778277418423386779668378,-49.17492501357627346813059193862647552928,-48.19082120633258250061973527347932244345,-47.4678405772345649452679181103085975251,-45.43690379468862314668259559400702563586,-48.02201507104772217395336162181174257159,-46.33921854326620402289678618594208651525,-47.49362433622921132369683654299849252339,-47.31110656419713008762292505300581983597,-46.65501497616067707489091474663097716617,-45.77937512729104452110596907913995884983,-45.55784570232181552018484916741954200161,-46.12355658344510950548252586984758283569,-46.46986172494097897215421569738239831198,-46.89951196275394393615709391288992993301,-47.34011170710773724126858343097578832864,-47.49830042251481395867478373091511410757,-49.28940149525308751864560552665964434826,-50.08179717867509249791881672082786225443,-50.32200751238964302757743764231854588705,-47.79778659780521066874219825551247431492,-45.75448577995688754658878650010904794634,-46.849856092006590048491763423311677882,-48.66247358144634128699453045676969918559,-49.66108420589619220191407869024992914153,-46.48659852546438766867489063760525716416,-45.13712257312673367879948258002920986949,-45.25578309669715340659372182833844969623,-46.46404019044066757291365933197646277295,-47.65043152688068065074670612260096387774,-46.52271457150480202959167423230962320625,-45.96021178332560063386583274390149042671,