{"chunk_id":3608,"map_id":1,"chunk_size":100,"chunk_segments":16,"vertex_count":289,"x":-1500,"y":-300,"vertices":[-50,-50.14588108590923058654179125041118138931,-50.03556851475851838196191215064683692335,-49.41200240282608870568128564247532320382,-48.78150942995284505979534332797807375606,-48.84535368793924530170614451596008842637,-49.36095958363945120790426644710345526993,-50.36039727325347936801917240718204468706,-51.01590845213446659297656531017854840287,-50.38148411134592130526278693340723807647,-51.31793964189366349681978775424039051207,-51.50244898273372516616330137073071054566,-52.61349225457114515208605875950791202941,-52.28182225249050548378208465971212699971,-50.99739030591571742124036474350889723203,-50.60116317193108688082085990899818134047,-50,-49.11458708902915284040239245144224320809,-50.7695922357628563925135305777812337749,-50.06821364984990604373874372435609542042,-48.64995409174630265228844845955412416419,-48.66713336813224869118412608962368316847,-50.54913386050701838215144878619676815866,-48.6402057304740842737814602865300880276,-49.33573973317919634134159865266053588927,-49.66920493239035708537701966517475318612,-48.68914694991901816189337736089172936447,-51.21455716906691588261461270578664459501,-52.55214312843455950103596469877713449663,-51.82836399801958224471747407560937986217,-49.56049676238630121292035700309950550296,-48.83789097074208228077792516231607822821,-48.6198476108695694300325868286485372868,-48.88895917659680118489067584305047582436,-49.61188696239931562431776277400805834991,-52.28489187390725431978863326557488728916,-50.76987004499584490548873818173554943862,-51.3217878086473430564293057217670522961,-49.96054989144719560804862677787941485753,-49.12639500269705728864444562110119569039,-48.23124992501912122737476405019109943069,-47.81952154213769501721640666436503215494,-48.60019790252850702544945198720031812947,-49.6953864221933211209431787252341112027,-50.24238060114315963304104276203099562297,-50.63176015974548488608175274377391038159,-50.17096380422303654858819723560149443392,-49.8004094761782506406198283497154204465,-48.55560673754730899108838017437739338343,-48.14592806765851352977477709283164726049,-48.34410921921529399401388339699180472095,-48.41996106086440421282705005524536093571,-52.99898934215063220706234560146352498093,-52.42123722599066369370953863115820351558,-51.0965526607382591747775228063571798151,-52.27439684017868052482471018629904387299,-49.61934394053280066333438789419536283589,-50.45192609438948115633952010092558238781,-48.04154368347357471800115385602215232394,-48.66050097384850587350935094706206424782,-48.54047888239212154999304523745866831952,-49.08517197192795825314099274401383138124,-50.36704404782348080278579685739815980438,-49.06011410370865026156335507621313651968,-48.96688302911318732243075036049665554649,-48.20331946412279104578065718010005159507,-48.10643507838201107408976522892667316796,-47.82825516050950448342848335918216296492,-47.64966035643229610763908887889325900551,-53.56390670103879316554515195717851496535,-52.58006289515390398201584660166170650734,-53.04699701935868860519331428082587764325,-53.44305750291269230960427324732401412722,-52.18197378921361677137529402845026822697,-51.9693180099747370273113234106710198867,-50.41014057132891274059001619192503804184,-47.90567740686942492479666453608006079693,-48.57765724364655603414424362021744981249,-48.94947926125118897547906759316027413236,-48.60534115767627288893958721302825644973,-49.11672274125124526006735790068000404902,-47.92586650437933121333340641751235141281,-47.34357085175424918549784754514792692321,-47.65555786161843569229929165090634924344,-48.31293043812535100294130265999958889849,-47.15757609669131870933217042937986837369,-52.63118026208354784527082205738824870194,-53.23254893155602229095482278136316006818,-52.75837531481346694606139723347388406306,-52.39264144267059051368464738791828650202,-50.50739465024684861949218065066716826095,-50.4170680143818903480965530762824508437,-49.53554136332316646080235592191951973177,-46.77836087240777168221980413850173152811,-48.42488573788659071371109532161995067372,-48.63055200689350654900522841902655507891,-48.72114553020618298285899229547865836183,-49.86361773895084398157989594188016666847,-47.5828985265691788252918422769910281351,-46.75966423836350212103511995374197626038,-47.75499517287089508395473721658679435564,-48.57449915259431945282356562555087229851,-48.56138245195882337665257762300549318351,-55.37214024634043626433454922090711637732,-55.14712855021470553514076065127517658578,-55.08359287096003054423114769220252309339,-51.81784059143253507815050023567979797117,-50.09260261424237159006131678532760527906,-47.22715324943161804038389813754355319765,-48.00594470750927460416958034959245272235,-45.11098535595807110553073682753225656276,-47.34184798856231757952671507533747135179,-49.58055929792393517596562139551475144711,-48.79004983598742272949462870127509945295,-48.97355014444720843242217964673499556275,-48.70557826505588896472311005198326502756,-46.94732786855527409979894509503210764052,-48.30129953402585694026194625873900604543,-48.67379868986607510619796503030157429526,-49.12403260219679180868530268671615257064,-53.86954331493007073983520862531837984175,-54.19268318954010872556446335599917389589,-54.20932712116571920833468912239659968178,-52.19423644295315074879598988121716419804,-50.14536083960308452957727994879292070244,-48.50024311586809211737481424656761055499,-47.82206784608564847828438503969292522033,-44.26114700994735078204304271287485581717,-44.52479252253413066631701953646290447653,-47.28728379434491258603719850393952691126,-47.7221444723708366110184666737248012891,-47.86079693011964222769521327158719082468,-49.11837842846575671400855862632085015504,-47.26602089098822681766550734713364653332,-46.42868274856615690396960345570233403173,-48.24958388074735611696499108857539594277,-49.27107614198792763839441245901534628986,-54.9384454164905694960034131147748795155,-53.97639549988404647514079696716624452439,-52.87012597946287873288637202760726146138,-50.7526702932368101658843315950722497802,-48.30834128843146508978446201095343425299,-47.45118019939727182730033455979116811224,-45.81067946304898694579388354463545160522,-44.2815785308931654827855986284280865676,-44.61547676863665793775407241486623171754,-46.55513816423658413833733581757061492617,-46.23814867692642211376869953864716281432,-46.26816337775643243846284407129629298813,-46.68341553215453198526062415452992332282,-45.51272335495508934646244391527052033175,-45.66044041366183259644707129658057125296,-46.78170789557166658323143687989978692668,-50.98629506310132273917105539252031374081,-51.9975914669352208475617194505184352051,-53.56665801241151426597119928395632198126,-51.82206028515692442353307381165065024249,-50.86945697807671349042869584760535271311,-49.36932417304840239094662707338754326967,-47.09698287862176177335981735483343330707,-46.69230594118614866442560889252678655875,-45.05139288563382791425358239288288684287,-47.16409088626692670188766121421690614815,-46.40954198192149346621109768427169393023,-44.95587004341684008522052350657619227481,-45.56463253673453826582590339527451744612,-47.37577520430183387028160845172455043841,-47.28342885895025737649200362153707024072,-46.32602876453443692088440424498796693414,-47.97864035900138552358167638975550564339,-51.53697643615831557923741233113438324717,-52.67545463303293206884322498567097292532,-52.82724063696982191407640065470313219452,-51.02148139456278617596531195029320516242,-49.53593510510099658476782584528391414041,-48.45191788612108713260074235726403096336,-47.82907123217565109761878609526649233987,-46.77536069281734006101071980963535466138,-47.22518579161938857314316496320478525792,-46.86412357749160035747048655563529030659,-46.29500312179615431790145324434600836572,-46.72892571281687354374647151686337508192,-45.58188652992343522267361013798117873962,-47.79792688320541496925299615525302018395,-49.35476528624790136757117775119952492974,