{"chunk_id":3050,"map_id":1,"chunk_size":100,"chunk_segments":16,"vertex_count":289,"x":-1100,"y":1000,"vertices":[0,1.50956598660088714105750634117791754094,1.29261867796291272604135266989494612585,1.15745659266119622783232321206200427363,-0.553891265838552698528584416840816319485,0.4700692603365051416364947686054061858738,0.8745105886900284729601340985084972643725,1.20414916658235080294004332005750858699,0.93069330943144682893893723718028635797,-0.4668514792851148220009095691231198703456,-1.29295195096090372883307496404630505214,-0.06110718395598487348443424894023520393,-0.414474090981653123467533072449570961835,0.7122492793307490217852262720440533167687,0.0923506946341248457800421027925484365325,-0.7087847827446765307993317952407686515943,0,0.6355317660849889690057595225077205708675,0.860777101466432228512543352729503114765,0.2866513825643136415601331978094818830874,-0.23254948012099817716998494127284135758,-0.1241784485784751924373357758298427325288,-0.7360484537202851794981029257186667054416,-0.6485401063560272631134047538434406289363,0.5312520791465070743444041734635054842975,0.06655652468194507371825716582538849181,0.0746637102855568611044755885931805666375,-0.20385583614672027344637070739106929529,0.183690115695261312040204847842997319315,-0.50380324784575575611231270420434106557,-0.538776037302016584089442071492037670965,0.0237731381046883692804145724914257365662,-0.7252375100972825339667375092862082103125,-0.3749611896135649988733018247776049704328,-0.464303169234338917185486311470697729785,0.4468826114336963286910709761799828425925,1.17185047210817030731149412893807246163,2.55168658822808466334172622713998848158,1.39161200490439283039549525722631315586,-0.4209250056187655700310208876626324135297,-1.51344467937336239287929695954146254963,-0.9525947482986728825526641200122411165929,-1.54775268888891108163800712978360316145,-0.35121876632651757496883158335118875968,-0.954711929974408959180301389372549892625,-0.16828513859837710899449737505635801579,-1.47057170735225421365085622084809332236,-1.88853518584882320238901384237151216978,-0.48703786731328908035025219028525600076,-0.14859793394878262105433651506843169911,0.86418111064022262110055674207555806031,-0.19343124768833779402689951890223993573,1.31728978735381375054732784074207733106,1.20030791666848091098160573098120057156,2.35130161346912897293813363161795777578,1.27205812048227746544761549719733559859,1.47665366052119061946059470397788184718,0.3235892293352722829287609020849836578797,-0.514526634000099676755711306860595850805,-0.83712450812868382085782732100769144738,-1.12733006835172330863476469023026960435,-1.14556347307050627078873141956326777125,-0.86449594942648768859604489239634152934,-1.51101253032885648032737272417871286761,-2.39400381160117785608791748491713412906,-1.72300144420660247578650223283737812003,-2.36681258743719959472350280973196596538,1.09639542172804257436363125296623365346,-0.67229840367009951234615162793154599495,-1.60369117918165733939927753400041385923,-0.74683935684531940043270647597024410884,0.1541931515866919215394077424894604975629,2.21560650375893576641990985315643565981,1.34351809781863207848049832807219372463,0.39080398245012468649655920773446301773,0.4140686549174403764669570393330286922066,-1.4724635744515735813697705976886989601,-0.450282172435911647986559269659793340375,-0.10883162351614690877224844612927146057,-0.00851267779125540270013737816318882412,-1.31813806156709272311959422726355149053,-2.31580117005388354379407725645234505522,-2.61198261145412480410157136923795836665,-3.71288145340827211156898702342320392506,-0.60336946695670564942357617831016771184,0.6126664119204347278127143945668926528725,1.90393571815832243160846775217393752323,1.4141761477149007184010555785220623355,1.50583256336672841360514081533817159294,2.95490515032922979001505847575600881322,1.47070285334750442769836754261080643416,1.13069555875124248220249251382028854345,1.2368885052861625697639648185553599837,-1.65761423658376178861130677781259426936,-2.25772621249413152882863096069082152749,-0.39811812011934817102917618315220437168,-0.52138811628114292058819185452166099179,-3.01966471666734851567111490777993340789,-4.00366794056945466218046389913518243251,-4.08391690952796684410681097376908953217,-3.75323538257972530486185968063871636967,-0.94024284559591731940879092978131872798,3.1720845081178182718805237880647262853,3.27558810024012958308981930036045860276,3.16430575304926947319637242098509848147,1.38806043019407002661837355943754874986,2.8994906220341672908339107577726045133,2.22321959406978015952365205903383949754,2.80090936912304656066970517605033398529,0.1654249965604970435867637139997006439846,-2.61402911921127443836230478532201404709,-2.29921874631004347302817182169574749355,-1.24019900055293015467963165817436022871,-2.61597996678610842504990231090913803456,-3.59583564786597025196080526272270132755,-3.60900963210973603772670924030399277067,-5.17002136334010190317471496768758659066,-3.73491063948943840286302361421566407942,-2.10497200349208285173099728457818193921,3.88597476702729930489969110519251968337,1.56215659683990531232145126023101601385,1.65189770808277924687602158863230038348,3.0315944195542882432182806179833326766,1.76054238194676185602798549701779928749,0.5558306689666788202664651371395365174875,0.559628730747462314525040044367716066735,-0.0879579279388462780940644218348964534,-3.63561665079146043708005744475149332966,-1.99718950582983773771420603824568040655,-0.97699422701124392055460976381275635948,-3.35029733969006550641470159622374948423,-3.8601220656218258002261456100689727952,-2.80989341797478210770644503988251727012,-3.0363495620452268126400978574074501774,-2.9509659539998973774278248730848558989,-1.59885566234384253010927913583494406002,3.94393697583600978417042352110813435112,4.10691964062674229872266894975768269065,2.64077967573673630901556480479752687666,0.1814345511797908876389365894525020645554,-1.46158190078889410508705832774806945691,-2.1884228104365118668485944423172440745,-1.98182976670907042113404478267627077171,-3.07781452089352541179103447289225119638,-3.0432361308900406695397393495436032267,-3.33687591070730223305098076073776892193,-4.2415016470370778056615107446420714075,-4.80110388270140347367240778891109552495,-4.93618979143378749207893226797243847069,-5.08754683600219393457455936555033643653,-4.82046079495121411011342785094721219981,-2.52467290144277641968524655975561457334,-2.09542150510554365993379997337856772824,2.81597441805375214534016897997996397256,1.74542689072925422006155025005888393009,3.34578931223146667657208138264226938415,-0.34136677917026016453667446488717485915,-2.43858507611910515602625083773515566724,-2.01766592519242882414753784592047465247,-0.6999570907529942859106096723840266676785,-0.11116113869211101815806385579999545182,-3.59114289520863925053859438697485006968,-3.86687080648452816556199371847536765994,-3.38089056096670411014447371610196787876,-2.44773806619910337319900355562345624766,-3.05774616105078813432385266337312170775,-4.95454777659636885885094959253834869164,-4.1815450833650489875117052022975953574,-4.41576714037870330931989451022474064494,-1.97153989154627636859839138360681821646,3.56222930686271962436744152786944937878,2.3662119063680035238792575303994173749,2.82999706956017031111629721537734221092,1.24950280420399428542084101795974190671,-2.02575509340349631407227167188962119533,-1.17572496634957957512870860836914437743,1.28262279978405032599081147491114738986,0.5495677235231785226305002114762707933875,-4.08162185538138430971440855290459351621,-3.18018645435141939522205950196822630199,-3.38759469916372062106879888776537866228,-2.11989357017047298771626073507699334852,-3.05224806134737612039572756922413287932,-3.0274340629901332371528387284043860301,-4.24263729594275900954267671692564464577,-4.44589574761118704286383172742330307436,-3.40181996020738179107601751062894042698,3.23050927199058474129970225378517085424,0.13655000496940927571448472117929073851,1.04761889107362180651349952445800578956,