{"chunk_id":3543,"map_id":1,"chunk_size":100,"chunk_segments":16,"vertex_count":289,"x":-1900,"y":-600,"vertices":[-50,-49.94961712044954691264004222495152643497,-50.24380513590601194904733857488287119054,-51.41486874635072185410912875268167252506,-51.9149762674172521345326902051239133493,-50.81769258870065328547931929111643134992,-50.39011840233576241456448918023510854367,-49.35977763411997138577617774542865134702,-48.76064934482746077930931712533185571736,-49.51220393259683226871500761888421036742,-48.80449764793821963784163462837648299853,-48.47408199593908790789269266321983732235,-49.13323261902535167253395578756860143519,-49.30732959903607520403423771652118171087,-50.99289476018763840201841501248189243592,-49.60098399762162047919737196979783900911,-50,-49.98436903874324574126885147050637168163,-51.26366071642293052851649461261586060928,-50.78171676731360484624042544354326393544,-51.125000824111918241617841992314446482,-51.78339467778746936180869135458519263122,-50.21199435982843413117163617410701863403,-49.84434660117713076063811582218631110813,-50.06389492363478741959955029825861105061,-49.57302660393205975481124066010634561331,-48.93049965371728269555444969552726836433,-49.04705674753286681021379492302689483106,-48.66041719807831503530243152435052051114,-49.64822369381958610975603884776171594259,-51.50978965441486176539772157177645375009,-51.55978428650182987340590174989151681817,-49.62950279202004105041737048697830820025,-50.74883630839030642317018247401182852486,-50.02919951131842543018930886253861913613,-51.0253569381858327820983876396563254674,-52.65389746743026231259301199785502544436,-52.11602147745579884916288392316484604984,-51.58500777784686934128815562139716408947,-50.87338301626780573962109761768085527175,-48.69800230416352327710106944843356875226,-48.82441601804480482063654991744583312543,-48.4635926308583982665135706104478318556,-50.2013999637474408278835733706514596864,-50.20378801989331814917046452001692624089,-50.51046402236991982118626166516373821913,-52.09066268680597978189394792296683698193,-50.64582326014812024495057468468799083694,-50.82353093403728679848757747481629984357,-51.76953740900130646150607918593840015182,-51.00805192903008854948248056852640237106,-49.52059893301787402670492898434811190198,-50.24534062416409509841334516795143160191,-52.24396497747524515981941195901880473647,-51.96762868442389152576215395829665092131,-53.3370664165624345037385255579259209794,-52.31258201338429521139195101064448792903,-50.24217223439671129639736298694409974437,-49.51733009562374514693005392468044623851,-47.47941107394847229943330757633417008258,-49.81765703580215442023031378418524343017,-50.22916746134678956847722437047216680659,-51.82160082192990251203056688535182768636,-52.90148960851348989862213590271447993543,-50.99730764398257940414225717297499528937,-50.61701595281933132461108459366059656878,-49.73813059791718177639215201036633920882,-51.18689520590330855334184825913474172393,-50.51459847355210076771716661015740820897,-51.23896759690215079046419970346701953798,-51.75791916999521132673396405591515766943,-53.10652124800377375695846703826920597978,-53.37773241475415550379018207323157667051,-51.18757837941768344694971754450056585445,-49.13089865466115850174226705707591256882,-48.72817896786359355955731351634360028173,-46.75287222064329089707308007886074277936,-48.6955102279736704558426798464590839776,-48.88756108522283633039155406539522413359,-51.16319632056250828480239129255443579098,-53.02391939819323899693706800887191013827,-52.01666924962296522122726481035507080293,-52.80518366596780001291839024931986134604,-52.12267497806124130972959018830326347369,-51.26186532522479213605302086754304482633,-51.56811056464693300875903482561837474293,-51.75769874458993882763795473984508469747,-53.45660228613801244520847078591303414654,-53.13612378535181436690609611031507458859,-52.32167781691816708168149563461677488324,-50.17602993514442780081791756440138443241,-49.45442480386281116494304661726223355808,-48.50484515730495609531177737471158651943,-48.03850180746233357628727661701476398118,-47.68611192650395769245002722348184609653,-47.29847784022519964209547137030458736842,-50.02310793532744239785449873584113368101,-50.57463273422187153951773370026546385812,-49.58995513912740004302414667321370895381,-51.24565241972776006877342705959202973072,-50.64965854266749240250374176358265843935,-51.12750140507682529503015575871368173237,-50.87027305049288718435223827128084492727,-53.75533970738885558718138576965133069023,-54.43168951869670010182897217598352278954,-53.60685013872041625640570268135962801107,-51.07813913648851398879263301732548493453,-50.2880234636149139088353133150350380024,-47.99006894671371340211707864902379520894,-48.02388217680952725201840788490801834194,-48.70839903572379426261290220270983599232,-47.80697218413804303000534511931004752357,-47.24305154419014215648369045778907739883,-48.06461493828060586504055013339555930484,-50.05584372544899708544450013612844293368,-49.21231947981662802072871470339335490398,-47.91898194159866567532356433621400360465,-48.92170516268273211750688304373721050887,-50.77536552189896204845657045797834926694,-49.15839461322842333520436035284595806333,-52.40307420120289402609932198796737177345,-52.00003255437870090523912248972214117047,-52.86458457964378886874204630453723345699,-50.25498229068255981036473128111527328695,-49.27467355051663579728252445053108406146,-48.29275299033856960258843619481183388801,-47.87973384775319781992121838851665688853,-48.93979915653991977929184722450126904864,-47.93639642784443199788866301121432989822,-48.53833272419318708092450395830874010918,-47.81627728016144148876651445308914842082,-48.88900395718907581183787077934323758939,-48.28855806663819207045294882239802756839,-46.88588443295960584179141846321159367088,-46.94987243810735069593196164245339444234,-49.33511771325578811373283611983582636545,-48.87868604000175602913253630266639905927,-51.77250488375655461885381558635052187896,-51.37320285291917476438800276216508775736,-49.95679293255125430178589092466191179549,-50.11829953968046767572859223333438610963,-49.80777613955478127737591795012473127438,-49.717900045104334302980501249268511389,-49.42895227267728046479482439596798994187,-49.93229821506624690617897262151853610005,-47.51524946809714809957755798718198298124,-47.01329115567328744206005570906521183956,-47.00663423256747074540618103676951024696,-47.2620737315785637159124771234418817538,-46.49238587689558124149097913921951618482,-47.07435805189061605944117453422434179986,-48.27725971878659069916891174661758558356,-48.13762256511419342659666665334152442496,-49.35584189238950249998448952025513581475,-53.24206099595258772188479195886327263641,-51.8165614946974978249735979022881501219,-49.69246671473498640026352137827666259546,-50.24294077439368637006774367423484906404,-50.46737707325824877381958277240591851043,-51.13619042252218457809141382098369566318,-48.15000631453535609845886888676353385416,-49.18220524211526434956607667198222498714,-48.65474628153893573543734414795793179012,-49.50415317268945713567377713912049559947,-47.86208449425594180967088183192661670432,-48.24202849602919306733386032131438849988,-48.60589293008554130508394139677268278658,-48.09825037284409823924073485587159371701,-47.97662112716959799319890173817769638326,-49.3251573578954593152876466812349033378,-48.91702215834812307250980257206997456266,-52.94700936721190387783617798703501783713,-51.67127612050850961775572556524271850705,-51.17822999704038638375903692632482837788,-51.17628729476413971711873808891380550296,-51.19901428866358022238849285485729444249,-50.66998687037949719923478212169029904711,-49.42615439815993155102562896585210509173,-49.79581576990450352521570902921678792097,-49.98872604388438651263926666548104379045,-51.08956144371040956611194100037842111095,-48.94140580738559842781391298708674952664,-49.63388001990191752679481858058845598156,-50.19096153374093500714650953603673362793,-49.91501112802178800844663734671950941703,