{"chunk_id":3752,"map_id":1,"chunk_size":100,"chunk_segments":16,"vertex_count":289,"x":-200,"y":1900,"vertices":[-50,-50.1278667878834580098160462423022720519,-49.52292738655066650366427120239677503393,-51.33455228101349744015064686537467102076,-51.55836528544897980971431587395261324418,-51.30308333874994323849203544658136097504,-50.47692340086981408303259436004559690673,-51.44626409590291531827949707163074950407,-52.24151912031636480737962117486571833943,-53.14524199444111092842593306757002865026,-53.34311999974584610660691745638962986252,-52.44827976245889252708290930196653571969,-51.97990889848045433994502986728978623831,-51.10225385658270586854918055547825131839,-50.43661467568613786634094336269116622187,-50.27466971430770809578932472963632711873,-50,-49.60470557658271565478477482313186053035,-48.9414445513327407448954591172086839611,-50.60615835147549318638713033090991863353,-49.45620758131495828760610593677770288209,-50.16135086445043558525968563187642213483,-50.97160406709533961069698483601021437696,-51.10499034925669915043263024184647003026,-51.77496167432343432199189555846937641968,-50.68513227508586920609088961944440866042,-53.03348517276011481182442889976722206941,-50.60258807357296823854062558990811781992,-50.1631511451737072022733733608194774792,-52.89416654904246286322340088907353290855,-51.41521070278166432847358607008873807244,-50.52329762189947588318254981247251107131,-49.84498006787769628081068423988224981331,-50.30838831582737445099279681107085591374,-47.73412883339441913314427265884294937453,-51.161699752506979211583401486688868761,-50.69333125199447291754145816244156693858,-50.3843533235198165738321063543490119129,-48.95676073744646608042655747309383199569,-50.53927401048826829682101049839559949156,-52.29955623486456884965298702205728366455,-52.51459352802807695141026679574792943902,-50.71627787006458624279139063005692042508,-50.06530046321183258332294851947667945408,-49.73652493469458115941308587626109917496,-50.73976418934663326710885190701862243143,-52.39096490459619056272975207229564923568,-49.98639632278668334348283963084960100301,-48.7128919985543051522190993641278716047,-48.45904204420006095201077266800537585156,-50.10153286727673059412692832183596521526,-48.21888702528666732166155103601158750593,-49.31614670219193761147397622398350429234,-49.11190427857457785999367336389591578211,-47.94525493399749358766892551687650761629,-48.72646215615066639661666836731445563766,-49.16563284960260820342440495290866874845,-51.90308823277862351699310099888876320896,-50.74207146893663059621598349876601221166,-51.24674759117161494490223000104264653044,-49.38293996695229404290518839711409564414,-51.33261044607162257819201423853022631601,-52.2354184608682833965214686186964421899,-52.73111648299454057638873237312361978425,-52.00847496370438762569511059087213549194,-50.3223750748809979831703050891748980985,-48.43101744750605289618607243032414394785,-49.94720399344306255387352449664189599218,-48.09332834959822598149898476435210920223,-51.42433625652267365963573388156487002243,-50.00660282490593875355184807720997155081,-48.24001109057313162192570516143205159427,-47.50616998409861608834329557897890305911,-48.77046151359615587695276653752946252949,-50.62723720714454282358233862326997099474,-51.74255171172992632024055402361092340389,-52.20197192548045278451596901431458313133,-53.14482535241392416791955737194116988943,-52.16015894822068786783473572606854759319,-51.38656475848212592039790736978552365707,-51.20898699978068221229789562543264692611,-51.31429821844348572517844536833982870423,-51.6133274601345824510247227379550966244,-50.63236976983967814901398053947467437058,-49.97026852534617381243958484642818677856,-48.67958697725587228541135963830042503634,-51.07448615930686692787111778403801102267,-48.98259668025080498035028054475853689114,-48.39404041948318395585278073896032343329,-48.38073772581135264840401319340706340224,-49.49314333173783849922115412386453309646,-49.06016205118435438078725446561994084256,-49.66356169681637400981875977786002470855,-51.31018013340751066362749986909366356547,-52.51671999732075905347446972591151911448,-50.47026889612976293607478892959053943582,-51.48186124867229872004751079395272267954,-51.48976710298851287253510408761910890802,-50.12260617972785576171680969288231548293,-50.14193233562388756930488632652368032933,-49.51331490521603790101906475320212655976,-50.45294515900086841956965406085259562331,-47.45818171543644708971573311405150275728,-48.69127536855688277289224007374814446547,-48.1168344459537160419931611232744275014,-48.54493297650568068742390631270276984493,-47.37273336093273222422622129164784649049,-47.01183910359554626103022632887929620602,-48.24584319448566813305244091372863547286,-48.96114211645137159138953226300290158207,-50.94495725300006277088460196645709264885,-50.56853962196943097157844491907187469824,-48.63592714524923111149168681817080254586,-49.41222921653574480787776022460711209086,-52.21311147692945234552900127125033262831,-49.24127454340137171217717083141584067307,-47.2695580849782041803246200730314246373,-47.48680634985276272345023076025007208551,-49.36347967638579361525570321564069281822,-48.83698306304552220847789337193298005879,-48.93103564692787092168562322783404770073,-49.60653499662506816399790825793913638883,-49.62499613710146626178104707886224131626,-48.81736291433789305238049927409468582784,-49.83883348532274419281327596958451302468,-47.60553704717549306471613069423210956103,-50.51647558553616600812931878383856538943,-50.06824476255583095435044034340954351389,-51.00325336126284630037119705050318299099,-49.86408184753335853295954414337781253055,-50.3136184100335724327845597781474222587,-50.94046819003098270806040454456028023559,-49.26753319786936838432334126140561549205,-48.65916304700139899047824382021257284413,-47.52208431443694353211028868731677958904,-48.88752557644225232330115307852328890445,-48.63611453042297261923435283051548005152,-48.33640828159567600664116713642142873948,-49.04335377369819358106531683298545181047,-49.59829814761718789366731065863778652691,-48.85427119036748118209663265429433683388,-48.22267255651750834490957759434196193924,-49.11362988874282985438189118867870412922,-49.48825343551567825515672375194747018472,-49.0092763064768116015173247766149997606,-48.70910798541433554961088552695301244316,-48.49568593577596347743570602718977175308,-48.33629940684027676498583299305296312075,-46.24960265143831467805955135153934869039,-47.83647039002611197836337048128780993603,-47.94091491415336064173231374051048323584,-47.56535786461053671343645957801021157015,-47.94566859481228796858047734830236285334,-49.42226514370506742569874290837455094381,-48.66598945542714459758463413803962916629,-50.68186474910601686551405114008699003744,-48.22264962622527248942519024547214881489,-48.3816991703933715714043300770742276563,-50.93328548420686081105842391157099188977,-49.25731531835915887031385104811654493226,-50.35834707406265242557417899677657338385,-48.62713595097094241780706986426321582143,-48.77611723155854301053804790143957943798,-49.74227877662059812141010017168296098973,-49.44162169388925422922212943173219963877,-47.44610561743418288846397168979692459137,-46.78568467857775371158837133511946836249,-47.20331826511075675864013909196572061284,-49.16560327092315996177882829976460463206,-48.32158094544586157205572074925102919657,-50.86255402380603555494904196317293605797,-49.61251162402688286931416879333181539796,-50.55078047152563322257597663768073419361,-50.26088648804004138460373024221591540296,-49.6704160564789673003011002446131011124,-49.73945420612759173637972271835817782964,-50.50486958158724113818967134283640894978,-49.02923740171712004005049562555639147261,-49.49000383677788717659527744743973444793,-49.8973429136347972414569925451322516607,-49.64033319395380205582784521454174506806,-50.0888329753283449493269020394431357367,-47.48061738080873180687582547551978519367,-47.21334961571238308992762271975630433111,-48.11376685083836610195417259913333673431,