{"chunk_id":3965,"map_id":1,"chunk_size":100,"chunk_segments":16,"vertex_count":289,"x":0,"y":-1000,"vertices":[-50,-49.71725950581420526655330888915914041991,-49.11174769290447782905477904678845663912,-49.75475458928358613711861920037407226757,-49.75128597578707503052111839312180720552,-48.63659351656526195462209628110766055867,-47.71986797657753939542625806302249522425,-47.49161184637203755398715486613869834205,-48.46414565860905813334455847314803430434,-47.2960723249129968492425748786739001128,-47.67372232516547581698028502608195886638,-48.0685589119570787303809762091176276571,-49.16714274656055028085919717022103036233,-49.197787173967281843282332357775027236,-50.43808478609418448313810919679124071239,-49.93420060262940978012284844987526460058,-50,-50.52245868674841368579732370341978511293,-50.36196809722269612207511754458134106827,-50.14429070568558691909698984592674006191,-49.90729274259618167474103323095913292858,-50.71397582471796245476869918039926506283,-51.83271701643000173718422457916852787109,-53.50855015843012279601993146348648213258,-54.24074184528273444355163683973338633887,-52.29301692902441328148541072135098814744,-53.22528432986219826168981149555030477702,-51.87846638288165321550526690517252713294,-50.95884451132652268869753811428608120796,-51.42912518040629129502579191440239305255,-51.8817119246767946159205866509193353642,-50.49752530407808983006993755740723892022,-50.17176421615269440796980866303918393253,-48.34921683772146482842897736647380322745,-50.86905134902503423455286806692640586004,-49.05321441697505631183779448208553904243,-50.58647733104367447717788561759592591272,-49.88877547811811260425972476316759434372,-47.90360348952323660326633082288904717836,-49.20214027120740146426574081484042998166,-52.19083276443990255402005818919540073052,-52.58268051445959924745451726845770177706,-49.86713273034454715306985955999151997277,-49.68026163027857387755649246869856634256,-49.15849454631314082514875340848095918329,-50.21590032680140049189026704418599990267,-49.83721671482799355711896821892550571618,-50.96233624437920827452779455659193657231,-50.78299674353786442402825692270967947431,-48.36987186125147812795056274768012471076,-47.56582738337771801127042979771412852096,-49.79208036207276487379096169702994937357,-49.08991531034562508942826401706396129774,-48.34495094316111157034767934846975256096,-47.63478579131810158166777915923847391728,-46.31297003117394142657194128498819391418,-49.00294554971093364253718861368297083551,-50.35323145685903261776151326373104224832,-51.54850319553751030856185229498559701486,-48.88179266449059048081330187347268428768,-49.28902428827183592144677301278227139991,-48.54053243846538889467931871660344379963,-48.44891734549349343507942055898914341208,-50.19464515591453984094997745801431659529,-48.97517002079432900258442463873455662578,-49.812279026917429867016176521231796582,-49.2904771075267055500221422035669583606,-46.80858250244817919356513112430100713311,-49.81809367245681365809940539748222206776,-48.49296865854132140477830001282676800122,-48.23787474422811054767832924011305951042,-46.40202120258209415203218941896894923393,-46.26532365855070170406973290506253563071,-47.07236089621119587990099369500413099514,-48.39801920716165224294881658851673075678,-49.79268025690416508552879941053803705089,-48.31953228256372936703831634038283896864,-49.03703820926251496320010637742579404405,-49.30563668367304641347186167675807526863,-49.65029425154488601066442096914124708491,-50.78925804187877688345525413923760143556,-49.89808530117287628935951802823541190099,-47.85367893796334662488440662333915192334,-48.29378568440444711099896347087774630503,-47.79820624506078286105195144273541696485,-49.97603677460616427994057859695207018557,-49.10416374568775976620553162582886587921,-48.13366624690516439852189342806253725194,-46.14450877559761971966935510511349213959,-47.82132061978920895669312524403378927466,-47.4265062516531231399393252845191076098,-47.34656922341148302989308262092586502644,-48.87249152728692469081218959012502084409,-48.96287953723530924363361465933668643325,-48.22993110340426632207498566723149942646,-49.51418363830591950724719836936165758089,-49.82253223311403678807616986641259529335,-49.85952302838142440552886618714045581799,-46.95548295551002358292931866247778074902,-47.00274917498425693227839617810188835679,-45.69831797466457449463345296180277620424,-47.31736775381840879958781562938561773239,-49.74997015028250010551210555763440900518,-49.23288102379722860472155114298246684242,-48.46594891904441891353452648893236019735,-48.42608919656190209559584320370534615396,-47.48300480155590092072718845578483694458,-46.66837083556218089691697201861944629408,-45.80182969150902532812231610039717201622,-47.17784881817967095760584690039429923216,-47.91523346120391636694709667979548368584,-48.68713405204519702554477306608594294652,-50.86972893880930693656332476254902064344,-50.52685013479437991779804506657345966845,-48.71378320965660802787750580503490243075,-47.5109536860052222998855212762349533919,-45.89352873570068103520761650776977773131,-46.10810622014188080746878962153110240442,-47.70141427022157015504116175366116839407,-48.76950646207601750239335724291637546968,-48.47952155181788755667265124370647608428,-47.92818900036495190986423937757694120839,-49.09079755487366258048280105004628678245,-47.91855461545480113243184846628029251322,-47.9049188000637045701303896543879907304,-46.78505793724991783586366942147855817352,-48.2695594260062370329425595281159347379,-48.56020715313372914864810292771408009472,-47.61846388489007440715899109742764858636,-47.97504864331061544282567798281820582661,-46.86757504683913877531275621509584402682,-47.30697452270458542061108192571445393703,-47.22928942529808946745067531222133137051,-46.07648425656703664688383092618485770856,-47.68367253421105562877347059579889737203,-48.33899587206735064593372592241874977354,-47.81534330396447252865072537182093615189,-48.47342059881063875230793932995960986808,-47.5931211614109262266058740288394136655,-46.72345277909526815014451615797037305637,-46.64015750632808615857682950890283804053,-46.65899427329951074927612839265387749584,-48.3080045977270575419818952487458890803,-47.39950905091470982481040161864018442732,-48.0098694583041071961961801954564941653,-47.3744053464155116942133248314012142971,-46.52614157176119786686041774445385294508,-47.68364568271393487042373079540813892191,-48.10765469997481765721854013993927787936,-48.26676502290282639781438279025465581759,-48.42875794115295094175776676772921758415,-49.15598127442645162407707422226180744101,-48.03794532978388254084395770260536850881,-47.68200428872969853231156027561693005824,-47.46082709566772489175398328675099844848,-48.41347865941863670323715708807264638222,-48.11495052438917828037439332486522839092,-47.5577262618533169952978999579102625717,-49.98067299878125093029020216276139270919,-49.43365713739726312727854293511588951744,-49.60088253943933803505256783891463994327,-48.74637321189739837585444535201180681228,-48.33723599901653692179442594633643768284,-46.91919336419425911177114154978597880451,-48.9518434268305197884715390515373140924,-48.40065578266039814014234362781039105863,-47.56865274295729712251071282157745083418,-47.80895771768218116174406993388293069268,-50.20117390616069191303398482527399952471,-49.35934353629037968277095518076393589807,-48.00500305251882298134607728013409146703,-48.26481648796623354232361733866505891896,-47.50114831751209677934766097220873612729,-48.07786115652484654149632209978901792501,-50.22922395117675971793238030024982098533,-50.37972708927376135061126807041325849447,-51.48060667942252383413263918632146220229,-49.6969600977441276413692536986939714933,-49.77816120446255354728833097564376425364,-49.55512240312320253482825817941076475044,-48.34720308570942899424965401678339935325,-49.27971976228068133677268463369349181318,-47.86966080958599730883313198085082006058,-48.8801797499845557090027713177472890317,-48.94820741462751237362101305823736243582,