{"chunk_id":2893,"map_id":1,"chunk_size":100,"chunk_segments":16,"vertex_count":289,"x":-600,"y":800,"vertices":[-50,-48.32106577846822298100262177353430572508,-48.1299109639535630856366236063465120429,-47.56596403121018469545232904011688929624,-47.83410683826771397345906069252340283873,-48.60226297609554927133577376063545753195,-48.72209702357270665125957291091599824333,-47.2950251070683148361075705486403205357,-46.45648118636081114067616074790999956629,-46.7018079980222785309455620127713136249,-47.72654520237159825820518124605594421989,-48.21712860417373736416982418522444358899,-49.08979946641139372290531754631617501045,-49.78343561086525821000036366358639362867,-48.75580296625760868653024322928390410718,-49.00858420699103324692827764161981507031,-50,-51.09361301370659478433433579208053417998,-50.45063603262588974255210891101510973912,-48.58467455511119959901698690934152358874,-47.36746817093217556515477362108339118051,-49.61326713642800028836880866713213090307,-49.59224302905975919239334042461057153577,-47.62860184895105692864067837704481506903,-46.8654888225431338620534064063858580699,-47.05734275156325880329935708228106573166,-49.22912846655969613661869535232369663414,-48.24786975630345743040744806032941889587,-48.59615660493159998032397648558733316141,-50.68742071408970688653567514507894508529,-51.16164827779591340869879853923107462196,-49.86222802911267674947012854592873785036,-49.89981289005197350341005498382915373362,-49.18704293003994696892853471735319161728,-50.36509948859015365027738722750768723263,-49.46220000840046908366400288347318880016,-49.59255636532265063566690127221770226429,-48.30203954148673007430114368353614847506,-49.47472050655186057380712850208948068749,-48.74620748550328779374913491556796116151,-47.20414814410554064088399004141722378078,-47.74140886332463674513163721069586863295,-48.64626811390473575799130012728755349032,-49.33721037569513412297662266715874730111,-50.15965080185972059678449717890358400569,-49.59060182333340123648484564363173012473,-51.14113751979270033981300612791131418131,-49.80574846143440309166593465497946753947,-49.95928561594237150886269762513266901647,-49.55527787591834871897100559377387296154,-49.84996807172666796352499852187527365355,-48.95280147652201448066300186559471480536,-48.38197378078763188735556381681484678078,-48.72929133678127371547690622923106700943,-48.34435630213190775840365650489904773639,-50.58020525574500879203659494672645829557,-50.17392964812003741313613974037078328211,-49.37458288400473798897293903034077077398,-47.8011352581612766030404438872577755617,-49.00205978887733235570445853386249766507,-48.77894157521172913191864120440819511714,-49.57697100271158163826206519588410241366,-51.42098667375883912099305068434234933286,-52.53802881854879845812029850139977608272,-52.26073594486412466132364444365781707054,-52.04719268815348281437964376652349854548,-52.42484100638271413825061499315784338004,-51.04835542000118947487262021461425796886,-47.85488834923684379085554586926943452701,-48.80081136436295319646098885865576841384,-49.87566343881226299100032578182926146715,-49.24504571943437554842754975501169731994,-50.50603752595124075043707092202317958781,-49.78565837536321891400736220879830227738,-49.78269301219043738849629198649556697209,-50.04920555058082398297717251070818037618,-49.35442744527340916222575994086599674831,-50.69398782204425966033605113151605580095,-50.73231871703237704300444892000549585548,-51.35436858029484921383117726447517925424,-52.98965857341129990864294468888410833735,-51.44541814308626980841563325389775744904,-51.27356926144191590843388245005414479281,-50.53054967704075149047201855707982443451,-51.01799758727935838309940113516822227296,-48.93412136536503183908326549970604289583,-49.74832839832908090130361726596313587926,-49.45781342626608530524083822063453583054,-49.38739896656142917873560099639455937196,-50.61881586900058494270140716044366900788,-52.01211574771870191775570182093324057684,-50.79984941179754731916715169068133698272,-50.49681085635826016740059433601170273113,-51.44072803438015118964496062410620413198,-50.19104208539314252066827528100425122393,-50.9585493238865742051679094395118753112,-51.61834548036079387431494222919196848513,-52.43888926834269864868954432840001525737,-50.27760079928159704394047629816108595909,-50.02378806336511293080529903568333655386,-51.25882835850028184734841096185744266224,-50.84556907885780420136178108407785606713,-48.34000439121700886846109334985593085271,-48.45876872863986592933721309733065180539,-48.51351478454619378313715238495491508513,-49.77962332791755350288214587263777432204,-51.47577562125720441631004730166518576693,-52.29653689868792922989626255583302130322,-51.97222794269143160930047718900288788005,-50.84333003595487859061246182513608962825,-51.64096818611944829912265222051596519371,-52.95435706819329572580171804219056590429,-52.39557493881828664883495011808096822038,-49.86546102057289910902478829360716541567,-50.35009891418844615080537802938598319398,-50.14276338631687293124506798279491957595,-48.27287294153025712738179560322150833843,-48.91250294873800578463007894001918003726,-49.91998219044234582892098515011100611357,-49.24828815102426728851769521516714926516,-48.51350318863048962148236106516103743189,-48.3692645594531981772406051902110743267,-48.53545943737776036537237779338447187223,-50.4478459951319825770257510885554023349,-52.85805213175375739106437924862816486106,-51.69562889394300742533122856346679950888,-51.31073449628691359826743444374525982057,-51.3294324904025892667365982522676930263,-50.80750456513084495863883588710115440015,-51.79381839014813082287216372535384249022,-48.83267888978031850378196044265682275272,-49.94460226902288543442726263225328396156,-47.0781765413844151065656341960809593524,-48.41826741114637100854658579012289129094,-47.0939846840974371965948687891106213786,-49.36557993016261176045141135325063877492,-49.35421812568222835156444070190489154555,-49.07308947976636693351578323265084916406,-49.96747030010143167587586103490660803234,-49.31074620929698483239847963112067605738,-50.24599481235434147043886345461152302795,-50.52024584003329157469568552583443239318,-52.04982243755242416392831556454137405133,-52.31446640930767845693314665613117915322,-51.2029878385856764211990145343643852597,-50.48285656700388927451435192967343395608,-49.90441276235750276238141566475148422556,-48.97364961822787287157994557331080404735,-48.40776667945386163337395723708242609766,-48.8805314304213182829546623041730337581,-48.04959767030175950043422947597089859113,-48.3886966584343641181966802835874216813,-48.23760317179027856393721750109505868641,-48.76732300847854776225496324833445686506,-49.8876326588043184900410650725652456816,-48.93982877358645088174837833554497739715,-49.97043684452963988600945479600943486714,-49.87601349661540684559194496894575379383,-50.98212732396457873546229207992877796723,-52.25805044040513664212967129076112162784,-51.05747201472381679372246381759847377465,-51.79505066171062522805387492195787883334,-50.88498124186585595625165688011153664502,-49.0107078767882823457548487693246181987,-50.10066081633211650112717326538588384578,-49.06921368993306182124192546251109138435,-47.93205148161557191860002015091671978995,-49.3919935183052758515274107785212390164,-48.32531798626442413119584763144568023369,-47.85020470562768845713740470883443127472,-49.61075900258809845524953733907631409452,-48.13426888791980514300068622991386622662,-48.40944974978875667971372226630877841256,-49.32089659754425770212597195205507334724,-49.71117453449104486496520979677196468125,-50.27577372510609054013472128860717407962,-51.19665398575072245494484227039965047762,-51.01589732193338339545417633867272097609,-51.84393380675642438204858800763659256098,-50.92335922919180674967715793193392990729,-48.8808033580961012324611619920717658844,-49.15998933752266185291811584275349468905,-47.96183283808985135094562783024543935133,-48.06070159076422039711958562664871934543,-49.15966824623224929976943972181462484438,