{"chunk_id":3793,"map_id":1,"chunk_size":100,"chunk_segments":16,"vertex_count":289,"x":200,"y":1800,"vertices":[-50,-50.6542920040652203784941670156367598795,-50.06078992066915982303943358300732971806,-49.02969241145525814428625894059770465361,-47.21205492301603344548839789603876580073,-46.88695396993908514468713472366974629832,-47.70159547022347491120867665968906466364,-49.39853358225986609457803178277107406263,-49.80915820033880218004818181845397978969,-50.65708733017076580964048638372992789315,-52.38429177439392871904547014235934913457,-52.71018201715474631372568732150403765996,-52.4924899625040944940969634326458255048,-51.76377247053127045928517721100696658104,-50.18645524100379136416461032661444080719,-50.76407271719810666413360626321345578191,-50,-50.00502491604668049616953763464054383346,-49.04600482898680677219402666776287101373,-49.68588796663403141453964227827430815146,-50.81255637232146336152889671424274788005,-48.50434028716076265148495981107298607412,-50.42914221059489096047425619179714047903,-50.09534075613540275062317835749133408087,-48.2119893245562623926200263916478118725,-51.7129336389628203230295212494027881839,-52.92374837894100924644394040786622204994,-52.4433287108076927736317812705416467958,-52.27480169558956124523373216738226359112,-51.02864742373538378464641029274063109352,-50.61176665237746086575561653757705125452,-50.17615052397206475324879539581215278923,-49.86539272824080918953168044695132995237,-48.10234849119614796174980464058188134908,-50.61025731339146914113564985832478509092,-49.71899805477648339263707433702309789594,-51.16419625068873862616590213189400780853,-51.00907789982840432789501378463179762701,-50.61341721076050766871288284562508298686,-50.09556809976694679655061795345566069444,-51.51730796203331777420819261236318172444,-50.2954010259651121017756797862037344983,-52.19030849347044013390464832175995614281,-51.5970847614484867064966459456488982353,-52.03214457729262510231117091449952650974,-50.56265766155425226020167073131253990829,-49.56816155131601732144816413568161926138,-51.33287951768922712866510273106006112075,-51.34516564597319355716867082179606413486,-49.65591055893883534674671380537348671447,-46.92780539784073156208198930803546404501,-51.58300202255277279962173668277501606559,-48.99823722565033271257045141091735674504,-51.48916882385923824320448318386773591855,-50.35720093451486427477436576685135245366,-52.25263848879818083506458394830375501294,-53.00652353320520384902293067727475781256,-52.34885226828902557129075639672075618583,-52.454556977178036562130461022066808151,-51.65366794402494651256785828327910913744,-51.79983241686407969349338327952062157065,-51.43888846413707463130953106924941984292,-49.13964127601512962171551372249866549288,-48.38721170843956804479387726107950527389,-50.49219575092285043737575712694609524516,-49.16755737306027193046768962085600469899,-48.96484439164506337856970283317353340414,-47.31671132861281563943158568679335607004,-51.05674822824918723093794567426405516337,-50.53236018224169091001051229955132349326,-50.79014257936845494986758374628637967794,-52.82523825906701722460684440931771484767,-54.15488186840042955271354219804111995364,-52.88750582436668966031571957500474526218,-53.48639315193726036284487962331765342209,-53.05454629748030811782270940903341951699,-52.67090789989419683686558754953466363441,-51.52770153867643357816664610818067153567,-49.44404259583466873365409986664652491835,-49.51932748091489003152661845230013357108,-48.87344941777248659136859900123613876848,-48.35287623581482517336470043275070543379,-46.61272424085058878721555877364640732061,-45.69099901164119896673350715458706813256,-46.213104592188275768508410964364410415,-51.87559147103864736600703082487262818605,-51.76580025865011002974507284136859734802,-52.68625847849042367168896629939796016881,-53.19937228963207959115044116035047749054,-53.56216753940531604738471858298518830048,-54.08929516428459982783136583115464888874,-54.75534549322582678182499741183002643407,-54.35037357506264817442229351449388758357,-53.1726230266435207593506324120595786268,-51.34984691606052889593641087836438364392,-51.17957996702834404521091469016005366244,-49.64726314521489353503535553473677439328,-48.5196112470507435558852358048039547359,-50.01835448759371856254361643544619912609,-47.72252581554224611602177281247719258134,-46.26911395315123461762340725752808020293,-46.80598851530076366491597743468037929893,-52.4980276985356862914917637988617354421,-52.33718287666072916807710504508122923641,-53.87011635999551037656614243777997048178,-55.05638909820342736668906292695518661822,-52.50897110832652324667567897094677501091,-52.95116485315010457954806605046955836653,-54.38034235915604933582812636377512567205,-53.20213601023544658865653243117988130659,-51.86175530966602299075900657691589863623,-51.67304900603605722591705976832743984283,-52.58411701655096596435273649232827512155,-50.8349534592541555703710458152165010636,-49.15330611851413596249900519636965769324,-48.76687027035052027334988816132879786344,-49.83923147495924610526668903397400590269,-47.11634631781149876544323996579959318588,-45.98179033234273578254337799295125429787,-53.49787633246633581901092694284820332044,-51.42381184928339716313353724819375075125,-51.91604948082894340912733842862334397933,-53.31014595818633824655742797753004850439,-52.6001854597022407386161131113294426995,-52.90929859928606572359314027648695109332,-52.95021609998611429705648540529994332985,-53.75949759327571122610766107424963773587,-53.0096859683836754016021518361114193947,-51.99227859502007010546672422565001895016,-52.3640375359847209302704133904409359867,-53.16407953427912304117602091514143727503,-51.05042591371805571953439511326156778589,-49.29501849414030928420591143914003364143,-48.95661790941881782964848020440259663135,-46.76006101175641419195343620601398304759,-46.73455176688819147427368347550169895307,-52.95868514834025151868489598602483980556,-54.10922240053336847708971491595896774608,-54.75927448349141040762118544289346787956,-55.18714650185953690752014290951201033302,-54.02097402032581106130068465986007646869,-53.6713700794275571200975250557388813614,-54.46428200583468253817928171710524652833,-53.66747251163685248313181764172090392181,-54.2897053637800741224357734112700514483,-53.67378679148138480715757696458657299854,-52.07337674678729891608950648111019390995,-49.32534491333137623607156265978041013137,-48.0491864990510773140100194891106598007,-46.53880278587291135621421499786728464124,-45.665163915354236750307081532698591382,-46.0089838751463253666365065577448769679,-45.71019813618882992358008356831381794614,-53.23038535135110027023909515695520046219,-51.08913496398478360180882896848690087228,-53.70014005913604205711561917908973354469,-52.75309534931245589307392067690517490389,-53.03248033240845735885625314266274097867,-52.73854161798359972264251790182620507937,-55.68747717902042849161749431429903571527,-54.46736464550983532238931430366906826815,-53.92163443782980240729347321147763413208,-53.05887539282238231462639772091533344596,-52.21135480675432054691162800737530174828,-48.98391322338287733485105868103621023479,-47.05085809829850080949010920186553093929,-45.76723603020666364685398313158431944073,-46.48932201494577209022628772154314776711,-47.96800947695857601145404748396773705947,-46.5127766693075830375903604832135448084,-52.07715448131988417846569772178682540136,-51.70160869619361913046564967352767525679,-51.80983612286608693645201532277737339541,-52.3564222267516692184837015618027457315,-53.34755815456271319790229575863321913316,-54.1142806746011723223200067161230954562,-55.298711845823990478533420173011122399,-55.19128659173369059906227107693489043745,-54.56140784364475568047945276518126103595,-53.68569452555082136748712358507434094256,-53.1526037412822776771239703570716259297,-49.69629414265768348707243094150398221947,-47.45015280203738732866555451588670012043,-47.6725955540549781327997073823958831482,-46.65836853242317234249864059060009105347,