{"chunk_id":2908,"map_id":1,"chunk_size":100,"chunk_segments":16,"vertex_count":289,"x":0,"y":800,"vertices":[-50,-49.25131987645836404887786890123944023997,-49.99600736607803284612952539844544683934,-48.85294330937322797422924719468391772048,-49.0974551967168401631348237100798770629,-49.0844372962873603231244702312095594677,-50.09903684944740160120195852950837406123,-50.53504435096488031381988262298555636658,-51.50078051414637230922587663225719035671,-50.43830988756824324264297677382541011963,-49.01570101265858636178114545610534249619,-49.20208640363210416551983744311178694313,-48.70323154866280760993366922663496688518,-49.24859130702045246598866243471759353742,-49.79516411979099534599904711779867769199,-49.86326175240022453582345581018932279906,-50,-50.98796273633808805996366211738201311005,-49.67283397001484637453237995191316779001,-49.74555155008548992616290504225069132929,-49.22844870199212356848232595572982983361,-46.80689167583738537434264520585440269833,-49.57929473282048764478579423967581539506,-50.03599282577274786777340899468670213063,-50.06539233401478766283836346942389487956,-51.62973535224541093453436081192534792652,-50.20445831030027091639467198001414500931,-48.83958795270567448568766632577185665809,-49.55982020730435408427628573354853096345,-47.81513965971119635571058264743189303981,-49.20014721376964461047568299100326025344,-49.99672717220496929020532013675876885686,-48.58097708818436742729994665414043524388,-49.53827933158204731118659276598860507058,-52.07676632159930006174967043144266587935,-48.76929969618216331464977164045175864133,-48.28675223912065990618878482359111398249,-47.12188747844476881784604868905873652398,-45.61560903715250494624385926124551538934,-46.6367081933653420374551408930665864572,-48.86788283372389772701523912081710984277,-49.17148672522916454291361113780689678898,-50.04902856676395579776028262200574501183,-49.27861175257555658868201216144289319895,-46.78620313797264134872933301383204609548,-47.92453129630464046460628792227049457564,-47.01982820566923421909706280544775710134,-46.78391483562567789801395383934079089197,-48.34433718249871739559498825831151522244,-50.24745305361892363501787769533776149975,-50.51298721945354182756100779882187521291,-51.96295867549463078489783587976395952371,-47.73158732144138601975555504447287942239,-47.13263543894919410709033102181240464519,-45.20202443099653273248998187790882253087,-45.82750873976476148891720145263842955985,-45.92871209325894386028816915147677941897,-46.76784037302954909132443179604753836518,-48.26481759590327753516090285650799354362,-47.43244668011995445865403180652826156064,-47.96651704612112958923931722593065871218,-45.76761724005182291559462147014596110848,-47.23584615221117259464327309000266893003,-45.79962922279732469150662982386533464677,-47.49201217013364753593036128482390647362,-47.75239959493513221270205985295543147561,-49.92732430971452218984524696641013800809,-49.39471269017305930367173636485166312718,-51.17034675622611152353046807812017866022,-47.04318317159056239195250657529067559854,-46.21673762805546141088319562115808189105,-46.49544653839513497675693783108439478005,-44.93236455762372144854027873586155846117,-45.4270581987915919603993330165881381842,-47.18445471104582273609785755235510175337,-48.66834359445043458125018179604335177657,-45.89719059528705572878603353493385821882,-46.7959658027311885231289077913557069578,-46.93258594989087234484497158331611000178,-45.53273283612838231183930370197650637202,-44.83533313449731730317131499460257812218,-45.98047874489453238570618245273902933376,-47.67793766630351714966509628125068411044,-48.34603693592326884818199006307440135709,-49.16255580917000416935739418717335452253,-50.15742839712364622813466644991165522773,-48.65021985624624398040649763135363881558,-47.41264049901761359840851221361740401529,-47.08011783653309846289693378725870841447,-45.10596666856960306715035089726819648983,-46.4539567799287034224548982619376354232,-47.69184279472783800815623302514050425507,-48.68842135548699933978955398982480689183,-44.85120644233986686645104906624446025514,-47.10974983448757232342459495137467532378,-46.36001657441331830583884842166235489488,-46.35452518388959853452894294058887900967,-44.58770774947346792446759083796756361707,-45.64689645618189933369589059256841144717,-45.2991981097071612880132001830990774413,-48.53385732714952496233795601585228152192,-49.84369192222141570420636641957796977486,-50.78656056108829103463448946748640790617,-49.79523171325004509204404212864718929747,-49.51079499731123989629222406829349249797,-48.26634442905216095975695519256755183185,-46.0127831919299294860116368278848890756,-46.45112932071585415761544469856914407902,-48.64941608462115525567693505980684934372,-47.07777554020895901339826110494061488593,-43.5969126603844780203722165460853643233,-45.47528874269686272520802707373841374451,-46.02299862976816852870555436541929680628,-46.23027845582983349354040015171406952566,-44.10383842554418943607082506528029739722,-43.362553508185784776211937476237448483,-44.19508392773600557134406035770496298406,-46.14667669615249933373944528956155162983,-49.95376769842380471458623549028475663462,-49.88481909242844623214310417929894475036,-51.76952998203446478848870320077729021186,-49.53533909573053436050159917526254492538,-46.8560742575309425218449289610554659927,-47.19557984969027636610519454746992759173,-46.47419966642052773829264511816438927441,-46.42531911685425595652163855514476942978,-47.68438053883848196757057203514330480006,-43.66595358005777685893489795984963219224,-45.62437847090897414794243575453656212285,-43.90689236718813604923390473315112940968,-45.21527820214657508797977380896065585639,-44.01292086900456067416682778169710142458,-44.86924814910033961137679869250970023857,-45.43228402518002481978254831865950738674,-48.74575994371055428557852994833064811349,-48.37077166309908586305370148169588364847,-49.80123081579446920306544690179317281378,-49.45200723046911371166129532617765262111,-48.10133627769455234058029685342869762474,-47.0743663306757164095720254674788391807,-47.75002453369887502958172193139604576587,-46.58694786196216112159214234769084840605,-45.5021672027377055609252260284939761667,-44.36304519783658091119316530237948051032,-43.87036335994150071098486068942760743055,-45.30709968118030010442753782098852351239,-46.32204687515109194428277915342836192704,-47.1244399839254954799545889311579521224,-46.29233068107872659865517472439679644112,-47.54943844269926181200575507411184198196,-47.88837225540350320475333678380576144031,-47.87645553546568550662296195609403456594,-47.70762798504189556142871578993521375628,-50.15339096965239635782664878845179017151,-51.43711292205930862341221326220673855483,-49.0304714784508447405522017429754723776,-47.70141937075659442606857718675200498882,-49.02591844606759455393198898501535456497,-48.2847228206720754629784096169853637418,-46.62515464718510847760536994345695109267,-46.49638027980941860736278054731848134111,-45.12366936297428591509891142749627720566,-43.99178246582595885475567941883817931707,-45.22608645793921971680279730923290009382,-45.7369279447072282795707517079581017486,-44.77754779682317023048285042047914375588,-45.94024081134487830339392576083406494278,-48.41156542604555721049404291364725113186,-49.03911256129971262207759111487696832369,-48.27609071190092705858759265304750943956,-51.02603071740368467295857762012075995423,-50.21969927511121211989317419044317306526,-48.39957771366652502505544608020818006756,-48.21117903672279751288339644821893337641,-49.92112279957590062629537353712637694123,-48.79026652194162074776943152029069188338,-47.72799460477929220428177996528543558313,-46.37739462999408913671913327431747509417,-45.18190718673905937963593901587124895102,-43.95063917548323601041673211440386192393,-43.51796818246066023269042104230140363884,-44.17003751264901172511877314635348705861,-45.19196896263667724656719022741516924371,-45.76144289079688764384391351846483049877,-47.43011657581920314512436711412179589958,