{"chunk_id":3567,"map_id":1,"chunk_size":100,"chunk_segments":16,"vertex_count":289,"x":-1700,"y":-700,"vertices":[-50,-49.020846634334716238904771099837050884,-49.30983543764095189122077491540618762873,-48.72019934555985712409019034725164799462,-49.699972943886360930031157899907656176,-51.10495460527889593859012266184312024645,-52.71577295476659620691878399788718437244,-52.91483983401889332182128745206828870974,-54.0310197141088644172674593685874367147,-54.3250106538736416165001397638528358229,-53.08817763850930267867592546444825325493,-52.57081530311351400238558534701904111905,-52.69209238870796936214952984800197578914,-51.59418740172673740729073424965505052226,-50.60044840730165322300779856861214495377,-50.11226922849606607514870116810955726859,-50,-49.45513716147666129040731368761635033254,-47.55258002006760831926998838831531719282,-47.09908697782319648531387831550478367653,-47.49113813190036759429232521634876060435,-49.46422314470259377867086461952701726227,-51.96473245014406817765808164022894950208,-52.69315646294225879104892296143460877298,-53.36241585781521569490965291366981864617,-54.88811015312311347652319500565948314603,-55.33436067175107764279052256475668862856,-54.195085991402625154561480591711904219,-53.12737833326588691247779123399781034553,-53.32315079041843088746909340557381264323,-52.26548434902039167129811058303186769309,-52.59293013230205215034597483119649429496,-52.17174344353240297799010367236605863038,-50.0013383368048558962563853470585347375,-50.71865651588756331200300792965129369544,-47.3557003506744294015082058380548717631,-46.38507992777030052854186692098744958504,-46.16654718985956989419117344550583728863,-48.47137833125877637047710919358141494092,-50.80506665237461457005859409018375269841,-53.46298669754134816778411567509118187199,-54.48524213046211777043183876604748161935,-54.83141637330933386011773024935062531653,-54.790785254307810523282729735378907324,-54.5768750179939290555570812559411016444,-54.0858085062889599472549980350988053885,-53.42481574877574135761956953256391976382,-53.71350105592070041774742581245029823396,-52.95539605027863456348687620501491179102,-51.38610808167398221803773694944080438786,-49.10404008330191101234671584823264712863,-50.6651636103742280094007446284571564334,-48.83936368711127770153079339937182899221,-46.9912571059454267204997236793802776461,-47.94486444692414076337742705107387672209,-48.7553049436083961213374134909607763524,-51.17682813132976654838395337818886936591,-53.1316425456830238574291339088792160223,-52.62001142456248681638723484154202613845,-54.18078974774717635479404335175811453428,-55.20501081013808745800436039763240618542,-53.70158410291881171798394621375732110184,-54.03688217464422714452368055808311783416,-53.31563986492185550593595162957964474875,-53.89849741076475112463928024605983009745,-52.56213704209631001979447968901330210153,-51.39722236743155897454218030598336443148,-48.40507494380598767852179175775378880046,-49.31083212371055928691436677920896679655,-48.04032872949555875275550593805321416005,-48.59783835538931227231655275587448226044,-48.8803356571913370169295858863986331416,-47.43432946602792386432750379432036168931,-49.16642166390587109795206167598794330729,-50.13481919819261268124997984771869242626,-51.1002792022243343143692593994765798416,-52.69678942335019886212866575266548559876,-51.9308819006523524215056252855305914183,-52.24190171567662628967778981071628262715,-52.27726387331360773305492091564043137506,-52.90904663551620258569655687251424290465,-52.13745892690972134877104399762272838763,-51.00511666005047756984407406624122957181,-50.09130137400322095220756129333052540505,-49.58085207824138439252431820901477176354,-48.93587750996344977021650337999221629322,-47.92043450068322873186682735334636632867,-49.55171958259985845496788676760818839189,-48.06323878366779070136541341801944952842,-47.44392196884577854449011942049014169943,-49.76545979685765758573182465440680876711,-50.21343879107548750849784411007186272705,-51.70383144075420804615714840650454275005,-53.05773942330226672152687259553542832458,-54.25844816577551196121090368789868797197,-51.61178109478330058981157543711980067629,-51.66511923034286292335559206945070530371,-51.52860600423611598654907303280146266498,-51.16294257905919354690491642725002624493,-51.56430707242404641669782123353801877703,-49.04209618146844859418053802886107940027,-49.83546013853445289565451098274373560063,-46.7065111618741402170682729806830290188,-50.16210173792965780995137984896223342725,-51.84958535027400082215570190770460929233,-50.57791787256280835531901286771956896226,-48.5400669328315451162445646434624483796,-50.0180807871662802459350685955068814599,-52.13686653206366195860532817832908285882,-53.55266586849812027708363129673700549156,-54.49639260222136966610183783840298558709,-52.91896109941172177442164051385931606918,-52.11604224761809398486002058744643416298,-53.30898383619818993422838874207733545087,-52.0162894654675322480475435885700078745,-51.39015025408909415415148015285681138982,-50.72703137916658451717768596257366363864,-49.7862389662881755896341720961709767455,-50.28396322670879944447578620139570513478,-47.20391499295913117162908187812726532294,-49.92965970964733443102895417964251356259,-52.11864367430239910912817393628016488978,-52.62613204211917256629107988700911646173,-49.9906673318328282029210797301992725847,-50.23378223036147162480139343455233886616,-52.76359412920186180273962059017473764053,-52.64537190541413546274328165767768172931,-53.02474917596531486513478236424771072209,-52.92831956556423301526532843214390535473,-52.90475495911375186197325834135372007324,-52.9516419270496183578245606416926624648,-52.32073866091980616440956711483564776402,-52.76336726914464653913463164101841744657,-51.36469031433047464880754362350515622943,-49.00930766619564715000652711486049061605,-49.63743862242831135912777471333511073162,-46.12150319708505092457605878353249027077,-50.19709856752585860116733973543044322376,-50.12899720775658359578278721914837377161,-49.41851407419097743273848562158127500809,-48.98902513067902014314860257309815477883,-50.50343945048513749616756161517768623579,-50.72902841399455552580683828465730295368,-51.90613859209169341408098339921625720872,-53.14789637371676256198816865945101273485,-53.25847524300788036900243488905397831591,-52.66454580491520208244254847387126642281,-52.7963569304039331316075599663407702303,-52.38577345508527921198838914500918906611,-51.8223857459098288041739330880360306873,-52.11850232624972810599340186699153827654,-51.71940681558551103679927503528417799595,-49.71209914852542350933218419567080048036,-45.30111375133730951034868779190700547372,-48.43063109370697499233539861708105966345,-49.93737392876424180695003926262192440074,-48.76964680602847566381085616941442973153,-50.14977733432939768386704947289134759038,-51.97900637861867632573003431565892275864,-51.78171480219264127052084257203301475629,-51.56236278143716995286840781305691544203,-51.18855245353279536774830420721613829968,-52.42646097101512865601119348145916123338,-53.42280180138410665381152488601138087356,-52.24067269880938855739530995502266764934,-53.21770841765111044955666868295260611118,-50.83015668682739331715332353245754431174,-50.85579699720182178916475709945776807667,-49.91599879629642887321375586394943485197,-50.73090330847042083791244242399393484584,-44.93945488697687712826434044772804320059,-48.74892256078939929442872903519635217422,-49.33949841378543917098522051861354099218,-49.8903975323799277344883902859062210018,-50.47317690691466629735584105602839605339,-52.26968387145614935074927611533596945603,-53.11657656967102339760002784773787930684,-52.13261513750272225810305363647899290367,-49.98618977210118422896960302012497860361,-51.64397666014513392269445000384326501366,-52.44087114297917208607422491759231518378,-52.47274956170657404149850380755484341945,-52.86418255487397290793860959459010302304,-51.02517205165469127541920680073665517546,-48.14028293590316851384391431856783496812,