{"chunk_id":3115,"map_id":1,"chunk_size":100,"chunk_segments":16,"vertex_count":289,"x":-400,"y":-800,"vertices":[-50,-50.23897972572521616041165960847624522303,-51.09328485784378562211661892599426923747,-50.68162676154813986899911212345080720014,-49.01435395620776069280757775226164965578,-50.72087860591204082562554442625636101824,-50.93432007368611358195669026027154035082,-50.02672781919809077455387269805102057702,-50.65242782272459332764012269771850294747,-50.08397565492742993811086884307329692114,-48.00228284115635070550978152195777626865,-47.70786662284554090394507858646060749535,-47.8829636546064647294089538946915333137,-47.79244339746680119169116001096427088254,-49.42316673236331275196587203071961259133,-49.73788450777828382814741704484988548067,-50,-48.50875183182949705425620261442403222156,-49.61030837905755711938201114593951617527,-49.07388732397954007904299976828394476412,-47.60952553730297632070656319941909944777,-47.39232344769548708445761967315971487273,-46.42364925653387385546889865137692836076,-48.47456052257265051908380873679979113018,-47.81111720588416829618239935338430090223,-49.55038669168040028060073890568027443053,-47.27746452139304810616603992190394814634,-47.64770600874159452299282536428392918568,-46.55176554910048141510697261105091919372,-48.14081750587294700651319395585103971895,-50.85189271829899346008576911645305244541,-51.30271569886211742627318261929120929177,-50.33092785781984147782021296026130021647,-49.75956269392958842434841281038954663862,-47.61863659343884312447521289891346891155,-50.91756363262330266943235252256357932858,-48.47430157027550035609969740508983616953,-48.74780371656285808384579639100357794445,-45.95826267087903228637254952310464360033,-46.24585373458652428130635531664124613632,-47.41368942432526493054652068412254898069,-48.25054891163395278668926387231508137966,-48.53291395447960351188793710026324768492,-47.48655393737029266497729351217723573781,-47.34893027694967230677963594221454532901,-47.07488097402106963828686467531322374876,-49.82897776809886819240524076779510788246,-51.54117233908693682294449599221500981066,-52.01286071600748483689203790101284205394,-50.88355239969343319013912557894490609916,-51.22715340976507010776380688977540649064,-46.86130981755974567184983234240714309761,-50.28717340858108396442283282136434480074,-48.5955068344837959266622518271771842039,-47.11448300858433002517732763783503089709,-47.25290287789895419380266731654502254155,-46.89237421386668018307341148564253603324,-49.75854831626381568997857549893925815794,-50.35924836138474281810283453121360899952,-47.98771487686675128836864469035024489009,-47.49681800903763574247858402535119219902,-48.01123039356734416861404150281552742697,-49.17125437397426598677629102459670953032,-49.69702193520371304392138958419881384829,-50.43967269563866705098988158250292973036,-52.85172333282864711347450915983918001642,-50.84159525450355207903272027715989768589,-52.93440769005484969165245277071896959566,-46.04812381478830714789134493648259318354,-49.69559101519211600145838872723167206348,-48.92293044763717772803055538262148757725,-48.75985960528280057089199666968764896131,-47.81677023843788497448753539093259344005,-48.20625565659761424970535260872437524203,-49.41032819658467051006230754138586128544,-50.50353460900566591396762877185190129196,-47.25485448625040470717455670025406997864,-49.18299296769324752983040288420142709956,-49.79607766016176674832205255881675952722,-50.40812692961314437853314403048050648989,-51.46147527591006763928122855622615237685,-50.80397397721769380296733608708246127172,-51.01490876493431878734189809546594521705,-52.71433580518175978199299177726739204055,-52.83262402109674698577552437001027291013,-46.83996678647741751765517315713207272448,-50.14973245018963646658032048327280352016,-49.90993048042708029275387365516074488242,-47.83587776792149814091202869070444208579,-48.35218342526147290643328681921606646934,-49.51913628534678229031594698486962316852,-49.88428194719678550503892975568769271843,-49.70762742985435947655209335214628111185,-47.42139891493993951088105726333002196728,-47.99971105277357764252298511657682068215,-48.91994923842349900056427002750095644603,-49.08455675126759728034946746135969050295,-50.90083517041726092965735025284678872346,-50.4548878157048159132045079218090558622,-49.67285568185085249894115388897102359943,-51.63625114023155827116596225095642967268,-52.4568730472892470209510292129067376065,-46.52674734250953588733600700961168198581,-51.77195492365132533091453177806095416071,-51.06346981958573403431181598250228142379,-49.79871222425136833005405016067394740648,-49.90026956196532750917549082124101063731,-51.16424920339900402293235363882353920318,-52.06423390050699887374520006075574216211,-51.8706463802473093373079321431832182771,-47.54668942066734988721006469590418456708,-47.40254103270069382109464216412143360993,-48.76326518170055504467957924472464914677,-49.38456701915118586047359171732495774827,-51.22721746196442204733451551820265701492,-51.04449849856676116514184089095086896249,-49.81776804633004639364104481764651906162,-50.00019579039000579036237321388451298177,-50.54364665494335440707936954739689972174,-46.90087418080883601642157398386617993141,-52.71128253356735909903740587676671620839,-53.0093068208478344579497103526664454668,-50.15991351082498094937633488097103251145,-50.19077926228973014861666049869285035098,-51.17832650572867381677393298305303461588,-50.17392143627932082830315950854505986758,-51.95371226986602678153482429386356579669,-48.43991528403458711034093934970950974812,-49.61240268170423093305353892859796565726,-49.70222889412778282764740698456850256451,-48.88025200094454906505342301137751748335,-49.73942018924203073988225175798668505666,-48.78759728372847374228999201775440908899,-48.99414628721786238292965619049975516732,-51.79371153203486722480801215909833055272,-51.40361752876276796871064436761406117986,-46.43929841608454624143550622692391242849,-52.9967227566247265652027184231005885808,-53.23213283041243246614438055478932573054,-50.99041761751426854666954730281082127885,-50.43318435937512030448390345292239121722,-50.19630090971313754600647225274797036906,-49.43543193216359934393193280919465145752,-49.52255327458417734946360568536742715782,-49.8410620735013892859337234548107897515,-50.29938272225835985869976831334942996856,-48.91579242346764213445369744797876541935,-48.03891304068970656600073620689391378227,-48.39834110591027756152748374655229378091,-48.66036733326434909872817881011964635385,-48.5167401476730908530013710724920565084,-49.79890841935904376255019120420441300527,-51.45235954393117953483118261511801934314,-46.38111823962500135140088469788433504752,-53.0237260854878819798653514516421543761,-51.54726604287858338929189485259226337158,-50.57569033084531957094753826118698751448,-49.69587482298300698497528324723351760119,-50.18737147719204125075806033495519739954,-49.30603250957450176889581519999881750243,-50.29504111249152942280794623948019125119,-50.31980531313367481229712458845126240824,-50.61538556372826232170851451126450745754,-49.14438999499243036236413061614249755808,-48.83622238752623302599308584399025140889,-47.36591868537108254280075164076745435613,-48.66316799532733815112493548788912681046,-49.90232420221162834935463212534972134813,-50.35493374673644489305742120683157520542,-50.87437824291565809799727517585570669831,-47.78061729393330982252417546763888275238,-51.63159772042073205525909898367819310359,-50.94470479602760431344393980987613084017,-49.02916607963878556658495078800806291196,-50.51142153061615937080342583958892486726,-49.71762943657718607191642133098479633533,-49.85909023146961813723033280673289100087,-49.95762107131715491260334791518617629231,-50.6926991927475218281297435953095366148,-51.61449513567290003399310167283353411705,-50.73158740347820708785819710095511426871,-48.13767441122050095309787491346782267488,-46.13516380762305245782534611426619518841,-47.91989655575038826531872506048301687183,-51.53284366874939256682152368320219189225,