{"chunk_id":3673,"map_id":1,"chunk_size":100,"chunk_segments":16,"vertex_count":289,"x":-1000,"y":-100,"vertices":[-50,-50.62138425043679642973469927293011937814,-49.42580491393799880308794846607131681863,-48.73434676221093094860520843133681646469,-49.50770688712583126426838914650069552476,-50.53634808233650552283236078207485043943,-51.02331364994852124984515464612104361998,-51.11694875883001561864269017215277916081,-52.56254131567549470213523786623488963774,-53.92742956155569235536886652218864376569,-54.1019126680676885246946415784894888513,-53.80381206477312634648538351036658847425,-52.82115731357613348791347141056238407443,-51.36845785317944770519330967733938045551,-51.25992915874986306362835644254478170714,-50.64647626907768951428483020103529923626,-50,-51.11792087584088097421072857517743585696,-52.11363036784150377904252675943654862779,-51.66474376412001130686241589285418853507,-49.79919848621206947868678169393256698004,-50.180700765997506283302711261722382685,-49.94257434627982383193303480638950172177,-51.54747017975141186554204963189336408929,-52.90410732079225273703144056542374979082,-52.60667972258801706865961269601643717696,-54.63681126537824884192494282918859238135,-53.82543342529584636026197889383688940004,-52.24016675721420095521390836082048506766,-52.66326752477379920389618931968596230756,-53.91039494609198572579690199618988006922,-52.47973392847171393650650425927107211474,-51.351532750197554119506616061812933381,-49.39464907557525941308997921169143675607,-51.36378694189725902174204489484215113072,-51.42242744422764026995227470093058692949,-52.32238546223060392094522140875263447266,-51.89464107603897090708526711190700799023,-52.25374843895012985604004595458508048335,-51.50149535338505060791895465913360682116,-51.77902890962069925493580710259172661559,-51.36609691227827851001923416243993054523,-53.19973118151597375692322805923747331216,-54.59050371589161199810870962372695976945,-55.19369422477196929002815073512836373509,-54.79327285485003295137651336452998920344,-53.80512727027384136366303709772978969351,-53.88133732113723920219378416112444658137,-52.56153452004349626427673627713701054372,-52.030929083034798164980759266729570134,-50.30691383983561988686982995563112031232,-52.24425781378812090144004505376584694127,-52.68424608249143756881681527568839580897,-52.76639831757361962161512136729619018982,-52.21788712664041317760905347898217292259,-51.87047833374186851631452473962200077441,-54.10486967608647373630750524735011520076,-52.17640561357328807430407639794378840674,-51.67105181596455826148814381938302222744,-53.93347334068674729607615420448526336106,-53.45183009929765644458183584589224977121,-54.12607315901120066880955148282348581141,-54.17916850214330276121081736632540654066,-54.19222261517846651456425851946449504833,-54.36453072283240654377992937499275251602,-52.11609126909357312961529304665090841029,-50.10832617479055446663779741845562626784,-49.74255020089996246561779057084104013852,-52.98489657998681975485855802769946772267,-53.70399458176878323698631686405185252555,-53.06675645670808964331653895033945609029,-52.41235968697920626799687695246511681428,-53.32304948047249472550294216207401740731,-52.95083684729304699157410022690223080471,-53.25581269320167195729700695593730195498,-53.51744697315048006717590226535144735636,-53.12928284369495516456881047413093135706,-53.58136126198805196668729534772553888586,-53.63475434420324097220410003936630490167,-54.80328075777902733242458563399102926422,-55.16725257546922959162541560192717830722,-53.62881083772639387670931240092112147319,-50.92561535581314261853248036267442109649,-50.2193749296176132938497957690812594495,-48.64323201364163041647174779692059580345,-51.96006634143712663770132756432081041302,-51.91169499785364439639769352832034785947,-53.65857919811643538808304913806439273668,-54.17234920902227577318790944072969312538,-52.83032014042779754971993021871057858388,-54.88005709167976790457700936386945066214,-54.37376027226404912866525113877664932155,-53.91790996589284600734887157726368873053,-52.46646986738210075354231754708760688138,-53.77777937956796712543824584084242403663,-53.81432665212550169541502459946100783247,-55.54809210447462095758028714766530378617,-55.36115159014793628562356633214920061381,-53.46914568747524668516471070184781754276,-52.10139046754521697682013174772990868692,-48.86375960318936057980547521443101966305,-48.50157204497207375605638775075572972067,-52.39751989278766380706008353930808428064,-54.29779878037587279172840566084550511893,-54.88135565973370146381414388795997373816,-53.19202270356647381878380670155828976594,-53.38541635881572613332539247237641130725,-54.14705906170770793391122286377651813468,-53.60010881254455923883343312240855375184,-53.94504251654988460491510231818947503072,-53.50385336651819217062443506846249942404,-53.2853581685496459557414748815745269824,-53.94298277803029788152039819142360422984,-53.90795779748818166373879761228224686276,-54.45415985237987287802102035098451263401,-53.27774188465320600645545308222530976392,-52.23422977750175998229023281975180391742,-49.2933222393647917656338572697763862508,-46.65215459559182137031675724703705833308,-52.2936778162677438156086884528601943537,-52.01699021907390977517858622756412930594,-53.47002887711790401278298588364700668268,-53.28888178750244311214194328806594352221,-53.24536508403492939218924067630492234407,-54.37526973509631975504888813034432241011,-55.29498092758314751910146203308856748484,-55.83352938446120959427148202021458434433,-55.2100209163390163467273874550570102463,-54.95745792303647136376086918836278865112,-54.95226392957445270269806884098185049293,-54.33317438363185250837593025414487638901,-54.33451253458439921082186638314905138746,-52.53981953308443528191021489855134249606,-51.48543074420145387744595459365602416173,-50.41536477376066144169766487150627925747,-46.70778577535701208859808657031905704162,-50.9766726672667651220672687213885383145,-52.44631539395693253166795466320837923226,-52.45093530912023288912039716046866050967,-54.33099647373524476440205170661864402005,-54.36256104140194615918084583667799235997,-54.37933415892053225784829363858212615962,-54.69626490768777530140502015584318502531,-55.97407793658366548164343045991209506643,-56.5839051290022896520878704080697780889,-56.38426882760814257704440081026406740431,-55.63070995469232155614075067214822205304,-54.76450280830075861842155587550520653776,-52.03434652044833270245155653143598532459,-49.61527518087355674883263386225090856412,-48.13889047586736155788847265842700222966,-47.07173740986645400816460782254547127471,-47.08371567313759850927179155970618423874,-49.78657775612406499320678065494713626749,-53.91566952098736405388060136435863247349,-51.854516212937697916523922658959339016,-51.88983956602566068687529640820935015454,-53.75874599174127052835952822903202794051,-53.77194342293564390075865678597213411858,-54.84367132918349366795235043066972855769,-55.34999488751364437345479430590669213138,-53.78377012810580450129841022256005327585,-54.27298149342439636701556886260038149597,-53.37736044174729532885103065010711285726,-52.01228561751895742565258149516000654163,-52.61323647812466342123527977988161742566,-49.06149041034336881454332411977471064061,-47.27427501279372140819901980658389930367,-48.60008615578039780741462375146476318512,-47.37572474391993657284030081671106464593,-49.62315747676019065987157755400929866299,-52.25681733504296295565556764965427751409,-52.2812784449572448541265338107504089899,-51.79274715609497639434529859119756834039,-51.9815019951874909504356991488707061447,-53.08661151131760917602989500715973550599,-53.22085905620467838402354210889283195316,-52.72385202187459015650445554729602042337,-52.14761764793370857061404708927055429748,-52.38347258135960273099256067087253086843,-52.9674235332479139145349243937820289121,-53.71080161717538328760207928429281021321,-53.02103170255528717067151142147959216576,-50.37114224928797519542049732726240417002,-47.91526415377676608065713147719664287636,