{"chunk_id":3000,"map_id":1,"chunk_size":100,"chunk_segments":16,"vertex_count":289,"x":-500,"y":1100,"vertices":[30.57511595,25.99804391232830128137744096570245975746,21.32198825384183580128496451479639318249,18.0723371952444707986770729116377609358,13.7286983903382978006163456293480348096,7.89850220178208949825542737269687330188,3.3363452592396591448153288127284880826,-2.13035412002128902759631841189528040759,-7.34409633122132372864173650787599132774,-11.83114963220877692968043510668031337363,-16.77329356886970777168842766785111387631,-22.28978965937277291685732970789057441791,-28.27774724615421791286368810536213278355,-34.81329567247756542766693174157947156774,-40.46419453253144464094936957186905250592,-44.82701858746855081026755119269783639362,-50,27.28042309480226363734186698129493212023,25.72946170259161263760925051056867977381,19.36924137213909109933407704736056329771,16.71559298390146019369299501090584792352,10.60428810893209052663356548108402890052,5.49479398343156482784828244473346818339,0.97950376851446138267166256024680118334,-4.85874215587433436581309091060598525899,-9.22019948058536354325020157355388073618,-12.6701880785093781825246391213746100274,-17.43168949537389108817099551620335537012,-24.85410670114011037445299643825968618746,-30.68360196784377356578631658463691398054,-36.29083234110734976845532108159071990375,-40.04164661845064642380494661547956229156,-43.65929666579936191271517764139399165208,-48.95843066788285531690796414808852337558,25.79375002979055583967485729383919200634,22.77769525006447145584868848320317398241,19.20803472546875755401619901243908232694,15.45072392699694915596916039731384890144,8.66867426815698035393519850717477295432,4.37327955851199971948627516463921889343,-1.6113003986348662859471435063173746535,-5.80140054426266624784720976667144603163,-11.18817349579936867035316947116008478977,-15.64471825295740352076810125137190745067,-19.78981395953426338950646865704441872256,-26.2612180329837967125450072770892604507,-31.59438214203910189760378521365642823766,-36.05606889107386744224445055210545574954,-39.09333556795035908804760703496958440505,-44.42224107172545338618946705795203950846,-49.24048210108215431280275603944421018088,24.98674364061956771165989037776332371752,21.27515151094454787853795402930142553697,17.07091265573069045285701502704568906005,11.0935092487772174147710937483673644037,6.39827619170983785074374498914866784328,2.00990487013324853280653749560756221126,-3.6002198767858729441810045167157538001,-5.67396381484192696291958178116401967275,-12.31043657428531471713176846139396853023,-16.38401166342187584465972563203518031009,-23.09672526143667796750776044279523089397,-26.93509935012794110977705451297068330735,-34.07601443423374242625160071299380759295,-37.81338729073725683458727132276080237711,-39.92396888240583907384173597920386223131,-43.54521713908516551838844662030955431302,-48.471957036103154215299709781525454674,23.87954136392698923952541713171160184183,18.84921980029044187726451564575521907451,13.18447626560792064342108982128105923732,9.85190104612606604497342896263562945455,5.1193146814415881956638305865816878772,1.08270245985967912249427273008022570891,-3.3155565419425105158956144396390660412,-7.86146742740590913499579110967869149634,-12.63846162481828002710686056287644623101,-18.16414950568573663056254969363550318666,-24.06587964500779605727025160596925977264,-29.08098600819705851984097893250438566259,-34.77508204433351596307394990125428550444,-39.57298827529702608293295554170559022266,-43.01731490264293697752687688707448928446,-46.74627240483297521407490488848779254269,-49.29211517394107561166874132800170719411,19.33138453150593210774661194335575481573,17.58052213231331904898392072142384531491,10.53316760551937204790999876547111934477,7.17138157324091162655211269875822151234,4.12133134130712814666042982793905376126,-1.58122541846793377407151751509232112746,-4.37223654848634273003087315058673916297,-9.5672340908765134062545347766639654572,-16.09151788524104646370616500682831714045,-19.55740021905127416642876867647672742567,-25.73155921472414562080671877948858598471,-29.7480588443252921582203648025583502796,-33.8106262750361331373411375643458182929,-38.09807003850509420017305540995349473347,-41.32787992421658980390332883679461602522,-45.38363743646544385957243897903357606502,-48.49761096225413028498025800293541794362,16.58722953215221306328206166914218592359,15.97137134972882524622554686331901977974,9.55590025295283223893289585811578673022,6.55849171887048003783638245869665762441,3.91957641244857107763933048607322440039,-0.61111349767414660787442955828411065551,-6.39206278293720818458392127504744615579,-12.01584179611191458505940871352258983883,-18.46191563298312992790979370481396550044,-23.61733327960789457755375685108913626362,-28.54846008402099219531688297900846899594,-30.85001951560774963054167372601334041046,-34.27768013706619068543055012633481548307,-37.67245358821376160591439094937345304312,-40.46341265675061813242663371783417545643,-43.96337660129867740790215423973320138869,-48.17007396337437841910318737761262478358,14.95527889724856067392502272419252467989,15.05752203097060920091670001715060298808,9.39819004379678763986480278378614620287,4.60190076017369203655533494797544949195,1.84924223723454042780489340105822984993,-3.76925036134202810156675596314246500227,-10.21305508997077348995635947674870878794,-15.04593373566070022761722204248960556133,-20.57042291046247793648959251145196384966,-24.65344474571450898072734055207065956102,-28.90277516620676073109037934465190079677,-32.35641531349370155983836359191471279926,-35.05976011360471537694331907027680395057,-37.99029515910552157125754227949660547371,-41.88720395684609155677664024083315752808,-46.59208079423449724775174502171613150975,-49.9978485355213938883484129944717913159,11.96054012110973173344896198864066753299,12.01089667831303859080321452611462244742,7.08691071305886880447771243180883522665,1.68938250047563643154292250546259574793,-2.26564547030896103278481608141502542038,-8.09436790692303697597443802125359456365,-13.6867668488563041465560860232770223758,-18.91032422472443432505019998531562041277,-23.2448160831923579503365637970521637762,-27.18496940435634402817490817787771734477,-29.59580021460310049014118894851488118787,-32.18470639631994080599100128331262246871,-36.64833121783393188251274328781224455959,-41.24162399159232875351335968227695512664,-44.99706358765115073007899002531930553926,-48.55986674529814288902163991713260756035,-50.19273680942278402296831711576732937568,10.99859148254627537808569399386381271217,8.73716592142611436985363728679200953609,5.45724362865911862996216173718457722493,-0.9084145761393766452296191981183277620226,-6.07080873003715818301653078974267721177,-11.15669871204161858488874019914024165879,-13.48152116572176839234872981175723271143,-17.96215318789680667458227830431410457751,-22.72491278908823400869739764108809100114,-25.31145881294252292454830056610123808682,-29.72961662860499109800820103216042530503,-33.27293743023525988056891546507972934106,-36.6220077259947059990944831009878715117,-42.15187745997939712544227128021982529594,-44.2969101880756200329441081655696281111,-48.28330310447185081085193304380717294677,-51.28328870416280857293755977120632871143,9.72228304395289385780414080370946072406,8.32227806204547689179002990425342940161,1.91546997776080928342710557845915103085,-2.19700609095324983546432499373410289623,-8.15087525350037085218643467936306652931,-11.14323455913757614090024135848314981337,-14.51964832803407645086997601093671140609,-20.11347696734464785650586600000884667008,-23.29641714932098523044748594071258842382,-27.625592365393265289915069585819830238,-31.20736836884733393753145809015478105165,-33.63417934983603544785100028722640981523,-35.50382848668593673781534833761572337282,-40.76188548154473269496452388450608909031,-45.40869426608844167294705871887486717333,-48.01364935022510697603227659396782218571,-50.54418004104533665448915058751939617829,