{"chunk_id":3005,"map_id":1,"chunk_size":100,"chunk_segments":16,"vertex_count":289,"x":-800,"y":100,"vertices":[-50,-49.79346417018354946776958984927277563783,-48.10291161971224980007961078500222231016,-48.77580802132479953832392158964010532652,-48.81443567206878095463899214793646238819,-48.64193177831424971339134615733142095075,-48.91823052211147510829886300408630602261,-50.29771988092368682151936970738565023838,-52.05036020999101131486728561674691534783,-52.4937125946267455598876131252987468824,-53.12022099575276867664715030014783561882,-52.86561655731417495770152423966805992114,-51.39795209720632253605007220136116959195,-51.77013126228839936526143027773147696849,-51.49906920308340837533240434346723986337,-51.6090033162956776512281851676985576853,-50,-47.81106473912590501168601878011003983841,-47.35408480878254359625601234787044890944,-47.64493560380530405883594166097234212907,-48.13397726932988316315503134846089995244,-48.3851741259245420255947676981301652674,-49.13321247004361658133965848869550224736,-50.53113252418032368677885355360666780888,-51.70402881411723453490639991261591037817,-52.09987654494841468093006564939134742946,-51.59347833746034071166226521094957782989,-51.1614825795116880087751821171560661372,-52.4286921637308103801976596113738611433,-51.4705946603435311281323537674657375653,-50.9387988711293335885759066795394166971,-50.62084923531928864229674875677562980184,-51.35687979876523029895438685803569093061,-49.8357217488812200873946660352981928851,-47.54733066454087257425803837149161790533,-45.69595275364734965434590467031189149598,-45.78182631230411811019339287058180171551,-46.47841870726173306929180762932175327669,-47.04709493651708648306783186720626689383,-49.22453289208135161414402797273825345421,-52.96828441282008447161267333219358562171,-51.95026678547807374077594467640060531374,-52.315633455541286217947181312777531241,-51.31251487754191240812853739991523553552,-51.12932320320797583998203436546438047666,-50.64027735332222000937700216886869932166,-50.39307563674089843260887099328754654936,-49.74189966534597270868757525554198924563,-50.63244453577446942695055210756710566643,-49.69722194015306877658291689796046483831,-48.98527152963053352254918963951043844576,-46.71329131955411530563126999725991634259,-47.00713030308353714917692281180631360301,-46.48429259766396049835775316548039638482,-48.00432917869083224113879758900970422419,-48.45333389023706987320148343815017635075,-48.74322792590528260835361069330630743193,-50.70985595020024248280667190195978200375,-51.49635487266196519973931378321606246344,-51.30393295472785345730704063699877908455,-50.04116363466751611071193586086859185329,-49.61863566758173785176162376421189273118,-48.46440612395049446714559716933354789449,-48.33454270644073493294068057748219443393,-49.85047977302795462204763483804410980335,-49.77730972557530642644281504322420551641,-51.37893533384117655361261924960396076765,-47.87959057485102873108363328896215731881,-45.38184006852837937646108678167497184985,-45.93078914556011371847904361498357840233,-48.09521511758407631992996110059561493171,-47.87622108812142694833818335283387617331,-48.48176903700681664896475461052099203066,-50.52234636603890829649046611404986388212,-50.73985612433638234645837617119898642568,-51.59667525190916835326990768645077924311,-50.11182969984180426885758964619099211511,-50.26581504527422133835030275798403482506,-49.87235330328564268108748805459750810117,-49.14736755484964424674781946420388538185,-46.71174161939026400913884241836513832921,-47.73552721040332257320968412959706569971,-48.49762609686262246832416830162064025092,-49.335182021246521553601070931484844773,-46.37081202794234611353648768512270140264,-44.97089591284524011951682005380986380993,-46.14045156913524144086002741396165501011,-48.81863887122777807756407432008478427802,-50.22469823095872383987128310452458876404,-49.57069588382470533118820080461410151905,-48.78314876914985607491177654873755605824,-50.17651245251806160926044201607624521642,-50.48283529129525687654238394096322385905,-51.10381961404476264367936212781287931312,-51.88410427773049651855766275518715026365,-49.53352483373432105967781603161266206544,-47.03015418773710344533546707737198974282,-48.33945567997371051522950579846065763936,-47.20410446704343022430999745237951823376,-48.21618671669282840551442392039040773255,-48.81556424778470541200837456993063816002,-47.27738793073487211486046060812685430659,-44.60525990353218663108469040306625680798,-46.92379567216257389147377041946692020731,-49.97206644871229902223935118820541836214,-49.1406499399197680720427359282239762109,-49.24073895448767482723204832773700379642,-48.3824937178249581728913226573033160008,-48.37582803242875251801275713213933273128,-50.1945300085403763756514816428434371975,-51.59825154212157037843060030052048741896,-51.33295237543137388923167759813573034151,-50.66169571553139979008209562873502327777,-49.48618960732848252541872437776427799756,-48.55261403402250057879574633166357438817,-47.42325551204763584823699414201890800358,-48.18113866236219732834338738369784679071,-48.62571834331256463997083675621481610409,-47.37606480570823926182880351309314765919,-44.64235928112249773186393463635558628583,-47.75621158251699930962817043487928539814,-48.9549962008243118905748483535216367984,-47.99254899240734471756662757028592108579,-50.2732623976525132442350500214555389205,-51.15786630443239330137962115018879105763,-48.45242850451174604339444319490464387016,-49.55035822653403718338889135940036381748,-52.294238603750689662244910300575770561,-50.43613836551625601271971125187837470996,-49.57485534040057767103079559512437534602,-47.67499049122199257900878801617363503573,-47.53946127890693516938141453593647133856,-47.59752569555163011805293448768469643092,-48.53057672230376288818281301095345902525,-48.60145388350035813442147418519436285359,-47.77439214285212022395797782562809191051,-45.59147635337368140537170840934617642447,-47.23514794203428253962083336024016383108,-47.32538320661304699332307688370331985103,-48.20703754329272278348066168191739784719,-49.2838663542885836111758552767866855222,-48.61164841908815017778058046455166095583,-48.99176540822944289093656699445879317821,-50.49578419767380628369148686824548292956,-51.25386727580923051801407474000126201605,-49.79984894803664502792113385225585620619,-48.41272987566802305312626977719578201863,-48.11872260928714727351765519293541333654,-48.79519912589176884618119355628401121258,-49.6680278318735057048829797865470798812,-49.67313584671518000044193833374370943599,-48.50350346058788713413567405734290946813,-47.57519120447616902946692650164495092387,-45.22069422667023946054996064462178126777,-45.71740976933411121522363026936429119198,-48.4786975680295056138397523317291589758,-47.12240792545208720841034244523595666929,-49.16710405601732014862789446042771902441,-48.64609295309793580573433666452977165072,-50.02632069918676931877775523060712367156,-52.33664726884950263177903312961752429918,-50.99407819191972967465678059291935225161,-49.85620179067485853608345850806461840372,-48.60601482010933849316843134885464678527,-50.23554139479075828280913396710685631462,-48.92851504438870058855272408865611686422,-49.67443012994649042402638147587303328416,-47.95370407144232020706544138182063893969,-49.05521388749151304372369209226078402629,-46.83293294518513281474604303372718742795,-46.03466740928688820670132103177475419954,-46.53851605426313954998717214319078661169,-48.86808400146482608029813217201628382422,-49.0047749869163208151354694812343407256,-49.71453182787310286149635674841188331206,-49.92151145306907300504153326891995272661,-51.69783099190142205171076988386229435517,-52.05907924699973166293164768501962337743,-49.973289428504313775946439011881555138,-49.77672334809427921309274691965437579104,-49.89016856147862945065738094084951829592,-50.61198063002054037945070342914224217308,-48.55612555870654434959530360467578232701,-48.18679459636027859128939921083709241641,-48.10299354405061844389036399248701668819,