{"chunk_id":3889,"map_id":1,"chunk_size":100,"chunk_segments":16,"vertex_count":289,"x":900,"y":800,"vertices":[-50,-48.02059108759378267451359782434556401377,-47.41684777652435176212360659161115660924,-46.75376891959501261609749059197446806522,-47.37014567336782005491593423999930584115,-46.68442007811915542566062110475311823588,-45.96722047648820345800429702257577287937,-45.1174524234967231410424538776863421944,-45.86383837492304880287150556642900397553,-46.68258681537501463001937566782510274348,-46.75391905551860889599929236478193212266,-48.67184833858374663487617372640515498086,-49.23066213882395328813332387800066985769,-49.68239216074422209616545100198635025361,-49.62438755296649431638755543050978933127,-48.98732167475480238831540885393442698669,-50,-49.0926327339131927859556101377863005046,-50.22540336643396033938797513650969071226,-49.55403886075586521474405778383050595426,-47.58135821611683582966700247514554453362,-48.46492460553320702904676713113008937101,-48.20076819905172910140613223499205515602,-48.15838850864078521134306325889875374178,-46.51136864437962049221828642213454575916,-46.75365290587428927065078490694748885732,-45.61840129834485918511947143203438876103,-45.78392312938937221850934616168824188257,-48.52188663250034679624749520585821561589,-48.4015463489420875110576239558172362964,-50.65541926015120093522613881635863381387,-50.15195605004382482352960130574218508751,-49.05219052602625467064034696029556543349,-49.52004150221825115016716725948099999212,-49.39633895535500017828390076157420364502,-50.4750811401881217874588196678016318527,-49.79877923957088355232877085174909732884,-50.19540159008863938346559004497873086625,-50.52584825362383103594406792095256299055,-50.7284267481534333887339238769314028616,-50.45500939920470139742241947186540911979,-49.9784646813088633754523399679045813608,-48.75102157622901778696046122211200970155,-47.9100983760996144915876226125017603016,-46.65184550608067012129681359624802815061,-48.47370934897463440694477646280057920979,-48.79525675055244985008523451737387435266,-49.57550244805509670795532056734424029758,-49.87723640084278697181760300702530164498,-48.22202696028626437546541634084577927918,-48.21711006003317523463713549489966028791,-49.84891267348472846406359170255227610849,-49.67743116497943202277446603130088491522,-50.38256991147392137805732598810507266405,-50.60107800890925321644138853061645561174,-51.6038774806949206699986884868636982886,-52.42249525861348177563813121993287343539,-50.48361236056661057621387568225305749232,-51.9040630887599701283983401191809812584,-47.82004646586606952256585828911168867126,-46.88574822155263387545389315267378562712,-47.07058003918089464851506425511670626897,-46.7316594496353073347996856366527392593,-48.68088242471664656392047498538510920144,-46.85781331989072893714371754602950815494,-48.83058341561227344629674173736103428685,-46.68749004448381145362248354298603979872,-47.92728986777887138846228219268783758571,-50.09649520421315800624371837223012367025,-50.47145881378381043826315341369553736273,-51.60531608759496320641507201307297661527,-53.11629743734984425338740430442183738611,-54.5134896903848035756548044533181758008,-52.96230730738253947602954868958554635376,-52.04166723256498244506691959653912693507,-50.42872208017944450284913774216641885258,-48.77895325570222206916273082884458750387,-48.54789578825221079230505597657144803903,-46.5115449343692295713062748833976712743,-47.02112888582533091349506094757709945592,-47.19905637774732490017164207755978822823,-47.3875499417442429452987390158138271181,-48.97923306179795497523063998494725156462,-48.62984479699052856643009249491789095824,-48.5609447086952001237162623513178426459,-47.795965169576729640125253687111388683,-49.32400030581472613944951773488910767953,-49.01882100585013792980283340964427819552,-53.18878968808022844165003875261945338088,-55.20675038808051104891568164264229994209,-55.1624103652160405311210880912838950189,-52.2260927097148267592941002035409195865,-51.80457411000301445712433792079035419221,-51.21893490010793492256117970005035184856,-51.38912322522169747720735144938443451326,-50.20064915251541190527977803853667689511,-47.72414290786350363888734458514589449846,-50.00016306159058322698448760614586563373,-48.82919395741610528307731061722047487979,-49.33452729389764948482479642666563484917,-50.44973964619526804182822069046258052166,-49.53934340550054281311297963986415443542,-46.28532090540998515166987012340841504661,-48.20386903114456122286704462357115211979,-48.28460581928053035370632682765814659807,-51.42897423529921048827105841543525526936,-54.22683983564257605887612248678700994825,-55.11415373766973019373749688220891350488,-54.29964624089467427583519004103270242839,-54.00880178441116908048127166348804100631,-53.87649785114856774804254475207451415595,-52.69109732070967659077582980379297621918,-52.54357288036708569997365547285947716011,-51.68390356852912746610008521200222178093,-51.93374461354032134271112517098498857768,-50.85177653783172589389904142108241243773,-51.05135433105660216638115711122345245145,-50.90368734389369917606644873768315512204,-49.18935202151032976329707596351973627569,-46.74130006226349945585227972423676674982,-48.57352025443473811512726546924689338468,-50.72151911866558681792844105536318916394,-50.25689296559880427105108954150600404755,-51.69453130597640252255474370370390635481,-53.01071556631380655086826165371036076109,-53.74235259133648602367941114170853665846,-53.17043094150468856164664005839798873173,-54.46601438804122483805432465785006175899,-54.28587896329241915139409722405092645805,-55.02663289015364624881352352832626605882,-52.43784332946707277185626771341645236851,-52.88832588341963006307389539426317843153,-52.80313969405528308203222924252458227373,-50.73795409832375277664768325616624153417,-49.31608245213138165137229655879684314083,-48.16960921798695609874602298270726152933,-45.71362180908834285796427314077218219327,-49.64285682107696436440180261685437554502,-51.39673934587254169065685152183795519972,-51.24465069110806274751728151303019391995,-51.49948323829318090725918236477308148664,-52.67010600967361846799419414127586402762,-53.90833275608942446033408976685709807454,-56.20742021365755359832633271678721033763,-56.5991934312113060481002559239200212284,-56.01929671330420619719425975383637907605,-55.49693877320812135560678069654981703957,-54.35214637479770291135707277850726625096,-53.31404286911357532871476129303668855565,-52.11657594930259111712878368008043594063,-49.00441177562760163334554405626356706147,-49.31915467306478201570674715677845041372,-47.70161855039329213551597489064873220456,-45.27713782110540695571645887751804425265,-50.45281640773498672746329137038857177191,-50.29163855135291941980439331249736692239,-51.02170638876596237704654018287634078851,-51.18731050961994519755541430071010913421,-50.85433125556509739417329747475602365024,-53.30620898770940545246562101991967479368,-55.17690006907752813138914385465055821116,-56.68644073164153513874340803841578147066,-55.02233369099591734393223910812489403911,-56.59388063921995183541090836626587693333,-53.71580339737416724403958458911231093824,-52.46557102235539208152118931626773722206,-51.62591435017346736591407473080929428171,-50.52874899032819114738813449597206565526,-50.28596685774347050236656763595778192526,-46.67259144239671476358051426339321543162,-46.5448017130530488691299078386119390366,-50.89348325594982790548593406932744427856,-50.06484544305088657575902672876988558343,-50.98137995518537732890850786440430827618,-50.68421418269709885412947228579062476116,-51.99017570822577499167561558030020282319,-53.41430840429900934807384683767112292173,-54.19664862903057087112025082840686188148,-57.19185549497642510841761582778376955845,-56.91144787813701794865092757373395677063,-55.91332495555887653864381225029796983871,-54.40468350079430296020492028735884774879,-53.19799337346289071964800590298851809655,-53.28432724037358577062917822699771166913,-53.16974894089003218835565399136564056007,