{"chunk_id":2824,"map_id":1,"chunk_size":100,"chunk_segments":16,"vertex_count":289,"x":100,"y":-400,"vertices":[15.1620117,12.82665337679889511884647898052077453587,11.79740857178996263980018832123064469575,11.58804701693141886836632104505458178535,9.68465662783226131817115282792473139082,8.18939729773140337723850880521310264768,7.49891314175406827516386542556235506717,7.58379720409463227396462911336847712466,7.64558400625137076384931858502730869594,6.06794834541571851232860143991496146972,4.82804409862584422571029466061077166877,4.46455072635413707759440971064114673423,2.46389847243030057549666982621335733743,2.30356281574343359065347624593329004893,2.09903711635446746283665941909069177905,1.46344081396086116962229729192918144667,0,12.44578924558861104115897845500661948889,9.7122037287554498925668682425111787348,9.36900861130319904429159327312620168884,8.48517147899270970458936343056180673154,8.84128999122867478815616305064694216369,6.85912065816214348257785705877958857181,4.6738546552864103648067903265564153623,5.44431991060938887093671894961729456897,1.71864296978608545672693752234297305244,1.0331162372493994945184116666082133111,2.67953764273788472779483372166247184,1.20979336631897758048041916646754770576,1.28587785121458258553026388168879492328,0.7589677052344257751448635869003856240725,0.302094776963935632318485478052035535765,-2.2867439568967523586706561001329158312,-2.86826958791910578159198584063615187727,7.82828456883343838840441706713012850399,6.50191695705614267201294265178258468446,6.92555289703921010845279512171900013539,6.36758031217735486164581298875504574612,4.17137989148106803528304421145927703422,2.10255555358010241064893075887394961792,-0.15725888474239993335781643793408900673,-0.6450010883215646719473509374651440651244,-1.30671954638160778817528960748967763477,-2.08180259347970779282177937395695918642,-1.67349347809013644468441865471159542041,-1.95373383864417351039580626367813034773,-1.33663965711543276366326670208729360591,-1.33856861428487373346622767823231110807,-1.3302783330527392090646208083204959222,-2.50777698457599059630753135201269856053,-4.55950620259909084794289938449987086042,4.84935143118562999116564668482519034643,3.43597522226191267118511662473258577521,2.05053038299501701561118700843005336994,3.29408551879222955320156127300074076191,0.1026779577045598202620064133311972814384,0.04928710178624952263259302073142835041,-3.5783519785953820364959810142082169181,-4.61066787272264295898426176593181957262,-4.88032482635245585784369960578819028903,-4.84284429756464496895665738815557266565,-4.04450616604027453381740457543819721043,-4.55434290889380428578305715065296187916,-2.96890296235267930628362768559708905117,-3.33291416803415282499670665780905817715,-4.57492935737710936448542132590274114545,-5.11982544250778338512618427699805651273,-6.29482764112878480483023264173666687762,2.04796894695426811131684243582199307215,-2.87709290777137349163027604460475061401,-2.0137219031995671648776187068620026457,-2.38416995339172881434011694632069738198,-3.00659411532912368684511842567586340131,-3.58719912540939507576909640311085487349,-5.2443124466378553513004990373601126674,-6.78422625550408665087759051659566239618,-9.16991319846522529207436147870033333651,-7.87364396558565402968413091225336277546,-6.93847892995295555642678128130407055652,-6.72311486550138524811922790096507236021,-6.33805541166230942013608179418796012019,-8.05466279478132970856582036956032480594,-9.37557188925829155242054121499044154051,-8.32493065779052358888922050666107826892,-9.21821478002628283111179625123930737726,-1.54506495369855089443839524369389226396,-6.23826324946022151082332577223463154291,-7.20871361221607982008111142101216739965,-7.01812903057701431979667551112228819892,-8.89811250123719154339542202477271596231,-7.69542439739963169160607565851318680956,-7.11644363188701534188479072298667676054,-10.65942977164827127429815690928408085059,-11.33304420887796011462552199366513426826,-11.51054065487928562798236321881262285785,-12.43258060371391418850889260718536950413,-11.97728753630878402343023347540708895733,-11.31005875415534341985712163075996861035,-11.50185416152244512497435939761910334305,-12.70593665447516854431107655577300663684,-11.05198612593370142759304031570436984053,-11.71768524375190147985236885189974681157,-4.88262420635129792216386602263930140254,-11.73019152288560247137037981982901486585,-12.41735820158673720765940740884789239531,-11.33119701491483917295867163688403111876,-12.9752897873998404835912563503839857723,-12.71702856448535632309295335934614746669,-10.59090495563899641335689426641143606651,-13.21271234522587565512286019533863291307,-15.28234437326272691146181845784866902202,-15.56806760809598410666387122585868041329,-17.61040765226601096320094626902449826013,-17.60969726913107281030990062120368235062,-15.82945259672371701488981187514930973637,-16.61643680833615159573694562845692310094,-15.55166496228934809341127554358682933547,-14.83430695180748111279829699187575345419,-14.09795097553355071711585587779732547757,-10.10695768937786852107631174166637195397,-15.06812054695660021737128963250980126629,-17.02336055894531710541995687054060003752,-16.79994229496644638149637492194137023218,-17.57230599704468476539104438464644828036,-14.9314087609799563566867721022492311761,-15.72358958534931986251379755379096245523,-17.52627094602456346984934124105462005494,-17.96305458852399527749192966087728120646,-17.64506353938399436618521093077044159585,-21.02945611131510277445047009911967159857,-20.85139649308073757715974645088778238451,-20.20649472226975942289475051953627861683,-19.18287398255377500523493859265748195603,-18.84623420678470951110375966296800756113,-19.42992362600228539557868377343906698729,-18.38746062237727351729049542507481036007,-14.30732776528000543510463259120910884319,-21.19081772763988424161607117390536593461,-20.56114752460120890601040725910567846512,-19.86840411256520887495393449180610670971,-18.27260274215350356932806128550734822119,-19.80536247653342999512873638665581794779,-19.88646366965630841149022593744273491848,-19.88738878021062813159082354765007205642,-20.92797128326773939780408531740189176795,-21.21057332120929559073945458368074418748,-19.73762081326245889008383782288038243866,-19.63702040172289540512111150569198435352,-20.66726361665296216459033696988325367671,-22.06877887749758472797035451341704377918,-21.76202349083981390066904448171648806132,-21.08272333287621438991530117949192146701,-21.04326617957815065418236826411645151086,-18.38143544453572670795807310716992027448,-22.84562859822979695520614651483281688133,-23.55736159774190457438528589558503930403,-22.12445917019153254464344040863758416442,-23.46989120439513668364592508193020043141,-24.90598034250900479420306312956016855232,-23.95086441473134056849011694592784618553,-23.16727010667923716631312646494105858101,-24.83431516693810877330292321320111783621,-25.86299607174676237128569439469992761326,-23.56355880448959717577379434845033737523,-23.29902039771432233659243408650327038742,-23.05686394670077847240503581441734095395,-25.20731579782934412660721163078417436608,-25.00174597239840580892921647991345618885,-23.33401512082026438342376414107111850841,-26.11389261802021709801863106577366585067,-23.35174519913337172314359583290264035684,-26.70176452067270693351204465532990391335,-26.23722639937726559112400332092982233127,-27.54487911610043314445039168506133222292,-28.78702913772991967204540607180848202465,-27.77600911151140038381892722511645387993,-28.21793136380371374612063438817333160509,-28.26920733166115477817456431136389925242,-30.41759848781578097838138682262196578224,-28.37284689670123520409616168869818633388,-25.9929155655750137095519493958099716955,-26.40490195839419986774528346131528718171,-26.9246372149274237574339746760633124842,-27.74590560486939750277311522486490603369,-26.79649230470456812020362830541107571613,-27.93337049039213065100382093860774188993,-29.8474719494115532752679474304749615619,-25.70994071428166156542381721254640004437,