{"chunk_id":3119,"map_id":1,"chunk_size":100,"chunk_segments":16,"vertex_count":289,"x":-500,"y":-900,"vertices":[-50,-49.03553509839622392954518252104912640598,-49.42846675339553008571332171448301649678,-49.58549437393464066321471530633895926365,-50.4392009917119222601961839591353811647,-48.31117635618135601458056459315259229385,-47.26769576214560388408732376669094902019,-46.06891210375300742394386215470592687939,-45.6823216640128895413774284890326484759,-46.427795876263943492932657634194446583,-46.83067194480225569020031223374534748139,-48.38367215319504420367769831214771448523,-48.32901576459475983414394644713461124477,-49.57915005516833052901072485892695789373,-49.90095488458800180012383088804617963146,-49.04189812697121202139554689608980926253,-50,-49.25512706035081505803774238087830426276,-50.08112555693860094367264576606537430056,-52.65192232826995063287625152802130117148,-52.53597891425482812375152535791731569249,-52.49658583575799917347700135415770641735,-52.88274073863692632832931740487407084901,-53.02354082122569273019544366629886676972,-51.22993500087243228793075618394643988967,-50.56039400888094865820746151968059963888,-50.91442225337001101391144099312271100145,-53.50715046910862599149650892068651130564,-51.14139267273069259514595135864361552124,-52.06039505166016736730140423882160832707,-51.1861110455648552109726670294263470394,-48.4523751563995601381898504362078536854,-48.56559942511918979862697204093498885182,-49.0423568667392142461279105705420884108,-47.70440011279727767970727712726657131761,-51.29462105254691399939574342841660395174,-50.81383657905472018196506410226414865957,-52.33798622800641578864470305623877855217,-51.84154937544372967594075279889979474601,-52.63813326261944482359186001031938903027,-53.59148579381177521187371825737943730973,-53.65423928748700654199317627649220297345,-50.28837116957334813464565391336876305485,-52.03943721253457094935318875025787327579,-53.65652449027214482864292738083567001141,-51.12799195064253706502838528663080341264,-51.52776216372408591505906841360824202995,-49.87447207305812632961780301350988857409,-48.34954561245921739652928214750767840697,-48.89817441470934616819703787697735138282,-49.02882045082432632583337655423841266936,-47.4724855312790502671143523832483472564,-50.53143267292369698473745952715195802896,-50.56033105099745878766897030923906767814,-52.61727786846114765200350517881971631585,-51.14701315385997649225710530454827936367,-52.04869786298115561069501561420237566283,-51.73119973188969170322457340823014420184,-51.90307920628205864501792535809658034839,-51.3343851190987401092687096068218888004,-51.18731207519237849346577794097449537625,-52.12345270723778220518706568148843218476,-52.23903199775337841789214821197936995214,-51.7901212264707122986020673279735254381,-48.71222007150787603326610001720292665556,-49.29390779473826608589378752471615892526,-49.57154811537394444224303564094085211239,-47.12263865374166711562814219905317352234,-48.63520480294169947298721671969383920983,-53.54303576834625602428751609931283535668,-53.04190875752376614681280213492883846177,-52.52531255630278997483668846885637247387,-51.9093325695791883509924805738862845363,-51.38502577939444570881206223602344373937,-51.40034008813904420693249455612170087525,-51.74855623713728990011110469943975429861,-50.4774849623643886286903498490062655038,-49.73148622434240243098402943310656382642,-50.29979634612266429841194048368925356887,-51.1538353270522031928196706135502303627,-52.18516932920215692850047755832945400826,-50.17167663189245950191391125469075932516,-48.0334433724495332590240627608914536479,-47.66327305696257936897100346754207709617,-46.78086160411752536382925617341682755543,-47.80414527028034826245380461334997196386,-52.14040995417762119270777789322677440104,-53.21789475206240077299288331661034915604,-50.37991915063409415991097203400436480025,-49.03428915573195579985560100060394668509,-50.80994445842206661323741411813351363214,-49.19781659419748503220363077111374187155,-51.17313507161573064627388690917063430616,-50.60876594192368931653474331604015965131,-48.65918053417609565609898976533157149162,-48.76273763176794542714407469926650149719,-49.67234122806690653256503487062619711545,-50.9413192484877983323522078943466173894,-50.22904069536672343362525214046886680143,-48.11510019966893751526964394046975464127,-46.15571478748309336386176641804669118447,-46.58300650124872599404932479008874865539,-47.23092592557602129775458745251576761006,-52.39585443358717638376028060680030834677,-52.17327654432415304954171369436592962245,-49.72260248029751061578523684868660564659,-47.94656726831270821706862068272493665153,-47.00859733346087818071180899034147847635,-47.43062836250483450880460115855024290081,-47.62304799793031364585739200210083017233,-49.62828908488545360428301791146701930359,-48.56508871732977984063048768590398092259,-46.62033158915195197459563440041416933196,-49.05949574287922874504346305228626372927,-48.87813326340139600496686741118142828285,-49.11040365809442692100792376415087080126,-49.54377150539906607296131131945470262867,-48.41576959230893949836600822321021020683,-45.5187014443521650161306715515738761089,-47.08097701477238342588930113379526434851,-52.48033820181878472559896477105494472539,-50.60460813423791214568964661975745992385,-49.59072405506675743331723987312960854332,-48.38371620564150699601599085756059846776,-46.71779818917056888137186622106902518286,-47.35271992304427751649638479984984946395,-48.48751066165203418892240257090996681842,-48.22631745764259679810868727615444719132,-47.01931165139184316685568931399676390627,-46.35244077427894436540200975599954407942,-46.71882743114907316691435315023161977208,-48.48461979949634168829676781778528508071,-47.33738683162233513448153975839023054363,-47.54007269561319223050400176256603026888,-47.80151947985646404483730271675278176385,-45.09787109748488449479023480987547132469,-46.62391994341640517535305511433267714486,-53.35606659326050595835594864148108063357,-52.82320270540199684938399338319918889868,-51.63186396601209706963969190219635313274,-50.24999588075838700811793807605679277947,-48.20496827211061644533908999845203686585,-47.57959451386682767827339315209463695325,-46.4715835190559810273407529955297684857,-45.7298602318710612685417970514002706998,-44.81972811887996387092811641725667337155,-44.54325910349326844321546717766149000431,-45.64450908546879407561651798532788518136,-46.16779397244965945492689695409546734815,-45.10684392342184079485341307103178011831,-45.51180169872764007254139351909388151199,-45.14695804073821049845697039130527590735,-45.63770523252998502116784019319985383969,-47.07777601079609550067063247795896058159,-52.58505057293567945089674824214876086144,-51.46263637858774164675774550878252774777,-50.70116115535058860608396846036552455465,-50.287499369496245571122547798754182781,-47.99542382374070960578560823620264850533,-49.47761124727464445080532487307039499618,-48.07899357370595864800538153794040056214,-46.26275901876007199158359069591823685799,-46.44503968633878403579757866961198256899,-44.01880002312698908451714252514644038656,-46.90484120688052495821199603334304900689,-45.71200830745077156820760838742133312759,-46.96015046455174334773357076230901994106,-46.03574952497369726320628411322946949921,-45.83699585222687342816465375349665423445,-45.66766777296734302550448038636152570974,-48.43944824456550039581027513820632133678,-51.52240071270089851653537667043624977173,-50.92848158615411174776223511916041351415,-50.28754094062604084491531484267727164703,-49.7577486844048008035486465956481704027,-50.28790284441947682567884116325541875307,-49.46625772569101114920308740632966286198,-47.80930168697612654237897409091082056419,-47.21082183119379593561781484136192741913,-45.92326290540204304371676808816280421618,-45.40150193681094888513263973400119804835,-47.54173416221738705165647340610905988092,-46.86249695975033728617521881402745973331,-47.04210578965326003878953429934782785423,-45.44618506486813433796491499517510772099,