{"chunk_id":3105,"map_id":1,"chunk_size":100,"chunk_segments":16,"vertex_count":289,"x":-400,"y":-600,"vertices":[0,0.4171093234131914768923287007863283538602,2.27610443386472178319840856545627132708,2.66343190850399612977708940059521681095,1.68757904313305966492902218582375314977,-0.3333524328867844365593486130489922323066,-1.37122526365570775566014035522418096291,-0.74483653996368739183372819827395325663,-1.44803288596027585026126777269373043119,-0.60322447600673140976289366209340493557,-0.24862533491917532850754537523737368857,-0.32246202882102184912466198075955098908,-2.12715168885265555018745114473674125863,-2.5143274868880676699694516477762459716,-2.31107025270527637859554391220093660822,-2.12712165817798571357460325377123800211,0,-2.5587396142495056279234611316411171747,-3.08690943341803666939691658665919425162,-2.23558230862238725493133082755083066981,-0.86769697084930414022788024685514273061,-0.3127329506971792716067184152712843283,-2.03687508484845925231652824213275522972,-4.36801068303772569088550871269061622845,-4.82151824672667172450694454050648651037,-3.26529148134501845305359423412356075338,-3.91625508137210444448788074177404218166,-3.83664436523835004540611071086860256844,-4.31089614698055970277222292705259514149,-2.54107269455712616906072491756311379748,-2.5835308878651829395676179938582096876,-2.97213516758126353227689446773772423814,-3.08250423853045793880773965921672265116,1.0960456538639394834245440712374256381,-6.32694575819840901536422400909118565957,-6.45715459269842560520939819727461692119,-5.30154380776179540523888778236560554522,-3.72887058916447780547594044658846593706,-3.39027740555965607944318917342187239647,-5.22860928072648790079841336470961254693,-7.73364982318544627568054477372076354025,-8.46103502575831059223716103377411563514,-5.67723483512919976360014026669398833494,-4.19917807144190930243033912798442561182,-3.56207164350562356683858013492287659518,-3.14822121122189231564512740941283962181,-3.58029093175571164386503435599853568862,-4.87122386176227700191833719115857112917,-4.79738768844037222769411094050002449175,-3.67587810022306154343130236959422510455,0.68759263404319146983312572698174890169,-10.92033022252539745733023944989862528246,-8.41148906686508107247014673529350460869,-9.30516025857897346796651230461679916787,-7.91097778856932861441561583541602817848,-7.06132055435476705777753166840842961282,-8.61477924115135946699890077334971331837,-8.67477836163772781705818826616987380511,-8.84338111858699712382202340003037629724,-5.46512115443808542428308928701181752113,-5.73943808493100597952463426584322019472,-5.36462479120979973064045677113949836459,-6.74377427583889860623120390963319373379,-6.02986406859757395034847544411773805899,-4.99683946206614399825688657537492714842,-4.92924880643906049195665495174931626723,-2.77134794332082830822348440068458541316,-0.3073878618623665734737333215775246346186,-14.05929217454220076410758431687288528254,-13.04097635479997606952316750344729178715,-12.37437439147090783188793686644029933362,-11.27214515617411980048880401925967269732,-9.89674727090657318267469174752641125136,-10.75669649736459867527173249216500105295,-11.03131062267519547726410373092157634001,-11.31161447228593077455931697162927966621,-6.67861375009553432916261961161538098373,-8.50882662281740217792906761842335907013,-9.59532720772029081555579503121720161312,-9.54778580524857875415599447741404469015,-9.3580542767191289851443355305031923879,-7.80564253739942956813420160688818016237,-5.58664529568838914935312100921355195819,-5.12629736788906739657484095839586484935,0.34598182184245393868776596649926034464,-17.60327057904024058942233139979115438022,-15.3218542459695613206896523054698670055,-15.97636504188358256948801940194020110434,-12.46193400818530122936485884280482026298,-13.67801468423096943737668823270263190955,-12.86133249264403612654678381265550337205,-12.11005052748252919505410729895524203606,-11.11739881449329954400552506084929098795,-8.61494402644408980496587386805841728597,-10.91214008733736536385972474305545140151,-12.24623975585305896641326260197528039134,-11.66911648133684465647563855922991966184,-9.41109439236263327890554562438232578858,-8.00600253365525261960070770435507689109,-6.21192055837228308737166423675859682846,-5.63582178723106761070096901848143389285,1.48857196532050296333653208058130114998,-21.5962156612063858493675316296024758499,-19.27761391220097767662641603147483129883,-17.93751112240363548856838597040297896212,-16.78695805265821386557628978811818947127,-16.16688751658299713517097187159743648106,-15.35729248163507037811304611197778295321,-13.12384170228681667104881224361642137763,-12.50543043777894807482783978639028122714,-10.29010043358475852877907300778019504794,-11.8609714007327671043531912795951271889,-13.11710591537877802759488055353800000603,-11.24994573402985395204773731548511509543,-11.11679988203000976395137580909961604927,-8.73859077190533745435633511020440805219,-7.00658534133665672485880631103511785963,-6.08664768986633283188806040040330423605,1.60581452738571345438838186353903363727,-23.29464520733121058048572321304637876185,-23.11022241481570826689426042061090553363,-20.58573755927496667783507049804293116303,-19.18904370229447592854269271113020693953,-18.4560648043518173739652529683099758182,-15.53161890088503737592796499191874737497,-16.47409700572151806154030190225352998772,-15.40280127318126190926103036902630140303,-12.47235538622287698106581093260714644691,-11.67995037910275886060888482932140474219,-13.85155700391747253067476627437613614833,-10.89633778895904469662379893599339427064,-10.57263851231457438912403862086942199359,-8.06486007459964702789770201348274653641,-7.85923958726914968207123507076234511602,-6.77910898052715249278981782776041514178,2.92456148525745363912571947743314037326,-25.89853677420492550580680420951772399794,-24.09433854247690257993094104812988208994,-23.80365042127585268638679964545725584571,-22.30300023763981628533416838038924307834,-21.76873332238705693800633268703292808491,-20.70690837741028841172095778388554372188,-18.10595457590651743845328060384618152423,-15.96354007615991201354502500967116977631,-15.71412544456261123799913092730265074845,-14.83720049115787135490132704668809327276,-13.73257220240184911488604497996742878355,-12.7764065324466116639421987161316070884,-10.90888487409786688186476662295039535289,-10.24349096296927875906985884157315547387,-7.77853775973245430401633732994370743075,-4.63486882858819161988619906478509337266,3.94902802349852547027002180793481418355,-28.59101941766509252678880496594044766217,-26.40372260322474966978244000647924992209,-25.46944918458369046344388700137701860654,-23.70349347996581324938555274630096399758,-22.38660308556153483561942626469765829874,-21.01899621842829611968386793331318170777,-19.47466988693001514157097061825144641416,-17.58947676872721453790148653356103248783,-17.59223910304300501848314673631961522688,-14.47641829260829438289198187394919682255,-13.89137679367537566767263778252761176656,-13.79020475842596283039350476889177418775,-10.01059568378017677425704681196085178736,-7.96476560501315530790499596699348778027,-7.25736755718730306974272591883741143111,-5.20332411170837232617661570408573747108,4.03979281708092222590586536016045593128,-32.2997426895260317940098039315822968075,-29.74216811233764256823390381957747002308,-26.40929968138572339081953224747371679632,-25.30296897233674495790035778795323323503,-22.74911977518405116714086249658222960745,-22.09806835060091226035270484395187088006,-20.58228482876096557648898123810340312877,-18.94533793836403343720071109791143960824,-18.12816918508343717721532152351510332869,-17.65099600950904245251249990433017338764,-15.48897759797744371632084145512491418996,-11.92968392256480727996864819419254938494,-8.68581557310626424871397335829539379713,-8.85301063249195057288056683817170846713,-8.35314228356903302427791119112133554306,-5.57736605462446294218920336611794171748,3.08203684433423232689950077438982476883,-35.88616104206876578565559003400944907913,