{"chunk_id":3721,"map_id":1,"chunk_size":100,"chunk_segments":16,"vertex_count":289,"x":-800,"y":2100,"vertices":[-50,-49.6014954696216345644648461005348478932,-49.75960074509571819368114937710529058299,-50.18100130995379381144434315051694399557,-48.89360121517042294363459764851845969487,-47.87598285281213750528418472959952111462,-47.2999107147102034835465294432369473947,-45.54090627241929775374658892225143878857,-45.56280260890916353225910340630763348505,-45.28700187904559024791474090271686695791,-46.24479674685396701164982851263901427132,-47.89330686318238663106273171600356062687,-48.18653906092736497148227780057358500703,-48.7656920206523564944295738419233729591,-48.35328048573158682208672241257870219478,-49.00257554569011360843858301437139450239,-50,-48.99718226580629275841991609615500591949,-48.58943006069446291480127513503655915261,-48.13091027189607158192732342597624200885,-49.46517253583499028029437722688135575514,-48.85277749947460605870299918117541084139,-47.94869627981108165666932584591229778499,-47.58170356432344432855535141040131636222,-46.5606304765267942014897075176322387858,-44.30593534013701412189975088426743868839,-43.47258164487139854361991635875447407661,-45.81527653540183929118617259300312878765,-47.3890762276392622213871874911284848203,-47.14018279078843983041455934822542568741,-49.71477336698899552298594753372357398418,-48.76001274810409831735747072077588869585,-48.60016253701935016956575269376613155284,-51.73408063403134684330352269850182858361,-47.84252629823619900052318018595607424326,-47.04625414083437576629032455709461527396,-46.94067117267027040498526056185367597025,-47.56608944653098195128985549135128892509,-49.87688824090976821862699040031137647832,-47.5409330960932500539145000025154431673,-46.48937893653525700416683161859607133752,-46.51109448108560363295746020252459156043,-43.91084812102377649717152620649811546625,-44.02461076411613426483980966811845117203,-44.33107876475021666887799968937319067033,-45.33290096678710079951244886230938644121,-47.43149677802659590799952087569399413393,-47.70113099219379848104046221621084963103,-49.24545551916620126643845524459988880289,-51.12038418983852964081919588956778256777,-52.13812116733065227430764628550820836194,-46.34653832541865800927260424536351028908,-49.46642536059951687515815357804269902396,-47.83955820212427347900200632443194539651,-47.47117366392045536495282880202722833213,-48.94428091302641991417844389182567489125,-47.98043176238122466527747620777593357066,-47.58946346483587579088604082125519267945,-46.00464862828105138445674269107211465536,-45.27919360209889095783028624635085984396,-42.85320563772856275646881684209130707093,-43.14584102976183327240800129726361334271,-44.62150888158681750815826725892085932461,-45.77782752531055681846177460144915823568,-47.63792956677670499256387533525205701725,-48.6125847596505877565297394161968453795,-50.41668814641194210074782961723259606419,-51.10075080369758452112982369687286120562,-45.07922127164260631617085300964115984324,-47.2447433986863195577421717929804666094,-47.26451354772663738317522065826613079128,-48.57764050057562833507513010957944096642,-48.73287545570146585871579045503244506797,-47.04459783493346262424811210217070711251,-45.23981286941164930126755842557442876086,-44.05834163918250219469034035746369041237,-45.38867389976700383740058083503211767003,-45.16732824284376743324228093626042643346,-43.27358946376631417003899299372638811019,-42.95678061610606445570733368211389615259,-44.12487087888649485227408034357988029623,-45.61953032981883549421171604448604660329,-48.8793415286708572554636115331008989067,-50.19753939910435902868928916501768116544,-51.98017864889886997916400420800019515126,-44.62716896484815270135711065137291257287,-50.01192460532448228897966815446336518509,-46.53629814862491115525816098334044727547,-46.96168441005528722260031771352084860417,-48.5025903867647618115418869365364565636,-45.19080181523820703084768694136095750596,-44.68123701866168209410136065616448260996,-43.02013749113806879729381626797140273924,-45.46419772801914651027733248509864045739,-46.18764937485418741667509036006900411235,-44.77974219403276193801336007672356849199,-46.64015961136668496603727727388986533779,-47.30599933580361626374989756460324361314,-49.37772339770373820645155910465314453032,-48.31455191009344277671163618010809319488,-51.61910107802578919669470847974991468812,-52.49237774952311358699129911024862517524,-45.2962075600911059943415437840923710197,-48.85565433229573278801210629078031136801,-46.25303569458778928093066565452481521199,-47.06168922526435682606112632204447420163,-46.91012666952798229475562888889528185571,-45.70606004230947855581713071049169523499,-44.91177607892935629266594898886843622448,-44.9487694971284658090189919438618915366,-46.36157656992697260472936301742098374879,-48.08005143028873113734024185961299275575,-48.10011047931236029632870753329716173192,-47.42609752208107628676082664238498072484,-48.7919971336496606896381097359814261988,-48.30711155854370978845807686218323963463,-49.35903942673889265756735276316966816249,-50.04825840120918891595709501638635434234,-51.91964806375115356009699917573118774324,-44.45134855304840303716986172842949211312,-49.54830901056275354345869350826444133923,-47.85380157655402969461435068424949114555,-48.04330345097475688689421184824744565812,-46.88004785976753523869413739307625975889,-46.88639499377343324852105013986147405812,-45.511699136810814067090221815532596724,-45.58415767456428342599293514972662181899,-45.56548724485588455598204272946099332689,-46.01773050706010803001304342562294713287,-49.90113591243341345904908166727356134358,-49.39277041548558058521423073044526218967,-50.06278659975924165756538178152989884551,-51.67626863079869627440952871522186617913,-50.24591732795184276704423995679040777349,-52.2125033319860691516619932709159717519,-51.82741576365385238846813765412418362332,-45.54672800933271096700525565933858993336,-51.41378783132404197814455714794110264144,-49.43753945133928670910126287834172207237,-49.32632388135192958541413533837021735105,-47.45454842859223757227935389977787609412,-48.12645613172746323957796337277394455643,-47.91868407627820402195196892024608635284,-46.79461267255700549611752417014011888909,-46.00684975493666121059976184134286346135,-47.07919900247217438839248998435708057083,-48.76570454157939825817591828762113833818,-49.80492395513837288871637360505245213749,-50.71121657383742811890162342317209158907,-51.89322749500324536285940305249379841826,-51.48512421831183748430462091819487606608,-51.75431175726696155669108559398244184054,-52.40476708445997821317700286157871920181,-45.09662056165589646324744957351345169062,-48.99175699422407815144180442388764213024,-49.53503390746897374043458428071983044844,-47.5678707316074252789377777576042184433,-46.39009482995359283690052761753977262814,-47.5195074566219858919238901162283967793,-44.99674132561402287653190085531535697729,-45.14933832528153199055953048058645380906,-48.20184815745189978538827122677146329551,-49.26187470073888374285305444140225644084,-49.62844145090139587479477739697614704603,-48.92035383711274712827977662679806310605,-51.68500267441210371943770766272927278637,-50.76827147782313684017507532197556539217,-49.63754410513896205306004723642363391322,-51.86154815637940946770918511340476788359,-50.22885997673834071095343145634811529616,-45.04953842866810189864622289640236284132,-51.22418653325366085857901151494242461927,-49.96718529797282053935792346774008340977,-49.44572724436235337378429549695077980937,-45.77516210916838931451055642807950245428,-44.4540565367052844922817851366519354141,-43.9929892011577750204156120698424498273,-44.98461321767859193029697588271213558908,-49.17266929871725458889492173524421664345,-49.17407654489603439439022401958125956056,-49.70958131828371692738500662538514567039,-50.54090212817020246382373454754227421709,-50.99852511823098259773088877820930598494,-50.79146018905094609625558408212676981945,-49.00851082805075241975873770196963314812,