{"chunk_id":2984,"map_id":1,"chunk_size":100,"chunk_segments":16,"vertex_count":289,"x":-300,"y":1000,"vertices":[-50,-50.58512670580639740681369444528363083895,-50.18860883033297628668412118944867435507,-49.79718651554465750574209801550191021142,-49.1088986483391596823302185130208874527,-48.20199516807520089281868069309785955025,-46.83063692862529807454437945156321585132,-47.1501631537298399787774965174262214534,-47.36283170347574706260344730086470314048,-46.8183405781200391369062434629641698595,-46.86808720852488705727473249147296086333,-47.0673382585307230063047580342884160255,-47.85711302680345308433567770304458995696,-49.9273461187550146124700535757843148109,-50.49846470177365621031071427481827715413,-49.50918689361641163447837104241140177208,-50,-50.90734775721734043871033401147160577543,-48.53272445582005645628342413813630148307,-48.68463974506177116081071673008006874121,-50.10990228911785756353136224359829519067,-49.03718638540504172742126075406583348766,-49.0630250306762336098052724709160140356,-46.75866044393868565865219091159063205685,-47.16280167780668081503854750645167951031,-46.84696534639594595868240301705433708072,-45.54259935806297419617408366581794396247,-47.28291269523527599701968087070695289325,-48.0848792796731349883349890579551111528,-48.020792242373144614612825988302887376,-49.32814955971768813501465154039974245144,-50.16467050058915799086165180578657247174,-51.08158409524053281502298360208868010506,-50.82047403624501275331960742839170266292,-51.50323192324416198424605842766327487799,-50.02618700676824153234269678133166016292,-47.05035834820334771703106015010525001669,-47.15352426844640992859586381255119983478,-49.36742514318740294440405678940452102784,-47.92622547011227634124141258776289319571,-47.63891549193083138808866322653204546175,-47.80198547775426819174461058143958906314,-45.89665127596400713455351852809861087561,-45.89103673882452333411822465598475624287,-45.80098627893504168992199418278032517662,-45.81776249978563361302149203370182462022,-48.10217202042508092447182566402138140628,-48.46379821849889136086412288004421818953,-48.60756883952880003747084161357507747702,-50.11416261447762347073954165270598518514,-52.84061164459438579542820130095272778016,-52.48893505144643791695750077285856572074,-48.56547897622217941322292683466115552196,-47.6004790224811924347121893315421022186,-46.80319375237461065593831248618156699834,-49.13884987180632956716408258838814234582,-49.45518630880391766569548684143852633184,-49.28014282498471608055227636153339401213,-49.03945420820094143381994937063987586529,-46.223878956358258178730889740899103626,-44.54480979687032865474037478150917745049,-45.91359906663501754032578582657094373877,-47.92828487751790905967930598743018544515,-46.3142812023884613671311807804726387887,-49.67834539717836004157728407465767154526,-48.3308651526516414357942462845873712436,-51.54373635262477969661112597378900480409,-52.67333926456361591217910701876404946102,-51.64638571122791547501185973253999382064,-49.36622838911531450325783408273918462818,-49.86906456728762866884640940300190767295,-49.25210034977583825670142311828225231236,-48.60562437779755661265703756150099372435,-49.18788714460583473799661844294402761417,-49.52463519459797712992519860108072611498,-49.64574731162334051207069146813576157045,-45.77992321509227377784641317483151468725,-45.93517828579675403338726432091150286086,-45.4111797645765818797422103557219195535,-44.79337989237447878546903658343574866229,-46.03963388083100285222069160571700891238,-47.63671724134428802902744341554130606072,-47.81670754488671370393168436438536290191,-50.81305824368554526047052426341771919235,-52.61399634013458849877310201305207602039,-50.39757238094926166671631049978116217086,-50.01638777519592159829805680686634268684,-49.28045834627781322599352410289624459327,-48.30691954298185141977064242109015572484,-48.05540476387764862905849466966801083244,-48.18893824468094614606091674094846646384,-49.22308179955257453626784350190269314456,-49.92947390299155796677875309950866801081,-45.83611979427720537592539224860736386546,-48.14990181787443390815019228513710159315,-47.28974399995056644853773661306656287788,-48.66300425023922662398117211452727799298,-46.19312864731837324243674442588495750993,-49.50783155791822722587611855713623803308,-48.72195153836475237627817559460709931545,-49.28036452053439228224784903271425659845,-52.4057165546459998978509798651705034808,-50.1100190603734471393505964387950706699,-52.05514913649460293495319390348006655042,-50.33045701811087744284123889761793541876,-49.85347815318671817678346425555450867751,-48.47662352450232980560800715571720172929,-49.02931007404373423747974217234504598489,-49.04798318887075636260304781313554557699,-48.16830159273556815772032336361016174716,-46.76209796739982531503861486612743207881,-47.06011381034600565896704069872469412925,-49.1787460130394933668317074915600835462,-49.22142131383850652915054512905506499872,-47.50438367393838780757003847594701843711,-50.09977119986512506686605995313916389935,-50.80964250240038341902061310401946085924,-51.23159823954133851534663653083295927589,-51.22458986291886206006740214170644359506,-49.55165539550760291910512603965607892488,-53.05804829326832528542579479873574756306,-49.22101648982569143150786511088713683282,-51.08208981809235816571612929369455367425,-48.8943829471800777209955925833258698062,-48.99437643129256545874142568518870201123,-49.13571224503108143510216164737905403378,-49.74789744597225861949237009463328340076,-46.25131643537326407982414947845965163662,-46.37477368326814850350819677107645715702,-48.14523336355078036266082307720913766781,-48.39021738890087620745177165613561844432,-49.11425284913296928339321859657594907821,-49.35021461288284383513751803674279463997,-49.5425626494529858930244451355009788561,-52.20288431559265058817502992372734316565,-51.6553729611427692275176773819456646371,-48.22457818859917704429549602364137336963,-54.12056123845196716551480928457720173433,-53.78629468830150106758955911865085064103,-51.44401847248076066718111284255716064452,-50.62483956777954099363791700872279688409,-50.5432104106044841730380396871457542738,-49.57279260012021739198207441640731773964,-49.00557302823106417924932400197019208169,-47.26787391487691253912102121362672505775,-47.31566269992820039461180028262471752052,-47.01165050554060906421853202874948271383,-46.44110404506937508437891327872399257453,-47.59844535345357703594568577702206632416,-48.37259238156460133064121318470315329041,-51.00475339937687400507204449889279010417,-52.59380268918125093750944555793848450782,-52.68520213752322582512862913540811178682,-46.87916432086220598516524577003100132383,-55.48315825181004169265259798752029157366,-53.69698463885459327590366210418123412837,-52.55565664856953619695782442858718308316,-51.22139339126790570946982343193198097559,-51.0083531268290739038747366903226233458,-51.1905113421949598897135086891616859502,-49.79207584223096339868103624815092923876,-47.51044764286279834664815034443852097157,-50.2628544764266358886107788417195353028,-50.24819619735972857329251549451434587983,-48.52148323393986166187439640548804933125,-49.61265567064378700912869150854638856746,-50.3454136181797724181480006722385780948,-50.34523036073101655148559213342152142785,-50.76626069994332465491401975737932172189,-52.76057034671106550672688476634883956691,-46.8634177457518460307817471920545333114,-53.95586595677643610173707543492971504796,-54.36669976477283951547994756146249549726,-52.5831236144411385586434199415252865686,-53.12782955427055062610968254930262538182,-52.31268125682822957501400964541197834986,-51.55313587401771601242655012629427750358,-51.70019384026562853097687089235914884477,-48.43078456749875754551054961556004036719,-50.01102413196031369666746620812279325455,-52.34871123593164941377063843460638049784,-52.33795378462012549173506392607764192007,-52.7712217832552578927794890109552401853,-52.00623697476328992756774583165067393147,-50.17389092460373045652160806614127714488,