{"chunk_id":3758,"map_id":1,"chunk_size":100,"chunk_segments":16,"vertex_count":289,"x":-100,"y":1600,"vertices":[-50,-49.64475363682579078598727177748779227018,-50.65674022737868516427478946016525144699,-49.25825609854938839520816304982439733258,-48.88459909203472246049574158410192594241,-50.70150847515970848681423323033687271163,-50.79861775209572768334887295205377450434,-51.45487762423199301013935270954128425381,-51.77277078656634162049156487665363107977,-51.79889829462557105596622989930491774609,-51.32631619240684225307094208768703485145,-50.34750011678713417402846284704024496834,-48.82106078738444756062616774081251419037,-50.20716915088204828049716279556479756227,-50.74823934344027965353175744944161561001,-50.39700641847762067908099590064832611679,-50,-49.02628783670759277384478444887180014124,-51.45515328578654278518211642466600021721,-51.62589772951813020937789263262601535388,-50.28198872630429424045453229173857443971,-49.33575855124314010331535585369192824107,-50.87432821124128065676467703302047242695,-52.3250210442452908883910740103271383031,-51.75288802096667288494911632095128574004,-52.48012779918043975043021609032214390846,-51.00294455352694065755256345397037489392,-50.33912761277477215998139945483381148698,-49.98249656388498063583207630148518394719,-46.85418571090143202813326636170633805621,-47.69254481631137809355802599756526034823,-48.72576554694990003832316621540322823946,-48.91804077774002159825209991285117272163,-51.09104640429715995011773175945409822913,-49.81928938659989267964235163788320930301,-51.08227933460402032644191751223413829498,-52.63468987336056561590238932565988786527,-51.80834418340423420222989399657961433506,-51.44810564049997258677679423064957747182,-51.36937187224312169868536675004708452027,-52.321875031925867752464315152819802027,-49.55974999594570744969909921225063260376,-51.79680296609599067173501830128481324722,-49.64937202025457711333957068725419842059,-48.36844623820467521547799221938559623776,-48.14080448721259304953852206205130231737,-45.81570139037373301936515556112160132125,-46.77283484412806969991649653747260975862,-46.66027620190546040960854391737713332705,-48.73932421801339913948085057700004320123,-51.42134568033918093009343981565152580847,-51.11002496145940494146164341485096269449,-50.76958000225374197832063691893154398406,-52.37841292131102586652791956296862556839,-50.805097602339094850448915739324562356,-51.5398713703963551093515871786602737373,-51.24378053815278992746655498432898545637,-51.28156558869755237032480196322067870816,-49.09337886830277871806699048744915926716,-49.70144656085111217886329377377879110735,-49.13147401586006594232634790808179698344,-46.8065206232729486498808808481871398973,-47.12424964512210868043740637823402385635,-44.82082413489240153417030401843530665294,-47.50371760103222136163015023801238183288,-48.29690802830322058271350151437564824378,-49.87749089027966374479331002195304667197,-50.68963254096229065459719220399872481595,-51.00187047942315274035859850581145588102,-50.86717094004258095432372783041196943377,-50.5090868090740934058305319299654911962,-51.08357998740530652058909694395633495895,-51.06807152094097358445601259939980269953,-50.37467011988835275497670878117051913097,-50.50421840881675133373863753139595602503,-50.21545136981335321946064089158730483353,-49.36658147516885947427458131684632364763,-49.41471962494962794914693358412745047954,-47.8786740707875827664911201081711869988,-45.54881341003578882347312203736640231799,-45.04677267636355912275502733583999499282,-45.96183956865027793865344666745356885729,-47.49404024507236088391284443610553161026,-50.44616696216789404397798183651338133406,-51.63492013595674349664367610123027049802,-51.63113353023480402585502495250416164132,-47.92167813662053894388103448014030294507,-50.45667821654573005608876976808955898369,-49.28213645068607997903503869030486175357,-48.38043392330045404412927224161497798275,-49.26890339481750773119122190429504052037,-48.72966347764701607546481909656296727098,-49.18945537292527366911943360857783438674,-48.27168455650110206488123710715027052045,-46.31878182623565276639195822383488651882,-46.78808162132950540990843742109311483762,-44.08208220347050361618353094903924242848,-46.08680749932445092879732477487993477119,-46.17648240761372925717228318702902852074,-48.34211827245105100221168347958505532662,-49.34428537889139806736653670335281494899,-51.19596692966102585959239980891734722525,-51.02864454149737728830998392712109696797,-47.81875081738462334057189675389018817155,-49.24231771334412769873295645621254426211,-48.51127965199979746437415807750658380686,-45.91246756813298822254181339709634732491,-46.60402339433630756064842484436608943073,-45.46680260820117904205492243201144053625,-46.46614912009198931352362714289750814717,-46.04298469586160945840315035716998411503,-46.49653383523032455527543454693249185729,-45.40576915523351149785550533043373386238,-44.09577679418939734381381120164819533366,-45.71830433806001896005857364837182525967,-48.14667271994176174449730513323035417483,-50.47840335184224398670714735834862812953,-50.3839635430681381748952626061434018155,-49.64777694132666875384916325670990334674,-50.71182747317950952238833064753148080109,-48.43739810726421536358295236731489233331,-47.5732781877955748983887042382616037383,-45.25224859488616960021174214583054188195,-44.92146164432229811006869159180473014672,-43.81144402466887150526797780415863541746,-44.72339103962713719675332022631452757621,-43.2034904841332458902069105890325743632,-43.8582371452893255574496980791997496334,-46.23447980437046280710595166401489998123,-46.25319816756789169544752715435521753381,-46.11374040871626375668382131790851133791,-46.02278990531668667155633561567741810106,-46.832909701678597208929349783080435486,-48.79166755829987888129082925030533685645,-49.11429182528305627262923256421640025501,-49.11769909078474695550029022166002432301,-49.50401974446054323483142244722635106785,-47.13317163577703686905564795970599730925,-46.80427566262291803104076889659140238822,-44.88263440112884260371344289842699642094,-43.408212814304058874180025571235889946,-41.95384111977236835878450059408927306273,-41.55596460665897097994007012480881798553,-41.22762180283630231814869054934786159943,-42.58822330626405310045214684677948664345,-44.85686225582772775595484114435172093635,-46.60494269873766268477053769997716274072,-47.9476729979854299364817850276546414624,-47.53843857379157804349483843259935108852,-48.29751284821752612363281615618794894059,-47.58835677036983455407951119985486253786,-48.99645407902458987160635943269921857129,-48.84722967179745329897131154290824032867,-49.34409116567136609526272905810369615358,-47.39252726184238322553558350994006025229,-48.38284841964670022849218706983562351337,-47.20351294432987047370958673280788194418,-45.65603828140122086605764325991480918212,-46.14698345885087368461600467015223959689,-44.2422925044479195102593028564747859689,-44.85804972989999801288588335917771582549,-43.98237889115604793615308393834030604922,-46.76940063546029925853049061135674853192,-46.06738347568251984624036667430867924976,-44.8600270766753967589201828548086445275,-48.10938211570763655801247414258578552858,-48.04611396152937487101233551619176160925,-47.99935600779861475312290549987300925088,-46.76569147838971553533181109525062177925,-49.23284729549647624248723887726745623376,-49.42420368526827960611881806724366949744,-48.61746721519656807229911332416558472498,-49.85032761672588216307391270380757526461,-48.88953345230956740627141246824935094024,-47.7379393772599858665927246231264272445,-46.99718051347469727593069137438687498273,-47.8421210445715370266703326893523724992,-46.75090932102222845836562050587264401072,-46.7431323782989673712014829162231218696,-45.96207531824478380431328237865637225251,-46.04209215991504719206536032719949673948,-46.65220103936795873291843267411002435558,-46.90802778524432060324240978975258373376,-48.48792136713414506942958651254318470305,-48.2456068886082557669274261645350263575,