{"chunk_id":3220,"map_id":1,"chunk_size":100,"chunk_segments":16,"vertex_count":289,"x":-2100,"y":1600,"vertices":[-50,-49.93438153935900788279060274274564939657,-50.96687950884489783270433021869702547134,-50.80770681603152364690481484498560125139,-49.51406652219801777801067162348459626228,-50.45992668779074645103992566741409796696,-51.7625299074071481911430451464099023838,-52.06964415416962503043869700422835465486,-52.16390328350105100157250028018982569035,-52.2569676870213416308865474561987049238,-51.4255224277350987003445681180364596057,-50.96529914769688326903972515932735014231,-50.62331357512716256087857566499899879043,-49.80087861813673725272815523412874297055,-50.10300883059520693314042227540560179761,-49.39808502286720455482302539958940765535,-50,-50.24175545732718513953703896427053387602,-49.26255753416891528933060513359489628188,-49.12895724778289806554969516648519828787,-49.47084051062980545937267099103667529604,-48.49470476777481683421010365604224177663,-49.66183889069330650123844627454899248302,-51.98468316631994754372489815966188942185,-50.77568329755950393749179680211978102025,-52.3077289040721576785895297685131396288,-51.88033929865852095148559091540140748403,-52.39120425391345799565989981655419303772,-50.56918869414945496428138479921312505942,-50.30258470083055119819448687622249476564,-51.32102761203821684590987847406833696759,-49.74565592843616229149291455623004246274,-49.25293126875255140693929570002887943854,-49.76360242671215535192165894613741959386,-50.65202108461777855161642239123164795034,-49.36411859677169880984542572833003276848,-47.90338567625938711483238501916554172228,-47.6805869289345916532350710103180005082,-49.30373235082836142008038089648954245345,-51.2809648836723057818120582910522215196,-51.57192245654707693978352346825348621924,-52.31452183157391459089144303472032746495,-51.85522029712665301529857441036060038154,-51.93200738604143618827844894441488792651,-52.97537803447775444669525318843170703418,-51.46867971439627535084628599717995133501,-49.18343572930778912821407963701265500853,-50.09738916580124763907300874151700345955,-49.63643516646793304224060648668334656127,-50.54378548593789277583833308919045859425,-50.56338590907899672369052540825818173204,-51.34244965597802873995929793509602785294,-48.29474449777804313888061467709642493847,-49.38786327667080116525998858024234731972,-47.61761144214342377682921305004021812942,-48.16751540930873451984572045944499141767,-47.98016272466019461087521338531063672983,-49.75530837043066079209184824766037400691,-51.23544216687100735640311253528058666063,-50.83647851686196838572458904185092946867,-50.06120130593427925519052589117814985577,-49.99345357754658777044259741728980789257,-49.14535883168147095334979552460647286009,-49.57321971916166430548453766018095066415,-51.10018891592412382811986170363639727433,-50.34082378669513076092364782217916935416,-51.86050688526077517729987399779097540533,-50.97997893701907438848362332243290338563,-50.6881389437625271137052023876933081176,-50.28245487395065504697382774181493245435,-49.22102326965938640282283405184688961362,-48.40282747108848293928230061026855492603,-47.79021680490667504008404271282841413206,-48.59460756202468262079095284040843717776,-50.28046003237903341652821459186182939624,-50.81466215549156564499890282598503590773,-50.01295745583174315245851008951767042793,-50.87147509526597873433888039989791060425,-50.02456631570394008025007920184276287234,-50.18918185134718308478679582643675961087,-49.65191258018745981371773698720780808407,-49.62029743372179746546190255981681270874,-49.64308561557391484132452395555641209911,-50.18482903066502214602809938070818787353,-50.76979953528156521514745157961738233263,-50.88431659998991999395221935607162254519,-49.57475239106327742028004824496293394078,-49.87561900114487603618551765437807329761,-50.24290905419376924764729371616440240098,-47.78653055148696266858047455914528308853,-46.79896606163457427035213038534348900395,-48.39720543929876329411423515079071141716,-47.13547394894229379086203930794695449279,-47.99102180069375234461067471100773940016,-48.5124765728555268315714242351235890484,-48.94061050331194984609330621290138749961,-48.46112604302314743672829725190933245447,-50.09508118831988666171857580391088123974,-49.84024192443911020883168143214395802752,-49.50416080779138547161545712741498886651,-49.68811784089877448008930258663402484755,-49.43188076149786111627775642754547729903,-51.54669831546435831886089985410071461443,-51.24883180447146105661105592709974426974,-49.11146795661744700916441115466613989164,-48.84207706335884083096689602818610629524,-48.96672099894628989272342412955927315092,-47.45679425051755528432123795496881604226,-45.7425926492158421239514818735195814231,-46.57111675820679642537600569884730559642,-47.2433157809655036275817949304022627022,-47.13986817401441870012029346159637109549,-46.44088563285224326019123584963127358819,-47.66587949576926662256784594988897598308,-49.50870505723853366402595985134682417056,-49.08937927179973668870158207368478235871,-48.80538948378643115864090034040484199308,-49.09916895662436081802976144200980855728,-48.77887651117823238450469866782110443123,-51.52574041322551806071743301787202314192,-49.66270422283252944295644810628151166573,-50.12912089294844925972431728419354983393,-49.19994087883785387263688202865591189326,-47.85663202248988881027306292221900083012,-46.6053669840101885768354720164903531652,-45.60185735752163667290648386085040980955,-48.4026010410399198115410102623725156909,-47.602515463813775562134338273145571232,-45.74761270145453438244587147769523627448,-47.19784077348295797044602249706897170972,-48.49994045085399018219647237148280298873,-48.44266933320953192673924848487119915006,-47.83136002246891832324505003304064193184,-47.26518238451054074561118020724354573118,-48.35389117696847191205617854388885855194,-48.1896803906038974625155659122502848642,-49.96027808309411575084944250467852105203,-49.6908849412836695555901266474461157207,-49.13450289218591871707635790356033875194,-49.88484125174468484170230549484075250479,-51.12294472056471828107780927283846432058,-50.11384703200597334613874484570895380272,-50.58317655174384412702247912098653497325,-48.64192426309193020448147856425977837674,-46.94304588590878247590127476547544681365,-45.84186487648137314586610386579428453808,-45.91657527427535203122547561285452284816,-45.00947254655324285308529407170969202228,-45.31242447351319812444303679852859008585,-44.70866113269673012969097947543669814785,-45.24428220504532118521825377651241113903,-46.67873150594982300626608442403036852563,-49.09239138725660547556845461856921629714,-50.64653969855269061387773317042989129474,-50.93130124406413513622322027055095275535,-50.41234720766565495879413871915273688393,-52.09174965135305591567545395693878720887,-51.68869659804566845907717889441367670019,-49.27347607508964150893074786066790246428,-48.80139376980365862282018950701815051345,-49.66725393491602093254643876987494594758,-47.14272033221755602024504241809788028109,-48.12449954415828928017057633794561035443,-48.35922584999672638643522256766879382453,-47.95201300692936344985007776362978179131,-46.65369517173992768893406830020462407955,-47.35299685828416795217111372428131351537,-45.93338601396461785824577641897916547688,-46.56750474457406193444148606570204173749,-50.08295637797599836942052731310663193869,-50.71743427773878729184343525721631063309,-51.88606856494094959189874899631862687829,-51.30053330270596667558808657183339514316,-51.58803712156617970255529342446143871537,-50.96943394788503675004781532895954357684,-49.46337972638492526357021527847031777757,-48.11677556435374353209795704752767077538,-47.68975755772990283607175958729268243701,-48.89684744306613674715782821964616176019,-48.53655088534950436218816777314547212171,-48.91222654422601749927397752151774201611,-48.24976173015930067691325471512704755695,-47.04077063234806854235563326454755122625,-46.66093617015171090628462098125794291434,-47.82268544750581421806519871144181620304,