{"chunk_id":3884,"map_id":1,"chunk_size":100,"chunk_segments":16,"vertex_count":289,"x":800,"y":1800,"vertices":[-50,-50.08039906020984549296917666720079437645,-49.69402872919137580668656412683737944983,-50.72333599587593095116442969333837947166,-50.03282353959901032516230184054726504882,-51.36271816135478723104597564444967298445,-52.38126872747087780526117044275121819079,-52.96768421328528984721271366584186078305,-52.96849137980291737221542736307842899471,-51.74554071685273764800487525110079413338,-51.21564628541054091730068022742268918172,-49.94242116747614949589476731275190478602,-49.58568791732005472711268402596255567398,-48.71236527112687105824551495320085634434,-48.39304957869556880691567240477538596313,-49.59475008469342111197604316149486998315,-50,-49.86606133093367735510178351350027367852,-50.6095829003341237833060505420948756479,-48.15194968751563648396382187025314627826,-48.03749095901443863311861170643838147738,-49.94531753777970509244245603098899959234,-48.60524265025741929644575717988146348007,-51.22372653868696195794329519544805574099,-52.51695105034589659658242790415204829714,-51.49353074418465717408796802022578468942,-50.42234756674179725908611010794096077223,-51.75477085417574539287910673422980984126,-48.94215015756473977018893662111447300705,-48.52152611369617981678248715705622618415,-48.50310341531644707333006476771401068459,-50.14009152144957058558691723399934969665,-48.77639772637610212627116778028805865351,-48.93469596816859559217716930543539514242,-50.55922216915673836620183880456937954674,-49.66398216273532570223441010350097156334,-48.07727922784116248725301840792095546471,-47.22469883779252881369479927890977246312,-49.42172006395190531907187982413655603372,-49.83240259402462311117151436479410203244,-48.84765155886767048076238466775224496432,-49.16661139077856950677521768456622278787,-48.23694586435291490317836871016943989576,-48.64314581924406456773202153169222390744,-50.69004149735124790193182077298315518463,-49.45740161676015296618687493674317015108,-48.26845638321709986888903008009690523632,-48.96086814463331497276837073419076258259,-51.29674658327279591274980695695245879085,-49.9319574271296659582022385589830739029,-49.46533688171562150585249203185294769113,-49.47928672582353473392978413149374095214,-48.32844400468051649919769772851724577048,-47.91427219113712469131203318474564651396,-48.74114232133118447258465089157634600591,-48.07632712035694858473380005094908446738,-49.55707905128477324549091834498532312109,-47.98159365315706337151064000334126520833,-49.33684828052420770340460318818642534559,-47.62742135735263242345334712676410398531,-48.14130441337067555855061804103420607362,-48.76772052454632119158046932951606218043,-48.47578469729359724518983541839108274051,-48.42163101356381473217086234640771509251,-50.90547598289958532037043654329912713465,-50.30092036384592073150024771867649720049,-49.99404418306132174335007160291993937524,-49.8510143415027824857365380838766482713,-48.68698904590930730737230785595173805054,-48.0096481747987280611329960649847890845,-46.71874397869933729426713194682728559648,-47.38134199434528880439208571082080123958,-47.51191860542086115860766268394853667493,-48.31142687272687793056904378973555614955,-48.85872475097130176129970615368008577567,-48.4791695480366318996716176200599912728,-46.14422861410713892813975545676520879894,-46.20240956324114016432739621773044372146,-47.22538887674934313833549521146988028909,-47.57880896047625615021458498671625160005,-47.74074331608307146230411216934153169794,-49.62690188133637573414672682236060967381,-50.00298137723322956772795795602286623403,-50.94604321756571784467130160795977241069,-52.01092359187176623371802981171040257881,-47.41280354678258411525201485495374070808,-49.14333173461509710962223707022949878132,-48.57427728734199227090490159482631011168,-47.41140698789709197282353171370640189103,-48.03500997017717205457638150308533580068,-47.91674541695026557591299346742489367164,-47.39886885449132158107384838929438203024,-48.4377215685568227122506008314876735415,-44.67146979896907947134801727129912121765,-45.21216940587613812026683616596213168377,-47.25483851748851850556755644307974046738,-49.06201422000338359295678112901067280463,-48.84681845446866295438088691716830598493,-49.40382669739360224914026981087876033146,-50.76767600010820775696728298946195580045,-50.9083412009455444307542949104340635222,-52.50092892363560870333250056705355973832,-47.78529466307221065864328912144570132139,-49.96115619085908654817841419370817499343,-50.04892768907134831553792968555287436394,-49.52593178647139486053162973620979146653,-47.35146137229714375414578955365177968509,-47.8532498584097087673153736694908003376,-46.59956984557258195583327843033829373627,-47.67934255227387132090398229125089331101,-44.51776119891090617892414985538295868627,-46.16553877872741471386256718879754257916,-48.00067086777609321755480423182212910528,-46.65930407637791471614549376080684345273,-48.14312117905052478570462960796143436269,-50.11340868899092449275185200623738454152,-51.36426106050218264646380604762225555432,-51.86280216802406882123178056830663776261,-51.69598860390554989065455460695264151391,-47.43407965182118564818720369773026840423,-50.39675011536789825511799707533044426428,-50.03547710035634886362717859895633058897,-49.90793768559970589689282334684097359282,-48.05013442347378329522340924834175861306,-46.40879281141219641208336458139761023712,-46.18205012925895452412544738004368962771,-46.30211043509242910651008706221294483492,-44.44085718964864353827773237920450893905,-45.53576163972794838491350092274674774044,-46.83788354601926194399474316720888254302,-48.20133341414633599377299559376636524918,-47.13488298436118710071494557562780295494,-49.54744360828933700413854452524981122066,-48.96589762541287599363281901372232692918,-49.88450025709523947022024206757561915064,-50.09994674183463013555461017120236046717,-47.07707798945789625443147932167965253677,-48.51717086413495669375273147103376411761,-46.98796903726768590977025351720610288821,-46.82931730306825984690180009886289926324,-44.96741678966790126890793472207017796287,-45.65526150252005783365471232215442808598,-45.00500027667599952808276659968119418755,-45.31559639931306956579352705001953752563,-43.90764866410540551406918851675792987215,-44.63061199512426281008232068590445289095,-44.11819561997973509553522403031582116595,-44.98823585345572343635936511002824735595,-45.61440097150928729654900415199916593439,-46.88797642382379077384246241636844496467,-46.42665878789381221825533702234212305067,-48.09449472137775440212428988479442618576,-49.33392394278563226154589204288997296762,-46.8106944347056750823102062405711456145,-48.69445270905695036416067462692881207283,-48.6353586923294591902459445663520465363,-47.47880037209315459832280365078421902843,-45.45141694655998842892317564467607923027,-45.33270802685586499639823536127663486797,-45.74187398763959655662186313568024304729,-44.74890951058364122132482474303424293047,-43.74440577818817509441119568242023595897,-44.53073131383015653090502450439739827336,-45.5610984481329980366590542032506270217,-45.80559343180090490611134790361242652287,-48.0089540585117564108556263416296811168,-48.81969395534659462665808760686780575877,-48.53915070387029638414382624802606312611,-47.98394740121210796610400442171469473202,-50.07849524634012625779594594149443869973,-46.8072435403211144848233798581161626232,-49.05233648883938554707079167523769750902,-49.17694959091319192758020672444424263563,-46.19316293753288549554906940350297917085,-46.03927857774674903095433849416244246976,-46.82461843871682981021364036625818788613,-47.16617654348477186293044389040461769618,-46.40377797984448491423619695725350442701,-43.04286136684188090310582296554603914648,-46.34347038388924393875479545834397685122,-48.50055819427346068645865873150402846878,-49.36991640535570058615781731169571422409,-48.75852983682414530180903586384563471127,-50.04408901885775528910187888087124601577,-50.04242233889728416518124078636928066597,