{"chunk_id":3659,"map_id":1,"chunk_size":100,"chunk_segments":16,"vertex_count":289,"x":-1100,"y":100,"vertices":[-50,-48.70141349205551178064740970355648533503,-47.83902389374433988714226529076868562216,-49.17233985611495128193676101512149958352,-48.64901256731503939458002964354792381327,-47.51061405083792431608717913794039237547,-46.90165157152820253996375815736433779969,-47.29361762298608684840243727769092187206,-45.98353012814951433527798965567141024271,-46.89620291947948862839533259804187298607,-46.94409552288497017792507544933191137799,-46.93557674902748998267515949413339254493,-47.59851814874372895186046788807176830269,-48.612308692452846161836945829701434178,-49.80470999599074024109195008937928688472,-50.16191548788050657654418425439051361131,-50,-48.52774936226753407786172860110979358264,-48.64565978639792259319252394430823547035,-47.90577925115603757231412945171506331541,-47.91473334094258817573562499542202927386,-48.86686690154616758691636699120518072002,-47.28230560191827733128354408024076764408,-46.30586018615378887190933286745855570151,-46.92050039637255150377959770718941941057,-45.41149939154569616918486845145866212604,-46.80128012756435971259584457675435382669,-46.73330093099137774220908713685435044857,-46.57973746819995141002457021701090245245,-46.04852042563125623966548897447947733814,-47.98114280251023869375636774739134985588,-47.32445546299001894697228444092366378415,-49.21762775265185053351958396685685705023,-49.19301154553852034856646076828023867929,-48.3772614462420184390547618489110513197,-50.10024863414362372159053585074916660526,-49.39164115953075176981184060660223473874,-48.71097506366175894443584810886054537832,-47.44188516608843297680700125087801465549,-46.43701957756593040464034675884097895164,-46.59575007478572893506070261628291848594,-45.58335643766633280337182737099092769578,-45.57769849180833371376713135988430913939,-45.93391590868901533176228364314633415775,-45.48036505267233598295064213856576026044,-45.64446840156710656164879656255817492807,-45.05819227478796557462602433136287522591,-46.16029578993061736884604505679995336922,-46.37809024172389973631678128150795520945,-48.38281033744505474161480960717349110874,-49.95281839242936016804267367473889779748,-48.54862857976426895248954779023872544283,-48.19114479420479665227290674434451046377,-49.67842330749744357277727494172052390772,-47.54306878832423764657038786386988452603,-47.25702014023221872049102732774797052045,-48.29371898285857138641323420868215101931,-45.63549159001963553983055505575511912613,-46.99034028295978637219092058506823992201,-45.50482959383765412392210489574795444983,-45.36488346951166100649176207832680538756,-44.06141921863360134445591284499031315972,-45.85344999394555066489132433994315867491,-44.90399069030092739074637556989822288832,-44.38537363675968722382124104267476266906,-46.21290048542849696921813879969159383165,-48.15921298989074865427188066293465877207,-50.09136684962275447168081222040284565213,-49.35090759350821740589832967982885728481,-49.44259173564165613160372551152875527854,-49.84208875614396072098355000562673849718,-50.0963994729456211801891022563288700329,-48.98063019099388632162529499481975377401,-47.16783826790528343532134849261342604671,-47.00727865980551680571275943745761675598,-46.51199522184140627749875114427034103668,-46.01577496159964837427666249863976912699,-45.63983031604513620206312269710659727769,-44.10441335171488760169872268191791060424,-44.44378112945916660568189183843037566286,-44.93685055464056678473838668408936222957,-46.88091718188256017230200436165703094784,-47.65386546961220581960709090617606221526,-47.30745798809815870370890866779181241513,-48.35595527767953550353580277218664420697,-49.97272173483854635798897949860137600147,-50.42136079332186717501090568824561450974,-50.93329224476338765144457114388656188991,-48.41619551838387740893567486403953644251,-49.40596725259024547565052414393178229466,-47.35334478650358337846809661373112923279,-47.21656702500235643509341305311429204297,-45.51794934929975707261594222148482893182,-45.55978667661723878782067428601855187621,-46.7476958543526792704806511763050914082,-46.61443954031649208173216908264310453987,-44.80584821307458934651863220850484587953,-45.14985713981481745666187829486116200155,-46.50385585337335765999343312103119138037,-46.32199371833073286269074472766555148245,-47.84716119328825532414131239868003543781,-48.05528822669806994327852648696962131541,-49.43882017356955996308898465203241133197,-51.44280140603350665889618051592489159409,-50.53564603230495277822079210466788907556,-48.21126490545242000449096787755653943111,-48.63065954778180491805828357647188619398,-47.82221158828799083007362450496486053145,-47.88052488985829089152582924889130620727,-44.64081583741018468263400318058736210838,-46.34760214937167545238286035971078799992,-47.96895800777515301312762058558458016951,-48.09730632561332914171952591405488043693,-47.30790126554071411186807024631712592852,-46.51653350496035085436401574263017591065,-47.15914586718769536008826892605026542041,-46.33431922054270552477905260597521477782,-48.72570426002976576950022474280058213339,-49.1881619214679055779692167262500759056,-48.86762695750595705958018403950845771948,-52.05761436341102470816492165762790657494,-48.45251586954413803002478361760916649125,-47.52606502974410086928485014566387236015,-47.07941751625485037376284689489783180897,-45.68277846957050388836042062411864536132,-46.57947020456453970045965104682340923048,-46.05532641723837699400150146568367177401,-45.10090885929810436321565431816715277294,-45.4783599693250976697594470532439996604,-46.34165908675904820484270147003302268047,-45.21450003355329806103238197374863011098,-46.68469108790396781018869399260459624037,-46.27165944074895529083128094169957202488,-46.46066451835628211116160614456916956353,-46.4744837941185179822840762816970521056,-49.3930415309898238384271520936748537638,-49.42087103392171442221517034692149738724,-51.33976596740978803449959181130258822384,-50.6993897479206473965086861338103081628,-50.94316524681856071381188514067126269173,-49.43973952799839454498618386143909533532,-48.25599827322724761539479234755685055885,-46.1027759997051771854820148479583035188,-44.42828749154091204986986424600299902484,-44.23695330302881103850957317141074794935,-45.50643020474844198133590248866179660041,-46.55513814222139089732370364898475636827,-47.45755660176121923054506239275910185001,-46.87282192985956199130871991807206735285,-46.33158205311798096639257297273120499127,-47.2358735932944582894201948533862970497,-47.62549050083212214982438088708806241433,-49.21361371432665026544212416848719075765,-50.47755066023862709384350624996828551489,-53.34221845787480377684362361494529314301,-52.29759922147282714466860988428901740578,-48.80829460922656751087544521873510214181,-49.21560419822890309438825363074534912341,-46.44371311854088851955193710981263092932,-46.16138547167132807798293014667782155588,-46.49851668969578879161511886231520714329,-45.34909206780306404298023348958264513963,-47.54285335952971214100581951178909188746,-47.67807050357377518481959902053222848185,-47.398774725867184684398592892365523853,-47.35883443025025579004808966173371893422,-46.68738899283046267740313774320987817482,-46.23988711017212839407549987756068471765,-49.56873994577170397951212680938220620277,-49.88346619052474877013297321362267827528,-49.88807963509081312188183718745186272354,-51.48221391095521233281216414728068346316,-52.31955406281566338850752040823339020199,-50.58132860930088957957524326604498410506,-48.58122274912610126918670498027780546123,-46.44428640910254938416365886566926988762,-46.23256347923390766439208332498581368048,-46.27728429227336585556214834830309766712,-46.78252755098016313405898513457643943012,-47.46140261844937303830227892550817399168,-46.91827069455626445092816433460069567287,-46.33899113338363753752874138025038733552,-46.52540691156279591697731101936415995504,-46.2937776181686797882026451772972485652,-47.01842687073163623084083041391955998032,