{"chunk_id":3548,"map_id":1,"chunk_size":100,"chunk_segments":16,"vertex_count":289,"x":-1900,"y":600,"vertices":[-50,-51.19260122778368808524924398762743450052,-50.65958197124406587420585313073816357706,-50.44204201393203017684641074353442727429,-49.34662433724424200566581692898910787349,-48.14927960680952256630962775498981166024,-46.23561582887287194464776486153474920053,-46.42937629232468934736989125903616671604,-46.31184148055461345763529658784795110217,-45.89045856181165096128204301334889678014,-44.7925054722032667447830414168648761678,-44.43894944168605015471625918635540494956,-46.02142350970628967196004254132082699385,-47.70436636921769694750391233481136029172,-47.65805676374394572036568522710540592376,-48.79403476545741081761370215208632993337,-50,-48.33477088529792020545048855365479233896,-49.61331720359969725395616706838027715632,-51.60032923327573496455989329388897029817,-50.42254445728424680858545216634459207152,-51.08617220597642869797815655650022668859,-47.99178522604176260306820870919219396495,-47.20675651349426710139576146236505410279,-46.19539623980013501642142419265806561386,-46.74007705915047867735543553177842535701,-45.34645249808718175186130575785512236256,-47.88576725852847455917532265046869537008,-45.26988280126071551432710846102427000371,-47.08540647797470103713091573292944829019,-45.83214559220173426631863447480314253263,-46.73090233282720066741396327710219274083,-48.69727410114898122940454522148652093238,-49.28181624743128211835502609685717267882,-46.83391966350604924394921376102398716247,-52.21857067627291955744468840847421957785,-51.99642070701035253503132164095500392198,-51.1456087065342902506674760608821590927,-51.24555872006865935617616995385030923301,-48.65936851046238694538448655575369900974,-46.73650610133260607833262649150670666294,-47.64261714857275100376378570849192417976,-45.83661445997342075368312768540029962625,-48.27874036615752103212931399787493570279,-49.39817216825005614340676590214928729869,-48.2692447235242425518168361613525757945,-49.23391004914080126756169849026446922364,-48.2821878806750630415790858406154159323,-45.79296636164627079429970450620772692383,-46.95588762842206762644724698825651647415,-49.84753697818072200800677123759967749489,-46.54752761871635674085801574763808446842,-51.45272937146062358828875145430483960854,-52.67547989964063423677658844695054710112,-52.58424432261061517087567694747980210291,-52.51392814294198015648427590565634350752,-50.62834654814994770715177752869323520205,-47.80801421318217757954998862333309006398,-46.58752264866643035035373938490514503067,-44.95954617905705158279022425798614825835,-49.07438650431572737797652022387202015573,-49.51733130198116318385857383016613705184,-49.92292638190374716475250862007515922075,-49.02109117431919602201783664690582355461,-49.08685975401631452131709303708343997686,-47.83366638804095369804813316780348626019,-46.64384084322755067974648803467325702794,-48.04966117656084416344374632624435735599,-46.04001642888753214103455034384842029184,-50.91748259098352788735411743018782533729,-50.9577018599867655647774207261456409241,-51.35107751164073104155683107037011020748,-52.44198190397678491380846958981150319956,-52.38796697240721732648842711079980541617,-50.40022520294680120422221078397744325077,-48.48522183287425498519818606307966258833,-45.59495237917018696827540385695678811987,-46.56980913657405453081488862982666491566,-49.08774741276738008972529605890121863312,-50.04771266546888489632145160686538487907,-50.00044004193407909944563699255034251506,-49.88611317333604902705647795998649692216,-48.85453738043427591957375433825009318481,-48.99051681082790487681848883171042756849,-47.36183017981602669664518781841119077178,-45.38098442554460454022277086060327475783,-51.51614909262134713132953646516017730962,-51.89622220003370872808587317743308622863,-50.92253093623972353569111980329214939282,-51.00298276477612342540804939597671255456,-51.50213032037267466317155987745563609727,-50.31973254613171615325014444209001702688,-49.167063977038250788634268333738673517,-47.14496302347958109085016541923286790286,-45.62303367618113163266557961843034577005,-48.53089451296223479469309950577431507095,-49.41830691593647139047347584909824438703,-50.15797935888593290624668197559262440333,-49.59754558882435995493422703353959040509,-49.41325144981946114856716095004137268687,-47.14086417208973206209141565762823817445,-48.15843242481547158550861211578451485835,-45.04418926780932328977493323927954822973,-50.94126242080021672052231891238516126486,-52.66989550723769060371410929211713562584,-51.76365680683072362226166116396403226683,-50.94355180096052901824998499060490609052,-50.71207738816497382589692919037100654681,-48.96102851991786800226128930129630445923,-47.57690709247288753689012802966880322366,-47.31429862098678950328879727817744075539,-47.31326019157791858402419846417742668309,-46.85709097039900785358635926114232385736,-48.21216529176509513262612533029813979926,-49.24388330519474998777936572966306094979,-49.28397846540067285819663825477698646757,-50.65556764089179323919139978376372874772,-49.89674396527587220816294949222829997141,-47.69675197467388314094506966772926547808,-45.72014713228671215527649268629885101023,-51.50627730170635011910526177945935839065,-50.70459827291322342905991637408108306397,-49.18900611425646913668146665598222667709,-48.71059131583965784666677221434669824894,-49.64054191068507438757228113340004713436,-49.0582416414722820179413925562347239037,-48.87526739977882503790516711757697159031,-47.33109926444794586746705076108815335909,-49.29187694379603781512160957097272792401,-46.99715360575979887625902165919784867431,-47.59474102946944253527391981015841159312,-47.86149164337403318617785019078096436481,-48.37804990387135743868512290172081139577,-49.62715038995635524639883461534379758374,-48.9042086456899388047517261115696695426,-48.1846973612687663022521054684598254314,-46.83898879467413132682851976439926870812,-50.86886394855137017992478908071798128751,-50.68850562071984641420776059283467370559,-50.20482297882523060325133450897424902667,-48.57147160693141941321986295612701338305,-48.38332764027853972838975489123486576832,-47.02867090581031602210695130035527957175,-46.89781199611087508505961087317071284461,-47.78103026413460008662274718500838474615,-48.35160070878355775431350515951456718677,-47.25905987161015132778475133156782353336,-46.31009155629683196635690085374487389603,-46.2827408467236678560511958718017581459,-47.26524140928821127892726188595759223085,-48.6272680088408339767880665419250446355,-48.6732894262714496169004138138297444577,-48.82872100690361342114163957729696692846,-46.18476205062236711697319443021099498753,-48.84998284836378105631430241052207018145,-49.59324154675430353039594590554747242701,-50.58696593975303608952702383303027460122,-48.63118723888638058153515300703828321731,-46.43271133940839126282358636348894741228,-47.9975953690323907917124941841983481564,-47.30556297335631243015042214116923058498,-49.19489011585185531236950310771566046402,-47.81988971125382697334604336773775060506,-46.95295149446574442571566195331964117119,-46.99918067540093726422254461910858185092,-48.60741166184247452886226881788572204969,-46.28500043421484822296992715269947390457,-47.50977441944321196827477907908763302657,-49.78583909880813716451926994664531493759,-49.61849660126609469995924986755226004895,-46.85398754818235311851427712438511532877,-47.44611291677279083976132211987613449787,-47.56036076862517186309155201999561231665,-47.77361845661316700834018948355590153388,-48.33449027896509465739791579394828224781,-47.14035545202125157962248329159883764701,-47.41447727667830794719576655919782935483,-48.99479274442140494930681153369007525899,-50.26404776425211920772541591998213409997,-48.62162859912242290627913453027285718403,-46.90187909623626469420649150650790447159,-48.37865494306417953432484433636118560477,-49.22852941188008546655266586438558453163,-47.54059889736692884262792818969314054208,-46.24458910232777559193905208887702083349,