{"chunk_id":3587,"map_id":1,"chunk_size":100,"chunk_segments":16,"vertex_count":289,"x":-1600,"y":500,"vertices":[-50,-50.59708416965749432647595708267051373206,-50.67751931476692871115803839441742710131,-50.6402731105053251884038506775287082597,-49.13136461775870101608306217384793220352,-50.47144624562552084773653620638112481012,-51.77852145542474738181861269654872354022,-51.57302687012216000291605318652258734004,-51.51577967648331333501102991332649504178,-50.25417159269969566904415733947790691681,-49.52854627987373644587236458771616172184,-48.61291581560856196953854278965130780268,-48.99139358581231307805807262857561468671,-49.64341798982039222880183727137003279289,-49.65110155497963777518406588762882041558,-48.85457401053258121522034057671510583686,-50,-49.16020856604408526169359662407853983683,-50.60605641886042897703907923710594495663,-52.2989784424612722385874439274063056,-52.11583810010076581385685845539243444986,-48.55401835954397834555910075534454771252,-48.792074874678897868545869680228848782,-48.66807910126308107510132044214874423057,-49.16988949055994208921254241528974032001,-52.16310892294211007397406271163637107909,-51.62352993759735545439520752791647241226,-50.20596921526930293881365576083159244451,-48.17789002836729804710933732928336042317,-50.30814612087907468834097252025546254541,-48.11340634490328173245093314106757151145,-49.3567945199138502917991823041139058386,-50.0004139242201459924162332227433079888,-51.37100213742471923242533622017177572488,-47.35199057807551008652871592090657434658,-51.49829164271779009708153702231412107547,-52.16240814856631072188142164810668385314,-50.4699599068954495868941522224630634451,-49.68525548082037636895399949925870540108,-49.31126755320983515423464150881983468099,-47.49566916861156540792153275943436440945,-48.28463276817794765552671195031618160958,-51.98592187917067725155421896655182919556,-51.51941279488901473311308041564045885668,-50.4892101952518645556757433847297725007,-49.52288639986458454458345302706976913088,-49.74339689531681655805977995450602205549,-50.45752416906581196566596892359406759145,-49.83820015691533845327515469079898266733,-50.16226440609874882309574726838135984089,-51.48743423184668341663729571228307281363,-47.32603539300468469291027343837433720309,-51.60722209869242445511867574600011994294,-51.75177670054873709175383867521144547022,-50.34631766890869098230213428877630432484,-51.29392421836129298868948441055919842233,-49.81483779482434223160885865353792563593,-49.78196459462639867888748395691588573054,-47.77336621758016316899744615837596219161,-50.00883953318904514459505006585694613148,-49.96146216753758017735681799329341344941,-49.77678305332503686431460948060522350543,-47.5908044274314441118295462026824969197,-48.07131550595005882102185045996686863032,-47.99254607370491413315017803299429576968,-49.21711224692087962130775815673245188225,-49.72479864753017820086921203577891956808,-49.83259466373532516083131403081350501051,-46.03519737540133997268301573895731087178,-50.74047636933588428699885815326286169461,-50.1935476389398213215142330379617537126,-51.56416490569598687205461418925356327065,-51.35088651507403209097923809207407159304,-50.99840320229750725380445320076249646647,-48.78752474775523531747903329435939469239,-47.96688408344287513532833915011184851724,-49.34693453084376091503651211891856248235,-49.4542675025535421807808068072764135088,-48.07407087333766169649760336984560361583,-47.89921358677048327501477064710909440663,-48.04747911518425697675901992563117426157,-49.44980065199176562429708167486591856348,-50.18332592136818812366154334438701400321,-50.83401731092112533462304483268678701646,-50.01627224636170674260506984415284899913,-45.3151293484294562224640705280249167781,-49.91990998996416131169983110655263656957,-47.99293362267575962050290040089043508734,-48.90582105530811282755666481295138723374,-50.92032642915019879985711048816638207611,-49.83168071232389424747651406729380655874,-50.10033888492034024515599420500563125469,-47.12355912684490447608260638412870802574,-47.58672017178579528193098331395004365474,-46.24421063629449788942990055146565013545,-46.58461869578523456638240983771166800987,-48.68905953507896042406317693469005108519,-47.00704639165585291941790943609976685907,-47.78261800664376939498972216950545930871,-50.48883694939694387234489592936146771834,-51.12301157495012120344399179686583432404,-51.57234757658697671841518119383357278288,-46.32671879008343709278100264580080589682,-47.30917857337046751799469143461004920488,-46.45178560120126862982873750260076769778,-49.36932701320973271961848666256761654748,-49.68221616106845365537626640694753244008,-50.17706985535080190986823757074879648664,-49.70888292319506237489873126376501629232,-47.80137720108745840450692998250705690282,-45.71854236763108401360288148045714862019,-45.82310972412878999832142927959718931685,-45.57030938915374427052280373564768399925,-47.08428814422198210299612421433504803365,-47.1896241539568277245755137166003240663,-49.15616916330532654099358073004932744148,-49.3693166158710181304366579311179721654,-50.47868090216471696457710614429459258475,-52.05513479714394594254346939858914515338,-46.26173147859782402515093805267792133528,-49.44422301817876902984192570726205556821,-47.05992101680899090104416581079560454236,-49.2996256617489966672607421671048640007,-48.97895430572351159929420782852190645505,-48.47902728468218345576347507669823866216,-49.25379816624952379266216934517995131455,-46.20434649405999766126277621783279561581,-45.15139204837084638906827964374231271935,-45.7495845962261293416332384772524915496,-45.34392981693723602086915658067041121389,-48.02159336021603090107473086929139642113,-48.42704809898921588793835373751908404568,-49.22495205295892318864815391581012292648,-50.47181048629142023916523597670515896692,-49.94786624644147481214191907924791600063,-52.90274860207728151779972474135484955033,-47.46711275861572167258450475577414296607,-46.53319424878922910725693916889547340391,-46.49352137562024416958353483503402860056,-44.29091532798814084370012339289957254138,-43.4950330796203018786850259512587984535,-43.65379895829135377196251893503824774591,-42.78929320325555408002880044950921333744,-43.76273567384310358532568915634745236504,-44.18801330761207923319785899200883489435,-43.54507888459310400316356662233244517718,-43.99865675030936812872744039734709401502,-45.75206883601713856584368640522564582889,-45.75955903435497637233932309730623811169,-46.78264612533719767681492551847548893297,-47.9461449346593993381744503004935578354,-50.2994668973114864065696104900105888945,-52.69033451753906147720217764217431825981,-46.27304391823404970081834613847083155479,-47.35696949492803716807692169603306462671,-44.96596611855893071334296606887226014912,-43.90276621432558024901808051686615493732,-44.24203755777372420350857165633364074961,-45.11112768719655348567184433231815884664,-45.66918261662007350781175416713416374127,-42.83647557330498712972464627809777462851,-44.85544301860782819725991579872503104114,-46.55049599854169653695443483586386745419,-46.30669986816896446203956037476772266967,-45.85758236469549832428719685499490714801,-46.53053945913809913485378994192540227395,-48.2619381696859873676158251117957926154,-48.10079493648610383614915676431125532647,-50.1914190619288540566545354920345029422,-50.65747403278872000903225741822173009159,-45.91783870235604146553782818766485632719,-44.99414508618293814591202826134691327334,-44.3891172783061982883785082559467322621,-44.98563931232674440546220699195659297914,-43.44911851176888329906860544948448328657,-44.60544555006787562333171154720882381713,-46.73429320144581370761777304766689813595,-45.4634531355576164008099981352908995299,-44.4874932004468821448010798161531682314,-47.2569136456105132747013902916936237273,-48.39277193700684801639162367590188666386,-47.16984379039324122419395971053550920123,-45.93762645344148670375071398596408505841,-46.20780796591771966144894930782640947158,-47.12525807415573936651307891741081578423,