{"chunk_id":3858,"map_id":1,"chunk_size":100,"chunk_segments":16,"vertex_count":289,"x":800,"y":800,"vertices":[-50,-49.74937583246025562722553300563281811571,-50.67985469023001278008366431904125454758,-51.33095138822973480635630871212833372743,-51.68133556426547744461928270713477285659,-50.08919295548157584980537467121269079439,-49.59817305581534812068877403005433491909,-49.06697582882515750610289377911948835385,-50.16114445444663902015633235938851053046,-50.72577997625384455894572008797848545169,-51.49832124481381758526135860036484334789,-51.06139912291591742144781229525181043775,-50.0170286272275415815348700069973958469,-49.13255009621893340001953527646073895634,-48.7380210643939329010733405461148221144,-48.48197742572763409115785197989859200461,-50,-49.86171309196247419424982645060439361276,-50.99525244093394368976211409849369453812,-50.85799614231525982354678716715361133669,-51.0349855544615127348746043316280404642,-49.67806740768526784971167014093727204,-50.96061237937825674373072032561184806895,-49.67729064548697816888504149090625453204,-48.78985971560489341861558486215644263978,-50.27057667715487218336330520602267686206,-49.7882595558433995325777587387688502724,-50.4339148457747075298221577947013773279,-48.69350088533042769908053321392416351765,-50.07499014263021140752668651296080386575,-50.00652589317491030222623967928237173869,-50.52209744876762480528719135588541330754,-51.21909356518006598227107305026453695643,-49.0926327339131927859556101377863005046,-49.198135636426209771567322010611767303,-51.08141874142632268484985557001411798817,-50.15024410513119460815181939982414682161,-50.75097757376124444109408809608921901383,-49.27620635798077769781437264668665364881,-50.65290431225346948530113375948587481369,-51.2463212104106688279808739466682818185,-50.22886813729893598980561387978649156173,-48.75255867019667006154218801228259046924,-48.80830410950017418066721149542968780589,-47.77152508841008647184011050373426469755,-47.38561958771767448166605518906063660874,-50.01861676663578613157278246918422122431,-49.8804069795249895863836031659898612448,-51.27104122702629663558088579002747570289,-50.50368627815973792248452550098963488397,-49.39633895535500017828390076157420364502,-49.08702333031826060486462383684107617206,-49.33725498286690116772089637927673891455,-50.28997498305771930632031484951438672651,-49.56184050591277392042547013447074586426,-48.46996271414977499537441380313846553985,-51.03723774190447637724311094127567836363,-50.59165193821617805359440204707169375752,-48.53257135772150757424490103043781581715,-49.76179987692871810887634593988938613018,-47.29164173196643059940924318263089039006,-48.30121408665289146869181886612973055841,-45.9111135573324889522554685330620459569,-48.87464133658830407839806572962254226669,-50.62883012385232058781219228350361273404,-50.448916653500860363792241884577638053,-49.30016996071911130721840545400791455137,-49.84891267348472846406359170255227610849,-49.66125641378460375241499627106385694881,-48.51263333869276305783771471887520550865,-48.20079170990617768982203196493224478026,-48.79604192150383997504569482255559421499,-48.01627115969877732075608259638355725675,-48.28201616272626288739935945124841075141,-49.75256269598710048154636123493902561362,-49.34181073046198940939723047317819033258,-50.49841756486790357107796934921127550867,-50.23402622181505565197847300360241787914,-48.83069755641847010345381962207461958913,-48.89966005524510491209036786387705557188,-47.23810953459968202051024291803420290953,-48.23057735679160023940410280486098538868,-49.54466407357721882631287588584984890444,-50.06520134764959694589426929657579351077,-50.09649520421315800624371837223012367025,-51.58659507136923740247368492320870268409,-47.96839151612240251207134353548616215239,-47.9975200443015456959577761873080212466,-49.35240038379999078563623842665623450014,-49.19708012365327268627074620663917455146,-48.87903421794047092887606805561775808189,-50.24138612280119828583295433415595402036,-51.64662509806512049186593172617687434278,-50.64694819863106612350006008414186657038,-49.24588831413156997788028086424725411004,-48.31296124717784958956006839269976681301,-49.27090924970976872587830991405997445632,-47.11202801793674513438594409926109232437,-46.45396024522444373559521358267566942092,-48.35001909551724470840712136577478764427,-49.46927479058482157638145980876996789441,-47.795965169576729640125253687111388683,-51.62618917366286272276983122527201453057,-49.04377737445364294880609203447169227837,-48.01935217778082248333972369427095538401,-50.12188335141735535231715059222671942983,-50.01063584098274569113859816776106937695,-51.22695145993273833736275058787799687596,-51.43117119674750852867314027394797065462,-51.95200465213834593715424819293925546778,-52.26873753881075562444501957835387166313,-50.58760101211957151899781610781957430681,-48.60172420745440147320736712314140136108,-48.98388677717693094491807210308035104747,-47.30576847038558628240971788634361906786,-48.26793012485088355191558979016153211844,-47.84610190371643785913048926004079506311,-46.61123413660503047972857497601274524248,-46.28532090540998515166987012340841504661,-53.47990322583887807874118449644596958653,-50.44848500057786043528746866305766898107,-48.75519566918804700438809311807819893889,-51.01752258793850737048389683667383940787,-52.11319833498042095296050728760592730002,-49.85201538591845008331066604417584140908,-51.09495122552194903383119188021009415891,-52.23121943658363361288173954150072864835,-53.38457751060745424570246128781270737109,-49.74840847384031358099125013940077080236,-49.54693858736407298180692607632787972092,-50.25304383844046298431660773517779696076,-48.09105006556906361058988819194109799741,-47.10367679129723923537850009011845463184,-46.98733126831422471627032247433471681131,-45.55638567411236076878081711000186312238,-46.74130006226349945585227972423676674982,-53.94281452163053778879996251137441334331,-50.66431001610199661128200364048514627355,-49.60197291972169522709124597147162908285,-51.28755984390094885441407797065679446044,-51.9552786259813988428695711041314645253,-52.14474450083967448385563662112466289785,-51.43542152279703115437594142953445779318,-52.08084513352977933952486343804075969374,-52.7325003370173065831746930982855345741,-51.05062684201411530341563642512648767753,-50.6493395810263060831862058548055797104,-49.60950157746246194655017869840883681842,-50.51117759792523508869986199741060949344,-48.24144785465595144620840197779694022023,-47.42654930328282347570176473657209275712,-46.97730817521806977601950735282789742345,-45.71362180908834285796427314077218219327,-53.91913340902433311144372213896499440898,-51.52711288546768532735169515070639705087,-50.77796191392817010004033384359527454347,-51.46771166759662299646237313299154917174,-52.41677843797198205107869400730901443928,-53.80857606761613312946270459532151311766,-52.40491093519799863745739388229401854204,-51.83728306604890058855040601350588980748,-53.39103470556430005837814669144334422659,-53.70938208034455288764815362531347949001,-52.41365183690685208289596958592049754831,-52.90521940486753627083864829918390412536,-52.65505753749303803989699840410874840807,-50.5336756456703121662345736977097106394,-49.1149219874999334187158135559245933578,-48.80012016213395263637503600542788657736,-45.27713782110540695571645887751804425265,-54.08542001592239712496730700509918054622,-51.41365880449641111867765119764598144266,-50.32720676014300031129852734046379288144,-51.13266349437117072324696575244921010569,-53.19251030532889155455354446872480106659,-54.2257112923546914436778136489564961236,-54.76183171192874077353755319934544378779,-53.59238760697089063954668779468473532307,-52.50673603383245001045531124779343198101,-53.09354643085368802573725095668942724509,-55.34176408744798297879823001822676814501,-53.30400580111474304320294875558389828143,-53.7640495886722472399612755822573650442,-53.0162082702584415535630137392031397888,-50.4516447114020418629477618786830489236,