{"chunk_id":3733,"map_id":1,"chunk_size":100,"chunk_segments":16,"vertex_count":289,"x":-500,"y":1800,"vertices":[-50,-48.77768406141276166904086615508040178732,-49.14637925850680741429674626418579718368,-48.27951819360073051600538837368052706854,-47.74781477734983039709026978632113626648,-47.44143417651342761777018674891871256749,-46.1221287435735446680934429244443458544,-45.85314267079052047303732469357647127082,-45.53414049422128105959894434198764958612,-47.81078118397751221744117433618269163989,-48.82091428994951629606634632516102139986,-50.03918122420819425488024363187826367768,-50.463371563144928846262314770295928907,-49.88908340152261005042384258855387533509,-49.03471682655915094256047603839085965343,-50.37518875422080678477940773981986299281,-50,-50.39805382989056925118106563469664806902,-49.79191629826814760883727673899570409803,-48.65319856810811982689058554827008531232,-46.69732566081342101951825834304881044992,-47.10738607457361505145573302426448170166,-48.49974918552002145861216959004085915995,-46.50026772973713186795941202841840668304,-46.12988460743253007934311794690867337282,-45.42393719407209192217897182662335366321,-47.33188719033393741599243166455789348434,-47.01980380542594089180617450015367471268,-47.98706195269562244140502306589642882015,-49.39096317856823189077390549333792189122,-50.36882077458141189258621374114369750745,-50.83498962476211186229020812369441681606,-49.30680258591076065283361673141449265675,-50.4376251744744120747657036950685526692,-50.17829803500728240999818529020113730024,-49.8112848130638746284845010058024940254,-48.44004201263554076056764668931678173614,-48.0319382270554052702433632393728986689,-47.17044032351733237685694437980326305029,-47.21445065942830123233818447040204078807,-47.97754698341441123833338138393852385922,-48.05637828328939557773991071813206968704,-45.86810309038873244755683811216347697508,-46.32118296017044298100520208430001436118,-45.2107826677592543356966468231996229528,-47.34355325889639008028211597363656863359,-49.3381345978782991444361423037268007678,-50.8202714899450138106744074899241818688,-52.46504371048988523403154352182806763761,-52.71446946381899436716000593892508909058,-51.20872030161265940122855834960681978172,-49.56431328059061077533137282895329260717,-50.87633198151101368657491312905643181645,-48.40824203119579037615086005049400662318,-48.18997325348810182203534791142695618412,-46.18077989711204463595274730608964754869,-46.4494808201024173844141365861213583238,-46.98936730065080640216736262393183141021,-44.42855879490238862761772989607853669651,-44.4985784792564501121748487223220235044,-45.58584106826518810494656763829863821364,-45.92836881375875076321794847737991184948,-48.25741233172075216632168548754543680628,-50.79429168394567817021564406486523520493,-49.59733397354339940638940261032577303428,-52.88365709383420555997919638176004368002,-51.32523277637602337056043941398731318277,-50.63466351670666428432455414364409249404,-49.21683003912109209796534024111764972314,-48.20499584624531276451640821375117043351,-46.77901406054665656201062351356735978174,-47.68089300829705665474706832169886632789,-46.73546331746125067747613511815851620013,-46.33840745522360045819100244432273430218,-45.74823779049498964732990954409375643922,-44.72165979616931582658736677251686234572,-44.45427808310676461647841882722680913478,-46.09437561914836813411631372202957185101,-47.37838916493240911994584911564167012909,-48.73065273620562557457158125876830730482,-50.7082038036185999290639418975782922676,-51.49960654866537132992083884378407217718,-51.06850014371894010693859971875378302622,-51.04630312619916600154505730480631464053,-51.39141015998562927165825420628479463005,-50.24345329091013280191050591418038772762,-46.99992418540264615168018459792499740964,-45.79570433210429488647151563974111780651,-46.81366728170321897542993434565538669941,-45.64460381767334128743188253494397225251,-45.86671507319323849219297483624463134019,-46.95607452873316378853303136399010132492,-46.80766596980613592822061535548671724725,-45.58313560039009627978515883316655534358,-47.47646771989422457834118423250847665435,-48.82178013027514202476527866383300589897,-49.72480460640891252675091019074229306292,-49.9069899743990266625114304388298083614,-52.2859314448606540437315317694949900925,-52.34712241682678587149920752300050811239,-53.08580817724257338213052148102165726284,-52.09068967230363231559251250523006554743,-51.89453931523020867557811587666018867492,-46.94218984377153713023130244141117821422,-45.35206216669619502856610603850109618373,-45.11021620846831497031751161106796535264,-44.6159140352918897183011361618993927812,-45.41844899486478182114067545266393351876,-47.3162001382803774609648145019332521633,-46.65819788665147127457083593050274232424,-45.15568330161975258835492862214733017489,-47.42242031358933217309928706985218654174,-48.59546187874256428035765264450779879388,-50.31891640224378862109416269376156566616,-48.90238198189993947122169971244675292536,-50.77988402153334724407721895092351494784,-52.34524050356383331340210191340345465304,-52.49200810484185075131514999989592131316,-51.44847052984176867079367766527527639225,-52.36099532353449615342701119343685208496,-45.20488671358397406623570590941258424848,-46.76715907960229722788633635836476739193,-44.26254304696427383280667966610612760191,-44.20365745486750442156801715362430352298,-44.41185306364489657837069337144912091141,-47.3181985360421736936792552218226452614,-47.78697187698141668839406625982446398108,-46.01703577424462885770851536589578185366,-46.59064751626476752814893971141684944968,-48.26721431280688916368867775527663711615,-48.50459551466814353266934604222251575129,-49.27017569062600183871989522773149706117,-49.10555984064596349795128901251206539997,-52.73123311844423461818016071272502256428,-53.66121218200724035639813575134089767131,-52.11975014580190505448766617970958526536,-53.63731801077794622483543276837150250706,-45.56810908263902722668833854212171237903,-44.95839214963810733035937097410653388285,-45.10394786425868985451492869835945141385,-45.99190766346099362881827919218492062679,-46.35104253197554818786648589824614441471,-47.35984804235717992353190004556318744968,-46.66141396728248934824483088413044233213,-47.09881691184393134821440681644866212755,-47.58220078333424147974815932510691366738,-48.13127564174134368155654517786330088307,-47.98002956357561381705709587519230895203,-48.40073137151512910554898962652826453326,-49.43627279249113841792684209782296509481,-49.96036667762005778702107372394335637311,-52.78333371902751774180335446136449257293,-53.66344996334855698601617636041109875251,-51.78680533897273104108189379753778666639,-47.51553086067652125544512891691719890123,-45.51248494723403929369696701205835940863,-44.84093745568586559926416281009550565601,-46.70190940749239239687683027367986292004,-45.27520048757229902469416072700722125038,-47.04530677989936483630359375036894431234,-48.00890087064625848603595863365316065248,-48.27037673806295107909069926900423643589,-46.44039121276970014439798094985462753542,-47.23117232476855508723782464112219829035,-48.82520832201156045185083780710886264039,-48.61177668584265241793155051837273669644,-50.05072627425586458858250813202442673553,-51.7444674356297175529734085951434231077,-52.2185010983477938841931590484727046227,-52.29462361389105283728991882356340538485,-51.80407206040194582050315199667097902401,-48.33668454589543344549217405905844591379,-46.70817257926089798331424679791959043438,-46.17383235825965357963750294951234780957,-46.46754433958914077200929130884749931271,-47.51162315944810199707330292242916601029,-47.14635753682079788831927938940095494168,-49.06026922321925526721270700109250520491,-48.27831888979505594277963453372685960533,-47.29011972182397441953519054314357976454,-48.2392430067992968168485750772932698035,-49.90791855798091824236888575282786816339,-50.46611400341452766829537632257075164362,-50.57494292887745665879101342457753336462,-51.68433257544937004323637181598395619159,