{"chunk_id":3135,"map_id":1,"chunk_size":100,"chunk_segments":16,"vertex_count":289,"x":-1300,"y":1100,"vertices":[0,-0.0195908366261998558101628446184168937056,0.87997884443434496449712394218779210025,1.47542887955685380420837869879897119869,2.14946574205248791552980322304148226835,1.79901312553967511184840896012269952866,2.92126015907173659923564758341055817306,2.92339980485955863187344079020174488066,1.64699434551439074579790114891322982801,3.21741668028732149686187248248652946502,2.87050038509877990939378236082862500469,2.8143657159454378632262186080931463521,0.928562115095471430527977463421101521775,-0.0384674921388298799782132543547422345403,-0.0198382327637031661779991743562362802425,0.7814418306466398843343176052498220240288,0,-3.59892805700321157149903865975458252299,-1.7642801634226114369419966341934627488,-3.01222250952616244670692364053443839206,-2.80631561246043799399723182875515129235,-2.1677113155700029129521025039211456342,0.1002627825815929991232382482106886353525,0.50315246484940873579923229289126528687,0.5031542767719612581609709192103486112275,-0.80098329158868662133787201006333856962,-0.82876672183875500688847036806052899301,-0.83351233861498070493403711344025723773,-3.0881167277948033068863082013873762244,-3.10402337120799346903354447114921710175,-2.89540090796610713396625505668944959393,-3.43890076670282721375775887294474643359,-1.71963780617143542637654860329637834263,-4.42125843995920067127303074193419244784,-6.76479095739050300313590454023636619985,-5.63093425337528628906644026456291428989,-6.13423107016015432895506359884827953186,-5.76976263771400516977360027725333919661,-5.47726096611042092973431367958321775174,-4.81633615025696603764995213364731552369,-3.36045687033992957781524234864295480354,-3.53866923563596577181930351463635228774,-4.20341831657480458362045070646927665395,-4.47223876005220140180404037003386338403,-5.57478856934072742531939968441537524882,-5.83793000345165724971405954744515459476,-5.86818589475376020364318181549664873379,-7.4178667593161738926666805879889161596,-7.40127983665319074501646816401880490868,-5.81501380721897624921794921257417380687,-8.28151753871033276170242230031925320849,-9.89251758018559079203720215065426298402,-10.61857920174917461147586897571583917722,-9.39040275730391061715243607071674389344,-8.71225709633415136792843702016172468982,-10.17471080467543573545334627335473457721,-8.8702827591451837103317222002003204544,-9.56794916893354598329936896356534169902,-7.68159039218680087750722289528766739721,-7.80671969046949321314593632992327308482,-8.22057268960439723058289669585495715511,-9.08969461938419735851354549526797426938,-10.70811848712389628595989158128161885812,-9.16503249823678881017380886881023303928,-9.0592462884905013038448208617087660013,-10.17209110537693753797472919405825213359,-10.82717956916632001862931777276434670045,-10.79587176669054686538376182210616354122,-11.23759306988306500899513836594503758154,-12.25728565662644266706163452401769930298,-12.91058355650166028197471337064526103381,-14.48368536138209213379732906830716178225,-14.4440395682715287062856125989295026396,-14.01688414449956210937906319259542272209,-14.69174327720344398369916727548748683232,-14.24689855165430682530670620643397211361,-9.95222297777322326167431303529067185196,-11.02865557642310030246150095199979173406,-11.44279911131990330769779598655832378278,-12.68001054629383084935558979512751675676,-14.12430207639245697407884049803575083563,-14.02033676227653931893836250972543017036,-13.56607076791906464884162138496040715778,-13.9643900447332690825782371804539598874,-14.76072450332953579686768530480662181548,-14.73925210493542149810947056832010522679,-16.64618742679972363963612797368956008863,-15.2753303424869183147630816016843178744,-17.46674713877546116616154132875749921771,-18.81051370362823878358445450878656467477,-17.40103305551412881540851076076336714632,-16.88463042334634761934936901648182341249,-15.53168750347679297678848100491777099227,-13.53054337442053400757262233658595612479,-13.54853852981914068339881174715229787252,-14.53486208387114044422078957512355658909,-15.8647755074385547540555807698093590417,-15.82047244826360013017780524189140116243,-16.1637060139608391081635066961928563141,-14.62505247137140669913054988683443697415,-14.30318804188492853990569595780476081287,-17.23835808011964792183099218859535776744,-20.03735397139497011114395481889839853099,-19.05377651986546124902802402800388315191,-17.67831232181138191662064416724393448476,-18.91844299942725854520012038736087584968,-21.95329829047463211045440016282698852272,-19.83947208220554174067769659965770140561,-19.64749547553901840014645889473050421706,-20.06712160494411045000986387329251950382,-18.41095582215965210492185243466442917789,-18.10037838794365174598709781347654889066,-19.53972357769599015158418390334380937148,-17.80651629164619866848630755510671298476,-17.16281982212394654025000656404572767022,-16.93399257637921232875117300226378498924,-15.69732214831297654891670091633499196565,-15.48828591765622087900671523545412318085,-21.11357069479115030558116203029485165603,-24.52543668898100167026246969649853597551,-24.99396727504555800285969786975699283403,-23.64605386499837016625753802664642292264,-22.75678695739870412984598800594978688543,-23.86619575057994316067176392122003176619,-24.31433600894528404062616230585446478138,-22.11479667712886294711983596866956920354,-21.52976658652672060687725871658027616823,-20.84228965482871167155849439453495997327,-20.06038529868705169012883596224734311508,-22.07766325812784719184854448904434174578,-19.02451304975943745709845139283256006817,-19.48526530210913440131194069072184559387,-17.6884343263678430947148334770810461634,-17.86634073398835795508337025444892082579,-17.87099220345896694357465063058455282801,-23.45421171428890888728121873820783827323,-27.57787171837350761913840979776998582776,-26.84239451068868591297858539563426165448,-26.1573354669223166550978108849295853597,-26.05110027861058027279760311263930800332,-24.8812719539729505056963028056749273097,-24.78900834612830856397081458113588334483,-25.41330148433267937046176729338055417139,-24.60355589755371885429272146320183724278,-23.9496088885667402790993138359676068656,-23.73154190109015832666466333834625133276,-22.15569006919551881570700630225454855644,-22.35674498290308096718614587781089134717,-20.76168183411440808283750244860890218044,-20.84700313510277654776496189795745825589,-21.61154776676548922069181294649755383916,-21.41626930023915740945824768363751564168,-27.18740795786776324765186666157001771394,-31.43135957153222760875134489012462127093,-30.74255680850155612108043267948353329796,-30.58421181642908317404804806095803299476,-27.57005300890164558361255235842409560895,-27.20274289027946072631937805181670724701,-26.56686318771781919855924217510402189303,-29.03969822201744108657623066852615255868,-27.78818195632491258422150678387685168969,-27.22054396393339889854916136213592399381,-26.07430580086868592939411938464514564772,-26.99352470841075201516901309390171114378,-25.78051706845076861637969112958699496198,-24.41537789331890288385938600687624545803,-25.26361937760644978624291016134749887577,-26.71561781990923422831799016320126301153,-25.22299794171154309762247707741148809607,-30.18988506577932384490041357593288257045,-34.29263879554119793485893764280774314707,-33.40757155206219831038483284762573126056,-33.59569203150169606721715069024156370349,-32.18969945766208821426407677425653869104,-31.20107447167626908969914437640860881616,-31.7324846010881495087555096580770032452,-30.7858010971098830504669664627293239996,-30.86485129392508285432122271375725858327,-29.50365571002864326955395421307498625064,-29.85427098268497093345016654997022697754,-30.29337024555914922625417341245328908344,-29.49817308095460754774902892845184063461,-28.13252627013108547355238031418195618533,-29.69899993603820084711551559079332332441,-30.07409936019372876519486831767592309717,-29.38802967594175502530084596842996971131,-32.02815150612299959123445636124818301655,