{"chunk_id":3750,"map_id":1,"chunk_size":100,"chunk_segments":16,"vertex_count":289,"x":-200,"y":1700,"vertices":[-50,-50.02345343885730637303470826844413287069,-51.09147130070365882588272310085501399261,-50.15267255397932087524588537163382600877,-49.59152886360608812422635585598085581087,-49.74288698276322828450349867799810489041,-50.64393903922538281652377087751402482082,-50.47314893075229141793777437931655800758,-50.92640472432001440928324387235521490816,-49.96037250322988226834678941871392882102,-48.73182081442653014366344579884653291281,-49.00706018013981784819935593569714185029,-48.62621578818889032188062864928409560483,-47.32470502566860384845179367373624921612,-47.77445545209365551854285802690258203158,-49.71431322131773604774730160602601510391,-50,-50.7153325195133170974122189134771917607,-49.64504330317738316103479135933983249052,-49.97925594336980607670831767119516886816,-52.64407177850328974499788063710721904357,-51.21116674766045512443505991734132729271,-51.63889698673200516995430693409855303304,-50.48439359540686347362756217962739504337,-51.78870430299487118562074939386266248312,-50.90048583097731436054297380297930169035,-49.77323689446595836943488657633513059079,-50.56204847664132448010598821574515860763,-48.59176682364745414870066017106536557543,-49.66267074894110947446282468055733408024,-50.65913848199041058227332081067346991412,-48.94402521480526068367621449240205905055,-49.27509306237453257386707465343223127146,-51.35016737889816076551429103882744499588,-52.14512644747016988383352077761562320338,-50.17668662380822431056870310485227002209,-50.21495727201976704849975389717134311273,-52.70382918748190016451143153605787625765,-53.57270448362502083207816606065634222252,-53.48364110356012115397750327051001139299,-51.848051279840776598766488694509705907,-50.22904612154116951631166393648379898068,-52.47954259604848504852148018360956110196,-52.13140937877588097591035691568674985112,-52.13074881854495238783269558154166651643,-51.52646509072891745117447484359670833443,-52.06280381320153247777333220271151430971,-51.97979943171355638787883739369636161763,-50.8158851302023966212897201859746004221,-50.88537226790554927278619973046059202225,-51.87053439645873014412015866403440532556,-52.17780088832071431904172033365078518974,-50.90049521692611471351941889925617278319,-50.94257302042129026534487732771431023265,-53.50150738944154992416109681055378860286,-54.10751188038976815293613894038260812802,-52.17484009565068599130032793754094666637,-51.59786445032554710748053562338810760408,-50.46363344709540884674199136357510959222,-51.79814294266383934529943311519217262042,-51.24404034410775849730616660345318285071,-52.23646303935083454689420571387996955643,-53.02611171283237651343735394724536487368,-53.09039990467455694061051832747959024256,-51.21666352828893905624382256176144908099,-50.73950086927017457649189541865162586438,-51.83885558480964094017034104124863993113,-52.6606803335095254811970794599713724242,-51.78257628272860676284910605753909782994,-51.07173437449107269939713102289698434848,-51.58345030375254474093187392704999990923,-53.90676519571520858242154343100125679472,-55.06083522647769281125778562459927692076,-53.55835241032975123555457406602210274159,-52.38472728571768779570473722775256123054,-52.26871939462330155853419745471609407749,-52.2567459084100636125617160309417881035,-53.44174527589161829575561159277702053808,-54.30550677425156970131384023907782896018,-53.7235274353914794649587637950249899213,-53.81587050553561902797477493139971487434,-52.9121887408480235946936373031844986999,-51.86694320125428135599285621389019810709,-53.27026414651594499073718892238054466901,-52.87353645311224411342650233042475329509,-53.00720865745930046777804809977575594986,-52.01276949006872591024114558611077785714,-53.44353447962565840477335934018328567064,-53.5659759550651449063861246590756647634,-55.75018818350697720741548599551834264845,-52.01952219763802386955208069219010274742,-52.12625728790939317379621892583777737618,-52.36703717866446937801960954402989649942,-52.46038128995142391596739710544336997357,-54.1938159427599389041482712538329033406,-53.12387136181393886337253615812802185225,-53.05893572417011370277393866696948519969,-54.50759243375603463376613087824247263683,-54.15454782618566678231700423219465330144,-53.89816957163512864345684629343157646532,-51.98467967767570909362293102099896926517,-52.75439711261639644823685972889992805496,-52.69817714533466373341738171414738478075,-52.17320125887405435398671740659394845524,-54.36093313837226677031915062666763774497,-53.77657304116497426385297162392556632037,-54.60583191385095878799930930295060331871,-53.16319439662228311826351299193895506618,-50.88859691049984930811473901822216769571,-49.95941078339289497761160514337685263007,-51.50083886627359654513122545887903925311,-53.22362230094816654255521962954323110285,-53.35447279673551690566990785589856657778,-53.15971053230519723862426941900718072471,-54.61016328163484281888801662075320654963,-54.38629753324982742990277306263618365653,-55.02783617640257650401348094831947256636,-55.11851776420220175368233844680815448726,-53.97350873329144004976650403543771507214,-51.4872194563465187110234332878990238866,-51.34958994153640956097514251648035122605,-52.79240221660170702600190271352864905036,-55.09700994032750162759026821759945583512,-54.84939851328951741617699080641269839709,-52.13740521285906373633864363671923346888,-52.39763290966979928710334336443521472826,-52.08310936056250881341121086917675856852,-52.20684167453699778697323745754880956575,-51.17822045073214645134064851706900772905,-54.05993420165460467683021338339726975555,-54.13611432553700473643419499718953262006,-54.66876547908843011330337269797348785601,-53.98829642457621003073754185100284995355,-55.2042521875268625111431837860829377604,-54.5471192099912277535034781459483366009,-53.96378790804308586358889446397643302324,-50.66190493725717949629503831667431597033,-50.8232215038036822147136191187111387699,-51.18947715271673095268815963929964766594,-50.2542742904775479941301484622117257634,-49.79032559324990652955551069877424644704,-50.64945390890941998225065896844930858805,-50.08869094589626723805052774448785726755,-52.10609936329399489845853802855588808212,-52.941146171947416023147669219967013916,-54.17619888825474847598520483818059147514,-53.50451022008208510943848762279661951092,-53.49418115654749565137935496597406813958,-54.30187512698065069882135230440437899021,-55.13069127866095367588822734109884227588,-55.61646847816559432694510734700896522614,-55.29900861118422566637812896252151114695,-53.92956739595842275726310146193404321077,-51.91306041092520746705165952451766583893,-51.79522200839012847569698822883971601034,-49.47742367855821943031679212195966382927,-50.69820111440543750884286984828067358031,-49.33966258838586545724861831985483311115,-49.14486425968288648706154226953834420001,-50.94371361333659988196231261427799001722,-49.94612441256202287013522581612907891535,-54.67972576753401320772077269266806173232,-53.78196745856310550016772614327088331958,-55.78212668021083515376781356310389293298,-54.48024061861950140508939440539663999193,-54.49178623834023632013505294915846700814,-53.27006643766847109231379419979334702049,-54.58653722749526955179448906896871835428,-52.42674973955679590300173150088366053667,-52.226985988033045577722056265454091254,-51.25425302496624423332988485978029217741,-49.27258245610260304670445197791760072393,-49.32155841309355227612908108289389389028,-48.76147529977611545270776496657868556521,-49.70498000214673932221001771966640631207,-50.87224166470358394706354880668524479409,-50.18672520406732559461140867955541016426,-52.212770140147993258923523596549416921,-54.67592882671787345407617738987635363243,-56.25429149266062960593847759053947432912,-57.21001101380666499784221985666361991799,-54.84783144072226517357544476367894918045,-54.94045282234169219768079425284277118255,-54.99211791426967330939886745241262680563,-54.63439963692648342977737280126120470699,