{"chunk_id":2987,"map_id":1,"chunk_size":100,"chunk_segments":16,"vertex_count":289,"x":-700,"y":-300,"vertices":[-50,-51.40848284222320626181475014831606280106,-51.23855347882834513201406213029017313459,-51.06571075712198695093434160939100004424,-51.76383753051478999305764123378502635433,-53.21252717494873921653648740635166565981,-53.28379296070603573955750755462638708691,-53.40119381439666650244718852138943087158,-52.17295031614159967544527660308358214911,-51.48684856702062627125938725501607184986,-51.95042763384566296652898180963086121744,-51.13429481104651425016249415916534932525,-48.87921309880018312799091660622657942574,-48.48904803525540130713057046876511879923,-48.9320512647749166342697270548343657893,-49.20163708404524189783827113029034263041,-50,-49.13714307638736581854497416324044852461,-49.9059626288919397683363479613479723225,-52.31015131308890280911943187057573473114,-53.01454118944525457129482360221341759425,-52.04017830403719658304202246754645303538,-51.67131597087972408394602193110822126814,-51.26198292350116578892033701220289273621,-53.11579662919509652302083726569543406044,-52.50094698199363683726101166869243829059,-51.56883500773384756697684033064341139495,-51.58114581130367690196539678837371540586,-51.81938903618646148488627562430137862059,-49.25856547172189420149444382682075778456,-51.22141981434246979581239523103645855749,-50.2537271840605313188193164874260467571,-52.15690629897785526738076513946513548291,-51.9898381512823912811629006092397673588,-48.99472920593308786439765532073817997389,-49.84447367621107553096280585692832413816,-51.5184772798768463227934326329361652411,-52.45594878883065333503287700034250456531,-51.97670610022971936563733948937455134741,-50.54409849808461451026540589668736956412,-50.06781123683698077795868654163462342059,-51.57657728586534043785071915983514101631,-52.30958390372346106391124069146528663026,-53.22799916680977076408330721287275036061,-52.29259517930402090111648938219522295697,-51.48893535931881442351878712564408227174,-50.10647884500845150519267944342628240981,-50.35111722987878401101289507099055710909,-50.97404940221674901455435897548463380766,-51.63610769093149927014686155965178990923,-53.05249497671558544756992914472017506091,-50.28308749315671428883155554260879590427,-49.71177324871044866778382242716148173259,-50.58920750289973858023074964803200687983,-51.85708140617579778043619670335915641805,-50.67048879747111320379984678395691833334,-52.08672645158443275753529479992527517056,-49.69857455353581208163471609651327749376,-52.63940661588287125052546281221565038058,-53.0220754102318187679793594487254353172,-53.81526796138828811444038406248939998021,-52.92720977660544184706905003119243861965,-52.35143787688525800026458935008889362526,-51.35800517138143624144392899347416021905,-50.25659200669780482258654046016388765114,-52.27651318041118255851628903825636016526,-50.48814242920543738744141384237534585747,-53.10699467668255365123362994282920260454,-51.04037532157361488264669111258952703318,-51.23356776576291775224531177958798737089,-50.01553867020669734096296581130438249246,-49.34641873173260011458577958914679174188,-49.16495177107102435872128132914355946512,-51.07078588303400688372757403865977048341,-52.20518894990372206762479078610257285127,-51.48721368767518253463339051741093493939,-53.74678413315588075844357145332412376443,-53.54601710452800722314460232498893964234,-53.4967606949351418288506483659560914855,-52.3435599048102251909230153957921735939,-52.48587393666044498207829667505836353034,-52.87087774553843994300997681686288965403,-52.01217831211041019423210024240431360171,-52.19743779509320892865699921831900665967,-53.07389994672087814617078070693140361844,-52.17608982608028008215761457453634745168,-50.64015999183854624770456860542824900214,-51.25857800109923217572583497406077792997,-52.3286405058624877602080423822259728055,-50.22957195626210917818890048980878734632,-51.02326758668389398496135188860270487744,-52.63176301245531858244568428662045261477,-53.07388218274258833334507773713353116111,-55.14025771519786913758583962856012233031,-53.773980158303514020377367418248339861,-54.82777878483585715681974554059098898831,-54.71618168202656398314439266727848197603,-53.60138807687882896264685739056115072339,-53.96334701809184358177670941780076990118,-54.71358062344007745112825041653892911462,-54.21132391019052592977700118683539585936,-52.91870987626129544286860884677365405149,-51.619875631557999687612107955720568719,-52.1565536968106693764930305365880951103,-53.78863652647347053733858510678253841319,-52.52447599677736112198870212467597176419,-51.52796825346776610562429029245629800957,-52.72306868778262903745089106102333672448,-53.25130255793150800899654693992293879372,-54.24975932685674359104582191981600381275,-55.97913762390040241603880530581710919649,-55.97221272378475680147522988359000421079,-54.52860542367865669762283939592058630533,-52.9187368216826936038775865551462467237,-53.00766183233107325271807358060554739279,-54.12387783970427254894996397575488174663,-56.09105455416959907922412415598722685914,-54.24475602041808733508135350578312114785,-53.2536645605445997136532407488659332564,-52.94160507079920223880023732013616813222,-52.6896870347000746272028863221104760838,-54.04550906851371441443148420033252304589,-52.31382178598080664740321719899463669197,-53.8955382676490262979845849371349376063,-54.63405686115596354152505395159019263685,-54.53551391176498812710377876005521364165,-53.41707386544626581026554095630918083491,-56.36803287451762956087163536022880852512,-55.4244397933801539871752384343634522471,-56.82411948481138788315963287701711074978,-54.84321334062948055931204894234328777008,-55.11183178463257811225778335852385570852,-54.33299698470151800753336324393273491779,-54.77612643817115181945369191187766611335,-53.21106950855871334588699381250376709008,-53.83059122744879129996045918953411152286,-52.99841829062209303666540482155774395187,-53.34222967933589725318022517766611534945,-55.10456585595595556504378779793253424638,-55.08128957814736577769982779492702666062,-56.79714823063495693773660388842827452794,-56.64085601591023700862376131771787372024,-57.76667721949565389035167259234851140679,-58.05401882307129652135014214163895112799,-56.4224364123616196080123278239728417442,-56.23560681477955533307467029942996781525,-57.34729754007874855795153094274922593665,-57.65385922216726408513502406097360585084,-56.55606011705694816907558037150863666959,-57.22467937732995666630582941306928233528,-56.15142352176210298522674207219975610845,-56.10137581920126429744079274108041339074,-52.59002022374086987976074768717417489751,-52.49413070300193568233653460631801417784,-52.9479750871856260736582098798355005182,-53.89467028834308788322943075633328719547,-54.80899480654630139229013167388799301804,-54.54153458859253279041377953932052273422,-54.3341250091664732146749568737140713672,-55.34051162646203292701921100992818745957,-56.13003880250923189365114609476003239905,-54.07867232393116096006369956196012644751,-54.63462126642627104058278713773292028524,-56.41922629299061002806101463639022801838,-55.22399339232951156788161085348690797925,-55.33580399551627841170245875952884338887,-55.06209156844157398506723005834420044323,-53.92389471600644935306319244045742977458,-54.9760967600670404866027274317952679722,-54.07604680246122159866774126242394165258,-52.1355461997362985176088051768361705277,-51.91963271761567660919223071741317863742,-52.68436173547340924808249157336681296763,-52.54106198156417561389326666652208775354,-52.27254144739105225918227053322695040875,-52.46545871660344751017311167234936229336,-51.06494244073452043023521525697959324357,-52.8328252447747452426342384857051526873,-53.19193332055288310523163749364813962375,-54.69669652013829913955817761334953182038,-55.7585037534089167080370290506814910131,-56.53795989586190525460264555647699227862,-55.0739389577631892722708503065193797948,-54.82164730406798493573182341972253239588,-52.64221302559358706963437090531610498529,