{"chunk_id":2782,"map_id":1,"chunk_size":100,"chunk_segments":16,"vertex_count":289,"x":-300,"y":300,"vertices":[8.8776001,9.56416924237412087989683335850497968877,9.9117081984966143131153233306992883037,11.11604719892659905550738315014170160094,13.45730517873266142003086676319219478167,16.05996396824989592679427192961971854995,16.77969319678871314007701855645115184528,18.86983355356885051512403033196573685655,21.64750965384482829104950089274701392091,22.4811051684694716849143102148216854207,24.63543716635022136517207505732191006838,26.37836989468110005922756640818252517047,26.32527184869675565540776711942672769252,27.71381604636377832924495320074493729895,27.25687216771971280911899097112899121153,28.70681617319469826801542854398497153109,28.4887787,11.02292170092745373581549027511740731163,12.64040793743639935560346505942628241343,12.09848495266280777227897859857291553281,13.51081007786778261342712516499194895107,15.42177849522461799305218477250863664729,18.25260034583703669488203913005770120472,17.87632029561668860114577030321368042232,19.9414176795965481767822858551292875413,23.71965618380103716865983796875907569607,23.1781434652374499331664975888561164198,25.76525697829856849662550631049717449643,27.14456049517204330170616551185325151328,27.9707166640473575940976406874860216381,27.59627725489534122849604460893418825334,27.3924447745940831264092414691589734606,28.82879060094208644518645280536569608111,28.71466778318682644370781674009269551416,12.02971841722631600491851542187363007394,12.42519623681326076292903909013230166422,13.54452398123600935286500556789712467302,14.35343656407020208794852126854153476549,16.9952533134355575458658874158695359093,18.17908488675388708481136954927915371048,20.88223312178255976272624874219304598313,22.58495549091939703282469836007361302379,25.76183286109704976792783902477671641548,26.64236414447234140210882492248910165217,26.33690701528271787194532337926758433376,29.60722943567131000278985691963900625077,29.42610712436125922850713643335531165512,29.67280359560451664274906326046995066439,27.99979606982353442354084668133426881031,29.19672759320763291358223244161749325477,30.54564510119816721945058180119765606648,12.82705653760225158069457245659988782336,14.69978779458132929378488899261713087945,13.96604445532617812537584437289393020042,17.39510326981652237381747437289537142296,17.01055483878521131458786504860489223945,19.13252127207150253042334523998569078032,21.68231499756746441781830302684229793661,24.23373024977060256331422515375516108777,27.31364780228100082248744474030213127928,28.95367538570711501793929566287415691311,27.12468724553580465251342335368477275064,28.95564138865306934008176469777301950167,30.80632124774623623235859791569992406583,30.20193460858321327822651868012599068958,29.16528268158278977874882091980594504599,30.33702243773630537412114544631577307919,32.09615147982587650042192045041314807413,14.61959245653149833275257516116425709242,15.25672073974579811816983032934140260586,15.43588972634008961724310005719385067563,17.0915284462000299811318049999452573042,18.88336200802574642509372604362852996908,22.18998773232768529633197156028112423518,24.87673310732207003692275614066695627161,27.86317808142627552206341423704596736094,28.92992957578332527065049520516758289296,31.30291440062477673114101534984747746052,32.20061191430510140051913243359302203419,32.53648956993134393613435981694586594809,32.43598516611966191891971155157682691659,32.44411589320331794713230049658779726076,32.17065254691028457929452589823539697157,31.12732572755282883520048764595160846363,34.28199377164443736757945443155997870947,16.97593609705792703984495920661456217179,17.92346418412241969083045027308451791423,17.61045463170211829166022075397779208834,17.35344425272713263893992791763747624107,21.5298068547054029470975516220857988659,23.49444049351059420153085586337769544538,25.31364532469718158077565305608077477505,27.94954337178129671004517813646265808322,29.52016891745844229668614077959014995921,29.62855138291210227994535503621031039191,31.42039425591257094067896433726237222811,31.76140361218757286628231541560797864635,34.13772192949849206845994913057008144989,32.29596744333137347687470412640068423859,32.74041880344802725281423116283740264068,33.93371629264945295083687088473550796087,34.97720552631119110182049124917095285308,17.97819023423171359924246816833720842509,18.21171068598600607964645848167417104986,18.70756509145713820588421778280445847877,19.95101940075544042474814276479559861919,22.82105304444367443515312863983511094815,24.77449198859970869096373177121335069685,26.84559974717126781807694916521435323122,29.22799208445887530435535405880870304133,31.66685609154838976053024828933066257688,31.37420817267256146864552279844930050031,30.70871866854875600853331191000314567246,31.95907200439965632217671236389999099201,35.90769890050933232150727532587411420722,34.25584648410110863584424945148100852353,33.58884339378794283094115554431505438736,35.47084848347943391070993995644508870626,34.38034157000003057862226351109335029886,17.34157510806997480300326066310962094695,19.77137633164768098122009160858555360522,20.14465426402835871480402529479332501428,20.60289619132844400689110902213789561337,23.82795626411235701447677144734244801632,25.0758964850666870227998787617726869462,27.01130601209572929672459445670905899879,28.96313109653793998912822285642814134569,31.89461853656525584049212484995612543787,33.3229077038861796053304205305728231229,32.30891711440951240914555781246104705308,33.40628124118412592367988904728223747254,37.8398001231594099887356173236787103292,35.24192888110399934205554524931087500727,34.67389909829252371949036161103320783474,35.58375822523053651960534383384310423307,36.23226799279351496173475704309032909311,18.59575799981108452906488364459930743298,21.19636327435309660279799298155141349013,21.8534743079345002083678548018887662117,24.26039495370394598081932542185067621952,27.44247754426908398955513885207838108267,29.40787126092447527151648600283384517064,30.03606534281609738224183806274032526711,30.68466884210472331736206931992657249146,31.8402297279482404374085211093357818575,31.97546460718663631194124867415952391927,33.05456875515429768425935718089007994452,33.37782038442284960816544654325800424822,34.4246277170674326069617157890591421081,35.83269618774181985810158527225471554771,36.64760089882034022576265819884406050148,37.10952750926784488009079738367108645415,37.41997891501707978441362894039809135799,21.13829375196217985567983534479583309137,21.23400849810512362563413288767737255644,23.22876983843099268103232996016029229796,26.4673167240220846509572461154468986141,28.1360356612909947649282147894569683803,30.30958012358271149565558045475464845539,30.20964158978409657509170592576793041043,31.63271403470773214361672127491524666329,31.9426142839305469436664321692915662225,33.14237686680486703234218634511524297378,33.65585403938192879663363704014250281211,34.82741221274729167884026652597724665902,34.95311776780922420567256942802651186625,38.03284380055555215754410418441522110376,39.12732764774238232500418103082807304568,40.9183333931442460966134514735235082888,38.8963519435505744557259078569014568469,23.01168326315141622405288543694693366783,24.23085555023100273946352340549269229977,24.32469257920626148356370278454503742331,26.6704263710521808880390092528336998409,28.35260614287161650493896707888642755731,30.44866138090577513819411901303955233012,30.66238192959366020438554538905642829575,32.54228705209515305526334739418204267542,33.14124209707759914371265238609200031339,33.99672964331213568296788675311706808312,35.7292608955397630595431478736807768611,36.0153197733474479225999870281144899482,36.2909225597460725933175556003305182018,38.53762016158448012084278332499195529429,42.10611489640042734116001009461615869135,43.46018140185872468059707608565718502144,42.02524499895691348923657461051305458167,26.06590247878065029299366594095891838943,26.94557993416959245188975531616031092177,