{"chunk_id":3698,"map_id":1,"chunk_size":100,"chunk_segments":16,"vertex_count":289,"x":600,"y":1900,"vertices":[-50,-49.85390220824484140035721584495403074064,-50.04051843088580614529147483174786015361,-51.40077094601826782536744170808899218736,-52.21881883455329264419947132220252102952,-52.02869145633307381922162210651389410194,-51.81624262963167566462614651730909025351,-52.53205855433601824666309787839784373493,-52.56667698613693871702802312815793833144,-53.08091092158355342847627770194934060304,-52.89587775329565203753540067206016079625,-52.18462060945178852733212652966445546032,-50.09195248309661818707393446862110223147,-49.02740367450278176472965476934367981698,-49.70376721751318358483370401626153362266,-50.66686669818910804799106460672732439196,-50,-51.04292275470903414236310679185629663315,-50.06226178809897259149841184583500509856,-51.18308242282198961491877258619108567601,-52.24022786653734268741709542210339585544,-52.60766252593978123845387473907066368729,-51.97990031696241516849178062289873768399,-53.56166641843208598487203641836754126575,-51.91631717308210235228611022969921291087,-51.75265276660554919997741297893678025901,-51.11091672996665561885026381433996736369,-50.75602774001476785397515771849489898323,-51.84112093447008562885574595124655060399,-50.75361792243822531624798360236992613722,-50.14469528340097655090483633296079066451,-51.02309447526845806674551327309854112495,-51.68517489840359316543608119501131445745,-49.6346901886510910240768919093102500385,-52.92932670704729899222516696971557687876,-50.07154721968300477993787686603201753346,-50.69118471529870359222446091205393582509,-50.11518429944462103521753397491438025361,-51.61084332953170218099847698462877043306,-53.4482329969414347431591879591362496549,-53.67866254437502461656162841864270843716,-52.19831701649861626145140468347191666793,-50.73191114423732428908570061168800070144,-49.1387262209729930302873230249678445099,-47.96236384137227509866890733149003186134,-49.98657508172629557035170431313833492782,-49.48118314406626106850006420339268768633,-50.59869018473742502566953239025207685585,-51.72600025740078945507211035177571000477,-52.30541903986047443733698442337486964531,-50.99005979016712018136733161550646562842,-53.43669012653634193246672179846984926083,-48.23741498301053057940503463621297806606,-50.44854471094989586687318921584128917341,-51.73186575518926857939506396459041168182,-52.08326444623291802380684796188930771212,-50.83059998212409619445666483746799810473,-51.11272372204130708856308003048052664792,-52.10872285457731911273154635442756545749,-49.41846764799029636322533096403603773234,-48.09887547817773573506398273343599517963,-49.18886643289569767177713921044103130969,-48.56466228475998783676484327930236876585,-49.16661880544793446907160275065510296959,-49.51469037594751424623051437708815970269,-51.39600543985002732649194462903635045032,-52.28009811709812679287996070908453730782,-51.06459425760474351736572364318225338313,-54.67675531948022800689135284466964903043,-48.52639235455162848907623214324840736952,-49.6954823142904557357882793700771631831,-50.81205104362933007139158601812965110458,-50.73882360843693808129751603337837952403,-50.63121248859382615231799805308776409061,-48.74397973290952922498065952692828359093,-48.88333311817544844202897265706741095731,-49.40892839180055402527328672829904478947,-49.74559547770002724938570604400347552247,-49.12956680768208793861076772550983914769,-48.14900848890214161938815393120544348862,-48.54041965692956302533454884568282701754,-48.62905065414681833180363206474455631619,-50.61399999377322771418032490728336480973,-51.73381232984024120692459833220929240095,-52.62262814789495309506856150505836360274,-55.25533650454330860222249519075100949784,-50.92228148807108887373665835996403622113,-49.90353168016644951443807701787169385731,-52.02772488750380148157544433139649100312,-49.50695891953345577707207013183775165097,-50.10733099046208525408131037762788152046,-50.32043317891662849235416838529935079022,-47.55147876693233660793649827523812083915,-49.14501822894274652184031811732781155933,-49.11330348121302622739611241725592243748,-49.85311613514544287577296416855961325341,-48.44193361357481401519886114435383967439,-48.69256601257509883530666685725534768939,-49.37301994142770625326431456770345337224,-51.18029947584444453999304854519454319721,-52.66844496746897243015705174213721017892,-52.79304705923596683683603303334714080666,-54.12426646030905978159376566391818913365,-49.37996051230360727977027024809925210769,-51.00168218109853753256538537523061305471,-50.36589475257263927809529538737831560455,-50.16486963533105039850596194597583003924,-50.2345192279730869875677988316714935999,-50.0357322530353007685315966691911614447,-49.75605009543999489032816970108505571829,-47.65482874860479612732921054786398835147,-49.27768092052614372553393472261957145542,-50.16686041137620066154238733977704209429,-50.66467136405819799376955564639354447558,-50.40484453937639479455557788711631679403,-49.77056069364637105238832900560083101541,-50.80380298428467745399644601618159212011,-51.62040179412579575736002154524197972535,-52.67983920336822076559182252933793726796,-53.50427656628481677973137602697412795286,-48.85143304584870714242249708426255626564,-51.55053782410568543660839843718896376447,-51.0212998230426215221506953349801590752,-51.05517588243619439907715336555263374583,-49.53965430316792019262122910246066456321,-49.43785807359897198880145869670432138281,-50.08915234935574638546316361231486833483,-48.34101566912519234562252704004274305365,-50.44315883517499822305054400383244587667,-50.17873100966189199958025249026777852816,-49.03588445999820101170722351480029845468,-51.53883800412664154282185812506666498845,-49.30554989421947212986458860670813199416,-50.33813579319992562015980778190539498968,-49.75095118473127575984060240628424621877,-50.79186043854529662105079413002934375092,-54.03921928654496566562835389221557086033,-48.02491998472174846627009325666118391867,-47.46175993691028723803616763264276356876,-48.20973641506576312694228331680633199484,-47.19962951786216353348009210654540473422,-47.34137921245090180206359631850494794704,-47.06058156550724798765093224512643229069,-48.06392645638220688323581772660007500428,-48.6874225254189474810214109015887772861,-48.56236894275533530939314609583093732086,-49.95561711277947334743854640130368130306,-50.33552946038143509873438277245149858751,-49.61257278894547227123661536154898900545,-49.75124803737077809671567993687807133637,-49.9384957341323481664418555217349686833,-49.73352180159453780268190501642061022673,-49.85637035187740222671410475506058218419,-53.48834153009053399647632845641347940705,-47.89756319866147507186508470411906553163,-48.02303683664364021839053684386970586411,-47.96265172579625412702384831105920519965,-47.87797466938698544989130441602710071533,-49.30533211015474930249849084202559520131,-49.71107867857214069133533914687880988225,-47.45832973315771376439957391672441699054,-47.87645331985904867304250526830583009874,-50.620786574273192679232112447638116136,-50.84393525933962009180626148509685139282,-50.01052572640410904848720912751108716547,-49.15883005475624359790208153262309304052,-48.04715743759882946399418418857014617102,-49.43894920748943599613541771988836645852,-50.15691005513158645547067864620567040947,-48.75782372133976402083608987222756851008,-54.08723566272518092284414213683593229637,-50.23835706605615285134788826279224444653,-49.88751216713209444275182253118744650471,-49.715281758271792929933876730786134879,-49.80252607801954608129569568582314568912,-50.5367496550671598209171787687011453542,-51.32738028468454834082595406314407707723,-50.52741151941078469204114857909646997422,-47.38341920658586507937505599424062092341,-48.9367279772620211404856981197341078473,-50.27428754446892782194420010808969057951,-50.47509049403467487664231944803426149699,-48.63024768793612637628919366860986184216,-49.23464492285820356348229888938435181446,-49.88003107672118050042030385118280880036,