{"chunk_id":2861,"map_id":1,"chunk_size":100,"chunk_segments":16,"vertex_count":289,"x":800,"y":-200,"vertices":[-50,-50.25613488363695390157071180056680364434,-51.94311121307923260632136611213786945906,-52.42850974336803497150790304365444549116,-51.14947862499452445348325347370189262861,-51.96122788693210708241299377509011438219,-52.9234019667767828822671538004928161487,-53.1632603954275830809455117512122099884,-54.38575785308770999896164684180269508759,-53.83000667053198756018265323233587148421,-52.13843458860660469801584946450431580178,-52.11029940236540862630215489723177266356,-50.86261786924946855945480909669922831933,-50.06680107439601217048125125059214516758,-51.1402491053636158633121339870572015147,-50.73863698703225823183741520853034860154,-50,-49.67427664694265411213277069329880022694,-51.47923037283741135672790756459412181005,-53.43346612680203062526579578205192518214,-51.68413716131687060001778316648267527359,-51.0809068245570060565975632821838363651,-51.81352607851659989529550123547108189618,-53.06877920912181751427516347839818659943,-52.04156057780602563531346151293101411619,-52.52092566965895636819700945482293978414,-51.7548380628870013359716341200295620435,-52.55169336084158178381665830438469283772,-51.3489464943199462555227299175857597398,-53.13613768590456527427491795180440853013,-51.3393039616547974768595195875154509514,-51.45856308389050338456184404789290933773,-50.93649486303945246382167205473177957304,-51.70242290346197417852997900545810079098,-50.28690474076817261048281677392868969451,-52.54428396722177322806131836494075325887,-53.58733854254972088156246172242150172428,-53.01380585903277414066542750892561542468,-51.05350673930720346005844314237448734514,-51.45641964505247574471530718607759436647,-52.44670455428847443626673075924167665993,-52.27774926710127028900049517372679080536,-51.14706239244587131828227532038801425624,-51.29893802807672072331466006128020151849,-53.32855976665097728691732671729065761915,-53.05142995132322603133588747850080711124,-54.54868800238946766606945288407629951096,-51.82169469145380003891622180997738982682,-50.37529356596163494214574144563742188928,-51.272595305302706249765277807779378785,-52.84924431446517926612803002836746935181,-49.15498761892158331053985200572218744392,-51.81023884051592649900684263849619678632,-53.3721118222149259964210066926679445347,-53.2574325167348577517962708055334158207,-50.91493398695197426671868311251623891014,-50.20983038403788449690252764527651808691,-50.77839838409814255360184744991104561352,-50.17890436916728674636247787337105118687,-51.73871286144269411289995026617130064823,-51.00630536175443005482320139186657959563,-53.40406924045412928952927484033151968457,-54.63574368894051615082498682109504950762,-54.38041008293064292211390287168099569524,-52.1324062609416248901920612422181509537,-51.9710167821774434368443710415722151025,-54.0035888995374127317628638093970323265,-53.26734232433120889982486149457905792344,-48.88853785620738156674042033961886049458,-53.45592916324438717994777379680717585042,-53.77261476592152022306014030419043485997,-52.91103838063680663291832041289337911275,-51.63199971254759354122451590277854909485,-51.34460584685575348166110999397763336085,-51.32657255556209484692894298589327843225,-50.07530343451487605661903154661789087854,-50.458548660001859489869918997490108243,-51.08472113296996677582095934894248847321,-51.99645853855595222153538990979982202006,-53.20653063281815523965812847964404294195,-55.69567163661419697145627461014603601326,-55.17932900406811053944070290937872907351,-55.15281747683394130689652773361017994307,-55.0648354298038426195522769028291191548,-54.09100145544674458396374876297652452755,-48.82973826655929371120014234100851654898,-54.68686158475408447211835456377306621925,-53.09137296544140242842915554956329934568,-53.26762804261807333985193212436297176833,-51.63866358481241153677393867294076453416,-50.3054306672988948533071425954001158639,-49.74153811679096537893549916460472820652,-48.9915788957797832744409168055855495736,-51.56554863364398798128393154316066419157,-52.1624351368624365856438446735232275802,-51.83165310279973603639945583725737073671,-53.09749228174027640361940100788445170363,-52.68342844994267036043081161662199185592,-52.96565563434494194984073610265312380043,-54.43308586618694100439770173055162259434,-54.38808956390136908453668507450996438315,-53.0076257106396301814345134527413695755,-50.56713453422296971993141512509700482046,-52.45159359659263880272856147933465217537,-54.3049023720095510389478953571254776422,-53.52851023979214808802840794085180783896,-52.14545402983265371186693331457371566076,-51.7490831561191352284343528889772606627,-49.83474108093374037066405283858971478902,-48.76739887295885473867039180651769974316,-51.40792943931815468375647788149218020539,-51.29045746259168056395911477097178889999,-52.0830813990802485139178655998318887276,-51.90619156004713643440600267664451600101,-51.38851529562447307962190365913544701427,-52.29837268993202352441500271292230953147,-55.08194968798762453863669201406472933189,-53.419982787275083971505977397014524537,-53.05365672884740916429569853917393231641,-50.98833491385874114507094795993503776211,-53.77842473439751681846810926915744408093,-54.12712032810537325785168164828729140484,-51.1818604088985373820345156924752920156,-51.57493839463235563834283590323618739468,-52.30600113542036683756429845438772871503,-49.55085749582421308151928810654145494765,-50.90672310683714693027543825772793207555,-51.37001117663779637338686676810441827976,-51.89099855999550354678276701605568145821,-49.47938689814913463790537186059978517956,-50.19685870761797157314263253834319632155,-49.48900561337289463248233452067149573168,-51.61269695034358884834905408490558845154,-52.94895502119594501499364199434958028022,-53.10471457049738066156087543483543177167,-52.81060564430996495994068196369587791338,-49.55968517860601740834160071331013630395,-51.76670470499057540628419441399801199217,-50.7850760423052918692621554025597160853,-51.65641717273233360902167800055267963149,-51.81094734074628703915038618473906790283,-49.75211876453802483178199107970888467843,-49.12404299758469760586263612507229048308,-50.14857362010607215034495694741981003503,-49.41467567883095587995441879773874841205,-49.69662105270675224518254426653489345503,-49.77518572471450393864631288751042269711,-50.26572270889878918387869611895787872884,-49.85516660139316548177490578878190905501,-48.92370854546459043794326100212149874601,-49.82056619562471997521837984176252422844,-51.42773383617708744085293949393482335616,-53.01777699845492037915712209778745499794,-50.44207839035705065652735553511973795827,-51.13332635655527080896168001666319903085,-50.98146927875544992997351421953892683402,-51.71671965656087016471669984679058494317,-50.92236820107813821368972775661186380069,-51.00571802237641621016325010659064060622,-50.60678022021292750627244341187994872101,-51.59034120638162802834270049843893468831,-50.51253367780575159341104572691820175597,-49.19924132903548913597424909016186952355,-51.11904080363872645778255420548353656729,-48.75869602423582323315536343834334977013,-49.37857484647904679075373765060695232589,-48.67857886890999173652655638939656738049,-49.17609784481553250136306074115574298705,-52.59790391882347475599582052715505889557,-53.78000610389771120087731814976986373825,-50.58265681819798739784742653369436486714,-52.70893531705579264405160430732158549821,-52.65224431991533730509493956256357301888,-52.45786591316413669392333878196742617686,-51.58767490836346721816776542234059866107,-51.50393875243090907658170906279537442467,-51.49257727581085983235799327656739349222,-51.39452155498379376220029958673732757162,-50.78270452481209696541882206583436996369,-52.02757955489672525255416915766240857785,-51.6531199747866344381004782508149776622,-50.3641905597410331447256744787147349483,-48.64009965813553992328662829540206493542,-48.5188525666945808419327996526795254355,-48.55941689086596742807323884249962753832,