{"chunk_id":3262,"map_id":1,"chunk_size":100,"chunk_segments":16,"vertex_count":289,"x":-1900,"y":2000,"vertices":[-50,-51.62562516618660552358937806739565648016,-52.71751481186775380227527890184461340605,-52.60718537135809541868115723175961715553,-52.27324161658341839785716500088409439841,-52.34082646497989447955533611374589967146,-53.13456680739598858113685875653967167352,-53.60185043348074243484958432410946215063,-52.53745727023488771079408030958310474539,-53.17773550763703013890117574496623303999,-52.22803592293672446857192577736718493827,-51.98738194340579917797183523731881918208,-50.14234987002774218740212990552486974248,-48.85033030242069256905748132877932921135,-48.68382790740391928154697253018267913284,-50.09837794008104063790264636164500843403,-50,-49.80586795049991042080043761103454367203,-49.78934081984147553555173950414408630477,-50.46853677160732947149455421923017730524,-50.14453592832218140666762556696795235135,-51.87558481098458093832069617732485480498,-51.92835757396450632846864548453428820545,-51.63584736237319628927590275118073246971,-50.96721664160318925830402992600100360653,-53.05662837988720885858705836446492257851,-51.23021842978459647737852584262494919066,-51.79216605663854230829874374106222754775,-50.19097426345776862678294939772141541747,-48.490768494927303150847023560373890786,-50.58721368812625507499582690653603371691,-49.99833223445307838642025952383168969994,-49.89755194650090781736454843811898770377,-50.6961197766783346918593316221775139984,-50.95559129015798830582317666912801100732,-48.73158182411355517758504215132494371471,-48.39260658470478655800286375228156565264,-48.12892388485690343520063889353747517299,-50.31065814712266583353351649729405368667,-50.10968723107916417935398020358831063416,-49.47693845586712672816670506264851537017,-51.14337867358444908618918376604976831485,-53.41014469829389560001593822596014955397,-51.96137267078967303646246870862340052148,-52.21611526850911313608657092762894620913,-51.5045383759069049226265157192118265638,-47.64530121607335909148869789690382782559,-48.47367247929081654200231730679087182857,-49.76878831989251729325172538003221714281,-49.51917786602908615285962089656517281668,-50.44084084257302093574423428570088535947,-51.58597985908420227049028562124807181603,-51.31159424099382053763183385471075762375,-48.86533887597244095940074341887464231322,-48.2368357075325799236966694809882551057,-48.62925266919968434935619107162109117608,-48.25496637156252780611449407348638865574,-50.55545771715510311994393871985955909614,-52.72819381921419573681449371172133878123,-52.52876687462759185021633488183772641741,-53.39013011315092481754883775230399265863,-51.31832909941078320689026507859587505942,-48.82486339592882018249551347837275635606,-48.12193885420400639368298398351306356843,-49.88199268730244786141657111342660042606,-48.79589724808448183757504564079812386677,-50.11695691068199216270971757777320431378,-50.31296705607019217515872174923316214226,-52.18131543253582120050988892667683879454,-51.26123213608928734803809670818267946014,-51.55434827839855904121153961169377492199,-49.42855669010487888038422577364652141048,-47.95762200063909374269933371642132303681,-47.79523272411647614143304885543457378483,-48.18016978180052001265802776957603012845,-50.50454238098549386740187527283465367629,-51.60795942229509877603088258060834446118,-50.12682743084254679886244259015688455719,-49.10475731314885021549337746851979441191,-48.78608860140784139880984641078881299276,-46.98886583583213974980183537602549287053,-47.07345877144632284153483996107156725635,-47.77989043884508061841172809560258254972,-48.53302120068980638287197183188314730268,-49.61516366885100288673604553074632257918,-51.79632249505129457451993994096605633781,-51.75946254891326375514721086053901115825,-51.05684222553140393993601080245528389349,-49.31850226906284945397324914981086839201,-49.00506500794810619148926839748417377211,-50.06711184006289346266747710682328075225,-50.68229532069440084322977339902144582724,-50.33783174464963815821016218707177538992,-51.79643685674266039414411162699132682239,-48.76097920976633212061377334016237171523,-49.07213485631271055913418318331260179006,-49.66314347161905982400416754067571187943,-47.98044445037555759808847106137818470738,-48.02339321002549862833506908166307605185,-47.73976589431386493829824227989758611876,-50.45983046094448016585395037739358936049,-50.45445768081132204037012191649270972252,-52.64234843211447206967462898674047742724,-52.17776075445272391477214642035673183285,-50.68534705584203432276613497020768325668,-49.50622999986256482386776754240147933237,-49.9803809348701050408445685640037777366,-49.97376603382228838947363272434048396004,-51.28635044008100957419604329400055479779,-49.81272915376059516484749544674920420115,-50.10080710188748135891810344343270612834,-49.01279259569803900690366359250702466417,-48.05537478082121282724503048286770876282,-49.32472996953466902614594832989040622344,-48.36477740824459655581862625113304982606,-48.35250233681313613907012927169517858454,-47.0208173197879996291809120146878754425,-49.14752464613249991598510926877667661638,-51.51686414575562166461560867923101784254,-51.25474024176151425615096131950137067787,-51.75144702556164869878685672256422351877,-50.15683414528169066696914094788356046377,-50.9876259825322618665302593322539142029,-48.64690606111606268928643453328196036818,-49.38167605632421658884993257671927917938,-49.49637234894101039172637201149092651069,-50.57863359217001947521786724091108575605,-49.15259434149918763451537252663812812767,-48.20079306879123576269523033666384579349,-50.22836809550959167428296293370245429071,-49.55037607760968951437510382754753281158,-49.28923015964210348426120213483602941398,-47.399998163102558919503416890821540487,-47.61974721890933488497430587084979696122,-48.14143551353262073890412115190731923179,-51.56303797120317250380568815207564159443,-50.45250311543582928214809828583194049496,-49.87101613049301410728105329079782809445,-51.110824468091400938175230787817094397,-52.03593193117049269312871369983085885723,-51.65450945925342685641626447802031690615,-50.56825211594698598861988598209510563686,-50.74156464832020073753400055486655431221,-50.35247850008640073554308027403209664658,-49.4952726865214849039153306396078884433,-50.10434229992826836094704441499780102477,-49.50644375283851150094357932890744204835,-48.98470163498123949262007591811619053811,-48.49375822235484229148441705843063698002,-48.21382645870629977699483986723321735392,-49.83293654021621880481983847053499075758,-51.04206816220744868302503252521544711711,-51.47100251446337905574141747666756614337,-49.7869361889056338075063155063820200491,-49.60903939443337243633399289545949068625,-50.35728749881032676892131249080556890342,-50.51888166439094246919692863222008591817,-49.53920230676721908108291164505640924248,-50.99623001583060131443815214095657871344,-49.91774289753148702347203734399490038638,-50.37245023571396743160508815186519845987,-48.87886623149652754655427368004200410469,-49.38933332378576878768601542227155924539,-48.86830884085626324428810359460120758888,-48.0154992402505654781539997022398929938,-50.90236112422222229337588543309909761501,-49.60465688070635737049264907480115571623,-51.98945611282300148404755281960704229677,-52.88556053785602979806693853148035871933,-50.83921504918352264077296204436708158417,-49.80310080485727236466917904647543745567,-50.71392748875876118947160611604487849604,-50.89262461719036526354126574113895352799,-48.66313988592763905435915359855397686054,-48.69186768071050497252141902942551602465,-48.19894661466289529036961985452608042891,-48.29239243928932568616745217567191091834,-48.94117553902891390562312334420294863541,-49.66968141823393280264300042320276368234,-49.62788637528359145832810932990591173144,-47.7792759296653453181781565650131357195,-48.49122687857333690271554279427939006135,-51.77406843294834059275502528886181913932,-52.18945885103323061587281100368921893601,-52.58407765837393797066874619028968980681,