{"chunk_id":2851,"map_id":1,"chunk_size":100,"chunk_segments":16,"vertex_count":289,"x":600,"y":-500,"vertices":[-50,-49.78895267514064634498405303620099724726,-49.07024635938097478388928469611693231793,-49.5972157836223374347049330363496679445,-48.49827049849095698171133804892778788559,-49.21372332332181594280901252976821072474,-49.60624353864339667480131117740424334152,-50.71590752964346279206447345647019554403,-49.91154591708302899383457440720623875301,-48.34000922939185737492734420884504025455,-48.28124325635819412634766766345742212445,-48.72342655923257835080268237692404783789,-49.45336917082065177505815476373901665728,-50.43136922870176399017220689345821057147,-49.55925608595508838852521103009416431508,-49.07200092197060257970047320455760852146,-50,-50.28255040586672242424165541795632181649,-49.34004246801715678078911782404704880987,-49.03094614916748144121857845248963294442,-47.22397270558623758812682645073776156854,-48.07758211496125716176351115467791522789,-48.84545964125354978599677689235685827231,-49.71710608980506350214368815088192021026,-51.53275806445295503246276539178315661967,-49.92243634562124417400972407364264386573,-47.16171901376615365777486421714398947674,-46.82955785617219704361023910707324854995,-48.71914906759562946807986576386994832515,-47.75519282788441868551356431891571036095,-49.93139728180762508251398322205111686548,-49.43047683793714239061668217397622703118,-49.15776744448209923774292849683819500224,-49.50476206516332016743758695039560014131,-51.5481103181200219710515025718213411647,-49.62159256281595375323470895699142721851,-47.74416941882762723775293111230301648171,-47.04366639365719248585265363205912078405,-47.7838910238675477268251402541293478031,-49.13313525128570104525645159862287245312,-51.3949462927481188931233824628594483073,-52.11621520654887391849860020160273259267,-50.09761506853210066508450996031735919696,-47.37552384346115025171935823832651526434,-46.36435176694965164201774367786526033208,-47.22512153709144251612443768078019302589,-47.42419242091445516173965186216683357333,-46.84868803042140216220877446914945459581,-47.75324953170816725993566341129952722518,-48.51802400707050772349382976376175168055,-47.84752988749767257060426652416283242055,-51.28907489455894601280204554445475291171,-50.36101055182572770242210366518098835403,-49.68268482471606755312502431133767347621,-48.8435759728316066267030352850377901844,-48.76105096307424976271934953023168457043,-50.5597133778190516009076830737929885825,-50.3395043010555273157544322236979679197,-52.38246532058837678736121494761531186238,-48.16450646311303903834139967724027819537,-48.84270075007898558496251372483765537696,-47.55202636903943990380307005899807103911,-46.11653718691163113623647320599223720849,-48.00092875175562434400990255839796522781,-48.10401958154029770561003063532618634918,-48.30476433264258711212163090748535201369,-48.65153180139591629528333992671409070938,-48.11731898659224108540295917451153015078,-50.13759890299538418476728363108249288577,-51.06900327398814464923565844125656139669,-51.05219175338063041336633270700774875285,-50.68282203169779058862559889902114232644,-48.43224715573537919754826302691749199776,-49.15115738038066354405045307395583847169,-48.1703165620204750827501497701940931283,-48.62312191641823764463715128692458617414,-47.50594977095865380380494910324915886322,-47.54080459198647906104613997699800926417,-48.14274594449409792291680351385529426005,-47.44891434699926529970487580475671945673,-48.55119688881229972338132620236024731448,-48.09756115479191561315986038858141591177,-47.78109947562813252818365137369919992712,-47.243724172237123985950826386849755282,-47.61748421368537362414226354959988880662,-50.25071978053243226611530825918012506504,-51.24142847082399163023351620536349683066,-49.3339784591402913161667072799105017174,-48.65674109148243529632772154220523237868,-47.67363991749541225086286959573885782035,-49.19191447915743884791244223336633462106,-48.56891699843018093254767115361060561384,-48.61625338227931791823943060491962340466,-48.168905526888241913890583407031921761,-46.95562048286245067403943502295264736066,-46.73619203610958907611770520842245832845,-47.62968997057877551631052563893550939145,-48.92116560778667517748977050888497381203,-48.44858049280742754701816100488519649512,-46.95650861064101171558067151647686484644,-48.59038149106965772748306721241404353652,-48.90042894828222066817510364114909752428,-50.82658655010240279250799502900187701952,-51.39128139243220579643924253374184008815,-48.98935422000702890984326201109158951635,-47.64802025594328828868954855516612494844,-48.54475147010933936022971784621640645482,-47.92349804756457573549010234486799695579,-47.85029866197134927924514897749477520892,-47.28565217283966186857080291000536421887,-49.31013481275060390326315948683750500844,-46.55374950366854452324593442508636558085,-45.58781322146993372345719513014469244482,-46.22044250850261096079344800332801456903,-49.10383591991312994538592212720834899919,-48.13319744321325852064293608719433144,-46.12218021309995407337784231043739386942,-46.8297997745774238250331463543534591432,-48.39296302194105923682089710790519692818,-49.6147269186301939127002465624258350799,-51.41412666720636971742723747475770539414,-49.60782830765850672354761971059209424059,-48.3548116174116000417475800697394169521,-47.44276571481491389728469677563879680124,-47.72372147908454574527551897468766558813,-48.36419164257698252854933342678972352681,-48.82283765487457582500058222398397581686,-49.0239330456510417226403516163013464207,-47.35330499718078054073898535268304904,-47.24763092654351726376194115030751354709,-47.4004958317656718084668915103416290435,-49.17234965978234065737016875951869989388,-49.80902595835314416606116384167031090856,-48.22032819409317646982811005018226639575,-47.94651352023128739052228224685785867268,-49.69424329124842740744260876343262627014,-49.47013675873182626758338862822345982651,-50.5904741880391763024516564928393410426,-51.2197060051003679286233023623889355246,-51.29276399695641978319044761835850147522,-49.88359641614310525042368662862582170251,-49.13706242641795443209362596695029881268,-48.20307241214623012927631715704670317356,-48.70808326114040768693450492448949975304,-49.19546483152881445228674149392032046175,-49.79425841017232597556597618885228406533,-50.49802216313996989409152556243947253607,-50.0184144662039541511552603936252726483,-49.12756855995143433745686031354192912262,-50.05846202374865683133539116644527734908,-49.32211498334599822429071369883514134487,-49.13157632589604679980641948899788668948,-49.8223625874355263872198969331391663961,-50.18091217591335091277056338461982436792,-49.42546730179218817860477846003498036816,-50.23829904309113841398322350228137729154,-49.63375490003652351092710206594840811051,-49.28139528560983303549976660852819174805,-50.83366350540195268364604210182820939587,-48.93328610845451865113345093594756499217,-48.40900871165851830054786343498804877462,-50.22337250109797757770878466102693745313,-52.07191590538508465886827597918759502635,-52.40870077540892040381247011987344321716,-51.51000986232203576099313413316736928048,-49.90186848425010464149725481807160273703,-50.36588858507102961435383794841815296668,-48.05493826778159624864099450256622188429,-48.53978972674522772346282709993830973385,-50.55158623256844612607039795215426922292,-50.46026915813794899856702600478454855422,-48.11421820007482221986720022535038835891,-48.4822025196660205739059950189284672762,-51.00834997567960609282895638371969877544,-49.98332202798901383362159065332648231188,-48.84590675478561989743832906437719628245,-49.55004596155580577269703742738904674821,-51.03376654025283959731007269544521605767,-52.25781579417751878720400499159993530512,-51.77935668483830276020119579893633404263,-52.80123393593716461234106639893423601466,-51.72777462793503955417129308410753052231,-50.89487831648808736070922012905631616102,-48.54185199366925566829059166743585464447,-46.73776486172126453157603867155857462915,