{"chunk_id":2784,"map_id":1,"chunk_size":100,"chunk_segments":16,"vertex_count":289,"x":-300,"y":600,"vertices":[21.37813875,20.95883199882376082516160462227471733548,19.73675470792427929730490136271937833903,20.03996390671932307694554755480051460899,20.5945978230301097612767967271029658939,18.80132729195126054652667461331753717851,17.68686442558261435435978789411099241533,16.1642364953350050246155251140071126154,16.1795856393180078992848513227372533579,16.12988631567412801259607452791845807674,14.32137108901475823068326779148263617676,12.61738891812052042256055278633038883312,10.82988510465129147794801033530433517909,9.37139942283355660769228297878945311401,8.27231752626111240201633512511220504456,7.52952127478217102862495436755606778995,5.9105263,21.69861027918055416532620339121750640092,22.1976641660673428354392539644112617014,20.12895830741680520858199102545569420352,21.29957022117310836403163250202487542883,20.66531025718968434858259703520505283299,18.63769933745668525729806552696934776459,17.83649287110278432906722887287235357535,17.65102066581097086028934412191911762584,17.04528888239385702154963740034419040189,14.34780761538139540468459824523308607805,14.29384770953584498964993692400037075389,15.15885047716748446829849904833845338612,13.02212830303082225149851871235443682523,11.73500354000975001432240567617614588945,9.65883906674806386436106122585201462457,10.44589063730864198976940034850197138339,9.97130667237540010266760603833148310189,21.18137362220200150499768127187238398591,19.94765033905072756745213022606418737654,20.35287044528698818839095222736210954649,20.15943793722994497326144188342337526508,19.83620201259814371966653537304734673021,18.68146818742594958579981393523063657831,18.25033386804179756691886598346805608153,19.18205884845067835024126890376854528192,16.13878974869617069895277024134948598304,15.69901559598794587614936927675012175751,14.15436175434907055942830262934101582333,15.49769159473622692013656654598058543376,13.84301438458511766661036810992905215782,13.39488366147159217320812273870879905874,12.73090695112278312980451071405508528497,14.32934522626645342999640987374332750051,13.76427270408065460378246009682495423124,20.70484134022021108328753564989619140729,21.78809501436102581553313352282694011195,20.11006582555242275002188734356901092042,20.10226002788363306790328311011276756346,19.14247208698315202117850584422411445282,18.09768204844418357697164948709978385369,19.9853486194905288717701121322700412992,20.12492866335841956930734068260073928982,16.9059700399452949984054876753632060283,16.25677465577588378721780422023765842897,16.4539377992934616149388385530583665752,15.52190961861407616503567413011370696497,16.01929993821815903965339088601423366524,16.69961469056809892738596760182876634205,16.58846096918821447191956534434234486563,18.53483601941891287364538617381616886238,17.93925503125575575767212800843645731831,22.00585477346591834356313206429166760707,20.68417516198475852259848862265537015917,19.81867847615797161617846048035915345234,18.08039054611864184204041856925420275559,18.0284923101838470267929859372747867457,18.23164803435777653336117056225706182135,19.09758084761128802382179688133861500031,21.12644749893451942441977256503779790753,18.65990293510355469939083394735007815166,19.90603376676998335494016666736820403356,19.50492616645372400928105964177435185454,19.88078761114720500850980036833401756804,20.06266609479958749824139162718548489532,19.85197543987933814027897487006744400105,21.09529317598674029982517003863038309593,20.60151540767293974005059171672380720254,21.46346847875010284793835357847232681024,22.00956420177956766689950994234860546368,19.83417883360062288631790611936915614588,19.19861726079075470714901364344499138268,20.57432346676553176149580238707027724827,19.67526901106960254564021307150950615837,20.9199706824410410969128505387377319355,20.18652364410563200338892991875793960833,22.68920661376618480993981509250819075719,21.36586196058311117889211615247338574267,22.49834222329027020909390547315668460059,21.51378677275379225724281257523937463474,20.40126618317344528601071996615165376213,22.00407242786274212865532383960704215959,22.55134119607526414594413406253037556795,22.59341946687628822455408265326767146783,23.89737470256063924790575882145258232557,24.34263463704879542989497212991877654436,21.52229416424009956148179288970462375412,21.51575566879400378643967169665275645175,20.36365552397463399504807669054708444931,21.75531541810360623882209272872246652501,22.87465145556625295652898558122294954741,23.0167065758843102546103167782557347029,22.77582868750323368127881628525755191557,24.27552743834837845390765514811199766794,23.78243224355764038320468928107766411375,22.96782224284566782193354644356306914544,24.05384878752561572492269177494038994773,23.26487939092873538256138826885825426539,23.75302223729169945229251927219974448187,23.92780923058344582669408481711733358172,23.01695020895791278963589654281749546526,24.91958164694571706977030804562124152618,27.42038495296775572454925120208067310303,22.95083423635763392532830187603262513102,21.07713690765863459992901556013831911661,22.05641528443346146673900069493113755713,22.48060997891472592105634212562522856521,25.14858860163146114884726637339437591123,26.24980998903378269235131854830186028604,23.98643927135758131834779699705946169492,25.69439061162101288419438840319930545219,24.65124867093275692503566072768400985624,26.38622039016311480593872851052386478958,25.58736279537341167088015915050384130141,26.68442423716516158498890074084836007817,25.92380886475770498903960996648151853011,26.33744578079751571987748864726431219126,26.26580058523359736994833407402214174724,29.28585583645005725276395190145543214755,30.81268235694370695073041505805550988853,23.80505992108343756212027139036474652883,24.60800553982409813684006155680990422841,25.02448280640253574721694434685656556706,25.10414404335486223660680957732943619393,25.94415276198670770528355719185357029388,25.87175070667450751480669977915101149504,25.1819635434576490277674994139394239159,26.21289861617596911843313899815490441289,26.4759037992967826224447551371133355557,27.39382215498456166405234388368866505401,28.06664195488142939401467551772564471156,28.8731268171770049301106341021439812505,31.0155171358948398505303536067904715581,30.79317034819095645105632344421188579797,32.06276555202658263561805580894027938972,32.08729747290975028566469852736160272643,34.20501431272349149557304244690329866089,23.90346436581723355376037977135918636236,24.32187714154350731035587062886087766071,25.4007562324169721643107446412850733781,25.81474391465330372530041710011253898113,25.27529280108011031684353061528534923268,28.16254153544564365534858108255318117656,27.78424405738887986909028546598806421384,27.57682772521078946883328941375216818326,27.0877251583012908076891613292794323585,27.6601413735131566159794198058265257557,30.17451424228165593871849514203340944535,30.85423298409396453561758101282562327534,33.58186711899020234350560740417657993129,36.20030851686675589850307879194030129502,34.96647095482141427124820127357809072311,37.4461918442574237120642063260533954077,38.91339189737186177470250537194123139006,23.2224884590736537877203910015155769651,24.30779712264008418936390864973032830929,25.46995722399229065982954653054193141716,27.77397816680423379650608310305901117556,26.17812455869835988540873119199138464263,27.79032671523453810253095708537166915125,30.8694606703499643864230654165507437764,31.70139241026583975165290823092343147759,28.93148949965984539313057142706479864389,31.70380410925107575186367038100784949903,32.90438261203793666002357419860218553534,32.58339549589097775043063706000197526971,35.69579908009013322277962708048781327722,38.52219336444963068209107535780638602235,39.67592713643332453406248590463257954011,40.18658618623641728222809191271702337233,42.10139785401343149813936592360433262323,21.97234927831266177496134163310941240674,23.73220615081992778254537557541588779722,