{"chunk_id":3212,"map_id":1,"chunk_size":100,"chunk_segments":16,"vertex_count":289,"x":-1900,"y":1800,"vertices":[-50,-49.11349300491173092201973847252230812019,-47.6228680871619943549728480831212128379,-47.78586757782000320011284858166220621545,-47.29384754242923129874657491342683927706,-46.59602593324684012708475095235555153886,-46.4302565710696875153667802372196837145,-45.89040451396536751985068597860497575594,-47.06537093607885428216914809552241451267,-46.6208397412870734220144700327510536755,-46.92137260613396146828859691770250210302,-46.61746875876558755523164451141167022693,-47.02515766104675578429718182356534450337,-49.28472810367149808328604825906794102022,-50.05316214770618669193715772059572223999,-49.4294891900457704315239320313333684351,-50,-48.79306461175546431506579409098085482942,-49.22685727176621204217093864440430282886,-48.64189786650475723536580861452070706414,-47.0818129191726733290505550709248715592,-49.87819587689937724799198514449840440503,-47.39912044300797418325353140657251628157,-45.16907599736737215302359176743217747566,-45.13128953620675645022745433423242471827,-46.42510584439485706780083429271940194975,-47.18157023468332537835246404420407558582,-47.96092297474244249755454896480576139141,-49.42609345947726867168668465599723421332,-48.87238993892423189032413972073177684036,-49.78453927605105543392713206831142062209,-48.14850875905662530438991211032070466666,-48.33346429825590841879030924158727393314,-49.79743702910168025309628899650229309185,-48.62205459223014985728237706801194398704,-49.77197017570736424733218753548251305688,-49.26252068008429660892437235726674318976,-50.34296260140953614744154538303708941829,-51.60716052104402540924664998735492555879,-47.82954000990639261478388678919817533365,-45.76608175937132911530321946232818085394,-47.05617154028052250597489450847082078584,-45.85241226963407077683580521783054657636,-46.89248806030611761012415732157264137591,-49.60367097288919510664563737350147079762,-49.4109046228190230012635072366096545747,-50.51656792903425978987301202123501810676,-48.76308874095571711740143749649396306434,-47.24737052890442457503871228239088289281,-49.05490705110196802963578001125006168753,-49.5647286826895575004530367412386490785,-48.83876395686904176028747203731685952675,-49.75335234693591943939792547774704394116,-51.13728251856313397476682072097741554326,-51.95521230496557584235307930611075785909,-51.23840559654396790756519248314315991519,-51.23404706383745034214781189587206576618,-48.31099904846049923308521711579370211918,-47.26697634855287619226539403907337316453,-45.39511811252488796495751482298759261831,-47.41522765650461415533141539067873155063,-50.67390439750277762616407906561760871048,-50.27068813813716323760088155118624571027,-50.93108205805636374600902517746008729826,-51.05958945916223840037864849439763282366,-49.91525165999182300837911063866291364988,-48.6162994307070764141839539520182305466,-49.47947802912357180372549136866701087558,-49.52813594868687396879649471896169990783,-49.1058713431671878265772026342683993172,-49.79744152683169122411589677241252923552,-50.35390338317219633036791758998493929608,-52.70050670341594692924803923784581523793,-49.69307643898295601434821267916716355208,-48.37157843111600514020332897793405007946,-47.75094671510130527836502788244129415207,-45.65625714055978863697166435325896653544,-47.3683998971704092931266631570480870115,-49.20395756992526282181731020843107788842,-49.81058994893895002263784481772376059395,-51.81751673633752766151844504710163814041,-50.62659916326995456724479428768637540183,-50.73418826445322467462236519958940260651,-50.8514157944009745643407765471771159338,-50.80650152506464037990681446658664623165,-49.02514766007987786478535432229012570434,-49.5982080690667836099855338009988010998,-50.94173965136049607495862291793263315598,-51.19168692973966327770921793276093784469,-50.88927708811841403758741320567741265529,-48.59520244201915810552250702971988135429,-48.97314652325571881756446193469654335755,-46.25423045448113852555473923777784110692,-45.58481551564856220242701422263891007211,-47.6178997167316472684911185908938760407,-48.01306628658997128189714447319196846652,-48.23697668111515688590341135134567520963,-51.93571121705820517636838898020602482021,-51.97294166454557425983122183054971539086,-49.10272610221887472119472822614081512986,-51.70072692664202957066214636350818507393,-50.72545146740086896338480660331748094498,-48.84779863183005264342255579608717047754,-50.62823476868273140339499213030336829808,-51.71001539161376071289599119543839131807,-50.95523356387271225480621498848909458354,-50.67032315413882066151521992663616611615,-49.57873359835172233765788765724097501303,-47.88916571425412424669283572608142317039,-46.60618170064610937324239313133062270977,-46.21875603254026602741760512931536636006,-46.86717607729780016632866048470010680039,-47.34261012158783697504250649189220093707,-49.79884230345549830410713656656658494172,-52.12314406359641540377338800032764869776,-50.13666933511485558055469891451616021433,-49.3356245683613094338246539036229069834,-49.21055681165107313693463431468019868038,-50.11716575084446897513359124020394772986,-49.88838355831742410892080639850418081302,-49.9876196805456171498896213022019910396,-50.9161048207685402255700464815261944246,-49.91321371358789651784784669013616897249,-48.4233200651577777379857178531263093695,-47.84077793748929851225421827758335248822,-47.52157604434533369762510207175096714534,-46.70020352030471021874844933355210054851,-47.01104847751436221775838861206551993926,-48.27516473590775181380288457212828557867,-48.18968608159965257345639957760165290412,-47.81018151387410967700492266700684163986,-51.29388010123622605007374508620070164271,-51.03992214674291704470846198505483357387,-51.90462165079760056540478711514062527908,-50.70069483627434605987438124008211151664,-51.56373809795991655296750240779471282891,-50.30137999825937882541921658779987976319,-50.46377703549021517595673809612690136989,-51.52920108123513843935409730058061383703,-50.43168626052409482640749328965330039116,-50.93563756884459920577260670560223076295,-49.51082289270063801910863806068437598646,-49.79824378296413245198410094776859859948,-48.10088794930725255328887054838949951575,-47.6567223196413758168136021143371090061,-49.9890532191657919646862921057034175075,-51.07900516149196497204479175007381806073,-51.26084609165209014525043675586980454653,-52.21230295736076135246296575433195083626,-51.02437382071734814443837228482997727297,-50.60745303827716497625669028051369440623,-50.34844690119718165473023525577741801018,-51.63657653157448356000360822210731150864,-50.66137605240264249657862895483132429619,-51.68143773387369054417352959364987335209,-52.58329501991846067567251403778859430207,-52.14943823169428386593311678526820524289,-49.84857532014150014644733175834267850563,-49.25894685020787199197216312776414181672,-50.22231482841444718699119928894681885375,-48.82282183692828783507823003744692464538,-47.50949754839325403287440576321865918289,-48.61359801171872737960661731314498662436,-48.04853536052586499232186098867052393335,-49.09952351975134203745539639862318432785,-50.51680131914816309355247944136631150587,-50.29899988144874292260875873506701305483,-51.67411667278540304955911829634640392786,-49.68232573703288377272019975920632897942,-50.3303312078254369183971452455273126637,-51.0812609225996796289245040304775715243,-52.46715574544354669837957045519634389835,-52.05168227765085607090408510075773362999,-49.58260606985661486034372965133704624909,-49.68192068003615449116728911344489315699,-49.89757083088292743837255424729781354366,-51.46977351075563350091569797718240929841,-51.09386286912549002698135188664329921131,-47.7669984583966521920536533049828201489,-47.38521983358389859224580210469964460188,-46.75294272437058021644536852608164582213,-48.12795578879514995287416177979771083796,-49.86779332903972825919135532229277824091,-51.6155191308383228913393431575499107093,-51.67185545487396531574371586346137828601,