{"chunk_id":3121,"map_id":1,"chunk_size":100,"chunk_segments":16,"vertex_count":289,"x":-600,"y":-600,"vertices":[-50,-48.03128891234958921378151331910042407418,-47.81887314057159745884996029016049568388,-48.97356699773711409067844327628326777742,-48.28800820425028559236850467404436407197,-49.4273712191182319823470397034036031116,-49.65107259911652126341285396924859482026,-50.0624654978121574173471274457837886396,-50.15631240943375684866871120469976979067,-50.12594451059241339421968347923934727603,-50.23849020084098478032261056063601684029,-49.29264241240512213249766703767697971232,-48.60379461181609029578860570727422045104,-49.22871578806804462776739638901431425677,-50.07084716160958549700225216957872668997,-49.73552737589267187843856744547943828593,-50,-48.79180167839514804342538819862650925348,-47.87427128415554277945468253306287877074,-48.43041028409197953752575476803096002815,-47.58084195306189148672151114880383931492,-46.3193546799387463325121366854088721318,-48.91220622697624711288962230918923348035,-48.51285679020690352037527161061022398743,-48.7461247278892035543858572796619763712,-47.6413014127664341833881470998301075417,-47.26700681596919818984771531827659362085,-46.20582542039860559414393119818957707386,-45.32204227064424193356261268683639769159,-48.10066809092502150757882063198430699456,-47.27036316106125887526193343996963498466,-47.98206235489616440416464429088954820274,-47.71849898450918717644263206909739691249,-50.43357279387534542729292175777712439827,-48.86974460195744878504537617494887003812,-48.87788970145239779252446445205894839369,-47.0431208166199871634209537586845186583,-47.93351633332004661066525123881025496739,-47.56305699724918449181697755676777095922,-47.97854770846349984403452583734349602821,-49.72165436291250902614605761510356503489,-49.07443253770993660604170830503687341778,-47.53512247340126689004479335087137345861,-46.13845109861646884583829938655432542266,-45.66690922133684209553580874759653859522,-47.10707690535152640222769356872112288687,-49.53816766915633562971889062616725780362,-49.05606593523839695708401870896960240437,-47.63769150445146360276339761253364919645,-47.73029753306068096768159265137444444592,-50.22615527910596793453307280534039191619,-49.68154391479395203489521556195826429081,-47.7092932947393317433874891134830997834,-47.9053804595671944657297419880597068319,-47.33919195071160061354575176989486486724,-48.29731376541641854220892750579865456652,-50.46731181096165586175857367984347883552,-48.96397798684767386845440246304341316396,-47.61932765743103094956322974020271156449,-46.37983141680314913325791434768214579799,-49.09168075648376503973018085857243589664,-48.2311450519582338245377084938182009024,-49.76077106153665405937112171170522427869,-51.54425868263668906338367364595688132716,-48.75404673755717813698208706978287394238,-49.58790194716853892563672911241243632854,-48.55265030639851759132671901074664084295,-50.70503657472640781600215924121685177206,-49.72374296843295029342787032610037328378,-48.91785289039491088563413389213512595066,-48.41280708357472422423508051258769803512,-47.65153864947169624340481304461501799733,-48.77639727642201253470788099039165351371,-48.75314753293718453430773433898585034826,-48.99950722525745928330354020970927670193,-48.36060638650685868670430496618990369589,-47.05346493164458949234774277344169021747,-49.17501302694734873895636209832660733657,-50.41353508266108016374434427006737277905,-52.10932265915685730118700746280204116518,-52.38250434034131065964191048356226535172,-51.89702912958348395699436078703320893863,-51.70168199691851112620812750589057209966,-50.79578055225514398824986681439876434317,-52.09125946900212154171675030186598608997,-48.93789588738931913396406936980768054077,-48.13236790195062692150793603360819289122,-48.12714748993999180066666703987874314476,-47.83351714190044073027415761994151866221,-49.23206419544514102380677472163907914614,-49.06548323723743486417654610365664692606,-48.29949811291700502029143007117615898113,-46.68810836510868777484141214194632798187,-45.4277901115311835050055566534673952528,-49.55856975912449685986931971568319077443,-49.91622783109102888642772115740356706631,-49.82912982424496181518412972789814298913,-51.01137281553686792626605125564971653807,-51.45202437525931099817198710384090986388,-50.48636524577262669732787539415555318346,-51.00029731749095441723712425806133023856,-51.19890353624352638482032365959668317943,-48.52676387023860751570443908388858216767,-48.50321636250978725671857146063499430791,-49.30909524425423649325510868709365788961,-49.76525813945470000146368041046427927615,-47.92771397154666761319518741769066465674,-47.36101655471472776466283014176056941815,-45.86250964466760090020972261284507818129,-45.79067870249654173050090274192131269363,-44.94021378198362627078070422760966358223,-47.51402623194771578155747879150624329512,-50.51958079251861318533097598421855149255,-50.49359840063385302453326221958015295096,-50.55428405139210802788430035721604538523,-49.48039926615489052149605715966152834317,-50.03719043475109922813998875917619608427,-51.5870231443064704952909817831343347405,-51.90606963039829015531471226069907089127,-48.77273162029787310436826329106023638086,-46.0351743757363188336625009283485854188,-47.68198205428840599150065469085757042133,-48.66019312641110318026785325909770392483,-47.86015684400769669481454790533689439156,-46.64849960944305653463848621021747434611,-45.25111126683142745723731519663982195845,-46.56027201945939630694800595454564105759,-44.80895181789119009976329606504942045966,-45.51884924007733687144469155017836541829,-48.81545075860206513195923736325059287924,-47.73797275502930882297383151002769860154,-49.48475682708704075325228136801751754738,-49.71486053470341817384780065095127424462,-49.9144405863827160474283693958183605289,-50.25653814242443513238374815405937096523,-51.1802247520050355821427018240723753787,-48.07796685162484551364743779490535527395,-47.13106665312566609293317661951315353294,-47.4494088347161098508811900717037566579,-45.6172114880642393295813261275108947933,-44.21041060015682913499356270983375151196,-45.27382280736899724966470617224924812011,-44.69853400303243269227199127548404251172,-45.30955313404958817054706237927831192382,-44.99374282324340757898489486014179989025,-46.66343375927269900318915629358849233789,-46.99689421602537686183354739764193401885,-48.09518441490423800992816510859497071376,-48.49735971564101444060420193099313910059,-49.4755545008043969156084017570645233456,-50.01439207336557541163254583520660238162,-51.09888069847959986019024831968755951316,-51.43617073863192596802288260033710404896,-48.27311484250359561821910760456403435611,-47.9217928829904545997784165884785119601,-48.11727389052096696980757215598363671014,-45.68855847478679489727860138618000552919,-45.57689751316814493344635739346610036771,-45.18029536839215010704536806101332500505,-44.79921276279101660739127854648777892308,-43.47515193876367248766787201839659795342,-44.95539310104379179575963335807335675747,-45.98972510258323296083440886829753530271,-48.55337165615486271282153311145791299634,-50.68876172236798658089449272819193706044,-48.64610841555149418230485759040640407059,-49.787019653071533536743961917600754502,-49.7848873548788162555732897260489310696,-52.62808335746047483871351772532543651334,-51.93305628617110035984447352977454754857,-46.78540828352756465717047246734837195366,-49.791527346781376131780277516141001867,-48.40622766887794271554370376548537155742,-47.28846268597061759540061060919434446152,-47.90876340246746724358423371922676814443,-45.76893721629784888470617756587878460216,-44.44327641979466517513820774824745731423,-43.48702364407964119831071509421129786193,-46.44659999293923443370485727698065470422,-48.45502840972888433767429696405507878002,-49.88720892914946937025325970104545834015,-51.29138320646004194463137622355190508253,-49.13484158141275343303528118935409912572,-50.53058561295053238483481268144007147305,-50.50355553685901336835751398855464272185,