{"chunk_id":3197,"map_id":1,"chunk_size":100,"chunk_segments":16,"vertex_count":289,"x":-1800,"y":900,"vertices":[-50,-50.25790189378407562855158903003718346802,-50.26342471844411300888156488285119474187,-50.42603683535103730473335194320362699997,-50.46147952449715235182800815992590190779,-49.80876213290727074780040198359511950223,-51.02803212906098848196434718536993285461,-50.03043875832295203833685529855567731354,-48.7056559984250027747221367978687847023,-47.59749253410557357562025159437164777216,-48.41806720465863868499513687935514453255,-47.95175484662028001518634496847193484384,-47.96372687239934325537816949244640184818,-47.59284808507608060416138948097562048079,-48.96494067769061440649750695211196365395,-48.96482691764205273942306289891001133426,-50,-49.20247494293140471562524811242715746863,-49.49387411791917049242723286006356419825,-51.59849256286489466055086951689859527993,-50.10772097159482764701418852185727640248,-50.4144020608478795409376690977568448326,-51.42406195436255483736745239338110190213,-52.21142640424622988482361173854527649947,-50.11130752967947935670608868350582326672,-49.30241964487817397288472642191681968405,-48.1939419063105856341608846269342787028,-48.534196525851252158697456574785235561,-48.25824587835176456415908373225359852044,-49.6167830436107011089265512601197575578,-48.82705613695693803900386895909704681563,-49.61406664905205638508909765470379035678,-51.10176835295760248020783921899067589028,-50.76636427203659783877046697296745253487,-49.11880581120146740378331383724585781626,-51.57576893682628893409529214180729415056,-53.34811627638077741134813796105132408507,-52.86870029052308729790637395041604066364,-51.98709767698218541469914498407332866013,-51.61988449509084041224567282979800884414,-52.57322229212992802009939373124424963879,-51.93300637594668313029921074292381494058,-48.63822559141646576827113296813512180991,-48.40541749043718131874097936950958767969,-49.5627705013502326641323584413214041086,-50.92372347636026254389081192015671384233,-49.49697190086777299916892224315851823305,-50.52109017262300375666247321453640592509,-50.48891188179380035258618262498501991401,-50.87318456609890992966240645443539928588,-50.67495291589941926845754772839937051047,-50.35907489180011933742189459520899446933,-50.43758204065339264961214740137233678306,-51.49219929505775127377545427095331841591,-53.79896985801879658061358113064531442055,-51.17802573729626489416954700516730521472,-52.31594711210831607992130185795439431326,-53.46844517001226377868557874384312986979,-50.99883417776604667862919774722984443833,-50.48625977052545716218074522740557729781,-50.94211298430601886602186690950425080545,-50.32741590152223942459082749042742552036,-50.42082677820980601331708267515444792201,-50.69723389662701779315254853790645300458,-50.67107749658842530502411286680252400392,-50.84234286354296926532233397211987543515,-51.82567398623422899858165531008512043502,-50.5397327311022670704470831231336130075,-50.42417983117055351336220959268330553698,-50.86701486059630957778117763879998273996,-51.87505793674629463797705451563988820403,-51.05133707057508844886670385857351364965,-52.02531227684585448727106537041066853681,-52.58130577486942898068647507991442812405,-52.29775788883744595027548220844060837198,-52.8147711641793893349717662406047698002,-51.77711430652888215480166250783511692102,-50.91350743808655372537499932611051069079,-51.83977453705447606492389891628017115298,-52.36250816402448077811527883042232297576,-53.35187796134411345706802087593922340504,-51.95506606449582975189971405864671611753,-51.1130306606785547354785978019095384689,-50.86987913840363939424941164575346938986,-50.31981427384677186975275848804487038966,-48.43454649699515281776138999089068875814,-51.76170987281966416172193804173246982953,-51.33768300583355842782296151659066354922,-50.02660540180444423244000725054370301154,-52.3036590804552428700596689524806187603,-53.04606477174560055302786126124787362752,-52.56493824212509349663414292847185305807,-51.62702313674561561783850397961850381353,-51.33630199237895073939491782351055765346,-52.17825023087228368002782166014789871865,-53.60768627494345559047887217760262566466,-51.77482698782743210744116103280080581204,-53.46085313784876039436775943739730037092,-53.24864729224882479416591657246859505335,-51.82520216386906673913688774159242677247,-52.53250691189214654041009471548644575326,-49.70860847869087163280320572971651565226,-47.96749684696043024321078989224591846251,-50.38653130510767044662392892998299609751,-51.4421513880030795283932375080385775305,-50.09187529682530644100312348049815595372,-52.85318949320610409347624223095303545783,-53.2854176690837037486636009168692547133,-53.07309972192054872342152742771186690763,-51.62678659562303036432835768204705733951,-50.89558846171246002520698651377967791156,-51.88513696740645561481868358150771774823,-53.91361169285535216681055984370247186136,-53.14911864046331819230619484321557058034,-53.88849084981657984934563685882492942122,-51.9693258361297260093990839670548194377,-50.61038032051554354846472966853498673363,-52.15823840344543132148327216923788024719,-47.93662435678946345067173698258990767774,-48.10654053599004865135729592517404737635,-50.50239934044575240064224138535465485787,-51.58552439465149850026020358316980309185,-50.78737150760281254431503789793701619258,-52.45844909873207489447764945415213954212,-51.19148045441096565145556461947784935814,-52.58328339410141396008316058855411235872,-51.04986740562945171231157866696871062785,-50.69216274781808691379386989448225927869,-50.4416224994986368377408269831326415253,-52.58415092436051984281496137042568616137,-51.89586566071022511548908011174993194087,-53.67119731444406999224691327961185772755,-53.47155237857069640601359501070766350981,-50.86647265749844317144978766488341900232,-50.29854598699304636698563506390801946649,-46.08658605374956086707638713990954377,-46.38895070495485533864453915433486748717,-46.99207869772108493607992937593560777875,-46.23183784490541302659887804403090410743,-45.66374294783759214281971352435533229346,-45.75876216124855644588136877012164891746,-47.79304588467430063062480942664794791344,-48.51640451508282704820165076679107785836,-49.59454902710423514064057630918265014249,-50.4924685306365897617647166005828591508,-51.28686164894109593178687588273677439526,-52.57083315645855910821765904951975836489,-53.34565748997327229666362595701516459726,-53.50088377471456335023362585055169274293,-51.54611789448678436620073910952980846029,-51.49037868135678754854266319006324476584,-52.32319113801417175039536498108516774205,-46.04729657577467524927745904100652191061,-47.77387474476121579727083328162072148976,-48.40579201251624328216467397152029073791,-46.57294454945861624557055178583515299843,-46.42699053083195954300927875415244645951,-48.00487706481985557165965589130820995168,-49.4517390469992739360783450812859125132,-50.26124352901449081419250285376021097942,-50.06102105658751842756302231543127968143,-52.82418039325820206292329091637914857158,-52.98533337657960919932892375016563903443,-52.02870159075676938439975941859199713107,-50.86217063485836387025307460042121238443,-52.08218618607850893933042785117876658003,-52.18088426294300661826832027231587159176,-51.02778049906854033368527012466674858502,-51.6250804058364232378395460281522453323,-45.5236872947237470020736634469001610613,-47.76967406108202564586313134405558465737,-46.7748361663423958063744824310109305756,-47.10896273637114367636138375732567100638,-47.01392361035031516284894859993752347919,-48.43607680968987865391297297430114798393,-50.19324934186586561211339990811522442333,-50.65972035082021787893646537448357179563,-50.24469771716600040826002814539161271194,-53.21640734750873637877974114201986767302,-50.99828781225414478643924354552950093668,-50.56621224790379568689744187055298623171,-51.27211787879349691296219389744642612857,-50.66431459298070203911278186467931098543,-51.12725066055648898006256402847559332203,-50.22915703198400037738609990229160429272,