{"chunk_id":2809,"map_id":1,"chunk_size":100,"chunk_segments":16,"vertex_count":289,"x":200,"y":-600,"vertices":[-50,-48.15768718588039803340444449140964949285,-47.45006801449674263298019703485820356558,-48.25764579792808102455734453085366325562,-48.07685843955084705623310204644867171831,-48.16138748031021979383818644019057821319,-49.81036990169978042347308331494228321447,-51.55461605509786951574490155021104883805,-51.51925207534770106443739338295819326143,-52.3365954454542496895258826988193492173,-51.5041447676190252355497988270440289797,-52.5400061914235704765184793870320151956,-52.77004969947582598536141871569057069375,-51.49965608294015348065263215556459586092,-51.58359575068694668433051653472576892121,-50.42239814614811903902024077464878578675,-50,-50.23771040910126099012301307253294905351,-50.97485126511323822716381739316003502649,-50.84863546968771987586743081567596701463,-51.58688123741353373305267865197995092262,-49.5267552147539465562679224031182244317,-49.60559185845226426776167125206968311452,-49.11456268402798500568505764124979326024,-49.31620889916678405204556069990654122308,-49.81346354892304065216898163823689749461,-50.59682242946284970021385781876461823508,-51.17588770869445527635288208483852981283,-53.89430064052809233332943812824099682469,-54.24219116380750259904182604518366444772,-53.9416804574207130856554926889138099442,-52.26039304662950332567133336306151852991,-50.46026775262661729078243965742623041037,-50.08355392216594139725098334365006806002,-49.91618587731218708881824795968229687499,-49.23286416151119433994773113866119566176,-50.66848586882209756305484340490076373616,-50.63791226280384389340209039827498952452,-48.51612147107191191477926686338890047636,-49.47333207503145879244268098762927882914,-49.70957985070468030320610274595105987677,-50.31544521782925655797380887327863106811,-49.0432198460865456395293500038438642031,-50.10363893032787920593983715103618715195,-51.71095278714750222615829373498299285167,-52.84125737397021528946535943576881373831,-54.68047633421787445336074442124551875837,-53.1962977967574639143301307088001315781,-52.34542483540350028466318625058374976536,-52.26304940430667487570462251597287352057,-50.95987158893105614590764969429565606361,-50.57128941009164681977798432204329485755,-48.84969512191764924451856835073286351691,-48.038027532511968906790069251782555575,-49.16813453276215735941538187744999445528,-48.42682127845437282460314005597831586965,-50.44064913908387131769762775676439214111,-51.63880390846454554472702036848912116683,-52.78281397702922751678922006539496650016,-48.43327487363198800991729324671599923414,-50.24383701437966696583619686472937978955,-51.57151392325282346402762321569845003178,-52.40194838744905178589269163640352983967,-54.5494843063920833178364624073753736729,-54.14881196192397738804128892387774333976,-53.93450134423102170427353331439995541063,-53.95212812092645955004906129915780404662,-52.93839000163544360107869216616920797732,-51.96610361983607807450074816887231503937,-47.19679032455533643541577542324053601837,-46.62085733944786702700723723502138500701,-46.81530297699052720124347593515228056075,-47.74645237011982421110986929831392018942,-48.47475196336656689946859900112813358604,-50.77739302489963429968825448922564304645,-53.04308408302664034982139435522955148687,-49.66985432999766820341233311303856709987,-50.75517039436705396461897922851269213471,-51.5040282079252386129559856174533367644,-53.86346608495265379270314038634736953567,-55.50863315839053081089059491791168878078,-53.48645073778643149187391798893888354894,-52.88869562209468990508894283065183488731,-52.28472697078962467534297852396258032736,-53.26031351617234575922453220503009317239,-51.79940061269473884296073093984507852667,-48.60116768213620722359469759457746105006,-46.91756587522572279406075581138634093579,-48.06909134055066361540487638468594908683,-48.62220150381565147754508183330820880453,-49.50730992740394536723469162758036407137,-51.58802089787153042053342155172721421715,-52.48723302824504774664635087083015364457,-49.83073260837305322649086757682273511753,-52.08431665821142825563252786709568384025,-54.23776889516478266722863888917305645813,-55.17673277970425347477470120247811047749,-55.73777216745773617546592225523380748796,-54.31152194112929965742440617780376808115,-52.95896035090819264246147471449602587242,-54.753779682180447250169638803943752785,-52.9304619242924758304259424622255803299,-49.98943467702515079874462448245495995929,-48.51730049404034535719291524525792142314,-46.39614666793441962426635137403254562865,-46.74085884185214072672433844759500595809,-49.54229512704511527013291182909787747976,-51.84129011567265398258403916774870332569,-54.12749686610060983807199576143991399208,-53.39619143040233869615121420810627303804,-50.44218198599569568056728330839056600131,-53.73565461896773956771447444471238132589,-55.36711616913140799932773653564784678993,-55.71550287006113454515415983507885896641,-54.85551762869269896592101102137064714726,-55.28452675959734315074249942252654510531,-53.90242669330045553948099871257856095153,-52.75140338217132193675136868080564609829,-53.09834986920763818684794156946535724003,-49.95006674579593519371477583537482167823,-49.31354162262938108339519093600278132488,-48.01194608508351433633334386207163085,-49.40701141328746606824085882067658766837,-50.23864242844791989510257800143803390827,-51.32879998564810928570315621261447419879,-53.36112586724735708688632156987979325519,-54.59462311131653803547512703172915266595,-52.12012720723585610789642953025510792559,-53.91556535315454918476972944358329355347,-53.80557073071881603169588166715157874175,-55.1302381700831576677849883344625210116,-54.93541399771723009045345728161857964208,-54.73108147928502470779915475516632003152,-52.90004737780797473711529396240627469829,-53.95424918533778266976355836841148423836,-54.23314133935003894570431344608004705994,-49.01111412326009375836344451660869286559,-48.98800105656576730811021953245521743599,-50.50049814618373548698700747966168522147,-51.26125774816072984055570403115522999987,-51.49214663816418814955385837590431178582,-51.12534730033146205343395477588701004883,-51.73712920056125023993624464644753262745,-53.25669100502336858646575051997474736863,-53.47532203378819407419088414130541461925,-54.21702310406755104446105641989059198406,-53.73100157374047022731645501861426033945,-52.68054516518750822863918785970764703131,-52.26973976361361864119329234785961717805,-51.92047212677974324848653205442287791995,-51.57488288074537570247394362654645827318,-52.06524395842116800332427921563293456444,-54.0543696675922036240595567869759322855,-49.51361465432903297618630470526472574723,-49.99283210977621567950139125300698950079,-48.34299618858352335852856399600102325075,-49.96495255697445886769009989980102891975,-51.27185272468416870272836867740287212114,-51.32735957495865771942895389434449758978,-50.47575500524924579575563918193456014527,-51.15923329411676142631905393571388050232,-54.32271505579477485882251389412080143096,-54.38983591496872731225039919077328730017,-52.76384993399852862881887996202614910269,-52.33535849223448708998556697079483422854,-51.24892277134472425550790885804860909699,-51.10695637362527618463179445383662987396,-53.46691956591873234914730264690961665011,-53.4133196710892391792341594578148406878,-53.53571776403988556030328905440415295822,-49.54282595733098614631875368180966991332,-48.81397877545049748989736443684068980775,-48.10465601439817882152408287485219932306,-49.48675027606667031857701061937877335964,-51.61233626136490758345192767172745846115,-50.43412922734437001581150062232275493586,-49.72387977409315337585756293651574918431,-50.30491863663851166357848224082074601156,-55.25911876870942353195962852373936665294,-54.88276255866636196871998376068024749161,-52.91477919466538940055262470813233486478,-53.31329516549946852897705168631088743285,-50.54470810985502328373302296966647112283,-51.84300420170859141322037781666510891711,-53.70335723188453542246322739294695171177,