{"chunk_id":2966,"map_id":1,"chunk_size":100,"chunk_segments":16,"vertex_count":289,"x":-600,"y":1000,"vertices":[0,1.56385914438913095018150893046177016974,1.87373926102727773041883875284035113905,1.27049597066113521111367602670310997239,0.84251153143730957881733671488076104718,-0.5785788099028187524279506285142483440596,-0.99138111671410442964593641664639482305,-1.53144034693174420282526340246633298346,-0.66908582376291500336407321328737815516,-0.75818652356026451593553850251285489172,-2.26142247173802427419865260151972166613,-2.22311437617852580890640933232206588006,-2.93290964383423085850156119832367628858,-1.80823550987125503993455741971807308538,-2.06033680728223665543379681227598400213,-1.58661091587811289945938787213095643389,0,-3.05738031686170535395823070520125826281,-3.84324067346184460914543616321496263086,-2.81073984373555667609674633235766545005,-2.4005351788672580787534143007152828841,-2.48375639983767018470486688303457194747,-2.54674611010814604621672945476616607579,-4.03456738443725835542752707254643081884,-3.84646238653837569040843763716622545167,-5.7182358300938740974620520355063318329,-5.68476024809731863654324363850256662619,-5.95228891272566214779736111935867481247,-6.23283334538104000352500769508092455471,-4.84475316109550004610632048416674068573,-5.05953255350248917532807862767402709752,-3.81036432687059480194323720271812680252,-3.79345713350018423758654426820686273758,-2.72353713000513148345247021148100056033,-7.63850933835401000101619622008113671094,-8.10447585891315896863202694406729522438,-7.22071141964376081244611812290561669572,-6.80701472298086711382454488311351310372,-5.50781611793323193597349753871701029784,-5.45074196033240022572617847408034348184,-7.09758771177710553332579764749060339656,-7.11887195479221116674240024553730364274,-9.99177735053191866991725802779399552965,-10.59321288719221917952078575630476599953,-10.71904431019076345891647782542323670182,-9.59298574666537412643781438488465048668,-6.26143424933755235749069093104797750215,-6.21189163507262644043220174967121167789,-6.02276485055250467857928269158276646337,-5.9084821499753923658484132283532356229,-4.98125313560510309312518023595791230621,-10.07327184098310029032058729551869533178,-9.53219423771020537545891750084200819172,-10.57342504873400339834241698533630494358,-8.57664865571840557142622055399694630437,-7.56136426483422313755001789634535214849,-10.09602731018346651384556336480264024593,-9.66443160353856628242720605641813796587,-8.74511815491306156982633799119545933536,-13.70883274397125068555951723713586940654,-13.47974308669153557100088570987225225678,-13.06594402587512180674677727894448277534,-11.27354865337594181981697110387134586057,-8.84905177216092418444455448593046180616,-7.96202854879181744487567855052348835274,-10.1172264764736497294910050955369422839,-9.43154571905639968727691267806696529789,-7.9833894412501667570157414774195590801,-14.25478128405373804063403738259172409797,-13.67038342438355658613469462869874540092,-12.43643153360593462832388110567976817075,-11.82108398457148781546964094202231954519,-11.28590215565438961313787300712063507018,-11.52726386961014988012941068413265766367,-12.90007229792712686316427036668742339339,-13.56283080123495682315722924863980202223,-17.55234665196981501833598470860739590253,-14.88392516033849852322031697822052162952,-14.12418578007250020188663327988322214515,-13.91351418426333049525602232857682819236,-12.28477243793354138892496532381211303727,-12.03492122299331739164541415484854297798,-13.60789675589122224178252514478135266355,-12.63880381548451244330067721493080085416,-11.74666508095702305411830706034309942623,-16.515734658661242442729509852210581278,-16.36418841098311806810546224819497162481,-16.28296662988876341358037291649635719739,-14.65452713240201446906695173008182464903,-15.60396141219091263633005625860230711995,-15.32207145030063205447071213916204137589,-15.68687111477946961088311568896593362928,-18.28663797516003747882255259301417703895,-20.19537804511539087731945879806912607987,-18.40856991901333875645421560598343221877,-18.27977546983127506924944208475697267252,-16.18568224934461695075048866629261682958,-15.15367581986423744740293902911379978709,-15.66375674427248576861910405316551809613,-16.41999936331163289800383292359881942862,-15.9281777801403764472828319178174803373,-15.85858543222213717141180223453648006684,-18.81363283301461560713888748635540534081,-17.89757926225548290140592054456377129831,-18.70096239627334883790929798172870349709,-19.77652339636811247393991651701696186083,-18.03536792523556039522085314597918492209,-17.84894790789009133915841585704306232932,-19.46590768734495384303691729988555068779,-20.08994436524691501522035191988084098095,-23.01247772062415687400263855157795102685,-22.96687429232415698255666992357243431234,-21.09253210507109284903572123086294733886,-20.72834340545357299467875049970862550471,-18.64871586950554762744060961403122591954,-17.88594293574404692927520002173331591164,-18.70162165307814485178673589550403340158,-18.64594939736802871072713515614761163847,-19.3838882574742646432382947774955845489,-21.56257056059073561852370103714120642529,-20.98070492052222555471965356733722664543,-21.62382013446629860087410251524483441965,-22.50329185164440117228696337745079551171,-23.61852775087712263525705422653641896918,-23.85638236938395649890593873467150081027,-23.87462250961109101903777420560676861416,-26.00063829905342786935156478410638508439,-25.52196563696217553696351920126344028835,-26.81758098773109567301181457138730029418,-24.50958267713217362314782318304245718673,-23.88806965372928863948534787125121889391,-22.77049668127240955940239377265912388674,-24.22828419303422089998525159134824023231,-23.27169375003430834501440402308498697653,-24.51342924561108672255624438171795535742,-23.20040337362721628390780457147170529045,-24.57858700592575638710178411827804917762,-25.81986458706669503765425416360291508777,-27.20221820136850577262623417061735157778,-28.29561759837476818681146425480889110706,-29.83315503291215590183460884759835404135,-29.52668582008127580894247601688840741273,-28.71281043467838107795841300618488645068,-29.35707277402162564848160597703542519248,-29.93845748530366849395982910718860942725,-28.67960771991708129605599601121460816736,-26.70589338226702914519389055218546677316,-27.37323914899507897911618266836954876975,-26.56706579891750449526865735984743038814,-27.00905931000333696902400073951711537872,-28.79248560583480901535994833848236243274,-28.10337142172654099609907680579662160083,-28.42299576795162694296747139490517501049,-27.23172469089885915500103244567025159037,-26.98030326260729408361464830465678077849,-29.3703206869675676349011935006570273019,-30.68703495799127699804985344228963932796,-31.14958490000224630942932942020270340791,-31.8906922449628353484199428487517097398,-30.63208772187241224943943482159601564503,-32.28275770919556346520432326699422417104,-32.8557439300488650455316618308698338715,-32.51405229803893709137880974120142873038,-32.17048079475083907748717090318288306687,-31.07815413419163186621270889221244958608,-29.51543490290063449752525684343380437423,-31.36965051258062616101470725977317326567,-30.74487060671148990815474412752048713914,-31.68945993863337741548747069562677337636,-30.88824219151649569302451119582431173602,-29.93775740607328090801664859600592851761,-31.45108354526976913327981748054764319297,-32.21654432392689281889910094719177754645,-32.11190105173059790271835034950249533443,-31.15253481646349128479410164720781219515,-32.96183933433247098138299665996680757129,-34.10596072457341680290156179178446262713,-34.29108346308109838504625122253336028905,-35.12997577798645053139355506706353588945,-35.63695342297886787203135136187231881018,-36.71527719936683644724964945418071125589,-34.61631360155112992988410430150690959316,-33.55884442294786451632715993102731213908,-32.35580857088215991429351050908228025974,-32.23073977112105895791061900798269575321,-32.0771949034942871309858392354615145916,