{"chunk_id":2787,"map_id":1,"chunk_size":100,"chunk_segments":16,"vertex_count":289,"x":100,"y":-200,"vertices":[83.04310915,80.36543167817779356479928389877321634195,78.32094122019165831686322205747044621006,76.61560138887800016284706664236284630964,76.10876330706218217733148751459086749562,73.11674985343505681936935505369207773667,71.05848174628954310051373707518491968411,68.92156168450879563503808279768568287253,66.32317331015957673419901236580088428634,63.97868970179332097269342496869355313168,60.61497739415144570183438663460858067555,60.03085977324745394845357682381025785231,57.89731017573632821849009681116112542301,57.47291017646927566536697887120368178034,55.66340958330464961190868882951931007584,54.89109452037390043638301857582623032403,54.3029236,79.89541464981102732259777436709635528241,78.44406466003667163876066837738819873392,77.55119753517463839078327960128151715383,77.43497326174518964356808731559098610938,73.85345333655134389698081933324456277522,72.87314605207609419807471605606541031701,70.67638428763460513822672632373996932099,68.81104143506826062444819695418885963374,66.5302762380951959730290572115627447318,63.96053905589997330518408807093169940059,64.56015378231328256270032474129306731417,61.47871636479419156546490381467564961684,59.076093392351586279671680959084259904,57.44929528133129150909518059848050257974,57.02081987751962920421000045879394238174,56.32218709481732479958785875599837079911,53.22872335045683896225235032280608713351,77.09467645604024390674975921792174898296,75.66280375665592509868342598340912626127,74.76941123444897765271014528917281843793,73.69156882090162979671941351923316085699,69.96387428372999952710081217848974561378,69.53560405041902182369357367497676297308,69.30959797230960280139899793300414802895,65.99413176410355276068919578962597374683,64.14475157478918259094318152707133486195,63.00494158619087527786806605544017438511,63.00416109704784024797406760775721769408,60.32395985221421113303457973171753089564,57.2029144972886897506750783397772587115,56.1231914217898650454403742451555360157,56.51929705394257859072386763484428718604,54.3307420695346892775152092537620663334,51.80603604962537370997543814722936830909,74.58916066239205773741446944168882797275,72.91320550450560281329540396004486910152,72.95475472252067461481268411322257539835,70.96411401893273596100557955236972046114,66.37348981280252271130529082384560567895,65.47825608609161593965196853062152392442,65.59424619636312901133012540254718215994,61.53512048094840793965904151687251173013,61.20381676667659146510188340999657807805,59.83102345043253342823758861368373687575,61.75654851779955957951385725250255403388,59.17133482071358261639507541556006143661,56.08789091640435165042978149210216101353,55.70788670727310228382099465870123128278,55.04348928794351899811166818743754168356,54.94334696152929231648657349963355998399,51.96390073677317015972597650335193890826,73.95298991828237965247597977147221987714,71.99603095171529734148210953328123511303,69.82285877075313088603512733264356362269,67.64760725088524700128826127680444661676,64.72286420250875266148472669056180939068,62.75376668726195889338767894984255330824,62.44711819433080757462641277825417190852,59.08697510582121477965716145080478303992,59.2561024559521267658284815947472107974,57.13101034423112984920239804955780173892,55.65484032952566807482140456384478310663,55.77570940682911742634260539335598588653,54.87008666636717203337004896691287758783,55.69405373955850432129775164626944570964,55.16408472889351737291036751075743779857,53.05212437185077471469203485196784692401,52.23102368779375728285806964996221715474,70.63453577113682074268489675305467252207,67.53249742287662490055494423704558485946,67.24490897365998355797545084751052950425,65.36108726392643241502975036360934498122,63.18240534142946637946886969582662206309,62.060232192587292769133409078677028733,59.35822650721101124983872356465292498126,58.46260803233372354455841923533238834711,58.14710321462336542455392234099010454982,54.809108946086371556087909733872878203,53.96727345569461841535824036387459485551,55.26790445931493436457815420365501798875,52.68582659375765080133029393743986638298,53.42830540838073625682493168922775677668,53.97641165376585199449989148630241306142,53.11839931689597572967552018725098418308,49.87948292738989868621491001519919871382,67.52463968212803747848973353251718316893,67.038297261276850827362446125237333212,64.72700229698886822884109469448479811454,61.88379959462592504250605300114922412372,60.86341482704777419758927560392696883598,58.3846576428391505591323264024012636551,54.48328424648580853145731327500228137394,54.48783281295813905917531137690198136255,55.17702692234628626418018467669196685901,53.8087804733993493638163409689431032914,52.49393319866010277928278109058582000677,52.73861160140262161068180487499043492108,51.37051628602208845422731047301175509446,50.89537547954757685702135155663121302717,51.95187186130474857631856083001180184369,50.58897638528069080165648596079273665296,48.82418914949198986634780740083848833767,63.84035138431994988690922239069126986295,61.22004633211403618563711454486002816237,61.04369219704274232155688473172602153683,59.73312702054420695005696718442720967038,58.97387428559811440998977866277347485375,54.70618671185405856337780223174602711711,53.87660901556828851580204757575995812845,52.81799528083479097687519096467798545353,53.44630485665535624033508845694814193808,51.836208662326892602547532347100768283,50.59808141714629079309959792047586493976,50.19833531647621698041990024542938500448,48.82435153456459733012826144486542055883,50.94300223403054648951998268516371660995,48.94055216730064427501933186599615700089,49.80533150330825609498867358493658455468,46.54079104222149404964896243932342578629,60.62789979604470711111467147656402316049,60.11867775810542641792645391099212552383,58.20737918990105528984129471203147187885,55.86321390482908005578072776328966222213,53.14582844996174313114622095136334400732,52.82259123644443871623252302053740615768,52.6974753791754939943541665579647375597,51.23518757298533307834686150407185189341,50.66752746290843317884198450113798971915,51.33862924134469692985345187711668899512,50.70848216247667504353140925861905087575,49.61885999206326994098810044178075629288,47.78034120114954184351148131894251477151,48.4605313727522746879124956957171030374,48.33216430786051572051943743889806706482,46.92741365515481620803632661714052363683,45.95042478016424254237888020397195691552,59.22885440386212734041730985274582990496,56.21916711388902555866914239057996321542,56.64405661830633899660550567301131699002,55.11906926368193362290689203093396512276,52.06730854730996715095228784472101124688,51.71795038541340651686668987550876079338,52.92580894868697023100827603993193534375,52.24337046777107057152424341700048899697,49.56171731108006392674094323726430206564,47.60562740727060521107860645253195008672,49.05760016976648890900366977844976139824,47.47869580390575744733591793611538683911,47.81819707753335086080102040319459772179,48.84351352061209641827573612051657688561,46.86295599728879518121334831471065327242,45.15320724269536419650354366299038793681,44.84810302319427328254581128931433057773,56.55879587687491051430568300351802917208,55.39085044304488322551693289353052919007,54.64182033649388195314178901745653660804,53.22176836196053829084654455527995981289,52.21712032925475385324210810544223244885,53.15940910779159148512585651626403552187,52.85919927059991799299458925667479063788,50.34042431027858595324542619185036083039,47.52245431713007731464989777913582374798,47.21984890365470838737973802017265481157,47.04830914014255527008462402391045477169,46.61104889144866870783875163434777922969,48.89203601515099855217903479474099346918,46.23703182993058005578379636268778796747,44.08896236746111655100628166302344104416,43.51442305716558233033308740363144832519,44.80126263909105640708201204658166027505,55.04571147247310806983234870907837335775,54.61686996916937469621172058345868981147,