{"chunk_id":2874,"map_id":1,"chunk_size":100,"chunk_segments":16,"vertex_count":289,"x":-600,"y":100,"vertices":[-50,-46.37214158731832764980959524806146080952,-41.78290412243076307850098676378666043062,-38.43688811193095690077097055592552331939,-34.95194809569209957198434306324267129374,-32.27584748926680103710016470767279725487,-28.73584005947448707260942751110550743899,-25.66454294245878649410349511314052990575,-23.46998626735810142933068511765531561117,-19.71895700512678603505605522090887261306,-17.12002874659707972432614744605764228323,-14.48219271964645684759325929613466544242,-11.38818203434672437367302664183457644875,-7.99681492387153684744549426212342100024,-5.19092856269945908098338428693218148183,-0.87144525397014507440949970056915783569,1.56792985,-49.91520593399353344095133403013919975295,-47.33460147638729129378029130925536850782,-41.20025818075032526746736208561113840821,-40.23511035187785157986601695920624653439,-36.91423808742601574774456915313100804073,-34.20880879091565822146299904659074863075,-31.79501978708317201941672072129176489378,-28.3829051899071151472152138715087455341,-25.01069131531363507923667977675855821615,-22.82847483591435490971584678280440681198,-18.73001683598320872963579590204535414401,-15.79226116488308545186394026949450779883,-13.59258650590398089573667213301639849383,-9.79922107940497926627241106568965007725,-8.4089293355794855410198922755652568016,-4.69078945529959254497618584312395476565,-2.57946594489490451373189836083081405584,-49.87121647412232939689695731653253753518,-45.00677998280190341195753739953125937863,-41.32761420765938813228862069195688135282,-39.63583065145269134730991670256563431991,-39.90529834003663031650452538424466262312,-36.57225449745426211326966691853708007455,-34.26705050299926869597841537255696094847,-29.33881018012304618197883485243342389486,-28.02222245034124413361027254867937364231,-24.93590098975894565074089324354198950208,-20.20269959746542465998188020363941752377,-17.47227639432757071761204748461803032649,-16.76760461987745543360366981822175996773,-14.53041536727521572751108879537962409161,-10.87168363143151615319845606813591688251,-8.51909529283081311856844831492790510259,-6.57483912447528796991166452596268850223,-49.8294360606978780656151517143634837074,-47.47993379250871148177409771135999970932,-42.35215653763735983385148485195220386045,-42.18296836741195368723211375600784452966,-41.88385382219119148185268924070156139155,-37.98750365994972815795616545866375918639,-34.44090200415788512098251548403508661086,-29.81559095853579703221199637149255590098,-28.179379022269367874063816784154627511,-27.39588662087322840984992119330010971632,-23.67714777718893152756477243809183882013,-21.60107043072908176454446942325665617553,-17.92725877918485770735836509591779426762,-14.41512778077580989416245469195028320247,-13.22472720133442349646682661452954315118,-12.83078248200540399870840325753924662724,-9.39227157699909567801122209999631531952,-48.10245944997426081194890694584616509457,-46.73267968289106406234877638813595766545,-46.31478217420156398834624937124280449377,-43.48867835760434816348747001954252569062,-41.95266603916319594887790147894202803334,-36.66120767262077989247505599944037621817,-33.25440694565194191598910934987545999347,-29.56499013276320280671996181777750756345,-30.20129993115875644548627857022556598367,-28.4069068617469264734615735870311494738,-24.78926017859811376720600144349402549053,-21.70419279114127950733996983865224932057,-19.33368076660662572392932812141543616042,-17.68264729778789552495893256651353474842,-15.13176522119731213429399715422852246687,-14.4288218213290539319827526654017908673,-11.83794008604260153359434710320580278419,-48.49522239730597330579872573850720876262,-48.12321873780911292878508813622331307758,-45.76852148433697246222767613711571272358,-42.49567484037544198463748054850074783364,-41.9550283671184054472328743816918106623,-39.33850132757898006577716901067314046439,-34.46947235859596872833841006363082743836,-31.59263210876597993035534260535990607802,-30.46678935000631003373015030223561418265,-27.47295703928745704520981463501923581625,-25.29121090221860944909790391814465300128,-23.36618342294454199426153643184838563938,-20.96490680645233400549731376428018981774,-20.26983257756403628447178297013410051723,-17.50337257218236363110364672855479875052,-17.46245677837061582941868826926342898356,-16.46807353165520251728681380734039839749,-50.41815379213618312419924381404908966136,-47.77747597908707011383830832178295902154,-46.34315857724062802149683331824534320567,-43.87785862042950636212998738600163205622,-40.61313785238343314878034935804036822399,-38.0281531083685375583422409769371394009,-35.7211902908103906092850444594285669761,-33.81551603007191306358178275658340937876,-30.91542058292316911355562802934107105883,-29.32541370433980728092898970219280759496,-25.9054684622142902952228269101327692633,-25.538570581742190150721024943640617966,-22.82600118735859860630447076602060977712,-21.91718772982694453281362677074063839843,-20.96633995184665040948578133656190698959,-19.10878140643593808827316293958964436348,-20.77896439744513395487515831722396951223,-51.18543922835126316232901745230095877366,-47.76876921697026168942517606066480926648,-44.71905981423605768512061106725696868588,-41.88749900143165397533739673741149016231,-41.03952159176163788933188518470757596919,-38.84310400132374643021890470060300531837,-35.13150602312090448140737328266352900957,-34.12661902202423975274452991467045078522,-32.55216351463089173584377731368524179169,-29.45172603474350715044922241603901598156,-29.19094931970018930632299487808211810632,-26.5218553744792890214187468110950979603,-24.34736683373522550159639296317692308463,-25.73240522130958285481251420237715924797,-23.35339504442198249441030048544605007151,-22.2562611058191115557070856354116735323,-24.38271035740376359152084275800830182164,-51.59546707507085939004679677755385609185,-50.93351473964099073147628670272572855594,-49.54584583550005185951284311686191554442,-47.97548855646141598030101634268460263058,-44.62320897599840437873991769993455521396,-40.40666147178293580954621294613603864771,-38.02335163189230582972164573397640765442,-35.88261745380207639942432860078781969083,-33.987709323193870215332747329429629854,-33.68963300183455244794731178352850790362,-33.49917868520958526610089793156531040446,-31.56663661801481859003350020150452274876,-31.1075524543122861328963334108825584033,-28.3608759630997040259335053798509851372,-26.92041515766649283945988829404691721713,-26.95343504562886327802272727682777368817,-27.88321047529950803499120995869284280694,-49.86781311450867988812147757802205004067,-50.32014934074032617321940597078640545211,-47.99610035274836205403130926075766240183,-48.52447044089225616318980371221463858081,-45.31199605689892600838452539893289018875,-42.63832277081828889716301763056833778788,-41.15091337084929889061298136342784410746,-38.62961126326047433160122122356588170671,-36.98912700003086668106780493200636121505,-36.60099099318004232901339505344799789599,-36.75874825005400870843914843287746272708,-34.26181005381358499268007897834758975108,-33.71598831132537978277949011739799400239,-30.42200263802377880870692121832826642236,-29.45061890765871402141402565223994674841,-30.33986204030259034048983755743559744277,-30.78443494411612325424680633402611057189,-49.36745236024395268608322451620254179679,-49.27630355616084075328557725645458510976,-47.72002875499831760473766125044576049991,-47.66421525701860305466081568741305545774,-46.45084210690149998712492140306563959577,-44.17358856190183818216761594119732665316,-42.70011856977445701968386851552442704004,-40.17000525745533180362963095412318531142,-39.07467013101240397727090275469168281634,-39.7357635356769144814164289220939877046,-39.45070859354421792057371052179156016511,-38.75119251314279180466345415247959843186,-35.494528758597330079768050801634679842,-33.22278093595769688806191255023726314236,-32.8533039602979496323997470117592654749,