{"chunk_id":2810,"map_id":1,"chunk_size":100,"chunk_segments":16,"vertex_count":289,"x":500,"y":-500,"vertices":[-50,-49.43785896692566931516557080322773561844,-49.15460272786330977775098760959715768311,-48.80567314522779280180017487504439497595,-48.61929188290590936258706905269839518909,-48.0274577421856813823380942648083331322,-49.35028017953609713280500181652336554866,-49.23883801532259418281114556721963816164,-48.66143309813786846737013585030418837161,-47.28340257609238880640841891928894219787,-46.40033653754443717723919576382334889732,-46.87664451068723132951885179785861056852,-46.92480365779429580295206536989496300766,-46.72785372092055302657523665408462059211,-47.68987850939520563507734565630239493558,-48.40106059334377553148567279521627672336,-50,-51.50769082262420899164483709870252931295,-48.68452419256581400269196713636766770274,-49.11581395612874754695993185187170278192,-48.4160671858231031932670030560249796957,-48.38755740737624448143539907213097841246,-47.95226544613264077299099964754466528278,-49.54217883130546020049852594990771493541,-50.5521541372919355291769988505323439079,-47.43881803026488361451466536633569406535,-46.91635102581618765036580586374306620877,-49.22636568925943243630792335473325885941,-45.8563152025330095223976821503007080048,-47.03127646119014843149642138120566582714,-46.32185254418595636299514036952946733528,-47.03587526350192618251807792891921625801,-50.34654848506879793656208785464074050101,-50.28255040586672242424165541795632181649,-51.10746156223894250409002282148700377754,-49.9097620442773583299415408841811358952,-50.70977882002770511326583723823943659798,-49.52452006002515852471684155639089879402,-47.83987430890790424256982875585271607576,-47.9914967448375263864562243793771147485,-49.15288515097983927223043812317349942296,-50.82044764050458878704929524761914914868,-47.9291882455833641607210485007343227728,-49.31317010176802198012417190430541035727,-50.31033137277339085175975550932998109189,-48.17331191594938939217961312637059833119,-47.23861959339969523691576535186982931622,-47.76422043276385110661490915823451828458,-48.29807795913438056980983278833762917808,-49.47342164972668534799635151459457711738,-51.5481103181200219710515025718213411647,-50.12182357944188308579568589209553821972,-51.03380153897031685977668154227518429344,-50.69274726889404927918005227305236237607,-48.97262960823386959619609180744385811114,-47.81348318740982133265969315957054842771,-47.4979409284569109624479097658648396534,-48.61634798961438384852654084834109132537,-50.46162712924890721552761973748543996745,-48.23145576763913043859370372222641197727,-49.17335007880778906076783359630422818262,-49.01679687176999786048366896955236424307,-46.50033856768150569913495785348500515209,-47.84783521416763982307701372761317670693,-48.57360751084290224769316057997375782134,-48.58871156570531708439495105877093686708,-48.14167786904887658577419679137617200342,-51.28907489455894601280204554445475291171,-49.01936978315870415782556378195130897376,-50.94649093328840087025083592452425631024,-50.83936835675574210232115946457639176824,-49.11198716857191816526385654778067945179,-46.66547169573982145109490138154744811333,-46.44256799763713603167038470449756958323,-47.05350107594794850530614374899315318143,-48.19764390352447038310496745673973194108,-49.93283528153200946727972092133398999281,-48.54042422002304523780495088437785044661,-46.9831112679736309776802098532503076738,-46.85076565686938768268696860150805080811,-46.72857539215659795731855543180153094438,-47.16788789151032993136946990017590939765,-49.06641036511609245987693310326177969656,-48.74202460398171632558928842327197889832,-50.13759890299538418476728363108249288577,-49.46749971151865885459613144377774491675,-50.78917398303731275237465635563608886507,-51.71022067754228242265782013494024149538,-50.67342025661141607785823646480364562458,-47.92055648355582089582390543088959113525,-47.21267793227598705370914980661418627585,-47.74903659604593497058088641911326544251,-49.87099295529938883557777647582751183555,-49.06894094649694293971443720902403085625,-50.31350738955538404681244042707908802292,-48.4767878280911988657830114449856102281,-48.42753194226329807258820333417659766573,-47.7917012774694227633514401284869945299,-48.84252960465756479312291260917337028527,-49.07531743944329487594846973016649092949,-48.89221675460645547936133586128688616271,-50.25071978053243226611530825918012506504,-50.05334652579430227831314865122752992838,-51.27881601299115707840798144243873164294,-51.64201775265242434395965895388693489394,-50.62939804164397527151268124936265391404,-49.54917339167954056792161162405372267598,-48.61933292833842604633610761170250830362,-47.92181357417212724391415790048531642805,-48.89335133260316314853400227286375636705,-48.82960972796609689975223379318989529288,-49.68361054841906459375909087446771804878,-50.89842439674862753782660437311615255511,-49.7511572425630773659435448289713489707,-48.03362396331795682279049287192750266094,-50.03834283930369731847891860524849923186,-50.96419295204374143824502332225325960496,-51.65419874670114286176883960511940445508,-50.82658655010240279250799502900187701952,-51.02454643276145233828657242968006102196,-52.97745280837196638184903171851695031755,-51.90441459750477921844459348267704074736,-50.46730486109897480518761833706386600789,-50.4337097448319970976513423659090408706,-49.63621449215993658387607706279536927963,-48.81597162937330241167444840556257501835,-47.70020132575768892327193566787489691399,-48.10520875534032778832814263431905879546,-49.457180850458347560920879518514046613,-51.22949721513045681998042538271692849739,-48.99012936542550086293913284252061614108,-49.33480728365858074169849223075549354323,-50.45875585504148552757664856932652258366,-50.48963033869251038489232980684494220742,-49.82469164648741486013923219274697712862,-49.6147269186301939127002465624258350799,-52.00584174320220199477767216948015810983,-52.68931832605485379713590325238973219791,-53.26945266587115951301646357417195723838,-51.8919471164010321334905582844663884771,-50.20837343887189801097504856893211608424,-50.8197796276227505850410386604507830188,-50.94205623744209312372578643368947940198,-49.86610283092665584004193259691898551217,-48.4705016372211764053931561050048760573,-47.75657988209619422188011310734630009551,-48.62193273731398611093008945654909216774,-48.87309968068905991668392118849957149257,-47.83575465781322745823867847119261931388,-49.06147009462808684461565008654126789375,-49.69187803957273109378436887865387560554,-49.46674256907329177947099112419584877743,-49.47013675873182626758338862822345982651,-51.92393696926192524095330226785059349351,-52.00593148475835750836798932005108566638,-51.52862375721129458810040881099789929129,-51.34898820796002417787155264572360573506,-50.24410643971676209595073361558841042427,-49.63587100661099536360777318408148125266,-49.20239419699536469302826944984376216572,-50.63001801966579180978074741091503201102,-47.65992478527804761616206752234839990337,-48.65857576908028300767612550804313637139,-48.40828637383658183512645635067921947801,-49.39345109014010053561257252754855436513,-48.89182438643564148760469459363042026816,-49.28074115299297871004141053287731121234,-50.52673573748490050410176425241231527359,-51.6686399834594364570857629853055452051,-50.18091217591335091277056338461982436792,-50.00988906462994129051062853843643082729,-49.45195741983037015740911442877486960228,-50.49171491723933444059078527201939590279,-50.98204851794895350856902004564395332855,-49.83336952851468496669416649587343915085,-49.09310966486702532873395876173497127351,-49.00460398048266922962760472477387667566,-48.95579713361498674297562237381512953056,-48.35280926661791282209021620750268389754,-49.92545242682997428576858332084365998806,-49.82656231760946875085715176549007503188,-50.05086428553166681293057534192569491995,-49.4118509507386786826178780279374603904,-51.3503543406383510024646032158984348643,-52.75767783320995137305331512844274224084,