{"chunk_id":2891,"map_id":1,"chunk_size":100,"chunk_segments":16,"vertex_count":289,"x":0,"y":700,"vertices":[-50,-49.07392155538944146513682712632011157662,-49.69316698998407957500389611040887242485,-48.35453298632981816861824329358448127392,-47.78252854976652444767697624330251167801,-47.32586056709804009303175764010533308523,-48.26297463356264392583995443101929658335,-47.73961615855961086087617357302505413461,-45.59590869439859460537673269286507970633,-46.21411795191319021649815153954019239019,-46.63699385479502603280848452083605813301,-47.81399717661910908732596963021174359599,-47.74184338920989203409606364052690304113,-48.44791190119655949511054692169532415666,-50.12122519761009487597902571921756641626,-49.68144275262247990595480301218471699306,-50,-47.83089562681084614649134408488079610187,-47.51838864425770642228229990370139589034,-45.88087209482639307871452284820810197063,-46.16844717563101552036519424703207926807,-45.41714721712035158244904379216120554036,-45.71187954458849444666541592800650768916,-43.7781779459429380780792654027664236562,-44.53645988652589293472141026566311346923,-43.21170127042596842195343416991130202279,-42.97204994422493209182024980187370560433,-45.95519071133991543556026737068562193054,-45.62595523242599427859364177515524132902,-46.43013830420256768522723207099232404007,-48.93004067407356967756678514452090095439,-48.71070867942412594192822223546299306545,-48.26266888609533871041783830585786510213,-49.55950230639206254388210977222252454869,-44.24048995965270554292801895786710170238,-44.19331570805053357587386387771439701867,-43.04413159422602085617245466761139306457,-43.25262850373851277717392408929886582947,-41.88607519969051322852770122367999860004,-40.74618168414485797756594749728773245946,-40.4759980118862088189138779325351106579,-41.73912681590041680758237259735584785305,-40.34016377384431582942061318133129173588,-42.77364079939804224346691879729738454477,-43.4060518924295909253459597139901562469,-44.94253982666408145440499887995556292226,-45.40333221472209525544641734111877449742,-46.31865925921608079277590741641553874961,-47.9149370694016380516443727023859777981,-48.4913396413363582313577030330580679761,-49.33087745607976539515071471743172710275,-41.13890898142572483774240807488542705142,-40.13818917153744596622614252370496331726,-40.92426986613799728514294555832728280531,-40.10394346401837525619088092694174933608,-39.13262088996293947845843273248930425038,-38.44439153019458162156489585970282181159,-37.51056023730978602747225148218680934852,-38.78544408825242997944311281836803595149,-38.27634540620440219103131382259711680087,-40.12464396322096527681892715863969100076,-41.10565404755553139080159110637430336959,-43.29977256224312196788371747090601550371,-44.3326413155798821186895614203470483603,-46.27360966770562384282647298415129027325,-47.07052060603504641920932682925096253095,-47.96517696030022092793202000238461651179,-48.05595348027293522930473837639908680353,-38.22900444253476617994713048940147336295,-37.489621186882740916947939735293460277,-35.29997472122203097005706350894284410648,-35.82371718280767827993717259979819125548,-34.61680098856409602483657738397545370479,-36.77101035984348184184550857325620425649,-38.06838949390430732334269948707355987909,-38.01229570090947482867525879163459292378,-38.155454201424140360587440825250460101,-37.9836437136860265733059107050991739278,-39.24590091185526835043948519922911370949,-40.16181655951565579549043053445847335221,-41.46475140493811589779991165185827143451,-43.96670844629169303908761082188951644715,-45.13900951413974986176130479497851329088,-47.91383646022415826074034138802647980696,-47.54935037140250627704277486839197516029,-34.93223417253363063269509554240926060182,-35.88673129105915343169503186830570133376,-35.18323022365016627118242092475826664398,-35.41082200078112763935617289234147299887,-34.38358060213495529148265564766020422578,-34.94246845555641879170701969129907720119,-36.5384931550007560817842105966350715994,-38.12525928943925726859435492680612972596,-37.36188746373594696973595663512405947158,-38.71991246563231969968369031727558590596,-41.10375174033869078656491635939981243059,-41.62904136874862584375784672189684539946,-41.29187978224410490241923066111871730984,-44.8721705657941333781586847692936045865,-44.52586840745705011420853967128347213434,-48.3586138622551741782999884297912294459,-46.85367024701517197398897210937940560198,-30.31794912721281953155370580140324352955,-32.7358214255652282518927479200865460066,-33.66808588982829230297350540963885629183,-32.31978255578081139859464744261073935929,-32.4530005868216057329032543759740643163,-33.81397695412736534348661729813913199701,-33.87467507889344567880376152225338834423,-35.97347318165626214738078319195079787684,-34.96657773132203693244104805952449476868,-39.17825344360700992506448587343234897174,-41.4975172806399547334348205702980996924,-42.55361057414767781984944313456066060267,-42.78000864796341609414546328365804094357,-44.13325419023697368657831564819584382892,-43.68769398220855785015889600153068639111,-47.86750603877545480733408705996918578636,-46.52082076088491049361794884380547155032,-25.5741854051056898042731604889205238199,-29.80386300697891498855681828159620524485,-30.28408418962383846936913340194552352829,-30.27370113597513873238471770201163283599,-31.45941994464175262447548292783206266064,-31.50346163659770633897491327858129340267,-33.59863923272479598593209166298686489693,-35.40943891835842827563940735850050420076,-34.39333183255009795087745754663579413193,-37.40962867983441584039385939705245721312,-38.77966782352922322913120413986329614772,-41.71798100994350762926131934452244592694,-42.79269858183105667431398546031811789978,-44.68753233033213154770975177835887196945,-45.686591159791925256010447002263581131,-48.50401756725973853521328645246918939043,-47.99366830491207289263975931319258126498,-22.45893403573740648933181592886809986054,-25.32015428989796550635801270615349311408,-26.73496332244220373563784650532007545289,-27.34005394571940729159955197447296626481,-28.79142630857725629727014389068419082932,-30.49624315899758212392093702723577226934,-31.67723134747306948275166442186355907701,-33.56786856199941390200051319966253432215,-34.6550899506880801204171962220501964439,-37.00495108834827116363318789521524517178,-38.81262323866919921366864817048125498419,-40.40023899938367737216669791970755635134,-40.46566264167649695799306573381300557917,-42.78196055898915356504638784941736463043,-45.33718274516269009315129377260094354245,-49.09719549043249734154824773601093778026,-48.24598783635006751715093581873277708789,-20.58562454678122652178575074062798482008,-24.67643852165148002894455144630629565297,-25.08246234336998723576744859170103358514,-26.30888918730279167717826017603337889099,-25.15902753562617921685818929040698207818,-26.32742627515281608358381141497985908658,-29.1511374596291773574618109850013186858,-30.28588545703249205770318755712468214001,-33.79646869698367553018213282121122237015,-34.64448288100697809736655774383375415447,-37.71381516220900728845841418257255267053,-38.03366383544454843862841467487560640607,-39.54920388020764651719423799709223769684,-42.53434057541365613431757813220888821271,-45.96686112300992661135940950039455006231,-47.60514841002725642819522408369260602998,-47.95175042935172263081011145947002008033,-17.24887256107661873118288648838976852946,-21.50838599953898576050376087376422393042,-22.62886093935611663994592926072334879633,-22.92829067171735025102187263049376715268,-21.65147744675397843846733954206915394617,-24.32251640268844594334037898543887199396,-25.90891232494884013745943461281788777699,-27.34922316518187370393402421113319350114,-31.25136735850835512414995407250907589097,-33.33290598542000485245288093905032289152,-35.12917500963276315789270419935804742152,-37.09397196457775889702277848989824098095,-38.37907285547102490297754353368532110817,-42.93596310703713640796500767089634892151,-45.73804092062596465106946549740520587357,