{"chunk_id":3203,"map_id":1,"chunk_size":100,"chunk_segments":16,"vertex_count":289,"x":-1700,"y":1600,"vertices":[4.8020874,5.12289445948744155273624493845865754665,4.07361463628310968339205387638728465548,5.11066079380016163019350197536173180856,6.23914781106918550700681676261798904686,4.65212874874479095410589739914400159429,4.88182741806282473577511640835413105664,3.97849421027535585462170736551399705799,3.65968244519551638726785472974084334921,4.6877396876809383007132309969602969591,4.83882129292701955399372256388050718212,4.84660507890565335610913633011583443314,4.51606183565055092300736155781638915442,2.12685764821411335898689968998394693672,0.86688025293802110241825776583491938077,-0.0851322782846987292976898151223787543595,0,3.80031152158909097738057267983807059461,6.20069290901043039956664606146616534038,5.24309641894395249333286131551144500274,3.95482595352943563134175490967154108989,5.31562323540873887273109661629499237769,5.18138557756108694610313922018051229776,5.07674453330923100335653739986239610013,4.80478857095079582444257734529308696249,3.15583840382589778781486005603211114482,3.52836115636991914002627071026112810093,5.11180006747045178658295648607480257305,2.62705745203822746173512037676292000834,3.81977359423014765966581190304047063311,0.6683719739877658870654395669354075234932,0.42304341044673443758256755851234125077,0.1844785959195580512725231100976451185675,0.8726594477789987554481493918290302084495,4.51425339768780129390437289264380822713,4.88472046754882693761890008259070056934,6.76215905160888983768735968660181686856,5.10279296913044603064387016036019009999,5.22137701327660875769396234648078750995,4.73844713565055075271660111095607705946,5.93515713159191010046025206608157064537,4.56858904371796756632937084670415738919,2.96305656495378236728993654124780912091,3.76268417300167705793777800720598801604,3.78301879568796748412712647065628048595,1.69195801248669710773142189796902317331,2.93793526489956161990606415827876174382,1.11851017274316654491724781403309162864,-1.80976223655961455165437710633943873093,-0.93463350141556004116547783623184446851,1.72966845141004448153904154753026906198,4.72929238618238066527924369028770174071,3.97913349448095329498742598624611116632,4.73004784450836678031620199218209646118,3.85131823554296172543416035140498005368,4.02354770329986513182442422468099500802,4.49964828629562930170620302063075974299,3.56445405162766510306998648242807211504,2.40006105394322944292675210646143155076,3.42531530092742744262164193562149267059,3.42747539755335948723862448287002758187,2.90690247607401320983695024724062780755,0.295045434030308112738023673779958567556,0.1826558691527999740247429091995496779413,1.41577194582260446302114792820546271452,-1.23035580006810519870758357148010544498,-0.5446698936431009607024127394148842861,1.57172744283632529493753202358295640547,4.84736408057773782441002468734085929152,4.87389915355549107748629422302383142013,3.15916270572920614708760812496805328248,2.77663366086098933256253300311875195676,3.43360785242785349091409909158314891356,3.69405766741138945604449555598975101017,3.81189762168771600450753263269849541524,3.47293321951533298271304163471591542617,4.43004192085967297601467342946478520308,3.04995416315867738635169642312003160667,0.60512760513549596761344739742518101284,0.533431619862627929739417835989948415025,-1.20795183635634410467483199338982713341,-1.63143194955103494873370970244694555168,-0.637412734103004767841308952992623521645,-0.8777950618613595645966933099788139510892,0.67309338547468955662840616303862548917,4.60580991924613028918554740590833945044,3.90016340931564036014412313393535183545,1.28060768450611605756735360924413106505,1.94078294393570808881897810429091938931,4.61338589626347384603443531672005601365,4.47473012024014821624873237041525915088,2.63476961958187913966009625138971361202,1.81085115127699723216487575065942730164,3.70406360221829587418533777384690982671,0.88751558825411761218836508388317872587,-0.060777729580402908513336480818468763895,-1.505377300999865761486314024084685404,-1.63148685465213193184802965487881430501,-1.07429066612396700636940950005531224955,-1.08264375668759042699572351119671699378,-0.00304364580135164295337416495192121308,1.06421995065889536255982590713056157336,2.87392782111923534955650067109810748137,1.31842113123539769726156012119211509231,0.99048814943507364176046499917199280046,2.58131268118779959235308548890579603872,4.56475283519369450336391075599344186212,3.72301784707356930204606105420399901585,2.48964845020032061057629011285097334396,1.01016453745816425392841219515401856905,4.00163282313019878048010277994297087233,0.9867284832488440292710669369446727224,-1.23039406963845329826022925645427369839,-1.35992218348235620189409659230660925633,-0.4445772667114674502412185829116207301725,-0.52528095514200546378098161839535244151,-0.8341636675045446916436081787366978313225,-0.9665194073516259664140001635032985007278,2.19382357450423709759074605737737684079,3.00517121614923083534486522198769478266,1.14071299978473596419429501137581733131,2.75352934373386591164516299069094755505,1.94721727078834670710963108537227182921,3.95867806942015553527361028538838419884,3.18117814226746729040665511460264335977,2.47366944937644958470980590902109617215,1.07194695935994529339357595935370838281,1.69968797257766676064488531202395463065,1.22927951195552662281584977203800619692,-0.9945412683985454215066563242279941241825,-0.236589482104489842551310978657822451935,0.7749716324041150032394360857811095169363,-0.3066705383772757247342864850649219931087,0.2315035245269085267486198491303577419751,-1.12936697516193964821657706061378986332,3.14099877968538725709884186544877872551,2.12651690389095026934647711191047389237,1.20091727155452375242550157479603458997,1.50649598684206350975225510598864222462,1.27571248754325932012147574338964258529,0.53800644876639626903873398653469506269,1.08955016404965774137100061211093213566,0.09983271183807318139365623833355410249,0.0404379402772682264024356335846034979162,0.77712788520663676677824130257179780045,-0.0062386676708730856018368108471732115407,0.16954713782179678746657946704197446926,-0.635898459004389521776805062838413948085,-1.76908073175002707761842477200286572627,-0.901901378544595176334012688941475756085,-0.150972436808881812537813384987566875895,-0.2099116956414161677061264422157309285625,3.39879613195248391449040876229952596973,2.93948069135974336871225767809049397974,4.64248693258823796838096924276057343794,2.46235020132022688267669916461035193507,1.95671637140557293541388633245190916043,2.85871597159927638574429720279893465128,3.25508405245217996800221866838733043635,2.07981850362441210112524924453792504519,1.55790182339437720137656031613836436291,2.48130535527450640160979995744468510217,3.35508971396148538363475861758045976849,2.55660501425237908352723010265084723091,0.26133411316606544819951741228482732575,-0.5530607457222948029693639078059356314254,2.23117284732800642238866629346073390353,1.37513817344688784069224746315360489296,3.34630870400395815023631145257730826023,3.96105098661161823333942601648575567711,4.2494913470245375011534173644958909374,5.06665231992284986569375573233211275112,5.32062398055771724256121447397710569545,4.8086387471489829704849007085787593569,4.63678892805254052255828968440008568979,4.95062892315196374709033935118545262941,4.04069375480234868961110120971345555954,2.91038591633991218938146812498263556153,3.6550414326034261530668062770220226834,4.19578302990980260949198620272525556482,4.49976436783828471055064526007402374321,4.5380439810475919747141842708253743321,1.08008374186176186055366299758752339844,2.5223356350099940747534057105285049944,4.36197434033805046511436890549133696076,3.90217402796118314010339741375907987816,3.47742524167578382307318764984807969125,5.63474118503525158726833130694310459138,5.05852810946929737533911018134194359774,6.36344706402112102266609045844953349844,5.95074138694493393673155441916267118305,5.73379261919722455572207182633824646069,