{"chunk_id":3689,"map_id":1,"chunk_size":100,"chunk_segments":16,"vertex_count":289,"x":-900,"y":-600,"vertices":[-50,-50.91110262334682643635361541574202664387,-52.65659156258040611111621080476520061534,-53.52464123927288525912083892683898184933,-53.18541988693403529823878833998407977329,-53.61881143009695813151001822228485834022,-52.85928446497943423772372978829625926267,-54.06652713674749838236275421063549852812,-53.84755662270658087988845500031866310664,-52.45936418080994680610686081040612880551,-51.60341953735915668936655562481174924213,-50.44351060128538015845651157644515189332,-50.03067352291828800835167377342633080081,-50.34794438779004098656868822831607609075,-51.36353244074641615963516081659563772493,-50.89629990254763271120519218086360080631,-50,-49.85746249404725104616911195986742554826,-49.0441942934865812814493824705085523792,-52.02789274632129200402210017444817977404,-51.82780623611079968068852838263185814589,-53.47624582389334502192912127973505535076,-55.46177400460364963460103445339279260654,-53.40801260615399613565777938774374181559,-54.40751882707296778328206567562478814097,-53.52725870794871704518884097016156015669,-54.31851040733614039655832086827603254439,-53.18662068083974219997749434457006458083,-51.90476075982153343111400758641442422329,-51.82242063995461482487137947638252462103,-51.86586644944872631934936007601026908718,-52.16719229590549766893693375379314161487,-50.7252981077666244068163561473100853337,-49.59142415559037788419863721956531865224,-48.49448865298114407778334681268013926147,-49.92334628227394406406123459420767538516,-49.61505994178446473454079454038078179516,-49.84741426000170170622464331142959871856,-54.83925023671771788816907608574654717388,-54.75128242219131109302510194307043910899,-55.66552594033284122322976819879239991965,-54.86878305770842654273253357478911479328,-53.55137694131854473036369652373901539776,-54.17952230434766359956277227558417327477,-53.06685212584162604111522118873712199348,-52.73915724940734346964042635207891519804,-53.78904890705523724628941761964511635215,-52.7328340221892683442856841327337109804,-53.44559320929540983425347965534567658614,-51.97618051449382714669870242215277924628,-50.09697970209120551483691266855157721365,-48.50526588455274882024661351475828638568,-50.90528524644975757821931516051399877016,-50.96734398544380465974386233326253064228,-50.94228057816143317938603092210704561857,-54.95636169528175749217479829362393487262,-54.42597908581074284808865825857680775969,-55.30758660489465385699080514115742317847,-55.02391317541252110902621654150650241609,-52.23771945265344103856989015943208151133,-51.53155974826487082347378873584073490183,-54.16449275205283925135530212193235941889,-53.09818193928420444337483998706915169685,-55.67278055345384224618908932597606683521,-56.64729329156950250098182864549478422807,-54.20243940101779039313827347360144751471,-52.815843038642662561226750422085128839,-51.26920061730669207765617518414244730245,-49.6789450428237629388893607672216947317,-51.3834179433211170275158248786609905956,-50.7016186295260245115560367895942081702,-51.4014743095000345118888194413315961223,-53.29043165852562678331774944612456611255,-54.37434906612101975150654558880141883116,-54.1804226251368481700974639936307078367,-53.67362490560758311429304176871695795167,-51.2543798640387867688556792013218321132,-51.54627670818604019233649614765152910489,-53.54446365550515736308493557108462634149,-55.96003604600408835116600647039325861621,-57.31347091961499708762805384231155116356,-55.91608186124303554087233643335339797385,-55.62658423926310592935984942000827267198,-54.7285980070170625684825023269999998825,-52.87964762035907891638647968692539655535,-49.52117459427812242013763662576356648097,-51.98866511219177900789449810686345644916,-50.00167814608741654347117467928214802716,-51.66873037997505344612476137433669318902,-51.04221150056988552496395046166979821635,-52.47442091647717948050227247435883931167,-51.63524880627499960465250306168234964037,-50.96561821570258224516789133293038460038,-51.87926659739660191718417038820716869332,-52.18835382722831102588559761969776414874,-53.87643477779947230398207687021333826594,-55.44059253197055802424038920979269829339,-57.60879204274505545109778215277429607739,-56.25122879931039438110812855491420346736,-54.98138007885326843248129945174246525442,-55.60645106719965067194339497019056648109,-53.15973658800054483099256103626571275587,-51.05083334756791786448093458213380014967,-50.41711141231414150307556342265307249731,-50.35438440788336019503851769786111971507,-49.23453346885918361672042671829112515701,-50.51003785013450656580427340304853097776,-50.91697051159775003620259272510813122618,-50.97656824719813773818102608977086778682,-51.17370379275007867830179429477841071223,-51.62982807807465739177151755173101713915,-52.76621079017705690306570931373695027579,-53.30713923630610095960314588646642472551,-55.95238176420306779360304848513813544312,-56.70709522651488165479636302998410890311,-54.84217821440853443944590520047134832084,-54.27334717167959028776870440088645599333,-54.95544613792340138268297555238418813245,-54.94379216224276014493324896332934627009,-51.57409654950860969850499439943034366748,-48.34062601475104097380349701085498536774,-48.7718368651265944498411742395446668593,-49.07830002485382607570830157559770411709,-49.01005795606141756942540605136615879388,-50.68782986091660560304803790548351608377,-51.55251653633282490132085804903798718544,-50.66822322566074611001947471136768676643,-52.62170645304134459414435103367766162563,-53.61009346396534563192851098696747364125,-53.75030799713090435441878185929876053224,-53.65663185633242032003780416091096771525,-55.46428685060543541123707725426399854208,-55.72789695145188874925705680013259037718,-53.707770544217038943678910897742600911,-55.56803249190465859259888791710689937189,-54.85365381750923891726681089518557431513,-50.73327109138134135845043941715141772892,-49.48092283334108052509660508469186036611,-50.35169256092368811598379299170361537371,-51.30234025532006960553568551732914126937,-51.72412051025220862067096529268048910683,-53.4097482853794567839022445702413534352,-53.37724226838116235898551468245231197829,-53.37912591089699747757275028468886073684,-53.4255477651804808642687490949014842985,-53.4260943453578261739205049566753740128,-53.26690796081317308068847442121372606471,-52.49094872478969566614014060895997769704,-52.18415105031566035852745579585594187317,-52.33495098195502651120903300278811832967,-53.23887658708105306200718013832782918425,-52.86923277121565401524207230947130096686,-54.08528757284215147632905650764264947861,-50.92666327150598027452111784833205024116,-50.15961946774751013358540902628505912016,-49.97740074993057919312042032074190430093,-51.0631877577111960793839909970412700877,-49.88343136430841351184525755860173189813,-51.84129670463343480951909963312325662632,-52.06593905748250886204300432698617731892,-52.0332237693876200230897662383804084426,-52.14459669445087393976272116446446678102,-52.70693771684004519701764484563323605937,-54.0710964491161831359849468131030736242,-51.98556471582713049568113465206105305541,-52.86456463044770317234085330863554009657,-53.64930668423006266671719412536170147098,-52.00721923364370713470076135232344718076,-52.0802089698049242366237363406112135166,-51.73480791413044030883820886483582659583,-49.90229515809363152773785889698830517808,-49.18053619303394077049913668716241918128,-49.69487812073784369376229981983823722522,-49.47854550637294660908632701298304258168,-48.23043626217506722367833593494014445481,-49.19490088445532288123799540752646529236,-52.07277191094117769507020830809331351997,-52.1194565444054515160154205611012914371,-52.17417294006799660796846898991992415021,-53.81992547724008360221031926410935554778,-54.28057892837490649463927269374713446063,-53.1024199603800127458438641941086963217,-54.58428517157995620923824342572206536294,-52.95584570887779009927239714036937890427,-51.46891158586685035349270116638925458524,