{"chunk_id":3714,"map_id":1,"chunk_size":100,"chunk_segments":16,"vertex_count":289,"x":-800,"y":-900,"vertices":[-50,-49.72185828328892844358480568398034435134,-48.80755570414384228150225590506088070226,-49.50645808956828142639182123583234886908,-49.67345371156169982879879621115454934418,-50.30189408832144870575906535746914075606,-49.84728911910191793812098057667930890981,-50.15823455787317856348227998456200481314,-51.49722468422970945016604971815709080365,-52.49049580779573419385608157579367023587,-52.97927907289450572856900757274344994984,-51.80083284691026205111501084623180721716,-52.41664996294900022759449957874053047487,-51.27778401683949344370768793632048537908,-50.62530528326925887689434762406364319641,-49.77055468923050698764767063420815002422,-50,-49.35403168077322805457865881082336617928,-48.45384121766684333700437132216309548415,-47.52789590556759833443975593091742435444,-49.66381060782112875968760445078544148809,-48.52033236060823406767314276235541069929,-50.93968813062368381381235395507364990168,-49.5457603008863628522477881827220508181,-47.8899593458322004119599057873424449784,-50.64215258337975698098630016328186622548,-51.36519598465948987827404404076958416683,-52.50454079456179142204523277388553812243,-53.49492308139840601751396454073380267152,-51.22246084841390765463967359780172118748,-51.28572812158640763758876211865621679971,-50.16621196430077117731279294591642330956,-48.78773697948398614010142551502178444476,-50.86048218848442118754207316726070386663,-49.69134028508760503581226551985964404373,-49.07025722474841092799990600793499768867,-46.57339062778199587700413991699505681082,-47.88857958023261989970098729990657374649,-49.02943355879216304172606102065249695859,-49.64567759901208724060387518317270994172,-49.68881342228789015490109849529750778405,-49.01578573410364591268046943968606887998,-49.36355932302261632036005905393995918571,-49.89714740000083265975927307227605087175,-51.42671074334031478275622679853295739919,-52.28434138966432964862509323971908875922,-51.41903999944259257087813829783141808371,-50.05016844544948926193043313384205871346,-49.27184580276479168020071133438193949629,-48.84274953663463203399171283642184531249,-50.76122753428408214353951432245557436533,-50.00368449345048129282518457042169528421,-47.26498199964630348083237248138595028461,-48.01163536848886051822251272865845733753,-47.51637446167740337858378463528776171557,-49.19691592628180369412265787413244865394,-47.27314749867931852060808576619372317123,-48.12623769259223389565316225064176994738,-45.85748382278786383184628921367287073285,-47.27574069210809897080825039437912358709,-47.60819664422462358263489905097902297726,-50.88727309595776574888660647157368669353,-49.8491868172045495846343815202193662254,-49.91815375326030658281187479039396839698,-49.10645250030414140975961238245980215709,-49.87781797834271105711381446716496278235,-50.25393235504116456004050279385355848656,-50.99457959398053286619033526924809484669,-49.16959942219960735702147747699606062662,-49.43734077686121963171655240780858180866,-48.76507136256730290522171977175394484401,-48.37697653939406672219582373475230196208,-47.64079204056149664599182837989763009682,-47.53485082605110450732602952151634801594,-46.81356075931014134383042170861242098721,-46.32388110526086890817349972502729336692,-46.8057011285118165198106371259434589902,-46.0702390424119823468698353983067824061,-47.14330242424811882012815199889693356523,-48.21741741357505956578448174106125242193,-50.30802311305875094402750013065657077552,-49.59358281562703697861769905928352503708,-50.34421071179581663572339364626275224268,-50.26381648908060716952924546643804198316,-51.32054972320144054728889513914596961777,-48.48807887199402328525271667931480475024,-50.04173101232448736316447110036446687102,-48.93641863150911781680277003808907343691,-47.12690261878938075931115197920717474651,-47.48614252954600634729156484341971589856,-47.2260706460774955489695179184057958438,-46.1408015302447582911057746331975535365,-44.43499315012556370190058539845309696449,-46.259389804001549800148661211731285823,-45.35914412195817928113106609985039363989,-48.98203815936086296212763676733160536969,-49.40300055189109455016122158531831673047,-50.64884999926769032649529897569973881115,-50.53183776420035102476777937220574912894,-48.43543122930910323672089742380420307693,-51.12267879390291000452254989841452844859,-52.45173930518081813652529792362150978129,-48.95249382149268429601141236604397909208,-48.94749033703625183038136833666975735456,-47.36227518820868152464613286637072618756,-47.22326381008152631175838366114865283226,-48.00507138326047460541107149706387505674,-45.66687442069864405381696843847720241201,-43.5932573170791366498277064850822218781,-44.23282922942761561619234781184263320802,-44.21418641735534856232410913761943795857,-45.89204359067049852742417288108158428121,-48.93963994750569112975410131146279762502,-48.97525072804993815853000535202376040854,-50.67390436759476722103163164426716347796,-49.96156158631007271266965628139691530271,-47.78194548032213797311081021054098783845,-48.96715874153032735250806783765551711289,-51.69609895462492324332468743829501711292,-50.07929357116090830948822820697712961942,-48.00206631250296395330338400879749487805,-48.30933139567941067809820032863636746154,-49.20402690898339574278675019757693067555,-48.43508403369285965388623774997147808454,-46.33758885021058370365959025675116545233,-44.66870599817069136980909172703657636322,-44.65646469886048584461506347471421158815,-44.45967263401359262046316681375989280361,-44.72771342212334917812547217403810607692,-47.15148401133282523865345968688266865796,-47.22308125917581085231102736597289889867,-50.44586441002820459194779429183391252216,-48.53292462585523168202941715777271232991,-47.92571252271387329118827997744516362103,-48.93658390411014805399716758198612452445,-49.78078062058953098123916779514841296616,-50.64838638629720188848083312336490797222,-47.64303558031053733923412350538229449898,-45.50963790031486085373019301909421753052,-44.45060449993002303209567050066649014777,-44.49023629536735174383530594973767188501,-44.27713749086045034903126217760129593823,-45.0735166492814977553222090919293417317,-45.02516318868102259515632025221036367454,-43.24226298259131924743599966905302190035,-42.7650704506940733579648597507997369942,-43.02394118104679543738342219195171505423,-44.52513888499841807738727370858220697073,-45.7032407474049733610420380186786265011,-46.40882713952812387747799822407197601872,-46.42767006269827337542038382872239744309,-48.17489947775734920350991954637298235593,-49.20723023349982479275649593134775599673,-52.0804695841195554662606905028788851271,-47.08938231624615128287913315926277446683,-44.97961612374861879566405405062972439465,-43.71466103759928570812712400059408025985,-44.59123171471259708938027313504237052153,-44.42612840624386865370907837062749969514,-44.56779512106231727956013215991769446433,-44.24751405169998144200478899825715684182,-44.07987327953842971737579082813827902802,-44.91377455313217387788921565994157945049,-45.44186216547657911983131930434616258224,-43.77644364828258714664247320805791217853,-45.44396961778324192717140518345593387138,-44.76439597580110150919102355114770905,-45.97680979857648359274246225180233642266,-49.50869662085959954826949333630055982451,-48.31485948224723503817336411456276898936,-51.63603112321989757192320166844451396192,-46.90402831957696285983508660078530723035,-44.75472364169021035254618674038127069633,-45.17812021166480512325307231401843099886,-43.75613802083848101284902874846199341681,-42.18089361923988645991526582065874672335,-42.33211257906987618783624800819955221296,-43.01899255983329061545950378217699538469,-45.07688012512640812262599570252092596086,-46.13244923675731938481253349437666449082,-45.99077607020856510188980959062188295484,-46.22056003204824427444656328200726470701,-45.56178651015709700755265670610460836395,-45.8774503054186054762197832656813808368,-46.32564173154948515451813312580599102393,