{"chunk_id":3722,"map_id":1,"chunk_size":100,"chunk_segments":16,"vertex_count":289,"x":-700,"y":1800,"vertices":[-50,-49.92334689043168997926401164670917982297,-48.28814092583032154533074107702290457462,-49.14773345038999978377468418426974266424,-48.2028030836216755299573842417926432023,-48.46918923153304909850678362662258752133,-47.01234119194096884548525610566168775642,-45.51977671142856880916059093862697151386,-45.74518427745794923257944153059876885352,-47.04333016660966159572934614531849854568,-47.80672300474025585841715863880125252471,-48.03901058248139468271801214637076964818,-49.7824348736829738322681047569392676267,-49.96641767065771557341610114893473083731,-51.48813283856561380859585004660452321777,-50.3482140491074406345345148928455608326,-50,-50.06306175073450388579823651475133526653,-48.53376950772486184910897642511438782745,-48.47626709534583219751887864476766522525,-47.59791022955032904856588569778954737428,-48.03499031705241500147313296314639803744,-46.34570010973621637857556241389211911705,-45.71352163988340724903426921918265249907,-45.68607124525254763777077657935359867503,-45.09544920234978783551212334057384061127,-46.4477891550180698507201403119004569926,-48.30517897175493746740247241440272188241,-49.27662446508815775442544671076194831267,-48.85597579867926056197953979665959516788,-50.79260008216769135714744655223227330681,-49.45383995349601516302561487926391877512,-50.70521280969665802403673755230496044828,-50.36132358309287466196527322966095684726,-50.97731471350410208902376366133592583127,-49.98398016369413204199461830388827151544,-48.54481134869897487944627578428674087175,-46.23003252826584666031287770774322976458,-46.45487890046666685741589707515314091631,-46.85385154482559694795507623446881442747,-46.22530137483967083574991121564028696662,-44.29038017479285901150120345343408196575,-45.32641900812542540510576264534527603232,-47.15333377297693964199819147744104937266,-48.90167648411010436040484330706325704361,-49.14893112937853406026769039860987744659,-49.62987515744033166655402296500995349909,-49.53700126232827682459748788373477611419,-47.67083737887619552477613061759878567558,-47.60426003413567544065947878552201873876,-49.18205796126513816395216632086177558936,-50.59398002951886911299000720186723287867,-47.60298980698416312683463613136105948229,-47.62145103634180355592423447657471978499,-44.94913221160703934405007748452546241164,-45.1654619479162841113406204937272545855,-42.92414146092716695880564861379917859759,-43.64967587050452259197758871730969046435,-42.92046364375250721494008605298533772342,-42.76652621108576827542872542600091696949,-46.64105403943068495851873893715887695038,-48.51584871715985789421913205530911645112,-49.50523501902341540922982076916180825803,-48.65982742941311048997670006570735349161,-48.26163963006930080665941610333597959798,-49.19610521741314126143682255205512605515,-48.57595938757716936233509477408995232866,-48.50351525346275480252659907380977695639,-51.07250525010746778828712488281023760693,-49.45346784701933231932800433134941027923,-47.38992818428942798191435206576255403123,-44.65016668935632289241759087983316412162,-43.04960957296739435601540717231210385283,-42.3282003879887740053457102439159482689,-42.754882469231439940171370481624361098,-44.19935693778030762997410664378018967023,-42.06992839773888638261975619646492885736,-44.31907724212156478275006672830269956776,-45.68188968073137752015863936811109812488,-46.95754941809426108722462873346488825268,-48.2627200804043313749098226307487337049,-47.9600059733054671178647040979004809716,-49.08865524206328059496471222714181651997,-49.12700823548110220219241894417893079965,-48.80019294603351871676173231609219130473,-50.93955161129322269379163414344952965956,-47.17023288491528581047957444358427548038,-47.71737737830514606624966562765265608415,-44.93683282029649959056334049350652720533,-44.37092743866589948158016839831985684236,-44.75263785745633964984966003949736254226,-44.49424088361289110817030854339023087234,-44.95459328496512625646027052272722685464,-42.86454188001802069952939078027702236487,-42.75045500444840991808660291419370413706,-43.73844858999006612246132716651372453502,-44.61307990696152654377700463024580830053,-47.39170325817376416145330791192163204825,-49.17795953938877718315413031922864059965,-48.25520527998345281568486882717519708171,-47.09293649706434649945509725267819664795,-47.80152784350874641098504044496214147894,-49.42362909109239473518381271745935316735,-48.89533253128393671922879270997828869721,-47.94781722361905353116320950795044033315,-46.18031320656705373274666263762404463408,-45.50009985313294217320004034699632176344,-45.15541882964240940488341866001866354687,-45.07564265946523938395208963206854770291,-43.56350847637025907067833788901441497796,-41.98422167559579362847747162415113597481,-42.91523831561248443416589922689281304532,-42.06944475106571018545672496538704377784,-44.43512434277756042717767404220904530667,-47.11725068947545970276610212229026677915,-46.8216435903563321074532590359767484524,-46.2917773458955437485463356638092362802,-46.35012263855209631176498782098001199484,-46.30893159447304530435001084536563825063,-48.92647455322618779486726490313499551309,-48.72359755701075385608504694654818806227,-48.01564509220293658379107858341991113021,-46.60309091632926881117724640943276130691,-45.14105112101243568028372487748390812257,-43.53963652671480886759689637925997681491,-43.83982757174745985682957430296017117719,-43.32119732410695833228459130953737206097,-42.93282474338045437848953300737311344122,-42.64851371481947718518071070045583186855,-43.3679164650772215026503152222046436604,-44.29543709052333896866377763059056052508,-45.84826365813097535103700870814655710694,-44.57425049040185865396348698895678835617,-45.57813835630988875914039282681212012229,-45.5564508575181019215026427452141854486,-45.83657556498909658523501450948731200964,-48.90050762638875928996700712714094272452,-48.3960026105872719115316917564182785082,-47.10379974131627357669273334359824688433,-48.1559167889724130809909233904635444915,-47.92888810363814001594903858176772615232,-46.57611699259560278035532615605487073086,-46.91751408500533858356555320499754938325,-45.39303923833146136726270243526033754236,-42.8271740968563329520454717685675582639,-43.19382391440041745290846569898761031802,-44.13480191378962492750511706077688506893,-44.51050184523230354945847048264932873067,-44.6656648592262227961321940153756730323,-44.88902567875825085300873746623910060419,-44.71436271445779220246522435282025338267,-45.15680503931849758934220108486518771568,-46.76431228994615729383698194649215039378,-49.92825280919589002832873722412892273426,-47.56518400118186163707876231684750499497,-47.92176958076872109946306234979474487021,-48.64664236250685443255640119623696729465,-47.97783586829194612188894313982160754974,-47.17324789499545933964963227944825638447,-47.45375232923145121827906491965202671823,-46.73457418703804587523333827954940972197,-43.53125637628297491399397149794740235242,-42.54753239594886604274351654978574634936,-42.20235017291816503360917806928775156822,-45.2966419234243735938222844070419147684,-45.95318731314019740661287046161543864701,-44.48556311914231361041283206865028970595,-46.14373633453479481926939222028372549367,-45.06135291355527411782075685585222410612,-46.0905240569077526557975354533321298398,-49.53151010287581758578824875883828780107,-48.58270720877341175654024267453212175227,-50.59300838917271899026770801133808191418,-48.05229717332528414209751509684802591273,-48.28838423958364465426832837621291591155,-47.62512729441578800444833363523196956844,-48.0762457557616689089832843890004378023,-46.6735751437729689901130974323893116886,-44.21163572869673951891201128891662558511,-43.44988719171455027657431303808236490591,-41.99270507981313759543999648342489524182,-44.90358001281105646919553085705962889375,-45.3460276109307574692336715056998329569,-46.27566880478006208916451845332318815041,-46.31088184706529916599689214651724837496,