{"chunk_id":3083,"map_id":1,"chunk_size":100,"chunk_segments":16,"vertex_count":289,"x":-1100,"y":600,"vertices":[-50,-50.79731585966288758865765151171548961914,-51.96724681137285713930293293676808346418,-52.93877162420315634793335235825236661599,-54.75659282539072570260597441227400940157,-54.00158736622948212885394627377530712102,-54.11562146485607200005761102845123133793,-55.06328183077454345611150600271571475658,-54.3904850289931863146571068824081053155,-53.80721106692164139593584048372437519487,-54.26423288997798899570340393028540673782,-53.75260275436945794499592770207404665353,-54.45006984250700291490246039726243410163,-53.23833977054648148362681440574844617864,-53.34636520298848319013204162230828988836,-51.15042342609028060985088808705392843792,-50,-50.1219694142636791086641895767468950612,-48.27004850577584877956924007172983037023,-47.31188536486040230204566395094999511447,-48.26922638697867544302836161032559675907,-46.9138916322825717378161166216890345586,-47.38509098792059921843115205901522107147,-49.05612892271880916162455310039633062484,-47.09479105942067299685135444751227480722,-47.8337192890875897986560685572640186111,-48.13629606662178943439282536778946949887,-45.52287263142977283098345029363905089921,-46.10385871971281745458620283402964427453,-46.58470407165931262345838128181589406251,-47.83763007328229789451732423291685354611,-48.76761745570575403959497576674231786788,-50.11614976041735361065817689281476972953,-49.80395521459364187319460738168204991219,-51.01813812364021888805036598995217123036,-50.33735829378707029530354420553775794297,-47.73222980444211328659277860864175905141,-46.01839174262104451789102087853648549688,-46.57624982352423913250407607556798421257,-47.70158476366945662619543362617799858013,-47.67428235961823161403643048683748252459,-47.17624972692196332069556091296562079199,-48.01887283320760653368169293099399251382,-46.83579437427861203643542775700757610145,-45.29650696470745150967433358569915090572,-46.41801894631490839236496629383424915927,-47.37106592517534743078827605042018733553,-47.97845054700533583676339039048887461721,-47.41840467602659225200256939160838808813,-49.43754301379898692895599862038525234787,-49.51735463841664966949706804710026738113,-52.70135621872604496861261863074941117507,-51.96912003998473943241824078701228559963,-48.31473757829608466855719223971900725004,-47.71846019059051896175136849111009303746,-46.78618937614366998461177569330258184673,-48.20380889581124884447567674893623777687,-47.21121250108124048501712296779240031189,-46.62764762422272271844298301792118662296,-48.06687568204981338752463767121255730637,-45.70297524783259599629764612664645405536,-44.24460681749220849320132821581116797888,-45.71311920734856537050692056503884877236,-46.19104830963347865555375634827611221629,-46.04559447846848030587225538337417478063,-47.07089135867979203249929369000100855939,-49.55678082263480571675973040986569191267,-49.07787513736241287365022518239259992504,-54.04243394608263100515492089841130664248,-53.30899394109699774237106248975379677232,-51.77686404918551152431701250896820441798,-48.60709464575148155872810362822871777187,-47.25055417294330407501089128675511985652,-46.59321509936363935770658280055714156314,-46.61120088792719001612522892058266397934,-45.18041144928246886008268971167183779974,-47.6179181519608137469873154039367966838,-47.36940621486499234745323172337292960122,-47.32540642599417370115070840837021182257,-45.24715111447892932218346866312945731993,-44.57086645932135520342401266286850574906,-47.1506466759233846335965243762813635491,-47.83997907042467904790167261088148473846,-47.76829463420583394362177296014714458426,-49.00720418610190061557808015131928471467,-53.70668740196335174938975038550432017765,-54.51934736954720621110863125218791513819,-50.95208026733305505225140920693134410136,-49.39634897178642957503246942086377986923,-46.96610714676203218604661056285906902678,-48.26938343021398974764242968752794042511,-46.53693468247026276207634557519530053666,-46.27099472219312156896064449156662814493,-46.33699071314530902272807786417465249601,-46.86685353758212359885749098012108247618,-46.57409796395643816277113417733406600817,-44.21353354767190703291650694244714979955,-44.91078010980260499741761287926622992734,-44.25132226562761971878672506490907721207,-46.22726651658215388153826318589617663998,-46.75169791277683187743496411011481711913,-49.54797757359612658851007379834433529376,-55.21399896392610549150081797269646631636,-53.29938360147118138388637699529772845831,-50.78461821868278735960279638887711668316,-50.87321834407212354369541181536479399053,-48.56617216466103727878486327876518493998,-46.32041786225470754424663154286573106181,-44.53198400929730200426547625335754518181,-45.31576305935321610125638264847636844453,-46.12215594402972547670154871570130677895,-45.43313343608262975572321102114569544272,-44.41565118981692093492621300943833705959,-45.89879883716262829405444964848225648226,-44.18314049362128185339447698324814340282,-45.3970612807766903254913301168450709504,-44.69076208011925019895932894714105601891,-48.03444681937129818766416484805615651788,-50.27845942287707166703951443774787385172,-53.75095520854588762940027424071684501865,-53.85504367412752677316412378301994827604,-50.50082046015901112811369588612854224611,-51.3682115946873381668223307563489800351,-49.33605869414458673599843827551907830218,-48.7361320495261838514965376350804323967,-45.17278907953943369899622486021662431222,-46.45401361199185519527502404374526003967,-44.31895357377674757246128743693649752733,-46.48733172383811860702869401836709878638,-44.8365472266810496356132932838390377479,-46.55058322265573776881033971732778718227,-45.88691745023517725602948291874631794338,-45.74137283593751077314727854914033196368,-46.26645556596957777638697603728178087563,-47.01875501181259746144686910392647249561,-48.93449892820656930766391850917799237825,-53.27763062478553907836238705485163030771,-53.40279093524182115579814901534857341492,-53.07230110621593221502524862475753014444,-51.23114829467459580491760505023634805648,-50.29085007201560186093936713268409815504,-48.08847976661880870173760087200680516379,-46.72228588294348360269773016802646088946,-45.54306761279474897064442241759383266042,-43.62032855990877976999100656228514758295,-44.59175378191160115103949373597721677042,-46.70327483783301555191138790002540637352,-48.2395594242622317558674969307996420076,-48.82535356574313358589042641765265306437,-47.93317548253846047282916264078217964462,-48.74356779578112224581019431178967104149,-48.84503740760115405320329900288682202132,-49.23266279588187607238125792011195153686,-52.51756533213949316119737841938969463797,-52.55759230296071828900111215316461472787,-50.93054439388887471750955190020716009129,-52.41881963291153406110816801074251110037,-51.45008910757230663619887832187699102416,-48.0737430741803009413596283094921335372,-47.47471804875613273925192950972969509842,-47.22908424455290321146956301517848906684,-44.71207210940152475275768233272085097778,-45.3013316455859071517937487744752920453,-44.43956804039628483191675681206701761991,-47.64848647010182370113707691621479711154,-47.67393684734820445651958052277994401441,-49.03631255162685745682000605320052337867,-48.34253774575504425917642482213277167798,-49.68697725251603808341277874074993221,-49.58973984168295647067622125181914428711,-52.87714488709263340639771469640382082816,-52.69823295077136010972196286088679569191,-50.63624335757494730676471508070368718834,-49.94720875561176559339981630758838490533,-51.94010196708800437899240756146647409452,-51.58463221698896818149056972267615881295,-49.79170819246623234138194168657513040695,-48.80217054796981919777302517056792867437,-44.07428606869035186213386429036916435811,-44.03999967656976226003585215541838190295,-43.47389955654949459475064717152004072227,-44.66453601389504828209504362941001332623,-48.16974546924605352072696168407243193068,-48.86744911038999579071078262935755976375,-47.94432001393907746619897457168438457532,