{"chunk_id":3140,"map_id":1,"chunk_size":100,"chunk_segments":16,"vertex_count":289,"x":-1500,"y":1600,"vertices":[0,-3.02481370035517284915879324646250284864,-6.98851707527382045862040094525551339909,-11.92233242473936957731604151989561258941,-15.81373607630138462045130422541368334867,-20.32230515370162827543174376304846002434,-23.01051741007882389620465792263990113922,-25.05278691386626341104132246954600283044,-28.19084825718197502058266449252211431611,-30.29914334827632963017112924201963448819,-33.5087440235314024095053377160129266968,-37.38363540526934325370464249946402514029,-40.64500118957297038655031407554591844353,-43.65554133334533647573774748394320511556,-46.23919848362596737612760983033744580446,-47.39485349288656976959419032070177620443,-50,-0.1326809862630147830790529831962606982118,-4.63364205410238906164181429783721561096,-6.06983756426542132148867153878768732718,-8.72035720619796886532966598706798388964,-13.68119991013498193293371393155373728603,-16.06841240161677993855004549138144835209,-21.49006231834614832554390289772926061358,-22.18357673265238288608875535801221984026,-25.18411203641637080352329807382043791364,-27.69682012102773966518950779085299321177,-27.90429901504041271567509274199314477825,-31.44096257940344522745711139427379801141,-35.9922025306415637663176982278384395445,-37.55447632384485052587777822654852368439,-40.37059995878746869664576397287991801654,-41.6633336184706953578230737550567329124,-43.74569342264033638404281455558716277607,0.8634759039639925277289823417404106936216,-2.56823162835891807152292517621895098562,-7.06423627689757801638738395879022589734,-9.49494855530014552611273615411536638821,-10.70809990192175712122426020710067415063,-13.40552505184054476012458775134631633473,-18.03053842323300881340160598911663193014,-19.82085149306029933405057563411445294195,-20.25726159428539011576318639865598359682,-23.05971536229156891809954598378855604526,-24.1486759920175677424319354135363639044,-28.53761358181140054303927422010024279238,-32.36036187827275395971117626775710257954,-34.37047534784677968673712501808927130014,-36.30893218781104767734113858149640027356,-36.86915823034340280571094309252369085229,-38.62070420495026117346719230340691051509,1.33862736301214014934312173831124866931,-2.27003833176811205588483071162788075029,-4.40449361792176350677030448748882202836,-5.64974201706629935049464645405586728613,-8.34575635998191198392437656134207242438,-11.18056756225845959148931909373043486297,-14.02429281192817524418288106274052992698,-13.92564720131777787828087816582798076854,-16.22470547461061878527128414493088713704,-18.22221193149019692373587685050402662444,-19.10177842557467415486102699564158964589,-23.61356593869839912030502411367181310327,-26.82609306170862093165972187079167392415,-29.32969115872625145871656940607236290541,-29.04063828631670761301008817553237241285,-30.55088592293424702003776209111243583445,-32.38925055722174603784683288843099302323,3.45133050555054892579768978218585468829,0.824695012309660831379893313947452009265,-3.3481294926794088776612433264623057509,-5.59155570238870978854327897206234820051,-7.81664424818184186885262298361642750004,-9.28913707293024855592395132296306217759,-11.08601318689138998532357774147634168962,-11.07226040841054719767262869685280208283,-11.7762607703213956361395337753144961612,-13.36711163399201840202860514212915510557,-16.38862925796389163229374213528674442275,-19.11976966052285684694133070240861474877,-22.60889218041354142020040074870908882066,-21.63026778601522675691007452716591815473,-22.52162799202009114719963253744017087192,-22.45734597338688962985532761309027911999,-25.73573256923265627259724005611216233227,2.4815384433476286798546903421727641214,1.00195087900081555432887571274472915147,-2.44110529606535971324081194389049144544,-2.62052308459852152026887021136220748913,-4.89924120564712184251109672036356943868,-5.08329318268127565332237317144463013416,-7.44808961217865441374556116927684959391,-6.11485704614793767489345603453319404503,-7.03728179791104120217976214550093840745,-10.09516792496722379535807986034300200602,-11.6944596789017705828897016411734264559,-13.99336643607224254030010610383551492083,-18.40594802333723457705813575979368460009,-16.50437726147524827098118856911512940536,-17.19768955924162247835679054701675540805,-18.68138632917492017650924686018622904022,-21.36346165007251442878334914778059971707,1.81224389172281964694073423778909630332,1.32345342107928367291212624919724445761,-0.5288864019382404207257668751424094891525,-2.14680003063888741702693602968037881409,-3.85577932985971427692228246311154569177,-2.98216459240513617744813561009940507548,-2.57179120716727833259902133865559550658,-2.12640737245709047125342803982061937344,-2.81381686225286240391454244692478272468,-5.56218588903143236047420149846082894493,-6.59729288498253787398734482859428459156,-8.85599287371043429524257401621982394713,-12.3436422952098223413643582961928193244,-12.59010368602845211333393270143068400886,-12.38137589332700108751610807056241225108,-11.02496105132464582700409733368952815665,-16.29722714798705514987006866220496137207,2.22541379058206433673632762391472033343,2.33756641273548938842961928047507443671,-0.6190408978812436823972540471025724358916,1.21642370861284107545148067587467310818,-0.4583811476566585364037992036743982654057,-1.05605336236567074324819697881684694127,0.85436573162416239748775490761138599767,1.64423206454570311920073923461087260192,1.02752735512492165331829340095163051921,-2.40448428335509813213936375791353019086,-2.63939101723041385072305295034081930194,-4.60683540403077566395603702304127116203,-6.4707143484480355492794778414091410158,-4.87250519553625994744537418595175976034,-5.22607643438015975059249998348696008703,-6.58981396349646312336581117944304624362,-11.95368230511796804068906920378510536844,1.573713626272481099796801707499969927,2.09441058583146458053826018714645245152,1.97703199056835872319692942751681250921,3.67180903937236487783810039646169945161,4.55097544975955923810333330414221833254,4.43273913401356274665412081513112675538,3.01922151443374235750408544676717109698,4.02872707281107838375300247799202991371,3.5145580891817331530248124143311493228,4.82343392312983778289945898156479294838,4.2380236953785311070689498694750567513,3.67238022648416308829902593560203269608,2.39571759010078299376551497484945709283,2.55932787876748920500638603299756540856,1.83633646248667262884777021488670269913,-0.3421675799285962268284466027357309973625,-6.22770094758322869241813895594362234786,1.66007124599753459826994960757322407487,1.7675606863834779556023037986862905394,3.08689336451564619431965055369742072555,5.61806487236686150530277730628415818023,4.56463957130066754835062767859486040525,5.47095445791670112223377646323751629849,4.68603695333910170136814915342533273216,3.79074793418938494715794147047696681555,4.72389175642430526654518297748234948312,4.26359206643139188517174614401322661683,6.02888730111511075606499779515663234625,6.46954465272893078296521718680556172554,6.17806008352856503616212767417236299277,5.84061942708026173833985160087711331549,7.23993183649509937269087842922086685143,4.70179692707406597375539573458447355824,0.00378986803690999476765947220389082086,1.30493022856723340746866134459165276863,2.66869429480001641968929254076344001733,5.86803652411624280426740593692240885964,6.14263212805917464471754506109439103466,5.79604032083007498605320022169810147774,5.88603146130203806732814494518283428895,7.15115207055852442914726410683829959362,7.8353018068341526587128877301212527052,7.43197777511409820980024875184649159837,6.90710287579445922686414624813565844263,7.90347504844082116307256621251560871166,8.3171121140354925964341214207065164803,8.51848697957276498225303659483669318968,9.08779409500240572392728338442063546026,11.44385759643285016168873112165359830307,10.5819524865388207277158762794273146861,4.32050240526414851901387782007555362236,0.6338584111326617240385116167706932816638,1.91673536316988920513727383120078258044,