{"chunk_id":2748,"map_id":1,"chunk_size":100,"chunk_segments":16,"vertex_count":289,"x":300,"y":500,"vertices":[-50,-51.55041940609304291866978206152772904631,-51.35992145371370444621679485833654280126,-53.15186029720627097396237602388468967975,-53.55982982772005956296032486577379512239,-53.489972307994703769864088474310739841,-52.73430137425752452179891123903770850962,-53.29147023473715897090193407878359224044,-52.11239028404743595590814179367728530971,-51.33103504641077209747665622324037687069,-51.91510884762440048932626080417281981116,-50.42441978698564197883302588927584119632,-49.06514439131819988512730241240124542258,-48.73739588974379762081630076486319330711,-48.17592583413351238176760353600935614937,-48.39889282519395639056193314643666931031,-50,-49.10800252404721838162733670503555376043,-52.02879387524186670609556224247348214406,-51.21039496431643213676871392736276214023,-51.79097716951568909411324179747846073586,-53.63782426238168008965555724851457343801,-54.41207960720685866039002612947295386674,-52.25448853689968181723833794066643137971,-51.25206554992838126747849115199717386504,-51.63802397372715343140418435871184899599,-50.35737627794059638791561867510555365496,-52.78523996509527416658241820086060555737,-50.79620597299739052666029673239221417423,-50.2879924969790221190662795058387646643,-50.4113954260329028836448404857845327137,-50.79862499766247348764849138334230108723,-49.1992222731530355414682967481789224041,-48.20278497379672300074898662456697193832,-48.55007380283957461462469416166925069885,-52.14179419592288235935001863126311663344,-52.18020132822309673117210597317606889611,-52.62707760843068773439267248066504178116,-52.16635643219244274970543819255739698373,-52.56945257181969689458817887015175924985,-53.02360947679183519461412040012372486611,-52.2709116614728328407734726827892490383,-49.9035721661872773900282068842129403109,-51.91467449655370028255859495279014110383,-53.4448087992679378717942233812364975125,-51.92337545316132082906263681388171731338,-51.07763893857609161434727831182113794729,-52.05893900236052217185801563898955443415,-51.50409901517731680732618573387884086749,-49.1059369853141761842323525457733501814,-48.13304819186403360259515679688501380219,-47.17744269705327385892653688101675858071,-49.91756468010996220862890133891935814509,-50.29038475504390125939157030083510582234,-50.99358758046555766763853049643669824277,-51.11009572354512622945587962716077310751,-53.15397612921002050224747262665683554248,-53.34452861001600243569723606853557861511,-54.21965814270329661239078249378530658977,-50.69556737762924367122998107050033684508,-51.42218288683804730113000552835306736202,-54.24229211713851926447833188168142919996,-51.07031143927109592090938504282614590699,-52.18708744705538121008080251941098891359,-52.49723919394194082365443298079752099803,-51.23855921809721146068982063504500829436,-48.06377024432711946464610796880888325159,-47.89812475984390712109340799756840534399,-47.11741113187475169080065028410363143625,-50.72062857842110079420105433577060183228,-49.96132039547019452412591273999929483095,-51.52361688282370818202626085886248699205,-51.4397296163451686650594467668870068664,-51.84711849556098916332029843208370889091,-51.66926989257138751675898029969496942171,-51.7423649912195361448672446205444049484,-50.72386714539073646138416325279687410987,-51.29611302860757512842902142097695713609,-50.82580513275968260494671728662583123903,-52.49095389765563386906997821598893302501,-53.03069964392393012967103171201312105027,-50.92894618561281495216777921757026710519,-50.07230487242013645240269156582100278264,-47.89754627705167910276547480122378649847,-46.17086331916251439252354291570686594654,-47.26630508671132264683159400729360568899,-50.08729956974913814316631884395900112682,-49.88850339668420002453401025635940791468,-51.72398803565591058829698656361970176069,-52.27780752388925675351057991352031113621,-51.24781603998740973641662021364926608391,-53.20431583935776859914203886230379485711,-52.82898835826735871286446976956353712695,-50.67060889672953985366505370668823573089,-51.76818425542259946350197587459817699942,-49.78627004623425218171699396806363802212,-51.61190436824190276493206966605499041834,-51.8254229837651987800339999390604891949,-49.03740497842502844303977465646910996692,-48.27515010964397995229414524567383385537,-48.7551366303566709488936538585816212003,-46.31186936927124310094218636921658653142,-47.32242799440490509073464853633906634707,-51.55014934974227994643521132836068341852,-50.01089642646379579887232576213480817644,-52.36999781037505814337771386992983869443,-52.33029357929949118587398121405873478174,-52.93889033319714188085852242336567728041,-53.40070760127973964504081377674686375534,-53.3517364007148485834993192905224387062,-52.11879414013721890124273613163808450486,-51.41172659952521578179402600002531634743,-49.19692790845334526687755502865218739176,-49.39792973677401061792887381868391437923,-49.90225993273761633075629090150611129553,-49.23810509642846508128381987531985156803,-46.94623990373933952300045833554031004629,-46.41233079530783788989526423494981834341,-46.33332563747001116034049246239917715182,-47.83275657722757378779623196855231526834,-50.81950800635026845593229901336602933574,-51.05904906471106409600187697360066338727,-51.39308634983655058282731652247222795271,-52.39785317768934353010247932387325652477,-54.09617305398232664103941070659571985944,-52.62023042487271640628482989774531147553,-54.07321667992010428593815967506832972067,-52.71870541440396519156975417890231447349,-50.96323146161998885281376775024378426967,-49.85229297520522378229148436017315446553,-49.04119696425294501829640962686824384287,-50.08240948551258903428391219329161863262,-49.71897602977884149250222256355290824993,-47.77792890672616954177996030748183147054,-46.5033242447501146779434160427855240272,-46.50029289843008340725405785457002192877,-46.99334409727910728543922287440674379761,-52.44825359197787037858825215329422816799,-51.33561417773336147773920096080714539306,-52.04881212684293536549965388254431118414,-51.93126322073444956954567032448482455177,-51.5511768020662330939672803498295895269,-51.46399720239371073654072352261103827787,-51.04718785391648669826411273727191828379,-52.54219458911810111049615725299066817975,-51.43678122750028933770286469192229435518,-50.78003666163807534042962754966823585865,-51.3682484966297146227828434363241640227,-51.81939075193757195969614745869150413292,-49.64973721223441178805541266022077179746,-48.3591834301154838935232460546866454072,-46.79882976537553580509990104076281980768,-46.45940877944627769144466356371122845725,-46.98183707259530451219800704969282315055,-51.04122512608512005945706499977664945226,-51.18395642323210848930891707285354808751,-51.63726590054327915585193778135100692267,-51.48260793227805737997638898067084410203,-51.22716767680317029358516457423798568196,-51.62103002310057525288693038231931753939,-53.07905795843721465403642070731658184057,-52.64342684951662675665461772935121659304,-53.06196832615295543938512466197014121591,-50.22299438974244947116515097273020329518,-51.17075758110421622996902291705997126362,-51.95176316609398607981172158369415105809,-48.46648937822743855799088470908130911782,-47.12322408717912183444910946750497519553,-48.00497798665718236491891323333687791571,-46.32065684991526530315254433158700472703,-47.35805595407874504545673535994484326807,-50.15113731362164353751089100964908309869,-49.98656725495467164866420244313098910082,-51.32193347194397950150817010897697120737,-52.84502990744980247201372333994823803499,-52.67275703369673914019059165464950689932,-52.34431895335049724862224651621126458801,-53.50125148314404182403610094738339527317,-53.55480054861418429970329739095513266368,-52.46851030390224133706589372774015996499,-51.26892284954842948456076679241009537026,-50.18880550601506026151237863546756419795,-50.78882896770192491254193801002237171815,-48.97361176559197693636696029851225450349,-47.04989574632113247369570963326981578877,