{"chunk_id":3517,"map_id":1,"chunk_size":100,"chunk_segments":16,"vertex_count":289,"x":-2000,"y":-200,"vertices":[-50,-51.36430553166115015982207102626997975148,-53.35971472681620946518557865532386938906,-53.98203789971000468076268663522734859455,-53.75425671787496068946814851100631400956,-53.36182461020734331681740968176911491769,-53.10424594760631956620007313404088711896,-53.55307986223195640217423622865229143161,-53.70949273747943178225415683803558926013,-52.8452191925227205413302792013295389082,-53.42006672994939982000084221216076479364,-54.08722847870951041763327386837917389359,-52.96633925615847179183394307156295448514,-52.83577672304970163501449027388287987055,-52.80938346719332458799517499004458112019,-51.95628170918267069393507319643248075196,-50,-49.50388994724045806829693109593172654344,-50.01457818186660450576952626591210267301,-51.29314980321728956770714312013451612687,-51.52788879113373906120751614199663587983,-53.16256042437846482055480574475345781519,-53.59930923037703267788252627338161597614,-51.48072842149338423268896740005966455153,-51.98316973106147670046710608500806663853,-52.67698790655612984283805249364794298146,-54.17604641869311560233956511253308882152,-53.53942865075210294450046762431008028197,-51.64955236590349581884456817453902895994,-53.49736652055286408206668142585063571137,-52.71050622747546514782605782294730742793,-51.28380128728366713675367815889773513763,-49.55682988280538449610620545506488994089,-49.83779283364007325145796701639831445578,-48.85160976945348547930192123639802444642,-49.97400435013602332765555288916655102997,-48.93989897560420820592528590398918345069,-50.94163815461553305596269707337134730064,-51.52748317327179851189878216840531816313,-51.00873168555898364401418437646752608864,-51.33105951657281297302314118744900567929,-51.69086839233423010195406239763746775477,-51.72303892102463795938595790855745548361,-51.44196786029935705391930034832896623844,-51.85456471618755262747863623039669758969,-52.88258482620941507415048556750268615935,-54.90997750204205495254723849722811067487,-53.51194319163837211380069664152430617682,-51.04189919926008857138869012910218823385,-49.76726851856676271161298644802452003052,-49.60446609253671236026781538969501126298,-49.31284453788186788968003174378156962316,-50.45064999154367195080127404083552296447,-50.15712837802409150868550651502406455277,-51.17701748484875301089160208390301372044,-51.38217373759540697041867505233125347536,-49.90273373953794228764875142021820384409,-52.36793830332994781964038978312687715029,-50.2182787844046830706663579424821799988,-50.10448044909179176029514497979113748778,-50.85738772365777850710887142692783754421,-51.33065421192168648274219727862991589351,-52.29032111954881124139113379806371450481,-54.11515043569494855982340413866283349064,-52.32728591571476475615603537836559796573,-51.67052285384878112389115359585063654917,-48.86255332506321357904775442803467533333,-49.70092420114461648363474139374238728998,-50.07535732118898746667957499441272190239,-50.07578663962568971847892100840380503873,-50.68620608008798673168658700143415899118,-50.24593551422118763523020293636782997252,-50.97671114199362599303326744629792915938,-50.6898631712835466717384886548194655381,-52.33382969285596208385007461192309287646,-52.24129463920848387406898068349189110425,-47.21723068585455899957486939555657638127,-49.19382295148245744104114484023050940648,-49.59487657257984813040692645898315652839,-52.00562517431956414442338830801560927486,-54.17716721286829447177253542342991969958,-53.91143518458199399415220420356946070261,-52.47931282843193047506588445986065206366,-50.92339247794265869383173772891352006903,-49.61876941260264295221304248204090987268,-50.88061763068915399395667951958265696816,-51.34315210104387055208170293311296261744,-50.85451589056368043642013475428693138772,-49.65535927610886781084741010235643485265,-50.68815918173494321858500162379770438819,-51.05899737688546075581254004324276971703,-48.69610896097651885595054581219898090263,-50.44061109160738843933796117691124860721,-47.66742553559321735263553420609914219723,-50.20403645489928163973869668668495844172,-51.20603278846105464998176442870390317801,-49.69308387980756201318658481977396928549,-52.48664092592043542497872751861782882665,-51.32366257380585356902235759728735138545,-51.57131343082746566526591779715107214353,-51.58815591691489734607391107626526440057,-50.70977911387097528474154255634455748888,-51.04982176251214134793667462680948525794,-52.27395475551180890568170301184406782436,-52.4106730258047054334355969256028315394,-50.16076981957258366439590561015240995084,-49.43577181832759666393270522722106485928,-48.48615170241971214984879444139705692097,-46.84694723859976399433308516628889176994,-47.61764051349974213124391938061919022989,-46.95855112716579819303662112141233616423,-48.14499372856641774561053781971794144448,-51.05591412698646433532074967156358447257,-50.96455549794025139278972980089811992178,-52.45703237007606451961225165473983946971,-52.79761300814567671981390409281125041486,-51.91335910578729168361327602561000005731,-50.73255054132717936738197333681507516821,-50.06716363938523157237616000637908577238,-50.05431427583649472620206434650728282256,-52.60417967572415226490097359085196212467,-52.17085519298460394603537388825659049557,-50.02871487840931907848591774503217636347,-49.26358621400136295501017961129455908961,-47.77493049800249776452700891428091604338,-47.84725165174941878485015689515146899445,-47.55306022729904604281900925740321349669,-47.01684710082967317891147590104931467651,-47.92000799372134156915976720837644987665,-48.90894118401008075423865963470048420032,-48.81364793363096225753834272721588377002,-50.81777975541691360299619566142280775699,-51.22483187616398910352450107484190321745,-49.3730814758420285632665344939097557858,-50.4132902338379037902949258260032416697,-50.42037039134586530435080028767345870935,-50.04796199153555404146255310504088510972,-55.08777574199774167476762633854128600243,-54.11274552339679703877821704060180709708,-52.11988266208855736500421886692929452345,-51.14960763315358419425472156028751667714,-50.69749001066995023473303293301664834608,-49.689426965380169815780113325620354532,-47.77578930725562093555316702694604691917,-46.11173726795427792338990247180321462395,-47.33655694045053290496759284324434681154,-47.62199028925533325052859118413252592823,-49.06021755117542710560832392190351160585,-49.20222398706935337260077536554567114402,-48.77726306425310416807677759853280820926,-48.09026971940697806019292771228453802914,-49.65209291759549992743175301726440937541,-49.65318417971557851492363426436523848403,-49.49447213440807137024384218376999031459,-51.95646702395976521181069345818231521519,-53.32898143739220285355574684745233272254,-50.41569227752172835988046531877530973272,-48.99154968211307129952105589034741169734,-48.21638868678352550286679634631974021864,-46.87485346285064138642387448905644971998,-46.63222226867143452904786260761071657798,-46.73053041987147340716002441392227491171,-47.24474601436149998249218194078528804157,-46.75631998360548178539287081570272857547,-48.45187675066876302887627876544216778466,-49.65610596264808165341253949309989823352,-49.54594094150593303665681518542835312469,-48.76051893750462690198993732476546482287,-50.18593992338154467527051513332815973612,-50.54213481870970113416073439736196826932,-50.07878573849415315683141670290529314929,-53.78897425011168538706984613888311269244,-52.97923975918106787371287541151631479082,-49.80921378649698548120688217873193479256,-48.75063962358217778874303292653581816093,-46.21153168407890365260207434663908998498,-45.45445275493694609530682187008706856306,-45.7297031610869896475528876198333671632,-46.96113641742683574195603807992018303968,-46.55520495261621962233253101064858764887,-46.01672981376466610090897522952023891001,-48.28154642857558778178744245890171489318,-49.88255343013730183471891299714963479378,-48.0897406953354740232640970202863447877,-47.80203643155973000826452530797179883522,