{"chunk_id":2855,"map_id":1,"chunk_size":100,"chunk_segments":16,"vertex_count":289,"x":700,"y":-400,"vertices":[-50,-49.19549584564037641273287787991968491507,-47.88680549757265221162553467349101681785,-47.15160526429500308990535304963650129492,-46.74232365062826626190528887474175634457,-47.0713009348035636364167194288423104155,-47.99283710939920815397317859977398195234,-49.11229360775616985005663384930647817346,-48.70254812301411456425469785636419093496,-47.8186884295136101043071745964018272009,-48.23802071224145062698523642140472459551,-47.93271552483613538785791993534239185287,-47.34553688184258308842589638855281114135,-47.41935415077453673451103886800302816236,-48.93317623686151110729697514269557931436,-48.54710374878227491720931720177917870636,-50,-49.06086292242670193564970390906397148362,-50.12863114421224655154903501848445112535,-49.77288085325315935124404524496128945689,-47.29164715825000154657482672619755895625,-47.49697361902464920828435777830985050885,-47.7807768106220353808671076159682365206,-49.43066284624821061716532573931744599118,-48.82837436596480747566126800740001518388,-48.8360579277653501467797039754109154818,-46.61037170275391494088540598599873890962,-47.43373910941702338352839192942273507256,-47.8907531372997129919698487610983864916,-47.36896572306909564885115563148358790549,-48.40693641166775268819272957934523625137,-48.4297546617145216422612876248921068732,-49.70065569383886431700647336869206453501,-50.19722172735854177521138088509688770635,-49.50477078609850341285668362168388566527,-51.8552434075103282603309218777655243532,-51.72817650415761354458986610440977831517,-50.75595982138607333102329826712763852981,-49.16017412810491493613504676674421762389,-48.39979580904967202176685215953301123887,-49.00589013630389222593578461225455818679,-50.04806265196849547660904645514933040923,-48.73029698978747829681420127131330805802,-47.32712379880943250223337525405860880512,-45.68271264406386452797111167309440445685,-45.81531096733499995309039487250503339711,-47.25474462350228699527247151694174044511,-48.89344014490798392357201247100649317292,-48.75691382586288145789259520383677561659,-49.52975317837997702417656669669664709895,-51.18933265277297794487224405618797577002,-50.51270774749034964813674039118653671765,-51.98293636542195823887097934963777859381,-51.48611500318614377859865083586405304727,-49.84878067129341656434694265601042492045,-49.0093861787272909125286148460861642965,-48.14606069484738236002595363272154956262,-49.40850476538547804460584215835996398109,-49.62659430824731937696707325192318160616,-48.13733261702169160997822468972185433466,-48.84811586888868494309751819731597388316,-48.15571081240560939347740233360402355679,-47.50573462757941112770528739428013066146,-47.66633771123634687035557006033131893134,-46.1998110705179924555524929451372153255,-48.13499714510210711843683198037902387313,-49.60504887481689597895454825903941681583,-51.06352211098460649331275069093872776622,-50.0316071149561760198318186099569095897,-52.11288504113276999732867675412464278094,-50.49830952499104136178424182550870592846,-51.31325137394319025358352445636853862379,-50.21344236377168054788684651777248871428,-48.77132782859509932286034140104291049161,-49.23415627066465282768918724701932594226,-50.53794913244646570617405881868479425745,-46.99306775564960354179555547684220329312,-46.60192352520069019492520524958562728849,-47.81937056434240219706374540145671644302,-48.38404942457988593940968352151454093072,-47.90670803746519023321631270693141500086,-48.081958189124033789671864199165118561,-49.1905119664994793755776220056062806237,-48.70410949722818816725984024173187583511,-49.33854994729012756427715804132472870218,-50.92623738512065204476398008317116114734,-51.14891602046076556875490207092357269178,-50.72834003892111033885900302744195018472,-49.27215049128043011293105518072584734158,-50.12750695644184905288105252978029404523,-48.28984821272666512602884070920735706819,-47.86285605506215102019725724552598141389,-49.53444659192280664413718025232611541933,-46.5509568670406852577122964159569797708,-46.13465647064791056780620313853391602937,-48.51179064851003231264267125398096122831,-46.73234550420753223267701748215153781113,-48.31759901719462934079060765249712198759,-48.74660368310376407186796070193597910602,-48.09986115351066205888124180555230173358,-48.0941453345718593346468620170246728892,-48.35767205080830656351127374943606572077,-51.95361329112590585346711669871495194801,-51.27572412793822976431518156837472672049,-49.6462844484528609067000747093461331684,-48.96250187597518406499778021620689792069,-48.21669546009441850464524234305094342047,-47.63547943167615173429029563782904521985,-47.9629446025266535107467372558155169414,-48.55112065801425053614031350173187331148,-46.6813697627567604053813154913166146233,-46.72857402170299960775356417613072449894,-48.46094480710357572243188207860320817398,-48.08956688435473293566526330119632014813,-46.78676419896398167555388866353938737028,-46.0169236170395406670443817356779297422,-46.53615166931914887718980862715336377809,-47.38006807931052628501288359707868873059,-48.11794172424597417532965865265267918842,-51.58144841780961687427667857401742573167,-48.77560392492677003362975694807931124062,-48.9650734256019287104171885502135842722,-47.77944338683565520430519171713326870342,-48.9229321895671923583110261807440900278,-48.50969050373094079319113838470692241874,-47.09683818515180942492361200378577497454,-48.4624702755284524164043303218682428874,-47.73782535309560342384084538962914611162,-48.10435997559541946455786068622312773886,-48.73000894989778752333651276648822907875,-46.34460941989760336442722028379755400905,-46.18838721896122660850689855219850128411,-47.12332299112472803573501446479654350236,-48.20222887750246670144059897825966997632,-47.78858113013850370027399093250324173588,-49.54322567738131899323567383589624526578,-53.01777507499366835012407943853700149176,-50.53624031136137151423275504282760650331,-49.55191983956094637624289634156451752331,-47.99201323392437142140340448421725177126,-47.57605857165580481416064346982054382221,-47.88592121893280089200246885174493480957,-48.46497717422383999644209334824144220644,-47.45759316627592960561910231397899371419,-47.7425048202026761030782802627325584088,-46.05364240509782026875626219417834375609,-45.62222848809977691340563477119755168827,-46.74087546030792876416899447777970936564,-46.29272507412715754959916558883431155117,-47.80196364686639868772541298201765122525,-47.41741007527915001624863095902807738576,-47.44801659824314371452412536643079892234,-49.13162003764019581848388344971131582712,-51.83092089846613691474720993646458771916,-50.45880617117012824991957910673916877984,-48.56407938337651854194074970343251156008,-47.8570559024663412641390116805703251297,-47.59916886382686521809080846912117458684,-48.74328775891624693452600266920821346924,-48.26450521731454438014161579123617230914,-47.72132287095837140628765031116102877655,-47.39628734359338668778961650696728351416,-45.28921658914760497007447137863505902304,-46.44463837240117993677150073037334818108,-46.81727607040973391996082076911250172132,-47.33990227330645520736605261564730129141,-46.20226275215311004276729379489960561653,-47.68872305924254137943877982972741750183,-49.31580013308063535961709958789308121504,-49.85281893675440769674511641827513780765,-51.48143096291953269672052527217259100036,-48.17062286008575470570922018947672031102,-46.00981592095123460718398760086576541286,-47.37760821092268646486200818565195362227,-46.59704573037953318428561453503186086109,-47.72037482632134485625833877860420971301,-47.82968220074300141007471239365956761029,-48.63808220649148196982620037274602636372,-45.35946336646037683479259034019183050766,-46.88854717940182021528654544888536306858,-48.78835907364581297102179074813604767323,-49.25771246540129296565084832055905506488,-46.67753194954343587886410993691554152867,-48.44620567444577859515673326952419863956,-48.79462356942941667452500406379419927128,