{"chunk_id":3839,"map_id":1,"chunk_size":100,"chunk_segments":16,"vertex_count":289,"x":600,"y":900,"vertices":[-50,-50.67086820734043525261376808812012186344,-51.48588157887264006924288652074707460662,-52.60228604358824862426296351589954365771,-51.78836583806663809818096651797078942414,-51.41328483882149997887709953626112188026,-50.95917964724205119264006422060064583738,-50.5735224265590026142348259602513781449,-51.64418066999006291355296109383151642143,-52.40157917948336612247765781134135688481,-52.45999613209063886760812252836245219046,-50.7949325252038176810499914455561687257,-51.01379405927816166078685948094115360097,-51.08934240903458332525146919261947475513,-51.26825069354641359164928136105742699067,-50.43499865286921299365857720177277731204,-50,-50.29204176124390236050899644112867081595,-51.29282823171787732026168619686278603654,-49.69135415348672611844470201631187926399,-50.2922489723795326600081629971213304955,-51.73025196476918428485074306248713963204,-49.01453817927266270472819854847583236933,-50.78479680411761351909161866276594513128,-49.95763414178809852921312352762903008716,-51.0521688384024507802854703321211021081,-52.32563091113886180621295390106710594079,-51.80013657062886837866851819220179402123,-51.12734179076221125541975754064128072223,-50.65805924778775286047917326438344587988,-48.11223147171701640310137603898593486921,-48.76087177069327749361449433331458020571,-49.66313659615882102413580076582406260306,-50.85926930294735242245023060270259388843,-50.10374245236029459471944086543297937936,-51.17292724547690432489236532043924904065,-49.36157643441900238475618627846405822026,-50.58051424555755960359042992313706965349,-50.69794650551347733485603400625013214416,-50.03728200694841477936201837841615958134,-49.05433863206773353442242020261614107757,-50.2273755577887603166082202877329034973,-49.68365999815209346915010815522622182913,-50.773095730259792649136723567691001934,-51.76639553205888918148239439326658514397,-50.94056613342728503809972283241948756228,-49.04571187914182304175331903543186723656,-48.08626294000641117061182001099134388925,-47.44727794356998330282922083894715159426,-49.66402881487400261201136448178055300167,-50.29428510753442766570470915889564768749,-50.64181299599560069374651364306697867268,-51.44312629597016095086200274609447359971,-49.82916636609136237827894970628914350661,-49.20567441746057597329992613274643833308,-50.43949636571980896145089503534908238856,-51.44869919848282586770189783752285196074,-48.87119780466611862904351371058583520106,-51.65432276359378000202448976369503097469,-49.07842009860773657908838131207015141406,-51.8279252938457558831132964944816275951,-50.73312051510864429084912707918386386529,-51.41344446900218084890441850131330430751,-48.27335262271662640950979282118336194731,-48.83417022246920009839399231534700414726,-49.93736473088062100027045563805471121527,-48.16144322585839018985399143120711969212,-49.54760899991691925503850420930876688232,-49.57214459803140788019949309153640932048,-51.90040007943022476787374285995113806989,-51.91435156921852303607350732035804878001,-51.57547320568561319313658764049035381394,-51.36924337808424771657102553118980343011,-51.76277006500508554703305524216601484655,-51.52162358770031467673407355580433209117,-51.21532547523078829940992229765503487682,-49.74629956793650905663463023879064462119,-50.10691081641625291545574660722263333889,-48.93675972664858137258587395565502440574,-48.82170019559640701990401169069588890586,-47.96149171425869699881187039337816623221,-48.71895861055170353526359002057587828151,-49.95813261299948733302299801673728319114,-50.39878662454270823052417599084127431329,-50.64964923796761063413407386575674745786,-50.53349061717491531517083315864106429031,-49.23428502100616289519215627182752820777,-51.25713275314026296846782476822343154191,-52.00405856040615980521912643888055505268,-52.5088223132316624841572146767584526922,-52.2388308730283145388692705544591672932,-50.21292413218728168316817176832862174043,-50.5886520673302350526217427449572791256,-51.63863821425999295111660481336202736218,-49.00108037575218788461331393758956161635,-49.30136964526619009355718508015045977883,-50.07862910542125122715114731751055983269,-49.10474953578282509964668462263307834591,-49.2912088289377786950110093519828859573,-52.22514982160584502698473367617846474229,-52.7381947705768411214494416503174426809,-51.35633455493702624614437042085455035061,-50.75678192497321077723134984814559849241,-49.22825033464189613748151165209700513421,-49.70329167846667775036602696572789677471,-51.07147501553638741057345397763488436839,-51.80499921217138812985109049910457164819,-51.15296817151033945886108620223093150751,-48.85299132929012106064601551471707472092,-50.73294438393138589197710181188310129188,-51.88724860886810855122398245653102030629,-51.38849287493937174221540404793980973874,-50.93684248997646223859382724622106026845,-49.44956343055715577252446307959077455151,-48.73488766379770673230160556647659890079,-50.43058081862224752641141498383326596511,-53.64879213480926630083731230322617772132,-52.43981652984114369834323623136949856075,-52.92490038130570506458582072300335122697,-48.92653559733849591602511385472755460612,-49.01588423375445111423580686947321192353,-49.4568659246488771370877234257044860122,-48.78990384303700484247771043922859152236,-50.69954376790839171931809391107896505422,-49.94904417363725850970439324598158246083,-50.14238805639576016072313408995592670092,-52.05010807867881010578056228404921488557,-52.41031014321183387191909649122453060228,-52.2848116264287809283608995743323163356,-51.84366135473261512690606228409199519274,-49.52847448166837298607057466799060754262,-50.60396414513650980410876490339300969506,-52.58229800941926903711096009664519237376,-53.52606399371158898705249660692696256366,-51.90527283026338254731021844196338342083,-53.76296149502880417115660180476741534896,-48.94074468165130468269744294556200727088,-49.0679260580244553703435068463578246454,-50.80002817930506018229583908190799113319,-51.75500795033370214198971332428044300188,-52.77744735650921988730804002653044435848,-52.81419645622996999411660585339925042568,-53.07455967005245129240313691454970397906,-53.34885703774318978978781969717627325285,-52.0137435882553380886998180206553625568,-52.81427658530259273263081772532100131349,-53.30155261490983754990839859965389168056,-55.12148637313557215959591488583778525449,-55.8176162558904647418748391700715115054,-55.63379867684849994987112516384182561586,-55.00097618465194679181919967783575904273,-55.60537767585053754764509231384606994395,-54.31875551686348560438387752654276311211,-49.12455343462910228109154218984695277934,-48.93717228255264068302453131022530598493,-49.64062092675380048032963347746369415056,-49.56908440940787133571829320722771069752,-50.54898250456450069873735746656177397932,-49.8844105989100568596528380092151385436,-52.19529380899416816779722395491697399634,-51.00407621215636130196133763441807562207,-52.17294520957729003917012647254755392075,-52.46552744526382249280443855140456556924,-53.33787554186475437670580784739107325879,-54.14831781022364718791550056595586172269,-55.23462829032813082024245134092605090288,-54.94524326128074181427973681521824027172,-54.2259402481241741915936831780782096776,-54.7044491439412692501295072242961095877,-53.74504769868096582166464162762523437572,-50.17436023570983452315912190668211251635,-48.75757870274458248520150150401631677778,-47.61828520217688570853747881540604430689,-48.47026284479132222639102779529051572341,-48.67219390276838351492406489023482839906,-48.94047757470501546786196169027647591749,-49.88343135731974599687008960445718245497,-51.72840937365007507028092814217967516507,-50.45701532043469982454359147849505861258,-53.25806789290943265271311409590424429977,-54.35362097262445616557457705823213267822,-53.33697560920482798818618359409289622297,-52.95954060148064044784493396116238838613,-52.86186379111712796937561750749893421738,-52.27297446386089803961817956173208801675,