{"chunk_id":3784,"map_id":1,"chunk_size":100,"chunk_segments":16,"vertex_count":289,"x":100,"y":2000,"vertices":[-50,-48.17434398378186732741619571667692421844,-47.43451915843202143346893891726496487117,-47.69029339302624609209354145857962977155,-47.5945664306020184736042688870370164949,-47.46133242874271101033688737485703801128,-47.86001706550301457948805297893482311495,-47.14684773004206785092621130483976512606,-48.26575661252970913848408085217881656953,-47.55875577685121195071458399084231536136,-47.28094641818159017031024350026464144546,-47.25451461398033034208617643861084163567,-48.42460575035589780766777387323225674204,-49.42964286086905277710514941307883293974,-49.81815029842056440815664702226413411748,-49.15867293781582134270368225289268381201,-50,-50.53191848292195418103218152406775654007,-51.27320641176174283537968477514006061119,-48.25394322618707068992028446136462143659,-48.16763194381088186564129198839661618461,-47.63008152270887285237169165816090056368,-50.31771793529641634230542335879326433482,-49.32962136915742132991601338736811768208,-47.91064255221486007115560421481544657978,-49.4020868902793351511033781745410420044,-48.30281831729600105665264456360643591514,-48.68558029587356188501569420931574713285,-49.08795468372730756087387964035337189882,-49.8932478920938355566154860793655723682,-50.4628526415785336940873809493177726757,-49.53927250766785590752908348396379812952,-50.27197892111554820003768723929694014533,-51.10152448807640012080798878762046008887,-52.85825116805517155288184896688128538892,-49.87161377989965180620630439230221368905,-49.50598818176087211888963159856012590015,-49.27384508917801181834817032629288977858,-48.52928302876159342124819105978114117051,-49.94891210922318651969373523716395984191,-51.49836255848848336295005245243944037632,-49.39208402573656961923605717618417596734,-48.69105828335655937076471308218408053601,-50.6223543745652179234532079693511850131,-51.08204862295419803967390588545723535748,-49.87750783985424738787946607298151082836,-51.1521793140573826859691364684005341262,-49.1562948164003896260183241795827425084,-48.68011659596571789025848778837452146398,-48.65182819782614503439156546697640311267,-50.41060971463900322433420911750534536912,-52.145045452586884244865226313523356693,-52.49740065564038346772212281548648201321,-51.15480901854525360922150934575829510019,-52.51157801158154411070592795859004433196,-49.98922214667970828098268349669958666928,-52.16318825054750116421991236129037153725,-52.08042774993352722482845088228532445948,-51.75144634846844064832235451031053923327,-49.57272276801632041207087274378643614766,-52.31290970249358126738830537414753230326,-50.53340736427201875959579506261248072803,-49.8491588664397244340358967440380340504,-51.28759395347363130146566172792141568071,-51.09350831499381222030354980770086597667,-49.1446693608774417219576359867415052537,-51.80499499716463510529058631136645888266,-51.42427936569065748349367798519078368502,-53.07852916847027283966872272484262585562,-53.07569719157445404534240781356132153396,-51.23497794593752770398587597797871605404,-50.69404670137818800898784677504019071585,-51.44635385033796843304702663891859095694,-51.20219115078579642928599127772968751292,-49.27455869312431985149403488134165557274,-50.17278630517731320238398157462425515372,-52.04137023375570946480731352334458823742,-51.59726497640640888324576345571627429564,-51.41140465609909256915974079688988648376,-50.44751378700353568475748361340170916278,-50.72390681266248261243113920717246585817,-50.73120706199477358148628355767019624267,-49.19793007019401239235789136275758081234,-49.96893423264877468381942187558416338154,-50.71174949378075949736118681683142924137,-53.58362919734567451677136066870476023181,-52.28941510298071870527335696421710274914,-51.41264986528085133561392239898343251599,-51.58697449793022703449110340730895966999,-51.30344432917678015942088461495750284978,-51.15099243472430584448285368178808110192,-50.89991737194998481880939412082784373293,-49.31221108612112894673475387626220878171,-51.42194659615060730153164294583585363788,-51.75876381527867831847954697420478588424,-50.55409863602909434594129069510944327061,-52.14168415518994673942016025342716541024,-49.64588254335392424204463532503941733941,-48.90841958976333669780550305735294046742,-50.42439530248860564965913569090384972915,-48.81039016826511931671441318921003353684,-49.22490528893850559450723733874799166251,-52.26089800194998536109307595007674428687,-53.39643088013756140339261732132399486988,-51.71391281157533343223215679029747409622,-50.06860449909062424786720050752484901666,-51.61774237232774530288186013896898662222,-52.87763247491640117110292833390470569891,-53.45980645281734486211656483226626392289,-51.30823283850577123500644929719615807232,-49.88651221839774645012584119224265838383,-50.23230252938852116545979922631455474566,-49.17690405832505099137900024794853813424,-50.15663283041089088309220067207026692721,-48.58383127551953906390589821111093010642,-48.41050686738540279461191824568342969482,-49.75539475205079255484184561075369090749,-48.4415852857023644686603707782932283682,-48.7184776411024660782472330583747525353,-52.86433250332561658217672797619206071187,-52.6186893182315009106247353518780217126,-51.81119446094892708614207641142071207372,-50.18519639380912483796849304516994394463,-51.29636242763117950410339316735424384979,-51.05958785213663788054594366549592345329,-52.33213333769445357128957268926573418093,-53.39954481689150395352868919562081812601,-50.13741700726385868026652185967018535115,-51.56135435898189923238864848782514829765,-49.00795355300385265464472689130021342517,-50.06163332002733015386562640923113379021,-49.57671219558358881127559202467353437664,-49.89138021516433025026643940051114830956,-48.79887403961968945189102003306413439166,-49.53024329454889808414419270285356464846,-48.71474149527702534100218117265854423764,-51.85669941082500467400896350779622454288,-53.5314685526479474274748371261098439435,-53.84295767358373196635384766396410760401,-52.92374058550562809662116947959079577798,-52.24340477740229401574955530003961377257,-53.21553009095750859385789668462748831126,-53.11468837832269258995479508665263149044,-51.87614800639225445049429254565876958152,-50.936960668307557073109246010666861349,-49.7002530979094383065927083614519209007,-48.88930947771669281369425158955352933145,-48.92962568051775884454159261464166350503,-48.12999410148173622091358163246199049812,-47.88465479237192386811891961901211185112,-48.58644111037103190666775180573476818404,-49.3791302781088259531276176429922390238,-48.89186191291059608845912823129305518905,-51.5140675684958639881441715972100819383,-54.22788317036829266995579860667416085074,-53.56528646391553444310520774872956100579,-53.42736821535402007660439062250451885033,-52.90590652855219463103823615139227917251,-54.0002733122335150875584581451663235788,-53.73407981645418535346474143661064536273,-53.14211855768373417865594202864831986858,-49.95072246192651642371499273141131380419,-48.2649207938223817090652008666290608091,-48.83978221993461041274052598332554266319,-49.12591423305954626218866714674240680398,-48.61185611676334477960281926892454855422,-47.57119480870637759019229582062404093633,-49.6026005713457878326232894103303652752,-50.59344246791587853824239430388714290706,-48.90302599354866580169652726244677591706,-50.09048291528885749243738994605793723712,-53.04576022997870983787134850956387029061,-54.68353779529051431059296191653523577542,-54.04000770650735729311300360656174299223,-53.65633877981688115185926934167977189116,-53.61684544641797756372238005475845283256,-53.5044657743072999820261094357890293709,-51.47117967041214463226773628291803257733,-49.0659499964101143607669060662311773583,-49.87766761964359923099304155854396638413,-50.00537025507862419149265720315597388503,-48.82684629983261750280434994239687085628,-48.26924862497543537960064106254053009665,-48.49884845151246920608752807438487180214,-49.39983869423330480593442394908129509983,