{"chunk_id":2870,"map_id":1,"chunk_size":100,"chunk_segments":16,"vertex_count":289,"x":-500,"y":300,"vertices":[-50,-48.13589148056307863028109115753538499631,-44.56511067771059274850850679087627472903,-41.44607578101445267505611375464933282751,-38.08920945045584543564745821768538705279,-35.69911598148214291549216958810057223594,-33.54173940487663999505238532538297232102,-30.33684555751285775546604748530188291646,-27.24091835293331855121545106143239283281,-25.66210640409046473340586449128169202057,-22.32028864798909436761044186357927567245,-18.36067818192496365465884616135514313413,-15.20059044141028646846521993983385050443,-12.26374024166044261536894845109566952978,-8.7805081657701296094431422002398562922,-4.55880775103174877443102970897750241918,0,-46.5191102718299901160751437738405364816,-43.39309545250203836443105074957920466641,-41.60075125820391622111820839593416935736,-38.35267536614354483972925872021173279126,-34.79263938530726478663737823987589837909,-33.70257964845056666113680885281306281236,-30.9486503920990968215861917025892982704,-28.97584747729887955040071248024880201695,-23.2868651508287103766627850114304992592,-20.68384993713669903534013630741857582547,-19.71873137005138728613104407336505433194,-15.79764330527161325928445963641764733693,-12.29718622713741643313361754356598512034,-10.41798957631238587222573959380570487407,-5.41895878166234291553906095512753911969,-2.43215593222410578503974387288856380083,1.8078079878024314753583822372278428258,-43.95802058684402472791231903350987988513,-39.55089648653547305235061368035810296878,-36.94242011771091854840705809588514496037,-35.03498638579513028358945207564091384899,-29.56950493337999962032053429104345715022,-27.93429778601949018641590082394554545072,-28.10302431914666174458641324476594581624,-24.13990835755456058194642161884845064326,-20.35340896003461111671632559935268331665,-18.08882845282874626939268389968581247093,-15.25755294434575999419674071517283977935,-14.20949446110584746586406061713743538648,-10.39105138322221149328370406227286938794,-6.0340283269092363473146372872555140427,-2.07280149800239351702237752430929789117,1.09848529955355442016110632163870383281,2.45541826916099161928524363833870404074,-41.83818636772836822938052929057482384629,-38.50182241473036445754682436440051324264,-34.26911094253859382143665847041303634057,-32.51601105806558295922275135675592981614,-27.00522025428656837811371725228562427765,-25.45088388073460436262412215086402997736,-23.80382382973244025501489444685612497723,-20.58919786911865863971776710594675196015,-18.17726785269739728340199459058143006401,-15.53136553780485799934105297799189832941,-12.08676116819959132034702560146863903934,-9.8545827341824776778556077166921056813,-9.11673846617675773406950298633445663405,-5.60892288494535028889743126919576154619,-3.00215033531360670447157677079570419588,2.01722393309582507787941823273699239486,2.41181473121674118381972518288357227926,-40.38324962439259790999515235945848431449,-35.9753871457965758431528098161013011006,-31.38448696168559213699046511561286192173,-28.22378290398707106277707425818126631335,-23.64835441709004952182787457684282876854,-20.96820004267549048801879661946001105443,-18.88032821296718089825873354752693509872,-16.54562244693139599665005277151051092346,-16.08810274858363317643713830744400776848,-15.05898119047846494055040844396478573064,-12.58266497160198047014455495077069887222,-10.47222980461060943484041156752743074153,-6.97468678530736513134387773216236344882,-5.52581689692039892171138660967581710666,-2.19173582440526963127139818494975314995,1.2403569061211830209393752257776511765,3.28602595145154752656838588306032469732,-38.16842021390008708613118266467858559896,-34.45358709753718107888594358003719075226,-29.72424665394875011254343104690856716111,-25.9003236366762984623655441898406441125,-21.66086846096561714565789945105649268875,-19.1899881928687770181817629219597068691,-17.22227356567696079217304468098419212987,-14.87688296050135251011935709873499049401,-13.67057294335310931099260748465776587531,-11.25070969063018162174117544511282332968,-9.59423614833282284116379400402914127354,-5.63571694998759913700188274891859681023,-4.07314613277857919839959073685135499123,-3.93758712166635703871992195183159370407,-0.16848989870102384795162663841129783794,1.69154479323191483961459900624756697162,1.85135131057266013246671454282134763664,-34.4379052700118357328244047223730227561,-30.88638302839597984430589149664343779195,-27.27252328176415218357393283090029422436,-24.0135725303937713596133736737722189004,-20.04609297617960009429374087578029106524,-16.88636436042358339370987267376919052231,-15.39861682609309452946058968628724064089,-13.60545783928569018504522927511953854909,-9.46610951291323949182740088758662711496,-8.16042443648081204786383576093472649004,-5.13602246023370497395970493309402904299,-3.49668259059573055928588786066823343633,-2.68998591082595285389546115284961572378,-1.51935983074616618495561228888993605935,0.360681317416873074405579622867272642955,3.33751017854688496519406665817209248199,2.30434066508264872343689233122849049438,-30.48959892828079118913188620505895367145,-28.10604843717847239968421813045752668881,-24.23125077631602180615736070010386552554,-21.49294331755059082865450770263465349267,-18.13125898951386218799671227391311242507,-14.53149907824133031876546086941630280802,-12.64823341611310823505038175801610857689,-12.21267268340292125160810744673194492446,-7.67300668702659397961772790854838001015,-4.42387579008052696242830157242542011733,-5.03164332088118391910205905578763252343,-3.07717426242665180145457890367812124542,-1.08325871285485440818184982022615646756,1.71218411407121460668544769451361751015,1.31326243707112456433079959510530751989,4.43982893628866928019632575203958377041,3.11057641414987857174632049501943455592,-26.90028750834766853545425719884956488239,-24.71527987798971295119104123341522497046,-21.75069120179732704857634253019644569695,-19.53142709811292567452017114699425938551,-17.49130408653242860885870781383192198447,-14.64868384442803701544285988657389460644,-12.80540255327823081415102340120511216639,-8.9258121376174188855253090861161292836,-5.6271753770786603175342321438169911471,-3.5457760721870521692349741274655743123,-2.10097101890743420420527250669959494323,-1.86950631201277616665661774499967613709,-1.68278484508700076979497498218327490411,0.2885136110651957369752647057283619244859,2.52296618398788123536763785201956372695,3.41676382301908116297382917066812529704,3.45658840512336323553010278010768839937,-24.20785059015772788632322191364898491823,-19.07559619372014814272368598020794829355,-16.8748505195130512445089583423751955439,-15.01833933341710900889738827747925803461,-14.63821950761859405202615448616457392399,-12.79103878707727516284666768906787350191,-10.57326424283759895490531162941773318362,-6.42558839572522110622892341247309464109,-3.56548778671437387029619735771836145109,-0.45079038182840993821175919259397706718,-1.516456393474475173725804446965116323,0.949436015131586877938405062763740020815,-0.7078029946544982235082086971920348573902,-0.14728714476712648882612494696986010297,2.37920783913076458899575304607351326877,3.17118175046119522360625919130066342142,4.55379051510903360564466910183146349973,-19.78726886263027820266401355192399047234,-17.45313993012097713457922354878748819758,-13.35186137550189553700994045777597934004,-11.95960075603843310447186804273872213215,-11.89364087405218491192992654117965233742,-10.34119079605195714979881122164571956952,-7.11161959614888563827068240510579967037,-4.47646718334629306530817723844618287413,-0.35833470209196285445551727801065057689,1.09201575048418587831666151921633111184,0.71067775536599090535277599161907532188,1.51018046023514103829456009987826777324,1.44256699495454460086646885927454457565,3.13105481537220194843816333305757293961,3.09798290639040237636458992292673459386,5.58760917914083680802489509005147470241,5.26661106320900857116499610796487919239,-14.91006181723789592679607255983710612171,