{"chunk_id":2734,"map_id":1,"chunk_size":100,"chunk_segments":16,"vertex_count":289,"x":700,"y":100,"vertices":[-50,-49.71566171459226077863650581676708093863,-47.69251144209015629881194064039459655752,-48.53669250991677300622534816391504420082,-47.71550270597176125346250048438144336716,-49.07853519651026010441702657863509804731,-48.78888877074198171463090101671407460205,-48.4090356828878359629262880623152505979,-49.5763203498819782495357986658995378541,-50.67105192272849845959494133794398950375,-50.20578326368934513716236997364202867195,-50.46941476671187839488996878471923646728,-52.40621316448028099914041412859184650597,-51.78345319062217038192847886456310312749,-51.07354749120181925120712521969282133749,-51.22395169684594480945492705680415194325,-50,-46.11306486405061592808888858150734226597,-45.16434617642222179855817268094894015823,-43.98399364371354310824589640813343592517,-44.13385217993529150439552242494779998693,-44.77623066815106282293054879395376983962,-45.19781214379891275629537286781463171344,-47.21334730535900473654843311697970451444,-46.66836324107140024981084837704810585967,-47.08797129400185541019892564023318822212,-46.43485855912854592259271950190503631106,-47.74265383658823271890011916546119093758,-47.34664242892732252826584765150577792066,-51.55860812394236334964729893575147925674,-51.72517725687337936826800885629931114303,-50.31239180311707991629255471222439828344,-49.87687448693975523173221056061775565709,-50.60986474021028121353944313872078208181,-41.37428806874626303343806474884671189703,-40.13918871915612465710013387126210530226,-39.79795150513117717948576885510600843848,-42.05109441512046159104284862285492400161,-42.50302131636809260486784801439173746478,-44.2729330206169878592009071229008154697,-44.34576400453844613671182468894742990537,-44.79224903053452434026667619656210937095,-44.30675516150576746093567869215682387303,-43.93643922951088170044877575552843235868,-44.25736616998210607710664652184483159079,-46.05006691690089883219169918780338197981,-49.90389030247134509726958876796645221774,-48.11126587732854287362996767363191411321,-47.78977792236596493477751619359577041787,-49.6548388328816615374169943421655744834,-50.14176981280906819573025597116585947696,-38.21530205833808374887939025990972479338,-36.41175835005635561704146117980637729677,-36.36148053718493194041148496865755802185,-40.60697330196605941090658694984491867502,-40.86143105871251913526722533136258404746,-42.36687187958176780545507089373215581922,-41.23642777359291649867904900167561832978,-41.51965513821542769654908375876659348569,-42.39236358720619332256062749069206205873,-43.20186315169064940723242563377754489005,-43.97698418367523312114140889048769226162,-44.90044873765250944376431200189400039724,-47.49383802586712177716287374257752374656,-48.12738356984416724332810587293298230672,-47.18815765036854308628292572433860897615,-49.49490122357039018960251073572992170301,-49.31389429430973806644970122946254769792,-35.74287469318567996719574712392716505127,-34.76823894220079824237954199442086575873,-34.63649031369923851407581353110230832618,-35.85508658580149979055147799275240434377,-38.04744933753678501391354628121578258718,-39.19450557578458813614385717053925114367,-40.2884081694752052677872414200417287132,-40.37837984383129892875377528536136828865,-39.21940898288942980369192840538552553022,-40.39027940701315162131333928495393155266,-41.94654755349871188650353907707744313829,-44.85970455884041385245486949826416853542,-46.43867728820421012871126854849937522318,-46.72184876608143060561305581948306054198,-46.73254611399822840626163007347949080418,-49.06077539709237244373135281517344753691,-50.0187630710665745165800776763513563512,-32.06058986699851536815019282042280199125,-32.99242775890599544887338448483380476328,-33.23970009530913983337763582659919964384,-36.27454479372406996523389439807311412264,-35.50730568714427313390509327805807255171,-34.92065142760505630447964837311887006263,-35.45143999323907284933347121277612674057,-37.87601397030156866301321360591458468999,-38.09473928702796876408154322206189490928,-37.9618680065644184237550811466144562038,-38.98810883037618045486912271048199237795,-42.34563433985185080396536968927046300121,-46.02804556126798132598543987596428230243,-47.78330741369362659098184296214911089471,-46.98007782874621581334803542032204419716,-47.8078607964381584086396793087504468692,-50.96933760069154276577441435747728997502,-28.77178497265004526346049251627899262133,-30.52791218036947062477335962005919459242,-32.97714475246760126716184993435297492232,-32.07550650945326389708569794157665302334,-33.1614690636285192664011615916313065171,-31.97932968225524113189289837169332903759,-32.35701385622223831677094703069673243785,-32.89961025852934538508763889134193431088,-35.29087190626841710132067806444483596989,-36.65304156650632085908046451484469681694,-37.59365730507544339979891404063498848852,-42.5592164258673963246996514299159420237,-44.15467444143456277888478556796218844398,-45.81397423763857259913177966812509454169,-48.74989448492294106511863470477504336383,-50.18329292783136161720503573547052046182,-51.81880194128974643933096021671354243258,-25.72273794042956993508796696639664430125,-26.61132450920186607885910200648611185671,-28.55249725527971456898388391386128550334,-29.2081388811421916320634013901804475676,-29.37500332217114082135859904554578482407,-32.06144812949467209777466339445018749788,-30.23521989960799729511025904096247806925,-30.8986882038232762706339527674972308444,-33.16693800872187907042541776076165770628,-34.11517003102162725466228924563087472936,-37.28032923818696692445663162369586809102,-40.81425434478081267166305753609127402515,-43.92744872503556018270235418630358562265,-46.54637798924545406900719601595848377314,-48.31361304468608397666440078268483760274,-51.03556775228306771003368267330054378581,-51.91835959162637293503103663401863400721,-24.46456568020245525618957827652550508059,-23.79917620017909157954421702689214040227,-25.93823480786545156215175738252974162659,-27.00910376214066949772836239340083779246,-26.6283571680954387814298116642157088915,-26.2805643753893972087337057299267496525,-27.26498026408543643249425431056004993134,-29.14058361661990832265059749426996214315,-30.59048996918025644829620672772747528075,-34.51566764376218869114672219221451037909,-37.33651097637994015804485254836454898861,-40.17087138017509126931465462010095292042,-41.62190371594469834875963306288476415323,-43.3095650279600371831701042925185747593,-45.02825032179210451729451863947600966037,-49.16393947542684597023052464288301968598,-51.65749205795710452079309516195535653208,-21.77489218010660726156142218054953604495,-22.0231942618135107582908091197255669265,-23.42937042801292732950750539828832259565,-22.06294756328654975811866927708325515971,-24.93951826890284472808578728355523444071,-25.58122224114965143215266586400718675716,-26.08175895375871667987255545749812497448,-28.77825142570616694221946760148382031796,-29.5529693748720660591016436071045876793,-31.56459213762960090403767792584281630084,-35.16655822600303439237304325134507834482,-37.20649952473636519513600431406333484406,-41.59081911109362216576446644842309116378,-43.31639160746989529773988108222117437129,-44.1058495315481278086786324471720836101,-47.40208274980849491380644196181557229242,-51.99612078756032969858982156608056388446,-19.93580655058024452828915711832986858812,-17.99400102761315807887997480229783206744,-19.17025163686225550880646323027930251717,-20.27024158190767738247560573564494824268,-22.06644297842590283405480522550881904601,-23.4834165573225318715926827992329355044,-25.28898910935820402401852356843764763136,-24.93559856209738140549938650325772073485,-30.31569533535396351782577934869959294454,-32.37059379742269768988164644504992723389,-33.09823650149729712998147839785108081633,-36.33284411752814322779655430979801614604,-41.6829720200708401706528066956575432604,-41.95845933841153585907143033501297687171,-44.1682153055701082460162350316569092255,