{"chunk_id":3202,"map_id":1,"chunk_size":100,"chunk_segments":16,"vertex_count":289,"x":-1700,"y":1000,"vertices":[-50,-50.72587652004690573306707937124084099835,-50.39267429402506617653527266220265546417,-51.01719504392122791356852753762684199743,-50.83987206887379496184024552937318763687,-51.75230064007038317852871708616412948924,-51.16530866272686980607867022206303484757,-49.60612103079887435987553566365163507632,-49.97862703165173917069023886437145785715,-50.54694068784998406618224723414495642019,-50.35564467151692524037211329946652455037,-49.82858106187476682963831984189704219043,-48.21447735839686401372366631998093382608,-50.24680517801721568165209648348606811879,-50.60095256680148930253349724907590785797,-51.21211091292952570297712386402225093166,-50,-50.42976044645710628007668813895862068668,-48.67247630470345166948448314461083577515,-49.12365962159239647375079319754992203234,-49.58268341618002736960525981573881131793,-49.90485538316168653215060114051601549573,-49.70778669664083684697654658493889171891,-51.53128591784896131856360952975511585705,-50.80513347611641848642648410395559941041,-50.79369792558730636423319984087198891591,-48.98094245584328777725713824056266456917,-49.74483752704078313161582929033057958088,-49.05168804237909285792250512297172262481,-47.88676892993970870199727186454474900245,-48.39046510263402352100361600626049265018,-49.58930313241728793397702393706082097209,-48.67028222239698667215739598296508363693,-48.42887164431613018421044776389367629417,-51.33447226650997965074087481255762179132,-49.97477598286741599381144748660137095087,-48.03562486252617000267098993603395409784,-49.632578144190701128555400458643629087,-50.90312534072062488970243589113960592097,-52.43883990478066989594779624328966291642,-52.19928207804009489329381107667337020648,-51.77263343274784576504057027196156263802,-51.57149772258972065628465730004767118636,-48.70313876815089549344345578224339726133,-47.25822466757474941030172151191068148762,-48.69580252846660414075433737099874354383,-48.4848229029768775835308403002791211366,-47.49191166350553500661473752220602569182,-46.77205745473932263535961774870484918857,-46.59750550352751791241795184692955092831,-47.31648178955134357505078344533257712282,-50.24288918576494513452724554808213264048,-50.6291510833027173810749492448856285853,-47.61539927143498608133133348924052421072,-49.70238817714558857279651398785113973176,-50.40509676722930371133019451796658211945,-50.58042977181539469110062248566964073794,-52.20447039173259521778224382154878816431,-53.7792726541863495140127134384685424946,-51.50512643927499548997030419030943260205,-48.90186471472046669939150949491050907967,-48.10051972895817374603807928321814238045,-46.45236936057932052041949907339272796195,-48.5496545900712741204851121526933619502,-45.68461443573625875613730780737417508194,-46.02552636157790993145752910048997807377,-47.08323400458248991829869234160069328111,-47.20834433297140928602025169696509618255,-49.68760971392186840857625904203633224475,-48.93139605914865736502880349395607599541,-49.08390919034193932548107823450610271427,-49.35895515567028323601716484540522396384,-48.51385478406929300585705828987340820133,-50.9748628269030148858249022866137569257,-52.20667159921936168782065074610545818558,-53.29475988750494517035732858624424935646,-52.43613574923241045479131084603052624065,-49.83243585016121676225371016853665654945,-48.58709113419288408470283306703153171639,-46.97944229824014207223631055357001140661,-46.70931875146963417380759301355621308722,-46.18056358660876458156111587198243397062,-46.59044990643353769585994204606533837874,-47.68688146337635510397859438218454219368,-47.33925844516393858361934462795336364383,-49.44004132499219652377954157104177267629,-49.24448477868860810518004714861053379221,-46.80533874722264997283529088910945602097,-48.36381973097536138688231647804907899587,-48.12354383411738179756186319857430187817,-49.44775522495788908113424060804457453416,-50.53606245037389564138714777836282638463,-53.69287042222599185336846711708596289434,-52.79349819224511011715887111327098809087,-52.12900631530868676720841712948062436134,-48.5857194121016990415304038764290767416,-48.6513365675428119773414650774922062144,-46.14218247871589584153218011129594709195,-48.24337762747620217317513533525709087765,-48.23748186961448695130535864505596279012,-48.90997213652141400596938149998981644644,-48.30485351693943424790732542583771437548,-48.4404011096467468154634161199710117844,-46.09556032694184801017008885610342255973,-45.44629912915902612163848365746115325082,-45.27548416231345934464334884419889388551,-48.22590625745094316032482384719414696329,-49.55233297054603795205341614136702145413,-49.76346673076596938619485423873124011819,-50.44443282329042121783875004764755065309,-52.86546437155696601246777553979290584186,-50.33769061772780451696311680928234440605,-48.81289616224128304981944177058647842547,-47.36448314342125271503903761175997981229,-47.47429972769956919705445708413722941779,-49.27371434377560679097011343747500125234,-50.22463141739262141499746171120588901738,-49.48987321627547015931314126313955236125,-47.80663783034421429115312682144828638832,-46.9323320916001178464503755624510607366,-45.49131203924034364022875108822010434995,-46.29020517443076692958472813964559830974,-47.62407975145228973312349348394065440938,-47.05116916757088244404608958862347343892,-47.20000145290953731837836093945901913686,-50.39315648145264814200192611915475883066,-52.16379458319390493986832569566847884766,-53.46031581769086810658007029098545870154,-50.3687318610497936962825303486844365047,-49.5889294427470377753701893466049226709,-49.70279899973681947198233081937732669568,-47.0885880196187446643860515483743085183,-47.86357467707726664262696392070845774962,-49.52634604636978467564473013423092555585,-50.26676138717125161700897094087361834525,-48.14018391953973717047229719621287385607,-45.59293661970079236615984896719909773848,-45.79188018468208997718842781819525333407,-44.81273572069341473990940399936104570488,-46.45984631626707037130219623533984553532,-46.36727533438264662705699043366669156842,-47.96051045569483535011945243125565511251,-48.32663324327405433284546143838381130216,-50.71391781901654788845243547158117800332,-52.30009228977731648471379079392546443225,-51.27166837052855589856363058988356320351,-50.56989246936969435732730716874022712171,-49.60262985060748192902333113263496547765,-48.40410969154607402880720681032892069632,-49.44821526583762721088986366888381188919,-48.83169287267629677946866046880307748868,-48.8061926417836539588466741038112665263,-46.77790423493163019934333588943235535375,-45.62685172304059343532528957753098329107,-46.68261519237187431686897482605457933243,-45.92574050554461429288180171353653430375,-47.95779308185919227502438660176673650015,-47.02709052577222099490075230200941063666,-48.6536255093272002047046494582190508285,-48.69343968577074405703673640805859267517,-50.55142523643913285430792731457567289404,-52.02359237353936251459257897707368884211,-51.73162752552524713570377056508376134283,-49.76166771477427385129989303496896622987,-47.96133719718432597111840312679726482055,-49.96720427677963973556782195774992715133,-50.90999450796032272266042990421171431044,-49.25367939611867426370449697399927748898,-48.61274463881869634828821046225975593294,-47.10660209399907287453380769242979708224,-44.37001204736519344397737766280100826961,-45.87791082747438873714570357663727362496,-47.73278197858714381015294492621226844135,-49.98657813280432726012698981762578194177,-49.0430035465171727585810228867398967643,-49.43288064421961818741464431039253783092,-50.16627568389464614116709517506231263926,-50.78385874132196523163861699235239580805,-50.75097216766320187794373950049115152247,-49.5901218480833396558656365787012631766,-49.77516203701749390714070404942110199203,-48.50220191527575687929813906758360776064,-50.422727571299895894704741629045604786,-50.23142229632885263128173819673302498251,-50.85106514043108909335906733674172739806,