{"chunk_id":2740,"map_id":1,"chunk_size":100,"chunk_segments":16,"vertex_count":289,"x":-300,"y":-100,"vertices":[63.22318115,66.88919682739756488504066513608458811402,70.60145195595331483498061118644606823098,73.48194248676678836142646919398099514496,75.4261569369861228661828223791635485823,79.67918080468167883090306673399228900451,82.20956994838807786723081513232201116326,83.67067642743261206352213934057905234048,85.9019412150032394160896386596549176366,87.70819618759978440916648750577676797343,90.64728872564565130928662476005870013135,95.21101826241890345057161365487090824226,98.22026650914736463760617052522182614725,100.557385024917543271841031937394623423,102.001475229344761841301070022612498555,103.492414616944354802244632950163274234,105.9331909,62.07919594330086832221530442594765968138,65.45344607035653360709277643213377531233,70.04721189474073933508359229469303697384,72.9330562946752324266620974412298056734,76.23912487992025202411283450034768363256,77.7799585577713965073540964677364199026,80.45602466589512082969819882750330376915,84.13931913371761189317612477196861165416,86.30156880164868488078421794979647797779,89.35737161509410895251781191636481578106,92.60527801996273050420898562203836090041,96.28723484374162988052802498952748173095,97.98835770344363930873646995846436946545,100.440918130316737484985256878464961546,101.305721106300938317295638132757346186,105.32598012867681637729244514517493008,107.095780106672895114412836826654367471,62.84672426591903592368130181288052723392,66.20831619236990224886133024543002837302,69.32124476215646982008590115981415341422,72.54671605542813738409980689810669118889,75.80714509012543009392487895739708957981,76.75343696375999753327008232422219745012,78.90534912894010272142846230425281087707,81.59438494320658711934540827413211946669,86.30502545775324555843010250521267887583,89.82424693188762820385540822242819252509,93.94657871819714934206216317919234716078,95.16205659194350746359226480286063227988,98.02056433176238031352081056947250152775,100.45428157143053032810676817275989068,102.424992703966229006046834597854413469,104.249510331480395534561741827421119025,108.657220180111109718131129034190644719,61.28640437049432577405490146709332032763,64.81564765041788640886762476534713444489,69.5739312557925797405238783578343982007,73.44919213011419924905676280058144584639,75.67693103194841034407209335553736127227,76.00088280040674007083827346689329541105,79.92282569994505425230552437693341202116,82.87240658797172900081245036511880792283,86.2553940947073285653792357998851286178,88.18021943253519702092228945516528583032,94.11944951600256688751577461782219588884,94.41369461013882381728420727593740297911,96.58737194883207157265890543315957948804,100.390074124269603385802971913495670081,102.620065871216949676187577099871535993,105.130352438444316673232998724456026257,108.727366001785943900101368145241152182,60.35339779931381404296600628353246504008,63.24453227774901064524488116472851121041,68.06280264417295064135506365685142431442,72.18924927787300241425327715195487870463,74.78645142473748350785594943199215927571,78.03711329621112687981727465400799980268,80.12835103353051621868136508213096820731,84.42948097293479611137027986649955756402,86.18276040747473078883011150932718125319,88.83987423839028749006262957393333166758,90.63307748878695169640723591945155441011,93.9672377910054170796588484448942312301,96.16132353455934012751390683888740792562,97.64246651789639097726363518483788659895,100.283425316025155407223816021540454539,103.250578928027876055915736734579974783,110.499648864075209421154296524578341779,59.63526791085676704491845303450450150361,64.41013409279551100222162062922483575735,68.94137980789408952851327910409690911039,70.90278683560914186326582271389734582175,75.06876412424042421926141683226858294584,77.01746031473787769295631526192484237761,81.25746325488628979952425902411873305697,82.60978396560587164710260183675141695131,86.44446245527131376403714212069785828737,90.80419066595289176119873265340241937067,91.79621815951639316673031809253251927769,94.32001047715471329996395240016653156769,95.90170322394260825390368362281642547012,97.83597355796194018660152677521198560801,101.057955901460183228417469337924113911,103.67111834484814380486360889176813881,111.845044871195605555609300011040023117,57.73639122601308929291943984464405064552,62.8972521380216424983014539847530576773,68.06483577694337076652969155582858351502,71.5256295922759233619519280510099820419,75.86261409405025040324738961145498924749,78.80440564344659300700082148863849695398,81.12476363150185568608049291289863573737,84.32627715276726880320863524669234675759,88.42525909752548876508231811520067742808,91.55413416575881110544578961033110880504,93.61415958836198978522988220393320255719,94.03040840610449577494376297368262674743,97.2371171201111433772582620474308698401,100.788634769582280142025905343744418048,103.176691340398784888377252112985434355,104.441423902665966623196046754388081412,111.916868853796320119350486721686041781,57.23060123996890470802566096598847527732,60.92699433123652665592325373785159087686,66.79744506856633784153077327494867492725,72.06807106604078488010356401528765461268,75.02373376043386875273547924775411979828,79.76317683467975191333949233413632221456,81.35255799940475601061044659693051869807,86.35439259730986682171050753769469527005,89.46623974674346234842605096751155223482,92.44104481540660231142749995076433852894,93.47548741887980186825916897430239240801,94.98140865291537283064071584342542791001,98.432041516286729865391852945842922826,99.69423634062572533435560096067345872718,102.038017554458293039840656323201618217,106.326245609980273941440719041839985675,113.107916056278395902004301344925368727,55.37924249107911926430738495502587172519,61.26370116775483054252855720522579150789,65.99464818768564824205195671233665088666,69.24514710131426576321740191681342112257,73.51346261237532813461203569575736551745,77.09462532756177458912118011231097077634,81.35855196109801004064294925145008535715,85.33837257283671288913693094948298491029,88.89636869533482781151240463728270261975,92.93126420642658160026903385078491835822,95.26805430590753542143885134080973428504,98.42275640452999242751490431351177517977,100.221910753779868235011266864219010282,102.865013575794697056371464228423333898,105.448759648985359020044832664731222684,106.790150783695062077182433688170625624,113.299208634104917402197684157075390093,54.16668423300092136695893986405202539333,57.66218362947875983520557466861922932541,64.42966025452986542916377228780124346578,68.98785266885113801461202620976091684766,71.16270571746645440530902960238217605071,77.73882255762716704995864371873101760336,81.75745103588318947894386779182735533091,84.08860704245917072576032032155985169624,88.94776565571822471665045585717704112961,90.687536394822977794278422715107372451,93.25428538492868235065961385459090431143,96.22877491440668691959886784245958971332,99.16536820586638062536577197603274716171,103.483794235018221501786454916473722017,106.687979934914700266943811186214014942,109.84782509373860749535936086537604918,113.431707095236507661260916173919914538,53.88903638417202907565909264696241043445,56.74947674711649181874001909779457397665,61.31799294364855589690363161492151376113,67.31693795009570312555928072763299091445,70.49302826619273822186012948535837469107,75.53328709588642737283931940759533724376,80.40304330742704917731314304779322597241,83.41217156343469911762554830457224473623,87.36259151383212667860624776450410120181,89.24921016448624786231206497605930423313,91.73984083550717394150665671455207859318,95.43651274428702108223301647358065808786,99.62948397267103120704628457583923733291,103.625856284476756781226760442568169161,107.35673450475705735276854785656683325,110.138599262977859175763467765278654612,115.167882537460233601468514909855091026,55.07075782758736666082347133422204904739,59.08123541413579774082841721458033340845,62.51304115143789826038730288088106281732,