{"chunk_id":3343,"map_id":1,"chunk_size":100,"chunk_segments":16,"vertex_count":289,"x":-1700,"y":800,"vertices":[-50,-51.12860472503085402342409872724509985564,-50.41575997521251062397560657591285054931,-51.58903842723353035817840493011527795765,-52.4132243044779487712393429052536640313,-51.65312951292958848789746614375166868521,-50.52572384260226207060860476583468690502,-50.10790668440145279888574214989575073982,-51.44848149700140005481423550237031602136,-51.20469100229475987475062052935376129943,-50.52050902444296976315341801698788297603,-51.92975037353521358231076765085200920921,-52.65043261161959489859743393225754595168,-51.29304221259714937600485378016577716153,-50.73405023914593107592224455363695148565,-49.56377284937448710370225436232369533602,-50,-50.65692602350135658580930510427325973968,-49.29689062476039236434852393364890446444,-49.99092278208810409252726614964566707111,-50.1369064568187520897133876343302690432,-49.13430595519773880812251536585472433269,-46.80888507224851788008501767538829812122,-47.63230416980756189844511916683526498111,-48.32964374547314858897316136042622949599,-46.90184643590258468514651166399333388539,-47.17455095206402517759764114660240029475,-47.53814726068495691151188334634086256257,-46.25226213743721559010005658879079433506,-47.84537825085442865269798094845684988737,-48.99245531312297658277874779466244912238,-49.3516138212997919315155648726478898243,-50.43855468084918322094600132114085353992,-48.31577413858990979996615591245743562924,-50.90230225620419023035099303354361105098,-49.83282664040968219630707485015879972985,-48.81471657972987413411503759896977471305,-48.60058579033237914805194523105282152371,-47.94039341276955931776651644145188416229,-47.57134944562572710850953058371113947692,-48.71526496386411731015608651175021559671,-47.24492821004726585473405826359193833596,-47.70367355467229304335647189847665472603,-49.40839690780470167274007884058343674675,-49.66291949413290920300469630089651858582,-49.05184141942723037463692919559612311707,-48.72359800383350464377413813719976020887,-49.20837260130603724429158125124764469477,-48.08394502189070159874733550780731316568,-48.09643907870078382893309634404674659242,-46.85155713738832395797720765438470712689,-50.77101864120913162164760895550268284512,-49.8225756269652925956929888941433042383,-50.44599045628447962222003241817844466669,-49.20379304288246940874042262139869617969,-49.22587705207816146827156434601510245771,-47.42116641766624713920621699940296813235,-47.51958223993149278078477605306799814643,-45.18572323690496491513790742494187117226,-48.50449859178598628876754849781578588958,-48.01841730620261915741067603255899567488,-49.95023210118550874969734185513223215047,-50.07195026321961282233391960666194006425,-49.65796811053189861219451967766800498825,-49.0345039580802943620017179226705174959,-49.7138515812989425599600415199897262795,-50.10406982360528885248115499174145149266,-47.0619780102812394297371134348026891603,-50.62902131506021330769342613574909664214,-50.04786689894129101697065408723959334541,-48.93133340769375903631586338410305276942,-49.03303694669302581770332858938611136518,-49.04320936459562552168994676286203642743,-48.24671744340354740198516218638953052777,-46.83195134994419749158012780626217689671,-44.88206739298209043384124073741896985442,-47.92832282998190932677598080248377421809,-49.55303885989696723986810335887547343297,-50.60043384729219732378168551855384153197,-50.39736053296595819029624687470414766706,-50.55126094228683949191806323642942976134,-49.71739848274936226665635981745014449534,-49.487105961615786856826778893060088157,-48.27440693245722863309820128020308568613,-45.68904487402668834493052432705789349743,-51.96954269318890707021435680735078837381,-48.86991355604817851634324287650979076287,-48.36093239939981924123934324067351293186,-48.8717696915831106628932599693816318108,-48.59130994922847897908216048837598521959,-48.83240923894600501492063119716266801875,-45.34791318954657705835635173016316637678,-43.38542822390240488759646250859973178071,-47.27259927239714110857547547147685192436,-49.99759760732691952725793723488869472588,-48.98126215028026539837887086363373150692,-49.10681825264340010122430153864242982625,-49.75953869356043755758333504146258168742,-48.96377369789844722922279871999827615577,-47.51008633478855227690157148850744356942,-47.22770741128354697789318187986359919657,-46.00569405686953160558801635368946885573,-51.84706131958297275054789099822687804644,-50.14628783496260490025106754954686925986,-49.71193755752993623499910398849104298047,-51.12212373955874465788588877468567054809,-48.84146373388307311981522980824551943251,-47.09683131429256497988248038262670516458,-44.38237971977250213271490868940890080884,-45.65571095562032006091862273524345553286,-47.17576566936958930762123312161861720796,-47.99585665419100279235365657406742845164,-49.13821238085809206830922838097837244735,-49.17179866207026955352992092337327658329,-49.14600621842546070185127863752313765737,-47.20880745728346095386627663681050118182,-46.60678911124766129501332628207110478077,-46.44628613039625634909653613443211245253,-46.41539746826681391364767923547297990067,-50.08535325539658815711953712567051114462,-51.39090980650022218921581160960840752618,-50.76908948565552312605487766252029304404,-51.59777906529757769671331524827331730199,-50.40196020969128329780026701980080771865,-48.34191079236763096135445516243570994276,-45.05955621527005198922091191747638555404,-46.68395274692870058901117414777618021184,-46.12258064951459537583470329056050995604,-46.17623740526125098138071423816172889458,-48.45438871645937561355063240057655957044,-48.53851895686782189710597483606245891806,-48.31507236499320972845618974969465107928,-48.28893625055577495527874874185989708341,-47.99001263868696248036497405234216394016,-48.5059623153282935763339391514986942535,-46.05564309024684029008657476652957683133,-49.86046356722198806352336122604199149507,-48.09924980696404890882880263459595126358,-47.68553523678086975357117929716377663607,-48.28107931146926994075772750454039811676,-47.99343421107480476809805834309252029575,-48.53582425726443693917048200534243541584,-48.26651975669285724232677064829740054586,-47.5335579359087403508572498869440947938,-45.3681669151131088440723638858283723545,-45.56092068013751683668278635843888970588,-46.52078632784449452234507455484756445686,-47.47350040452376210914959366675148803709,-48.46440601199808796354898599312742903269,-48.35909408619976873987552438574213953749,-47.01579833463213379356260522329502356489,-47.7171741952505268674101935341455343802,-46.05160456398972854473254655817973849671,-49.6025353477512002992868131607704595836,-48.30672772004778538762808915825070924341,-47.53852587644164290894622466807577516004,-47.94348075391013146031142482364292440251,-47.14629317672426790903860840356239438093,-48.35511505278001786769504873661326067434,-46.9826650788998615011908369627565066202,-46.63552755879922477198006549906548414194,-47.0105017087351592936821052865086569678,-48.85089284799067639340577283711531577391,-47.62947960905082726381295323188583200167,-47.55552343934051864180341964769558489424,-48.8354991688752488866926808385451093602,-48.27175045282889620459676677018757236659,-48.38081778110253202469766764456434648207,-46.52340034929789392794000998984819954454,-47.10499917882010928768067681009562878817,-48.56306702124153076772865057123684417679,-47.21379313583321998776186044308012841068,-47.59274058474206610311217433312167335542,-46.44446600088240507411354912232269812009,-46.0230382988061881232692668399438476212,-46.69776961174335600343243026084883145119,-46.17603199446796935752880072934578409745,-45.68074481233873770849873606305902899114,-48.98391202437992266290274878884619665365,-49.66174506389805137787701828780884944494,-49.32513452723603551453182643879492766094,-47.65758215012441123928158470446074236203,-50.23555931599936446668129262889156796469,-50.20892787936573738366662496564755550427,-50.05349125481228105101588542454694432803,