{"chunk_id":2989,"map_id":1,"chunk_size":100,"chunk_segments":16,"vertex_count":289,"x":-800,"y":200,"vertices":[-50,-48.19512113060456211651413711647948158326,-48.02701645198362720794789708367555201781,-47.42067611003912962607644620784393290884,-47.04739429309982281530177886035082990693,-47.01274538901009454206197848725198261714,-45.6258863927169712226783848325998856229,-45.77032634919125530910308527619666337531,-46.15746067088317891041295629497383569569,-47.42176397999753578960961685271320240398,-49.05857992712762453949310692076874029756,-48.76006403538437374817065134764455141804,-49.7141716737328877188668119925146227413,-49.21436574007560315014807105910795032378,-48.9857692326754399289125784085100272563,-49.29767461536692251576311083914621156616,-50,-50.47363994078580347221363981745326633498,-50.65243203714414582717570286385644555589,-49.35498619122975532297138982411296160051,-47.10380716718671321662085705852363865964,-47.73442859862213455284202833377445481954,-47.05900836321078424848559644431168572668,-45.47008013129735358501627975805085545723,-46.98212937740591347660593286081840998478,-48.16639156943265667837818724410850608049,-48.68191429870047694028046015370066846292,-48.33837052419615423762879882533958499242,-50.60589440690862687724372452168446486753,-51.16005568481159929454722043531405691699,-49.14262464825239507301455857305697767952,-48.79272255232511668326578799068091215727,-49.53385428359182193596079353510335391766,-50.06456705559140776453226338143050214943,-49.98685409057512253768624963983813395882,-49.49189581638805287844469176027020399199,-49.3414217593633294101630060041868431687,-49.9906099862306366301970064891288555609,-50.00284076739064200597135876191332544817,-48.49842565568608951286317210538814884656,-46.88533879256362874266482744865845111067,-47.6873154150562153019582014990276593863,-48.52187379536580732260071305728882294917,-48.60833027136743355932695297004743814341,-48.4129754464876834437311872969521291296,-48.84207508346545748105458315126149692664,-50.70264375598782181653837385131812777579,-49.83554551315940559257496747309038437883,-50.34761755524021739809139142959288657529,-48.21966341297721509151998897392233041575,-50.4685821331827513486618906685027694793,-49.10044188080122492974407746507163539372,-49.90971363889575236148750943577803042419,-50.47650561367889493141948343799296094013,-50.09430541798320178940651049193665609556,-51.06626624670567997287775819478833542838,-49.81577868325650320273624681544087225043,-50.07379215097864338458631335314470964151,-49.06719608515552533506743533615209759359,-49.67573166621241863402973143507310578073,-50.88832075420434466146869278144848907468,-49.9886126026693775392316662884902548028,-51.82698324472509151147227590852360067943,-52.25796483771031820075909783027514753805,-51.34795019783095657128686690607675361942,-51.27982075180817976440844864181939331069,-50.08654811541326603556525928811481505374,-52.36157913456568303916381499436194860185,-49.68904851541716894185461847620440601251,-50.90635556136517130486132608842500155514,-51.91771378931667004206451709235526971326,-52.45816425900672762278961288888765414501,-53.08901695734966651623652077401935218315,-50.87235427683696624951516356608578099207,-49.88918941601834897094705041020603681377,-49.13092886304742318760427159344356306447,-50.39484621026597124244743485686503747064,-50.85015524372395213113017035788554930236,-51.45660684384159653640128152074165675075,-52.45677985965059107482003923724776320236,-52.83937660086335345503090288098236692777,-51.53358217617131831821772959143566415468,-51.08368099127536336573748074843595177127,-48.4445765754232625769768313685440738302,-53.58218252718057274815147570223185695736,-49.6303618521616659070711396780423697177,-52.10977074928191889350508598091876038791,-52.95773800186777334065494039147106146778,-54.40227571391930845628237167077339548701,-52.12173485897917321088705923736380991106,-52.5024278443121689031188788507757986986,-50.19749845076686750320785366916913428055,-50.3105201107632553481278382202090527535,-52.02239258899454159457584762145234695999,-52.33077433852673755123218770408240867041,-50.18993960363307280495028031130537605554,-51.30873050207579386437611869682212590227,-52.53826428873952486744399659678750078132,-50.31290622172046882848422693318265081234,-50.33378201125803746428998189911181681035,-49.57109957806397696351155272870344851693,-52.46232044926131481457129949592417277334,-48.62872869659575276039171169187215289391,-50.22445568919322330224833066448913522479,-53.62912633121899718636054041396520480638,-54.16879998255267342144285589934074031099,-52.54247332648970032167221000634231761722,-50.90780668907646131849552012585434269556,-49.93723653076507812525422127455715007909,-50.54210595389571175395194811600234280361,-52.45665446700283796792463251369313374689,-51.56589160734786253201988059535188891185,-49.48503311706534329723982224872349119399,-49.27385157282629737274426212068789146602,-51.17471390825573377915513543292752964336,-51.39249445077418223101794749047060836507,-49.77572965799788602574160368482791414902,-48.79076716673460639657531091800694315657,-52.7336903758639562605340748680559115754,-48.59889001343509721023537752395234882764,-51.88942335924750864170794310790601265596,-52.10504198978484230810630417460730453269,-51.33010748539062922668358943625851517268,-52.34586311967540789898050608807282061644,-52.22745454059860096056904363292901431989,-51.59358636162431485115804451811133886767,-51.70338915951755546307328362484722444852,-53.62797968847034875951124758243262083736,-51.03553204608864534849246680669281297993,-51.27418466592524307479453437163113732215,-50.88004984183573802578810484232692540296,-51.19995200082716677737125587114834990283,-51.04617477187506331845337379708795595329,-49.89221289133208449738010421187242476503,-48.03486682519307149036244848865330383961,-53.90305706605943241322120738156474026637,-49.41421152437952714713233737084941131484,-49.99998841582805173255553600946101552514,-49.87947075538937822808557481424116312421,-51.37734632597101279002985704071808351096,-53.40629774536502387087188258846591484755,-53.35166091504574805928747725256609143524,-52.31406739382134584185474248825250996959,-54.13078744885082310249198432786048924595,-54.04053923710245395645091594843141149435,-53.36694997292674268319809743914300781792,-51.72006334675795872167549499226556357075,-51.51433875888696322801289523275819117744,-52.48309656280283611016422068501526113334,-50.79088776266606915431489872330449478784,-50.73145279942422005465697942130618198314,-49.08783134166205180433699589464517064816,-54.36103219054473475015686519695531246588,-49.39173224913381177740415270675763393017,-50.56804536381402933911850801310187417829,-50.48874472930438717677018193737040244847,-51.23128179302447156809902961402928340971,-51.73736456604496163957025651175823387225,-51.69689407545029479507562073358883586594,-49.89556769757226330782675294575882196346,-50.96006957495444158406932885134155168373,-52.61744665820925826811454078506929768934,-53.48693501780748304790574552217012931303,-52.85273291043357986242541631245247489276,-53.10772879072955483968332211645573432906,-52.94501503138431215016067544636173697754,-52.89157182900271638321936318733519276416,-51.81538767853343338518287459715885537669,-49.87592043126170482619188944717042252551,-55.11490958144479093117484428328979403023,-50.97586171296390261322926461686632423313,-50.70208093252113345788481390544383084968,-50.27200186833795134840390658727089230061,-49.84300703335466265024020933712106650474,-48.89893397374441364466651775388524785313,-49.0496328891795619294817519504544723666,-48.90662007619315714680472420447390964497,-51.98626860239443587137550832820627512848,-49.89991475064856226641831135129281484262,-52.53747104802559251367028081758208840612,-54.2557683608769003816692065595643591751,-54.81051907500272481807711599233149601891,-53.61818001664238580158614711144058080821,-53.28836766930146085686617132115017050645,-52.49903815811262458458874061169378481915,