{"chunk_id":2815,"map_id":1,"chunk_size":100,"chunk_segments":16,"vertex_count":289,"x":800,"y":-100,"vertices":[-50,-49.73647899785012561431651313820149644367,-50.09484248805016613786125694071621992936,-48.42671273110071499987020797933058046732,-48.51223567310988879878458837163142997809,-48.48464469109267823312422436362569780139,-46.6384086270940557187228578464382832644,-46.13327791712455019497501358196682794354,-46.86906658888501103818330800490332083687,-48.35206966001921174852704432380963455148,-48.31498349282480181065596325060489990291,-48.9733800756970276188136540771160564931,-48.37852784073872890530105184886818493217,-48.25767164358402485276986381306805905229,-49.7156452973252390668743367799797659054,-50.80831783356084324294322561502777265655,-50,-50.37523219101237328580093823776496970847,-51.68690888029580802468441335878538525706,-49.40176744982316944739354877697054048552,-48.35897058644072913839727110003339304011,-47.7771314241110278040236394409879681851,-48.35598809832200046523273665658051564016,-47.15275233061890314323982771354149021012,-47.42987266314417394654233347403466750379,-45.41552364146977845002083867905843409045,-46.24980339988434805036027390755803519318,-47.77184311045587621521574912320462574105,-47.82944790641683387065845068759357271224,-48.02820059221025664998001084405843950622,-48.54576294976070715582484115919322548298,-50.10878888132298362346723341273802408899,-49.47942388266768737104744001827991162693,-50.04814106783707482413189179074424591035,-50.4938097781622109019660788873531687374,-50.06492256181700556266240892453249549741,-49.14895801952065945504692451813593951504,-48.43578542724811648282932186118039753328,-47.505520717014494567635502563427409568,-48.2529592611457120122979081199694466552,-47.82937518655904695692375651205029705826,-47.68318083320786243480212137696697048034,-45.38347177226155949449467954364906749367,-45.76849699829282098044248316128244125497,-48.04761944972311053890314254986655815276,-49.01561511944412701168304789404812885373,-47.11026042416665163043341323660815992623,-48.02465073533853758106194547383548535265,-49.97825467796373781457862522150652652949,-51.26894070048392441632789779819500358148,-50.90266244318439567380205951973675183791,-51.29514888166469638641687041048093119877,-50.96071550177376432882885932593761697431,-48.53472429564016454709169758629556866298,-48.2270843316238895742496203579147141696,-46.45403041895660457076484746935689228905,-45.62343357017238866688834183801862132118,-48.57419204116412376506474218969852391769,-46.96946630591374239165413911043909170666,-45.38944189285236249857841031625304054218,-45.34330627848408156958927669551961233959,-47.0803635336726302859427559952748802784,-46.41727868968369503982694460353199316912,-46.65375423051284378818239618763854660571,-47.20566634576348269310398044200772210438,-48.16449040791639140858613622948767212057,-48.97603868640407005821677998292873149771,-50.42096930528081091510803889042533029346,-51.60412564581428255666284206252662736194,-50.6348542652229827598417638222970442609,-48.5826325418827710299882718154193861014,-46.16924284583120487984103419669089425288,-45.44021398527639889326275484244323663822,-45.55290637580307296750253780130159245702,-46.11760589286550406621334987283443781074,-47.70375589994686892269558540310489643179,-45.61237040877347446937916201055029422757,-46.05769827838669921302928116699311290987,-46.80430515204273473668466277704439130783,-46.43557133248322736186503235694742916653,-46.79063920694056797699700327979633927036,-47.67936329640995329405999855543826920769,-47.46739814851112100899375659992789596642,-48.43423676672704968295879585121407259322,-50.22553242894414874658201487998067156914,-50.26636198322694169881970885501145211419,-51.89841446032858972162194871805096307883,-48.40817842851845573812060859887333897919,-48.29901011758517309785073189939183200432,-47.74485830848796198512805847801421852307,-46.86175853784816758374997698437036149915,-47.11186915567586503214421766850557401865,-48.14967961908254062243144819172083718315,-46.19056398750417038237385239452924705451,-44.71486522348657512577743385318730821781,-45.46719877365918227087824757476676900727,-46.33627671684303190469548452011345085891,-46.32018529168345128337775422786962190225,-46.13477070375635392088841694301260809456,-46.96698714080327978539543849392854996635,-48.30815944366457522875545177989008948486,-48.87360736716179996636522843523498462911,-49.66621106094734805827012574852932224984,-51.28108172267281542440783077308198966477,-48.15040971783387498863146670210278952221,-47.95817609500826226827049913048921788577,-48.36731324579991051946434549940764267594,-48.49504185479095044931647260116569578665,-47.15854386945784628080839803229800284666,-47.91605621351436646351957803456560844515,-45.22179598576903666944383630874667980055,-44.45689903081866798706917724735559410571,-45.18641332437856170434380356563649958934,-45.84064543802110009906430427489999620209,-47.63955868301107454642134621096653767355,-47.76772690116155173615411821634493724557,-48.1442422176231165775768262388971295279,-47.15471300183476034891960890978413594504,-48.05617015974965716202064004296676586405,-48.41329692754422228308853603559555768985,-51.85211045853190664497710570603360400675,-48.7823944382173480622771578735884843102,-49.52325679148207437614518755989350546015,-48.70026270955636889863843526552064550994,-47.5609266682908177979137880899820632158,-46.82960783078965515614679191557422322836,-47.75503117418248422625117668471716570926,-45.78939527768870449779602520940368991001,-47.00026922490677008495126755752013779304,-46.30371521989639906202968072399472015219,-46.13706238276507246659646216797889333984,-49.35071325440397916373033960147717650203,-48.90904219756382646126061790445021545061,-48.782498497354636009973636008222500533,-48.90590383148245192225480914022952977549,-47.03442517238093388646286462885779628994,-49.0494526501529654531632443467977608668,-49.70068630166952080887213693942928493112,-48.10769873554446159370053173616252924956,-48.17536413910955432073874466881705360085,-47.22104279074241781177398813708108169354,-47.27439587046929249989000144489399693639,-47.07082185635128395756563743755498243112,-46.93529890519046640006138129787754420655,-47.21892092144808482626370721404712718535,-47.06929756210743076908605167378658853085,-45.73771117430352352648196206284575182865,-45.12501347678849660622870264882085607754,-46.43994343876787938613719649572601300321,-47.28178186926977327991863656664780797507,-47.80010600836640361991067343893312041527,-47.78845164558580535571321276159196097009,-47.15289054275251412570442025841395430117,-48.81333962520372015788403835482209881112,-48.8127034005661278896217068654284103962,-49.41733322183439873507523247828141695609,-49.81109742431276979756696136263824444906,-46.66130383479095344248576306799542493449,-48.05297430770564506682224732453950421217,-46.43090822134000945681417529706194178342,-47.77124600991838145262083490457379848413,-47.45119762541284565037087226226968912772,-47.05877955105437756963233772224471145783,-46.01474311297728514009410011338331517039,-47.93642857101545608833007265770320561156,-46.08721103557706050888793858943993584407,-47.88976486123258172373379675046968852385,-47.10865227900143310758005745213995904107,-47.59948285903491553455880871498918764134,-49.29548739575838054214639873469775278492,-49.41277199687291231191115440626917554598,-50.85541477361220155636014414223125377223,-50.66374568122843816538008419102807989437,-48.26373292958833531859087493923550447625,-47.3318470797096438836718842109264600393,-46.1615199966260234344035058737117879699,-45.53276630721736307977826082840652743094,-46.26857740939131530369660164798577876058,-49.59896357914402834241219472972511165207,-47.89122317989585404089325315443676335374,-46.42703627593537338800925491286656525414,-47.02236176794765135309793473514892174682,-46.23227709168613559734117954629047443581,-46.48291112849415658361137429756128104059,-46.98611972438024480521868327065399099036,