{"chunk_id":2880,"map_id":1,"chunk_size":100,"chunk_segments":16,"vertex_count":289,"x":-400,"y":700,"vertices":[0,-0.424294827623935428052949695861338453375,-1.96736405277459847871726033969384755071,-0.92034492802400577293995202318849374358,-1.4933256571289611811238487870337060539,-1.80668325451204619884952117790401962734,-2.72630881255919444470625355511975401511,-3.20069524688830546943573849793711591042,-2.30927059356529805063943621694436682126,-1.47189301423128710044231835839192782803,-2.28567068969603050233395457988695657009,-2.83864757624830430056780430589045978142,-2.44212337171621348624374693938995209502,-2.90110291308512640009751519533920141432,-2.83900925418515410740466978395061946685,-0.77286182421420732920831576942975326508,0,-0.15074923984885164073159522580885033487,-1.59783960161386942879948104765757549671,-1.86707812043648040473296176739423050168,-0.80594213167664102799105878726474503211,-0.83369582168354994875660688022599915835,-0.93272073757436111594472608199846816263,-0.50227720369664924599923924598778868022,-1.06172821360339311131213636247472054579,-1.41217199264574812943113809550702776799,-0.62088421416691242100228992135148974469,-2.84613648330917103416174769335222337276,-1.95083900456315554226637554002439984854,-2.08849274623458228362390386838080819474,0.60733996562499148828535150494936384291,-0.140109522032440798973947368511193203675,-0.0120165044732285931883190957586364050825,1.97681552683182924132582162717499093798,-1.26591515733275598794339194732330093232,-0.57226039077672763827700115871364084193,-1.54277074229388521339228364279146139266,-1.38071215155809087041218751781925684288,-1.33612643439603269677366404670670472589,0.29304833408989067754390010535737919465,0.86137947818116079315738052454702715983,-0.2769073179384793367958793677700604908454,-1.40284707299374682558809483635802004021,-1.19849401317892335596077978037998713216,-2.51715159315533787786395596124969911784,-1.32518073199713745951629530836640699566,0.17597922820771878550659767234066202219,0.903859600036703903806087326271777439075,1.5209416090795756825012019853125801086,0.4115276547955441660020297438963933748574,3.26345076882023740423597930948245248155,-0.637899191957428556745805526277476594645,-1.67158788094967358365691169974415974688,-1.04389679215153977247661433004633176408,0.9017891399679446715200241967642265554369,-0.1575671870324412065593317423566559021613,-0.6514848648847752196857333717973780767469,0.02572618521817949105822107427319572445,-1.66722057658888639376260655499229355368,0.443828324435530160586716096439978698585,-0.4476563091813612505411896619913324202,-0.4145965005374256372749257696126097673923,0.122351458664114627857377221667815478175,0.5699819623601185128733149255036896017425,1.73293564822182956037971261790963180834,0.1469624037593575607288368298068231153363,0.4680422253356121588170541982484753254992,4.25090723465200057132094062184762163449,-0.683794979777067473264570074788539812385,-1.71568356055813110119302552504790976926,-0.9722050394232432236040008835870524786472,-0.5228790854179093931379992921977975627273,0.4626229283790218950163968903245072138675,-0.6058191641706063727710007102103177428916,-0.772868963575327754086514728705172349535,-0.81718532290129610113715054360828337233,1.78061682294518331935103157261701020362,1.56710063797356700331285890529393503065,2.41879050501112786375167769089001680041,2.75965208777391954520548901014477421068,1.58928692040374515093593932370662844484,2.12637965634894160846200838854680031919,3.17418150350284442065985414935931608439,3.31408816009474176669948885311977536687,5.98995777715173970092446203400030178532,-0.2279284927791192760905018914800146357556,-1.77088736963741611777554788318871812415,-1.70724880225633915545655005510070532153,0.52753650944435527739081255643821591117,0.5583614085218591476458891991289147529997,1.19954773778682034482967817188894811769,-0.0022263045989270761500917513373691056,0.29198210409313399458296758495917839819,1.09371323386667908689223144372047150799,1.34262533525155619612258637137891734141,1.16020961856998875040211851374081173179,0.41868163272241733740852948033436380531,1.89576993390172032088323599755362356333,1.83388749074775352779257776948937459017,3.71826100686811495705026966194021235804,3.24704561041586650168541204843028056531,6.92520584061568234428419313065813544594,0.3827720198063734172464278475002088652625,-0.863695724751202917924428722567774983335,-2.06897720338855102192036070866537924132,-1.62576950600221785426526154966519243916,0.728972789159036586115204375581892074445,-0.8107923851646064493363105736108143623243,-0.5622769918644688730804877555377510772875,0.3442494998184669564790309555369983592612,1.77057095200105904350545790896391499324,2.27273625293569550489187170698203184502,1.47892825113018622623391814164110660443,2.30313720680034336772487243535028979078,2.54276964275895559270810020390799309366,4.56924291102537840768390032033261812354,5.29438791120323253642833509715259189108,4.12789097519771281171501893138856252621,7.83105256916008769981047757409596391895,0.752162192869234253135492776361158587095,-1.29796596264642046508279627440063945329,-0.86853524746892690523130370788433354396,1.07431064926558781840329654818856271481,0.2973568543215211528806893132096492639163,0.80652027183753194810718195636601656456,0.425379713113617968487487749073479266915,0.4046916534663222355933886728160734450108,1.38909862078229811038966026298137017057,2.28702605000657608663294397493985954605,1.16334514854976068749122965730181975879,3.32235588317394909202960162646060404967,2.9984093026993581944022220255063939485,3.39665097770259033018295712837852790386,3.89139178119879829802665973291307245343,5.98366236601179570007410341995982016728,7.52056244498331483808033847032549566265,0.76738489938869064990672448133537135337,0.1014482150904660242426397299125323895357,0.13624038726474765192412174025955971443,-0.860065462852938860755118086626235712117,-0.65090271213019916497543931222882798695,0.937396544955947706172271861954075141375,2.08811064879365025729624040357559350294,1.51114636990103408044564177681452567415,2.5477913675737714164114092174755034688,3.8977752028551293233624544366176754112,4.20122315450790454098264091780114962095,4.81894068189050683350599291263610922562,6.65411901164930406793929726107928144191,6.9521468828933207702055994594327184629,6.92116044892645267704191185885605335467,8.14959572312877441665367865204057775213,7.93902179492388510782768751401920458153,0.427832914971042123197181470969020725171,-0.473756266432285170424167326405389854972,0.024163070259729625572885773189748349385,-0.2940629009829051540585212907884215549275,0.4411963514516979595742822071436509307775,2.16010858647412194881719379311826195526,2.76347968569360173992664071650153581067,5.11238794983689907835485779914228533119,4.32287483861960664214520332658790097656,3.04852172164890849061209234186634486179,5.12603367177520701797601644015086765902,6.43469303980574880156353140918030697131,7.46055922209081819269541732672126877708,7.47572948838301486925425636001683183565,7.84797769483729496884637508497955028587,7.30418826107954299899484476153871272328,9.6077546835088797363003002459721890894,0.018751348974984140231441750714996168712,-1.07083543341227410194930443707446002277,-1.25401997045066710454485577291381803684,-1.73711352116316493490356132189316630278,-0.163787041969747105348603727824041377115,1.53898432987993342870228520994517980124,3.22762498003590651889025771382882766652,4.23629264394373758576818520707268141798,5.72172607443047083135571187001621672409,5.1853774437108104118007111227127642241,4.37205088272860035161569903277032933214,5.96200606565355914205163831030022855632,7.6203823354329357268107508569263640979,6.66828428048708361055316969817879572924,7.3787669519506169554552843517093597358,9.01970786477750288788582506786378935228,9.48665524223812664190956732265993801887,1.45840605575470649802021733994362497156,1.38114221432368070963819113554227067825,-0.7677274163757995375210397653931127172336,