{"chunk_id":2789,"map_id":1,"chunk_size":100,"chunk_segments":16,"vertex_count":289,"x":200,"y":-200,"vertices":[54.3029236,53.12625141112105126627836436616723479554,53.65000239022910039330569737069591329555,53.5044697695795895397233499726295045188,54.93889975370107049435483334388706056347,56.18985289565772656383823616528580589554,56.7500837201172429206738243838567756028,58.03362489832939316658191374302493718714,59.70964265215070420173203442038236256397,58.79681239815334148934115796291665315412,59.05284185959507475858580777916539812154,57.67263341169865728173749616096766959551,57.14564780586775195237451117400854850937,57.69887640406148331656969898468152432849,57.3982523254479192226023251458707426638,58.22365685975146163131066454466146579406,58.6515442,53.22872335045683896225235032280608713351,54.48117229306468601059529174749040084968,55.94671676842765666713223530630798994842,53.12391771079381323479663220230067568677,54.73608886033662462739231965637737787808,55.082224833807532058861182321779181541,53.93211032628947494784961560137712568484,51.59617864044600164328994648721149298679,52.72999095599169025293283366747471128876,52.69388087225713830316913439792804238838,55.21384448867132892984311183668471243875,54.30952449472275475714415378693039052427,52.81076528282146521239069278189564231544,54.78888599419589639091179328942029249548,55.02693027357198139081089672310739824032,57.50664879433966641295270603576862249436,57.6860168745645810153192642818733518104,51.80603604962537370997543814722936830909,53.82115366850712259968145724846680867354,54.58433967822317724085201460013945096098,53.37443459280502310481033434665665344736,53.6962028892780721578564209964867826768,52.67254610022898350593590690891965988575,50.66986675250909353471662654559471230334,50.93406387837555548282204999944633415916,51.36412079962824718734287124804128689053,52.76145605491134789683624061344959402947,53.81498656127301946322846052158776162341,53.41170622799271726894137344313648794523,51.86560427915316562219311819294662689437,53.6230815755554776391645761317570340692,55.20870003984751139498150347342667631716,56.11480352875884861941457185971723474588,55.07246821374885919085923598735252636737,51.96390073677317015972597650335193890826,51.94748228392253279882741649170472873912,52.80543610586828515201239262897540848688,51.99906697984945385769451184136153421068,53.75839161168259683415570161061040533598,53.39565165908933511147446306591106827717,51.34576001728500142561439144419324761035,50.07342795630446524193944601227868645347,49.08510403715358517248757515623993383595,50.91549950337663775861308925518200612813,50.37176479540889224405095881272790821844,52.23870478820906346117523850176370229604,50.27868854970429502338415339839096953162,53.09693992996187202470733493266718656133,52.37293074207612547918936795543260580418,53.25899838373045520387611122259207440586,53.29658177937162972451178622415481756581,52.23102368779375728285806964996221715474,51.14751336619843629409987303820853590246,52.5517553011812904179328553009549344695,53.21447203383984725027244202768852553376,52.12493863180089156452955250761071282546,51.14512372383711996600304465712313643635,50.23461995187949355232268866150710199318,49.36509951924192866937152430941300857734,46.7699433244249642761886375057150842991,47.05967617219564677300955103789751252247,46.58828810531635477189362254803149014158,49.01429571802360588330216161416866814331,49.57742386922784838834069798399496765419,49.16603904153573620373312342113041642249,49.20414467998453161163172223263329323409,51.12655346710234148265868644055918777154,53.00131833924222165909532368994420344853,49.87948292738989868621491001519919871382,50.51719060867415208979381043033704028603,50.50331670544775636644855403668594208246,50.06109059915063039811368862925483098868,49.31511045504268694926681216272043295858,46.85384636453633601301369479655372013544,45.62958537627840306320393839658867241685,45.16557383453389090247772159527638922385,45.03443897837690515871052558508887736136,43.79800843882485780800295372047073002666,43.48645663294469458278039311771383623508,46.30626845911717012382863355800520699718,48.23675767120824545172975545388574210653,47.81332121042953222880123545722908750261,47.80060430831059458928952162526168073727,49.77423053855949486541878352284034581749,51.27903913235936758986804323429779690288,48.82418914949198986634780740083848833767,50.75985858614871731794599932718023359673,50.07068911267506157371448060954838918606,49.26977838172824596352160839265541749792,46.77474609068110309555849983931723537874,45.78765499819530569874744384673492602003,42.90445000937786326533357332208061154544,43.08960107438138894625001818124106351937,41.38383108842844198672423617328839713686,41.23595303434259265597920506756821428066,42.30250402745676067233173335622418431887,44.27092516569769126432107829658828582681,47.01323193510033016954323798309399499811,47.54366294999732521079211018388487334079,48.24224454474144409243303473211063842931,47.73655550597850161038241284211620756451,47.62451348922092820011538350428979217212,46.54079104222149404964896243932342578629,48.68852744097473441184479841565145437958,47.81083478328896562466135857265220641897,46.47377611364033997077685234916038384496,45.58212193433578949300741642539611232926,44.31389271107671679577081402819545460815,42.61785486145302126811318098116193670647,41.60842641086908822137548448987149056607,39.99687626916845889528928026943065863433,40.58010815987485942673013535190930409091,40.75710973391172940927077708248508443989,41.42891599397939157378775367642022273821,43.88271933268958303963421001709329662261,43.97390688851994164648656667118978737446,46.3046629150549093399642680307464161522,46.60073633879001975443667877857924225785,46.62274303495880336793494346778407943433,45.95042478016424254237888020397195691552,51.45351030818595737966537066205956608145,49.72139128689146782151728600365501875843,48.19462528930073797597663927010044703183,46.4998298010138782801319484464695438544,45.10354252056650831613603708877218009271,43.3349443150798275271133495754039103017,39.77962929053283556448194887247626387004,37.82072541969087196868064942891005748235,37.83500052774738144742479699251414165671,38.34887312798820219764365132105042396772,39.21956526790640113512806092407443573521,39.22202510229994810801834075159473639034,40.79483327229943511638263242756673685184,41.99892065799362268326970431489366213968,43.62827787666638262112647943147075628018,43.85098206632044770842500707998368448349,44.84810302319427328254581128931433057773,47.94800555410689198223714748333931441145,48.16758339837845490508060701198884076692,46.88556174843105988550497202834573326015,45.44605571606464803816122110550020942436,44.86923374524950709506053126218118088875,40.61753558015646703396702246989035146881,38.26528486873595032264414806395182834301,36.50550273901335134577922254783792565958,36.33188062219698999152975900873393680982,36.17348107914939056519599724979295877364,37.59469095875789606583854101484684848363,37.94388165528995994959483021114450155532,40.47495047944966453719973684613963534627,40.91377877077627686566275516522076327865,40.57995112346959045991747070215743955115,41.84484263412486680288092308721159605842,44.80126263909105640708201204658166027505,46.47641120604452235009755716115450330383,45.31541515340160628028084130531703537262,46.09034037849647641143392222321089343293,45.47703231198443905921318786491843289112,41.75063196932809610732628561044839764492,39.81931459488872617239269238742387551188,38.36787303621014033547340166460487661995,34.39683275969002749216865253917823622265,32.62908366812892609339431671563761538965,32.50408065217349144000201986119391974907,33.13976586916654580619928735465363624366,36.12808061893745487642326745777852033564,38.0029418940009397608172032018558287497,38.80989814464829577437988636767452747541,39.86593430088037340002472019062933540044,38.79475264592009563765284526810917792514,44.05275055550671128618200407794131587785,46.98742538546009817876603405957869001023,