{"chunk_id":3800,"map_id":1,"chunk_size":100,"chunk_segments":16,"vertex_count":289,"x":300,"y":1000,"vertices":[-50,-48.77740488101219219775847344633057294624,-48.10349522530425472186329149673930548526,-48.24966755802874238525709073664302354326,-48.76514640159124494961714707412629861872,-50.04694892802293067167239238732880126036,-49.69316894617872153906551265903346013446,-50.61286526758472896265423474331296549902,-51.52558646824015325769613864989169227941,-50.6742151609977274043575702237310470038,-51.05000516424664862323833649442049484526,-50.71487664767501597776355606597578071039,-50.39423069854374238157255150275030787352,-50.50424646361846254201690968945147742828,-48.74444662513500214226831122825547800249,-48.67808350326527249747875294115393169204,-50,-50.0931931346367186023129812174326610763,-49.08649252727368769905313498366064688299,-50.57655901292915402670052101166792618619,-49.62636527668026329660622385378727731345,-50.3953745048530026439879920740115668739,-51.12616834938960146720084062753907225824,-51.4025002881533643412854064391947394939,-51.88099532896567328510459236962113154587,-52.05536521213456290218003435082965664714,-51.81185247890071296737131171868730844147,-51.55296645514451500672013468797894679248,-52.76866721683364176188053930155973366596,-50.79980306805232258931057318928993886393,-50.21143083411435479658097640914366669279,-49.84117385509690341067862521489479984117,-49.8933833500622992898133322056747089276,-51.80113433670737844784895967212762258599,-49.06812850013365609584376321038436710186,-50.05529350568568275616115302451221701557,-51.74293364758106770343282364599278119468,-51.45890361384419294499922489834869287963,-50.92145992044868109827217548213751782166,-51.3782786222973332922793725562305351814,-52.64329748411432001748373370460163331464,-53.44646384437904495837452989382282033382,-51.86362570308334041015027812440444384242,-52.33928005210480286556578047751861782558,-52.34359915397797443585923183764399034053,-52.23051509954693371105387625766213594396,-52.74928276685314966188542820568573045314,-51.5795887147444072653689896545352491015,-49.63714854582573848580659170028918090851,-50.84409795472710518046546861698092618792,-52.7723263029101919251260816361211412778,-50.5687098804068889162380110144841227487,-50.94217791861380433172874664334770280986,-50.68057077753698962798568593271159948742,-50.15726404528038945822290465014221532023,-51.16214158753989579892631789099975577757,-49.65576517532399719663322298220513119422,-52.12875521072833509711808445145078682329,-53.80286077900715769668251870750944371343,-52.72746332578888979076387307064081454637,-54.87625299030994710306875865514480098585,-53.3684178272212196781457073819518104993,-53.80128947551137106082176977958880083317,-52.94321390681868706884488654745893668384,-53.03553976160685768443884550954184672575,-51.50733607080269215716597890335028614945,-52.05536700617896844877744229853053157762,-53.30843055808945080283535896547420899412,-50.94696821965300532602783218577233895568,-49.55340527295693792713204577825375202182,-49.34370606826705527144887800608663188957,-48.72255647530613011579618707559186862827,-49.84961215205744380718040267209805121685,-50.93089093490085401939823953046514133431,-51.76007684642949613040351354122000574522,-53.48611891104415233413756844706667934911,-54.83593219874146430817369976298633183027,-55.62215804790573696204377344215250660839,-55.96576513802306784017195600229675086558,-55.45504348774239598424669448601139656628,-54.43129873792313524610346076669794452417,-55.08132806912117621143773334631341519477,-54.54687217485170556839238612928143194146,-53.08528472430665234258253966375102133841,-52.66471551338440514101090221336104457939,-50.96268664329636207473960171290447895555,-49.71851660651729828754422819259566423814,-49.5158662743274274911259497731514083752,-48.97256988649847818443506740912962760751,-49.85306315105518611609158511813403779847,-51.02033813776142969982144875524765583509,-53.80377922375373783111193414759736315286,-53.77625343537081649131520302619929731348,-53.64809835952988475457778484275788159524,-54.23229585467984927487264200829972724182,-56.06166860399009533145784953677520418491,-53.79751774805347665922977886442460490933,-53.68939215192607343643898936517394349713,-53.42291850442392439560787180576269368397,-53.45680870938404506142935498353559248682,-54.40259667181302890673260935286385987314,-53.67622157930602872637529321601868661859,-52.0240815202078643257421973004621302735,-50.10204478492046070929570364261043654366,-48.44804024190251506638713661985857810609,-48.65503097890484257014105839976062031485,-49.56453737637081625416439059574557870173,-53.07890480187689431351754317360578725813,-55.26356775135356626631867255587968667167,-54.57216602361587564139832806192092107556,-53.84002734577151010654499664871452433626,-55.4028332848489702825570292784492525226,-55.51023821345331012603713449599331135107,-54.36664864940971220084387371841257264503,-52.88908430395643693347756059355048213903,-51.74053312872457885182532406766729098543,-51.52403381416168964356126604862398311054,-52.79288244956182246219242476682756914699,-53.48091464619257707715386403079963581147,-50.55937187873780943937531656416467033251,-49.25977116271882274150299050831887502801,-50.33781566570370219254119177468800098374,-51.81161536678053219619214108951881746546,-50.81650885671271522073598178716713507495,-53.49683406580232078686339510076007380881,-55.38438265613139364001802077825951587936,-53.88556758273387496981971384869541599667,-54.68683839017567880288369243858588434626,-56.00220113180626193987792843118374665456,-55.26752859018251756914004268268783843187,-55.45007982233296776484236346462751325837,-52.40102488151243300388166809860311666095,-51.53973173934458551010768025214341998303,-51.31193889453522668282853714457124385795,-51.52735894402154981130176506445638692908,-54.1143145688119047730203466676378068789,-49.89224702092708276096261507716970935149,-49.62623807098537027636091200004459808437,-50.07984372433391116440984585419826566665,-51.08920113086062672242041070810190430021,-51.91138027625023193916939766216064197643,-51.2892032900214578392170371753453129957,-52.56669623471217883626736758221304365658,-53.18185366874409470795533002634507179786,-55.2656004611198976921904925305114505759,-54.71349276387520713499255893858727019503,-54.74948901078930449808817890890988285599,-53.07232063188763267318775525530230147666,-51.73413387821563951506879313694679587058,-51.22148931274353950234120750903382183348,-52.11323846780760389509114783206615628944,-52.65344394995812359917683338833595150469,-52.82323228341915849407024648196508432193,-50.67551004302437816006431040358470744191,-51.87310240455714249636273324536636724533,-50.60868625038524480644061819643154519928,-50.57349692617140835426156566108324387806,-52.36960197711335571537555633971465883453,-52.96387253160973879974131826349219173673,-55.00352241812023227869965463133332369269,-53.42592135415739613888318002520286880295,-56.59844706386671969848291144159379201786,-56.0277169563579440775621135828416682282,-53.87820082801414039278463208378147156218,-53.79338491535544799465589434435577546275,-52.46928510498246707038685978441063227394,-53.04158907122130070265320815285797843705,-50.29406144694342956069605326246181768858,-52.87175689199850212812410129555654937731,-51.09787322765885751634571316782773004391,-49.81679157746672362381220115595859267271,-50.16565625661949020869582048136893405917,-49.58721315955557177600299097854491242327,-49.86571195513326989939889034703701992598,-52.22677701008279169767520697226763379209,-54.66921203542879113674493597754831431797,-56.06490291668582997721594866679682338037,-56.17749642416964297075499438225345825292,-56.03472285125630774293666267096425369064,-53.92650479498969469996072224839097858726,-52.50904590625735368121918975809801715548,-52.75073334813480879361549573768741950024,-52.60168636033550107030741065060322272842,-50.430887629139114576716918513781146843,-49.91336434922795829087179060732154787977,