{"chunk_id":2766,"map_id":1,"chunk_size":100,"chunk_segments":16,"vertex_count":289,"x":-100,"y":600,"vertices":[0,0.49000145827871887056236572283450094079,-0.95568263802066954585200530968365919648,-1.78258228906153201773206129015378966001,-1.45751165246162164206094822825882984652,-1.37281141405647970099669748075964131598,-2.98884503280713141645054280051564778944,-3.18511701308295454622024562762159203151,-2.45134879216607757194486293234479955578,-1.10136396437509559447645480779908475466,-1.01609066733803605993048171412733560721,-0.3222806363952313295246580130326079372053,1.23948174866023934716560634495886370386,0.0404815885998026936901309756661152170797,-0.51867623649892875461117852916892135829,0.473246502820627963913252626177674815465,0,1.61184368365864013610162222809223401104,0.41510267070026540941460383831613503319,1.72092771709206177256490632459833703252,0.6669710650337108103691205875954399461137,0.364883013753830856541025673762767317095,1.02023259242288037400898324696718390017,-1.1846314695289375985656349557358050697,0.955852017090116937989209426550224046115,1.49884054777706734141789891293494037695,0.15170259187612169596002449357446702645,1.54677685027553937732602905657305670318,0.66678262561976855238704801585566941291,1.38208122091668783092233817791396303499,2.38833560928527354776211820757106075067,-0.18013017715645392475871578431366225946,0.3395687537730000555661775820506697148825,0.258473605740785519299743272493817319993,5.13883007429360164908275056660483250596,4.30256794999871409710639155452037389084,2.96105397392138462547259462839692849607,0.2320569806688176942759289038340090059254,1.56719792070578780335862540314086553037,2.18895888555012496113819505543701851556,1.80838876248770146839621862048161730825,2.26435913865844579704681091232884480642,4.84104766343816017616646425060340683915,3.65258091827592465208761012636767384028,3.51757278818506917259304584612640494854,2.83449369166168428724398643974036388283,2.90558815963126059335247059155081700843,1.39997232293203985428742193284070264669,-0.09138921464550536845426942873562457351,1.61592374717978388198786363592860145861,2.24437874225876310668650781346534771131,6.76687306314296859990065234439364141816,5.9950533521731159800555405130460933218,5.18852962251158114433201775211389304436,2.74229923364074563753575526384934264199,2.54913123346909987155053408844821180132,3.15266345843345361856428199392937374889,4.19057002927594456458269567186425384728,4.51701921890168284430352324556331732849,7.0388407008717537845794156899223220511,5.46518969736648001489089667615262988264,4.51287314337165137131350406053753012812,5.47107706928153269495345878971000205189,2.92858506087633779610176098130438804881,3.4521113614830783515193402664068911393,1.49867214590164948854655513597283548424,2.57778289079929855177390245904035889088,1.7227299718847941473909867363098390587,8.63619440551529775051578978771820185553,7.09136768029710640151688322316336044348,7.18152714826480677367676947284876222257,5.68935279164001305982645069291733934458,2.65998276890707647416162115972703626911,4.33698208333626922078615384863109640637,5.14958084673461504604915217296216126099,5.60445260940436754250610306108080209511,9.36791779956257674017406979370652642536,8.57045590225546383842406018381196881278,7.88225114570598925353688452053184265257,6.23980469466125176546799985652147164695,3.47114531886438332239792700613340252099,3.63756519691966486881984512350002190216,4.21157592257850169868323546042052731904,4.41855037847060886611708991796131782303,2.77604729879341999015448802258184480123,9.57749578103232374047817532505886901918,9.45796650122459777968087610962606377271,9.29744601251757769427452301570144864542,5.3344625111412145643544182448303417126,6.53160522236399910286557086418866432163,7.37161944070878348169785783576034358008,7.61099145631468753156203417326304593103,7.28073149202331776699249527545448458845,9.69482894414937579852437259092011437349,9.13457441107398694138383147572198262255,9.16341753420812410663710729208519186559,7.91049224903914022705465818776739531694,5.34089604281901722046763479744735536059,6.46596212061579991940892940403092456551,6.75178085395561186699231564624772079218,4.3442948532892491233521715198614109303,2.4243790029315491764764881424208113267,8.83121548329814457318789871936125799494,8.61191293025633205023961664850379718982,9.68377372659087633523368660171930454815,7.93222838943266934655692800036099884739,9.34794656757690567319389704481080579897,8.92676355452306207549869569370276171544,9.14330849981715618644933481516067484187,9.92580827055666302578798566094830245618,11.67252483004314026024522044620467408866,10.62211459058544945633128340136078964932,8.5324440333899120862972994204849795195,7.87888354420945824786708618954349319111,6.73905371193990094155143454482143370973,8.49562593451166250689113967544497973185,8.83815039254848463083763035937110036002,6.82858803347223187547479964288872368585,1.28780048483242692746947662943316832445,9.64035230200131504386642789996560511839,11.35138255073339200276844390369226402932,10.85945410354478904207150369428645421504,10.00987648195977005678370945769344865875,11.20294202657368670539093626893741502658,10.63503180071305925616841706287191748959,12.87510073033680867487047819589734028155,14.4637020712742463835403403357257579428,13.97496458121175639535250268869921904266,10.74970104777276440438796566371475466374,11.4240151488095989474149967185643860797,10.39697007748069352391409676040157711857,8.38628371519532203892232246584878611462,7.49226085427738483280222158041245374137,7.61062930995566276057358641060874583619,8.61796262417666471580533332999326814913,0.952698115916856146233073799145155234143,11.88704522361377715308081927246928419419,12.64801056492956883225142456278207088735,14.68105610604342010303521672609611872722,15.74098425226776948916697186717300113559,14.90804405465388747003944868032321098165,15.73024525619723249741236123831575649996,15.56372222466162161479135993241737743608,15.32148906164623302555606017714521562023,16.1641635105361422060326071685224489424,15.51551008369540748797123580717414894325,14.58362240374774772201446697074469997005,14.32729380470458381141031262047268314392,13.69251456805572396145374807089404563726,13.42013372591343797251715675927622596375,12.15113499175389357955573025169935321719,10.90299816482667206621146122721523589318,2.0425836048318593115417823742782948362,14.18651403101791687310802837461413295054,14.75155828359781094064267572225966535761,16.04139287361073389956691857670077247085,17.1812943812757932278163719395235779407,16.26114127913573415548059085950711086934,16.7745517909556751628553081377807456154,17.40664611293836973838532804007714136938,16.66147239831451439696779828560323500207,17.52498467993004813983295993395600059755,14.43688598135192155739127801182982360515,14.29067872345694957043078610857793033714,14.16002526586022553109272720952909681601,12.64862864358087659773773684905852268377,10.94341901110524317096251247647947905804,11.45012704321575921464187759723645794399,9.82247994261102613093156562144619874051,3.58194992069694370241777993520306508976,16.60035842733257727994725475438383950964,17.3914912930136813036586675780206076412,16.40448413614110720024820013202160422553,18.21710391297329815407314210544386692424,17.54643168849232531416572569511129089939,18.17980899612386696189424153828757878447,18.12381480822894004912871754803435254409,17.89781414961338903936127921968999602393,17.97945304315634108177432558421300876414,17.10174554841083523606371743683986802053,15.44990668040332715073937424928489385768,13.60189906378696585713677154483090184194,12.82338822997159734671568086434428077227,11.56463467532013681034248590295325064892,10.64448872586459029832113948852699481673,8.78656661402206949141809443640333540763,3.75978332483842738026939281821549165635,17.54438149356453260723479203926739887676,17.78339424013568600933569296029285229806,18.4638482132381514927705557695309639242,18.20185063289220556238553621052678623548,19.94387167150096555236299624225559730192,