{"chunk_id":3819,"map_id":1,"chunk_size":100,"chunk_segments":16,"vertex_count":289,"x":400,"y":1400,"vertices":[-50,-48.7309757315938067724600584267534801062,-47.96367060434722436387382467430476470454,-48.20972424591396089122782634226352420642,-48.29906293566899806199269069596932180821,-48.71599844191518718545080155242018729988,-48.34558536676995199850414289519778924176,-48.64287350921223340578535971467638194238,-48.35703306738639682726134202673319850934,-48.53075229987125450859570892584027349868,-49.84887636248707545217838096222570868353,-50.11872868355958011223059148586609084161,-51.71780785873476728923732757822330441572,-51.69367033652183826924647629600655003145,-51.97144950559265404581562821546699132697,-50.3846379582692502897253464886028301341,-50,-50.24726741933663529770636742030103325984,-48.99558341441848792802067786553272505371,-48.10363755662561121965061587825126058475,-47.31017145352160822186288710196259235067,-49.04067026701449664713905938173296002151,-49.21838135568617140620578699749500690433,-48.70975416808438506049006230516755254852,-46.89705150878688276942966227278249261195,-47.53102684354000954997750949111132553095,-49.36236755594736049197419813665517495094,-49.89393442708594463366775873776092553873,-50.18428448811480192107991723427107051979,-51.36706335286785885493528681312437849272,-50.78764399320113471343601105169970707435,-49.45788602762927827102676857301085994324,-50.89956676412790560233090179719194617915,-49.94613692421126187489027959982904103674,-51.29435570481537407745802722547152089201,-50.36280055993286187021542820153105483158,-49.0475411370096840066201893109275021924,-48.57726310613862029685082092694915054811,-49.49078296929499047600083045712837183722,-47.67500994877762350430943914868024021033,-47.27155501710956778860771947416065536741,-46.86844485780525596149040540759853927819,-46.83863582244949821924879741850943425889,-49.48904864797195143956736145272812191759,-50.99386615287907943211443889314816003676,-51.21695750461784708067408647903000337751,-50.2822851157558266331860932066793994454,-48.23535626385181824782431805817677844608,-47.65521028040550423250278066119638419378,-48.1618002839646223452750421074514217706,-49.80234925125582870313492472992793902955,-51.00638014426180308560624066063321844133,-48.71367475924989101192917588194692936223,-48.3620797844478527128497962587893584429,-47.96425950453788110141409308172299609141,-49.8206315301356902378576510688506622359,-47.20839869925227118923403235438880917048,-47.14250759851648151362592821826869532507,-45.539668595050716261837112363115370064,-46.74932056346376702748536552439729418588,-48.62738966946880712189998804430146085544,-48.91343772238032102389066119756354487882,-48.24785235898388938904522520684447925554,-48.75900324892706565926073185929735418931,-47.34856579096842951171652078910052629966,-48.21007219732918063970721659409962554368,-47.53950047476546907912678595918605680242,-48.89621345630235395179431045518792618419,-51.18030341581549053101147154581281854489,-50.08391178353404481653945512856794730732,-49.73190429531172613515970752556503100542,-48.72605770688428647994921183535384441103,-49.12596851944610445377709462568329549978,-47.97881126906098475695920632973029791664,-47.03274098439593301135378090929985154992,-46.38032624087592695528061033195716220509,-45.49245114251458603309651990385471114301,-45.64641552496863119322995804156342002651,-45.43560278610392438900817014226311397382,-47.4303413022843458100602708443753479986,-48.16833768490099449746001232019611754428,-48.85566001347371111144667249247707748367,-48.82724714763679351633192731520769155435,-47.68416315431094892138507031568853171591,-48.25119534461425574531172360574352442137,-51.17538590021689056846998971472283740874,-51.08778002160963964462176760078873213325,-50.96725593209364822035334566876352468234,-48.78568128618760161710249610146554242774,-48.90580773895638924013714665055223901087,-49.47895940355231695243720463382455273594,-47.70905844457279133834036293448450156991,-45.53355417319033426123414206943459701397,-45.69268109951452904730823315771896744685,-47.23130257869753360198564774332546340467,-48.2750208410043051364547775041541232402,-47.8087277789547111056260955206457605948,-49.16922096931214803989239622016102128743,-50.08035521870241629585902341492255012228,-48.16899752858083863460313021122949594327,-49.9904397538119686613950388104276715702,-48.58340618332633173875154724449417495073,-49.81966034392647569049261876969899681831,-50.33862550285473990454199729791622200399,-51.63198999543946484501120097975144544876,-50.9640232307951049439063719294975780293,-49.66936030653334231176490122577207806276,-50.47679065884632409956068711327146882753,-49.89585880535828813934351155303244702866,-47.85715528025858497794626326096707622814,-46.60518390404533943319974935609824148866,-49.03835262283212708581140719638833050779,-49.60597078994430662701650853074230989301,-49.99810774076498171008283410411998170981,-49.4927993941224057460439873748770593159,-49.13729710064850995643924097820820260364,-48.35593705696100800107195422889623227159,-48.93986647506794362428841919292724039314,-50.14930446679956360271742858514295551516,-49.86784350226557714929494869301070489028,-48.282303516031555781772457741381527503,-50.38547360453377003538963985950876316283,-49.18505010685723662860615649497557837954,-48.73172392681395317870031708747881537784,-50.88603018332886954170931503012267267374,-49.40735933032561127483734534313113802541,-47.96822369385457028016359982246139218626,-46.30108093215880973542381320225150708942,-46.66021740078608671718752085946486038312,-49.52309206632034851553654215617978119347,-50.10686093976901654003410020846325962776,-49.59419339567345700091585316834152625491,-49.1324432664265161796750346195801153407,-48.55087719735020810474693925088877933637,-51.38987922435548026446135605013520493392,-51.09654329950464299096652607526358844787,-49.31276136969000781431309618131088711272,-48.30319454356567437516443125063088539712,-48.34179884553125081383470892361499875602,-49.26878510052836934715076455797715495678,-49.56960672219083901277032451403176192279,-48.98660219987002091824702969768396146644,-49.22083928927060351910587557768223985128,-48.33803068688481913853248933984566417622,-46.3100252105206991209701146665181213915,-46.94221657301058722088459075871381842027,-46.35435688497766141814695606597294428144,-46.29013679123960200207417547067379156681,-47.51517775717925043243552802028570680778,-47.38748731692992203740713651692046193575,-48.75738720108641065083013672817787463198,-50.60331113922826178028929234828364463269,-51.03417893341315309625311132935907221251,-51.56577827226775255607331025246266274144,-48.87555722650417220908198481834476566022,-49.20238281115317561795154474876958146986,-48.87793451139745731406102948925441926657,-47.44035748661739494351106464991253127332,-47.96299571963334636805607244268986272694,-48.06253042467099409480289856470645199504,-47.94477477804027812142722835698007662827,-47.6204676340861329903425907508282490104,-46.60351875298979843432502733576100045974,-47.11319470745915715991832717233970245596,-46.72071969182415900940200578672783648884,-47.81382128149100415035417154981254635991,-49.99189241376489186831752445007081011294,-49.0338564501870758279915109885795496404,-50.21971577098273173012118414028724712166,-51.0244442504006432350923405458469397933,-51.88206418640947336036269217509804137976,-47.59635666830836473842875702047438442993,-48.32061485444387258405701452819549411403,-49.04802773519358274118887081114463713298,-47.22981875587494163625983432931578985246,-45.83927865453588624576530473600391292415,-45.74150370883221792758385291021265120138,-45.76873824148928445202180911701776655744,-47.42651301994076628099068268693780533895,-47.90972612317736325622166325001127399182,-47.05208432290949770870200516005492936018,-48.31758621288890830764968852592548153918,-48.02946924453813892580610767855727843533,-48.33667184555984096191095251062608067957,-49.65963664668696558649256827301351717129,