{"chunk_id":3156,"map_id":1,"chunk_size":100,"chunk_segments":16,"vertex_count":289,"x":-800,"y":1500,"vertices":[-50,-51.23251017371515660746473622565187557482,-50.8291964923197854691054826306778774363,-50.68688952851629250372825851611467968248,-50.92727015687923797907992598082791693094,-52.0399983573689371377047892507328334429,-51.32157662341731112247281123329709683162,-51.67299351217639225424632088895846871002,-51.7786889882831072784663441724400636606,-52.471963643162070793144445027489589872,-53.48044729621790846846271968767275617844,-53.0738488669647045647306019512029409866,-52.29788214011189077324793927580670303403,-50.51500450198707251160614851668055269638,-49.69551804348735858832582955977952884542,-50.60038971352574764136898922550282730526,-50,-49.92563141545928173188805898688133356215,-51.13603653091761132301152662423665304576,-51.46081440022833177158789642078415884189,-49.58529685998137376149026227802331117369,-49.72600780412585963087936421394279725044,-49.40816218257358439474224652497822325461,-50.57275539776032900631235804311143812665,-52.62775498353845291168695185995355055669,-50.82137967381537579952277234746944847708,-51.6721576618968336437789368880561816786,-51.1143963079281283274006832001856604543,-50.16332405447794069668203670836959907141,-51.98758545255913804909924478702924865631,-49.96414786664448659370015227498121211109,-50.45480243221083610319158845654284654115,-48.66122098047571517913828356462601875515,-50.03695267561210888933195770245495664771,-49.83506959437619384299856873789757389457,-51.11665030957419955273906252269087496669,-51.5943245445807275947233087703067426517,-49.83438751573765077465918781190091679118,-49.98553652801980169528038644046788632427,-49.45568931530058467318592903862703983535,-50.24126767192715846174634197433463159279,-49.62276369191416752906075617624052785212,-50.65246603450226540781572886044732416763,-51.5125273158345446827649145418823916262,-50.65142073640259792434921347293968972237,-49.09257410362814173420009647237050126185,-50.47323511060841546177050725351150929254,-50.95583622545804519356229594170036340851,-50.35947920901527990032011251829762423142,-49.93187815987030469029653181909412538796,-51.19164104409329739057413418661690605776,-48.91739612244307123347261328230895734801,-51.48858495785275771875633863169908172197,-51.0032431933931239178146812421158255523,-51.70910509965746510028931490379419755551,-50.16822848902838445041772854424368920039,-49.97680872784413758397005360042771213261,-48.996314489033279676276024697258067324,-50.46252679778229472057712084801304743724,-50.11706298218396192216439465224954452567,-49.14540185987123638478933519166706671602,-48.22343242247305248397289432514324233894,-48.89954334760994398493101677508675641393,-47.45192566803509535641808474990478694681,-49.59727383090375757247216485511073059379,-48.63149306808488741686706792856514477681,-50.34648540480415883247566271394399119663,-50.0800325131515223522307876590726708087,-47.89347400859922714532892218543205300467,-51.44055589571931612361341180628627228072,-50.67471514614912075878729463459182888628,-48.90857206470991337824056630093868650607,-48.90350580314492975575299200536406201067,-49.36779417708771183083334460230229193623,-49.60025641765904426423523765004615379479,-48.55101510346552791759579308830374191222,-48.12954975296938173071348059565017226209,-47.72483748963043264770984963431981931682,-46.8798808981101877038018680189443740963,-46.92873661825000736573563441421429540455,-46.2396582475602006929687084668590118954,-48.41111997882606044964356263135753243928,-48.75356200338588012820678902633088520474,-49.34921590947560292014200950513054546513,-49.56490490922890516820489055463746011951,-48.35180475616578937861815422522949361703,-51.64301644185459384544456819487267397691,-50.13708382569731680311086858722761013142,-48.24329888185072352962131058396083298298,-49.23573343912113695947246919606502740241,-47.98622315507390994934189481946023291447,-48.72804543892821356379197690497709551998,-48.09574467804880413807286702321148502867,-47.84347621009249384629230042690408867034,-47.22154242133100396333467726565447928531,-47.72254468218395558474633580106894396429,-45.48777608750937666705680471004274644825,-45.44273347830578014362699323114814639295,-46.70684356595544656707570115644098441917,-47.56131941602433875814674194052458709567,-50.02239070876936815116736646920789416335,-48.5149922302718164236055360655261606281,-47.88648607364222894221146639587070719265,-51.61401581667392048508432929435389171905,-49.08210702791946263105063578371317423845,-48.39535935556745172466868248091553532372,-48.15050149912386563113859689828495520567,-48.74440017495655036750449822684446522418,-48.63001785010147498497130751976585714486,-47.97084673290457494576821632147141495124,-46.51949430244668503595790858022394483694,-47.82850205247608472888671238355819056458,-48.37299532103744889128880372336713119236,-47.40094756657444335269932811112303228646,-45.51011853151004012953772975159516027606,-47.0325415199365788694667606622817602275,-46.66877884608353166400230115593291172573,-48.17523636900838463668812559012595840692,-47.57597507281271685520209125127282974953,-48.95310205243239874409259488938138296077,-53.03386915826171658585640453675212740717,-49.54121509561492922863405166855053016972,-50.63348581420515967552307524781344439084,-48.91745185807414845575128069657506766971,-48.44447930384183458338242072213651443251,-47.07295809778051424704813380843532578157,-47.82477510588128390560461502961483971372,-46.7889727674883981524782338642890837121,-46.90788877986305220408341718682745186199,-47.23040330911978553021187619567761951509,-44.61209636695239178196442762329253471573,-44.85923040777338829412197547342685921402,-45.01219732818186916042796770341390746623,-47.43627997149585183001946966934298247081,-47.57544495457795211088178040679414700057,-47.15478908295480546255630186433676894164,-48.80477939326503037293374390588407535687,-52.06283810817534051011907469609826653982,-52.38781004192103770916864652436678243389,-51.11014695428722758277636810741576180966,-49.42775460821213053170001777148320623429,-49.39889767731859522001217051470831532798,-47.46825859317561847321290919060739935234,-47.08075188022356776624930712146448244569,-45.51226526573022431259697701736922181455,-45.81662818121276955326484389299864550364,-46.01935712403905967793620384114502658023,-45.59195520063618764917328617413524336154,-46.03213637931346353524670787436824304324,-47.53329576887013934854125698096678861407,-47.58813675182278810238442216662767105605,-47.74751491685009530700231252763862804922,-47.95348874688726342249794595114279454628,-47.86013634200277191784630902645258954652,-50.71455536099944428371442090871194478505,-50.27932835242984997874697015530696218247,-49.2315753888108761555922171391758411169,-48.20261597602276165238383948813671827024,-47.26599376037105936502156511481753716648,-48.44287086941022982782570676413976730532,-46.96305357411722861762720185073437507719,-46.39090308664335310230411189416570492601,-47.6388889667175782205175512709346916478,-45.06749277799820471106195965704544226304,-46.43977125787415841217212034210369503781,-46.32349696859235390747584479500450093738,-46.64182132446447892728351048562991027224,-47.7159518088711794906295930925976959324,-48.29475406869708342185730813244877552859,-48.51448305521772684263633361838778979516,-47.88631737681541097007498728234285746959,-51.71598082482278488527496721642852139852,-49.2467498741153982648117712853161973514,-48.09837658537458888516668466872959674911,-48.58409479431233078879112940236041519089,-48.5048610142464290407240981719989463588,-49.3803638442996395013735771173278751498,-47.26908623166249475598710011594477348721,-47.97549241752593381671225396697977603297,-46.92040168862634489593224222944378760643,-45.64743980448726005712511930108220335189,-46.92265829302069523651387066193403292241,-46.80823346787603446799595405465367374265,-48.55301922370272008541202409170426814119,-49.24373421943555633964887510441313448662,