{"chunk_id":3760,"map_id":1,"chunk_size":100,"chunk_segments":16,"vertex_count":289,"x":-100,"y":1800,"vertices":[-50,-50.44100978762299007294101135006893876173,-50.24226375870676386457275424189144505807,-47.99500066415640860927751631255235462425,-47.46234597162612578276947649115672459834,-46.68891012394611604071053369739938535695,-45.58161836438220066749496545095125466549,-45.9524092506564445694011706805403154198,-45.78506325777920115137039517655368303512,-45.41692356585368521279540525934754040301,-44.17177058500234955510618624746449085528,-44.48830884120664287622081156945110873675,-45.27527959574952950632021723786413041461,-46.18252664637738197099792072596355786547,-47.56433533875468160420456171035080113446,-49.55091035301339800095634743663410606809,-50,-49.64411459087617054474910281654173361008,-49.61351572898890566631824014952100094444,-48.92484110378938911495934225854668031897,-48.29493677266068701698242325878514966563,-47.94592261384609882365373420182786545617,-47.80301991491510408696340183416605727067,-47.77484221154048380213989256335816786963,-47.26880775318948828102415979441537593858,-47.42920489809265696389584012052133898416,-47.5680442819900338751299140447693020398,-46.85914809098659675508047303914637469056,-48.57222057132740626867147829403713661767,-46.27166002934944392768335660116975841049,-47.01617012585750842870008464871942610822,-48.5172313329745672414886440152884863092,-49.98554962318264074386371987865698487976,-51.27731530895795577219685100066604236931,-49.16823141034052493799320674209525471784,-48.95003482920335798191629017275150875558,-46.65010217667151608223003587736575219007,-49.38625750926798430294464622861784447484,-49.57648099166357767296293321239325175715,-49.91454523365211037706065046112940419391,-49.99512618026171745622443069900554403452,-48.0774385717300538289129442758102536162,-48.884274270915717631698441577304887599,-48.40986646956984932358524116884996168494,-49.4676914858311996929660002628402066089,-49.1316495016323682928547869113349504001,-48.74224039850508954730976794244026554834,-49.33609484472858384746829654403638281178,-48.45634192779745386824558361825927972743,-50.63678363171971373548536137431046988337,-51.77178830594585591841335502117341415988,-48.92566614878735553324766433098006062031,-49.72574406709166000992796748484065465738,-47.46142551372869997204229512025160213474,-48.73962349005407363200490488838279337323,-50.21767569925830708244365208573934288467,-50.28167817163151529418749710979889976775,-49.28982877761592274245042312918948787356,-47.06722066037941733520662418418533631437,-48.48867280705748979104036388705675857689,-50.17315944796111959914332553205939165407,-48.64556269930083722403515317629097793788,-47.95596491766303500026835630220792350257,-50.13399899771170563452571726406524201643,-50.86987681061158302442802508746477279281,-49.05089877654396639305898840074092674479,-52.2467237246597825168518033730667671885,-51.78052066449138402451341749884211797994,-48.28692205836423568304122149645254387427,-49.63851485451984039229968324254402405476,-50.03679337303834855965720286125957374623,-50.04273043677628497082526429471595016673,-51.77395923845696667016351682497865791332,-51.40631310034134784457567134401774374739,-51.00459880326052763440272162637894972669,-48.55508991982651475035625596572061416894,-48.97560225011483812647070476792235015582,-48.46687019463877972130938429980440973116,-48.11030447836609749461514815552199560608,-48.15590234742075590434084436407564368629,-49.86054195476261083833624905216341656822,-49.63770592321766102734139251792940255424,-50.38560771250624551255613404477342503303,-50.14049936996511640021297146700807071735,-51.27890910006077096154887025046639001551,-47.32186331264086297829589011768363006227,-49.81259966641853689007574564541796179425,-49.19008199369442856981076105525597060169,-49.57637872611461341217325609203379053308,-51.46488351647920637753059623163949096126,-52.97303954320689679752276903007773144807,-50.12142309102096302953927763987071325343,-49.13519779042833235290798200939829309119,-50.44559445247801560255257819637293728941,-51.24836282447057014865369647865666740978,-51.04169612885499509772871434917300377303,-49.8613419072839737909232599579433131716,-52.00137764504447854598103541975788822009,-50.11648618102015989410826875828749844736,-50.97415394703980455865004716718711110672,-50.352363237642886012844963172221475922,-51.20096938138626684910849009465702504837,-46.97367109386657406923837545736502982587,-50.14891801475233112365132115128909766238,-49.21300861195347847477010296970754452356,-49.42883208029994759146506461225917845538,-52.94392671994275835467400366457190410719,-52.74970896499270785439781500405940945859,-51.0454752683102191332629200460724919396,-51.19253609141919857832265241795692012173,-52.14282218542285526604763798904079610662,-51.34394335837848907854432297199772304185,-52.31457715360294472464837455192772042418,-51.20277563228020083888249359602183434518,-52.35833893631467538899397453586563471113,-51.18112272768001935416023197168587965097,-51.24506645633247098147431659140120262207,-51.50206777098408906921317053190360402557,-51.53704781574183451797924742916997564806,-46.00438658778877640480309018729830142685,-49.52232895996831516944928672623850872493,-50.10346554333012715616779909846965420379,-49.80257647504313394350143506901575583621,-52.50005368779974427652382301667101134186,-51.88675933542796300056682143112645376991,-51.61390608000734501887611165121013585106,-50.80958865645029914850914670420991214482,-52.32863219658829648920836812088593192133,-53.30622025861301198100695676946829635689,-52.28948311006438358836451073519512640286,-53.41991815316669837830157027931289188682,-52.67070788850128803785215650866151036939,-52.84704399870039085891337538365954679996,-52.26963508334124695344213579872582885851,-51.19707010237168660587368840307031114756,-52.15655777925806964405130217899124737917,-46.86466792387487063046710913697733921264,-50.15618382810486422843593750054137983481,-50.61506611051159917029403443474746625385,-50.66971737612200512803073376197699774849,-51.35056382024054098669075625681818093386,-53.14000562151366371656844894609303135635,-53.63484495051977087736251965961798133081,-53.11925523457054148406703377467916219958,-52.8421227293419790525722055218256048171,-51.26343374640586391109707913729127932543,-50.42919547250967630616402240328608701703,-50.23255956680215579692599407593758947798,-50.16728888222251425939615072228442009513,-49.52541782357662650592816755584690888556,-49.98608446230217384409961821204900165499,-51.11360909096743490150529263850273536004,-51.04130604667574752239002455651171207592,-48.30131529460165965374868536639591707031,-48.73670358872779712049094991895209081889,-49.63930476771645591810251677243747676638,-52.13131122924441394676526355325555773834,-51.7369205335275051881192901978381021015,-50.60640484859840813265190129434267005689,-52.28829988628428501044796268504799532674,-54.20982915373160924785452169168753360784,-53.9723632787439112706231391230056863988,-52.62642850654603742826234978308848076558,-51.67831633046499342249110087239030373529,-50.91128549560129295415927316163465971266,-51.04290667026239005164019427369708782069,-50.57992542205868976971429506679782368477,-50.69008703226804144845218602726512700021,-49.09644869716913015585289473134016159946,-49.76860614405169375722594421983849854357,-49.59101539420487139668206560325054612942,-49.82129805819610976334031776156393195702,-50.332550871817148363396154480454869377,-51.43732572838234742946782507982377089492,-51.70799239872447275769151210825740231915,-52.64574405953443286034478576841124483242,-51.79137053676189164220912609343004660735,-53.68849540632902734180057302216742129597,-53.29370348621730539364014455549721727555,-52.27010074094548381779827092675652633862,-52.1639908431123843884910055985528272139,-51.99712130766730465790152368812417309023,-51.00973202229365674930455155180429292618,-50.31047512799555245676750355427926908412,-49.78672259918184421949339221962861862122,