{"chunk_id":2716,"map_id":1,"chunk_size":100,"chunk_segments":16,"vertex_count":289,"x":-200,"y":200,"vertices":[50.8473236,51.83186236158238140568419486364307294279,54.47498872810564116710387769985221826966,56.93186474519163067290161868425840699116,58.50349614787653827786630051331344880881,63.15535794150028023491469200711763189418,66.28660567340536872663483394093357400431,69.01508442339434224086503302203616318214,70.85345125709800041675543434647650261588,73.40355401537641114685538982936845139828,75.04719474710650380680342690136100637218,75.72884771410125130557400399890233686376,76.91042289160777570251620014619004811869,77.60341596937753965508277618587445686867,80.21166398123143307312394773957554151479,82.82730326442340468675155975437901989886,84.9689209,51.65609009770006138440152503997335668667,53.84619159218466138619990541830712232597,56.68321720113522602964351727646106329069,58.7846241308071153411252588246863745151,63.17492201422306518839500982079626161629,63.39048721151577805173519232473918952169,64.66643759996248451264364798085998648524,66.59594051427823515466090872452679298802,69.74588472521960283102823990866175803367,70.92280036178569548032366588057382315641,72.18822228738377024581668188781878341713,73.99249262043219898571858711618773261821,75.23391694311159399894278028820919194119,78.45843462597662605681601394402750901245,79.78020860868245075936483613425040759954,83.17680577838695559956587904009957119171,84.08363064682266440279949134760866817852,53.93308841494447914318553344376506499692,56.06939941261563625247790964028637625872,58.05474697588185733248454660234861910936,61.40030793403716947370489330652246818332,64.20163787426852857362650495131192265562,65.6004433338809957945237694987800832702,65.43052835674922794967622737266765123855,66.56670843627141946704497031353724984334,70.21005314856032047001764224757655843987,71.09429445167793337599887478459278629078,70.35792050844423625023744905717700003259,72.96184233878446365874357171835659412783,73.83654827276331007144360661693373649488,77.11970453022617739943415916124666230748,80.65363380164790004294616847233489455963,82.56977983049439704838752608650111773048,83.89581801939838487076025602467502781307,55.32139450022363633661891728804231659421,57.95821702536770382848781828609828352619,60.10077684023441828601396803122088973749,61.60815078499073098415355299171292959769,64.42057767876868221367748490797107514682,64.72736468905832883487866175584667612398,65.50784040715985760496115710059198177389,67.69727183573777022082411826363795769257,70.27529983145381070562920890156255865186,69.53158270788386643029403867207098423813,71.15578352716431401319096316434281396667,73.03936578411426207458369278907246073652,74.37568369638734401679768677000975353704,78.19229327094656641227721084821632762996,80.3047787781320462391340115054826080602,82.04253308517797344744360128494452586621,83.61365719449441264175496032330257453484,57.67097955948015822201155848834855485973,58.98907221315267865617883695882942874227,60.07415063531396206905605818756887926637,61.61781062382396639871371749639147504292,63.71880081454912960281531806709223372784,65.22928296340450095900177762662441555683,65.64029474115931884212966041205256775252,67.40456245985668441469096267713348641768,70.51501459036475859160901909712817697893,72.71764458969128030266627737827861273815,73.34139621555675786221017773075821154811,72.53937135501290103631589174248634653704,73.58303588618908162042449475369045812599,77.94590094792368349213375354251211356827,81.09171830193198025379435913585922555984,84.38110694739089933177236416071428012991,83.30654946607428015481363043514276332417,58.61790409847539346537509385814544065184,60.78412193935598695746204492007972347967,61.68167987595408167956209781968440107945,63.83911128495497042711829131284562806279,64.12532575852615621209565547972172160699,66.21941248255165953320642601306887582208,66.21668276617331642252172933736135139007,69.3360564437525379844299773384429019836,70.49972400680783008794048339239003104328,72.92854978864367519567055801076980564516,72.75851531662711259032813012533799643113,73.25473058601111089225609101031787819131,76.42825150074789788204096227863842483919,77.71832581940635910986663781968855000013,82.09652377728943441612731215577304573184,84.04552847791014972403474449795288043403,85.24967915408339663330094398632177986073,59.91228674069288484096036383266347041884,62.4144388933766984246527575135870091326,64.75292419910099146632419638791392251136,64.3571214818520488269215110796771014236,66.26143634460191594794739588264202777104,66.64814095646020246378718631266236036715,65.55348897291626091380216296969472309564,67.78639244063369820159858320596198883425,69.69269433003218438035011637469175770954,72.71765446295951483367709538407008439276,74.05828262925155601040119717444315530377,75.42658315480619921497629745309977440936,77.40764489601169423821137792895098327909,79.93293893276112243455416244024427340986,83.6402641807981473596110935873471706325,85.28501989645779785755515420678958981779,85.76726693272228030825403687768447153154,62.38899376576366287460958438753173462021,63.3367366803872210550800082473449454985,65.12993409717777342893965461008125239642,64.70309790265806114370838120579205150836,66.76696040374260022406807843218017593366,66.95664241621534415414378042995002833238,67.57468415161189010628020797222515458792,70.2060643674402717180402299925347093533,70.80269135083093505837978988747641801965,74.07484663443253329233605718589019910077,75.82254580337137491454601061020093578034,76.40150587914584157740301839237993602321,78.34084034630754119293536963019941546858,81.53303052863562419331822630266327043793,84.2475725222420975895144675270564798998,86.28093446716475968359132379796298978088,85.78695665950933991254199555006833309474,64.57752546225412662445186225696758680407,65.17062539361773545671502056497143864753,67.58365494771194024723725318243254482056,67.80372671438035367881788594803456731916,68.89019742920195627424189338319438497937,69.71117896599825038775324133070288647097,69.76947831182852508126244712230096778883,69.89107852939496335643537662574455764086,71.18758840700100442758682328303553347455,72.75598741880329236312842381367920364946,74.97321825920229935265962881268082303741,74.61557940619586125156717232333705082811,75.76742115850976902136970525387832162296,78.926687251502060902033939718074564307,80.92247023446058359088066362257540852345,83.32801104777119057353661773882611473523,85.81319988893517495404541016918068935275,66.57435481032385249926858039184677420804,68.22042211314696441209275412522898161858,69.82073784171818328461218733978123353254,68.90063509988785142249633933766526853374,70.32770042503187559827593447729195600963,71.07986860262736813105146583775524335453,70.19089013420181161636658969735663694737,72.57647860083746242665588917761878370241,72.36349972594236995880017196110767193014,73.19486925443831892047408848690605449145,76.88640036651638556884750913728761007758,78.11124449370984583467248393012944259556,77.80888256876695196996946355949297782809,80.11573831638419235976307180206409818665,84.10726438086652734241529061450130148386,86.03997907520687056673914393659245552975,85.67807845418471564462373596694077743531,68.50639735744855606011481401829129076288,69.97411870995051580725041393192449853467,71.45508600990006786530067647574617957027,72.06342908959586663665508435847532192034,70.82362899918609645939547326193224805201,70.5856225580704236616738628416356665204,71.02716650745695289088063499352986516443,72.53524030033556399728454980874175741769,73.94456482720180755045682486610612439335,76.75435257408652210365880657632951886212,78.08013656938462549723457381866495594311,77.85032584016261498985077729440289199647,78.97717971325493512668705155865559838746,81.68882330019924377184760096103568984496,85.58815804364358340878046291653890413373,87.3230101504830003068511231616065745001,86.23247277212232407521800427639549787125,70.017330819265256384220634450867321662,71.17003346092494387201962453240211261283,