{"chunk_id":3063,"map_id":1,"chunk_size":100,"chunk_segments":16,"vertex_count":289,"x":-600,"y":1300,"vertices":[0,-2.33487284905516998069187017522481437324,-6.46688520333777408862446384398824023394,-10.86461053469250046606807890470003283252,-13.78319296817813266040493508086333679771,-16.41182276289868868607693820453053558903,-20.42284142266369623424317417517553059818,-24.20130850294965495176279452096419208641,-27.04907386170716316878142702489156618499,-30.23280471837358650423653665336213175867,-34.40577535005420382291078210856080093115,-37.85664083499165881229115907560672019941,-40.26832145229539931808151726811456956957,-43.27427529399816041576617358256391942798,-46.65272729612072664284584504085317465812,-49.24599107652086823774529473851350133458,-50,3.13897564668272815923814918194866809848,-0.71705378228389918822336375433504585536,-5.46776497220971789930686483103960720963,-8.51060945522604593346729333123000946834,-12.39860860423746906735177640794452434756,-16.76028102368409132352126752068547742322,-18.86171439852987163800251227931319740036,-21.102002754576743550389685071890975,-24.4123787824259856634655200656026532257,-26.81466550105685831183373977929023370459,-31.60779895377975005694632174613301457078,-33.64082819837771199393440465836842197185,-35.31911034020834276864010746967506492846,-39.82240935242938003538318693796790154813,-42.31338165221697742729628925232987002528,-44.74695865400454379933981978925118696224,-45.9400855470577727309642164433999549222,4.47067962114833787498323447085792287455,-0.7529402207230829116979494846333521954632,-3.7974414003092352875321259322757402218,-6.26317079726225922364370497242337703179,-10.02907825728896775816808192947753959837,-13.86149085998552017528317035439439220252,-17.35749394917664144333805546724539300622,-21.54482997095344109451460209974073894561,-20.37205783335770351783674962885737204816,-24.99046636352341814022220385935812414201,-28.90257710626020550225871127011772191681,-29.50305091581756144778730636048974617127,-31.96151380005594904200207124631273395579,-33.33731723739825492357836410882417284904,-36.44056669330601754552813304891110735073,-39.24414584240211651483801623238273603874,-42.32931946093794388816286156953910592028,4.75218719417505887460755044541568409065,2.7246498240552598665675630267535099279,-3.13886258708528665872361799263680720371,-6.22922401534218207252099831188970703483,-8.19937250495020988727691692522209257514,-12.63518198228954860351392864315639959035,-15.45142823404045664915127493219293419608,-20.17694362993458036616211581644677312316,-17.28374966423554627547808705732427602428,-22.08180113149779019478558935548359618082,-25.26955849669610331563245545433035489779,-26.726089259552486402496274852104121052,-27.54548797615302400150827693484011288677,-31.09696860784306880587374557140596472952,-34.27697933280932749588963325109558886026,-38.05064685336051832849121168690206528531,-38.20019173043917414770395481889372811057,6.81080100027487705022913427222231625498,3.10504563228706742240576687627938447868,0.641624537885934363055631731880207719405,-4.63109326397265102000327348186994845745,-8.12239532182999237092365516016468321404,-11.64628259526209310972503432020705764788,-15.04471931894305575195621024327216084267,-17.94099877718067681803169496796756867098,-16.00552671881443148622763528372498155849,-16.86790945715712722169510774651661720655,-19.62017864270761842596260311024698736252,-21.06532971673549378376408351249570963217,-24.25376811539573484686214539716852930306,-26.21275384831773541013456891700243324023,-28.5642004486510952486718140892931696352,-31.47977657552248520735470477989074329501,-35.92006431037350581814217428262807593274,7.01539356640996973813905865513047401639,5.45500902037566929099448934168849003656,2.45091557074258727730158428698373232062,-3.12722589390289291436624510601375856982,-6.07748047626749492505811529474933528517,-8.84075310505730662539104476734392969396,-12.59299784710500388556413003398289982356,-15.26112234997209498394678933017370319634,-12.86604792389195416104965681132781749061,-16.29383565559451362127020979756554947254,-17.19153745575572527928134265991826171785,-18.83946943499745659486136949764851841471,-23.38051723389933629464502901729694953733,-24.37409297638371684422535209702066345918,-27.45374645874742017862504906288991139503,-31.93116681419553731320711903298579893758,-32.865675456371014799211937107957990364,7.53031063389315715699811513826776035438,6.72946908862977289523658404721475612395,5.17495055377776831829012924492097732558,0.812496801292980378135078422880509395275,-4.57667343430316739737112095888044068938,-7.30762521677339769551954800817009747104,-9.56256728524554736973431358307007716395,-11.66661623487936592108377168057028281204,-11.23458019328555702690691248131666776303,-13.5375499850259251342129484905691094319,-15.67576855943653262168223387597307322668,-17.74373072174665158928406571183379119762,-21.53406606222743707969036941725967003013,-23.88845095440984074017203439970390342869,-27.88079348798620340018168051250256133121,-28.70991617275112627156751079702397800564,-29.87816848215749457812748370287207935362,9.5932733791797638538185662734609535391,8.84122418479004826005357879627810794812,4.49938899363279294283031749527805404436,2.36223677033211685670525714062857139933,-2.41986877180478840656025542379885310211,-5.46933644509451460391654381565897060306,-6.17976729311450546102451293468342329289,-10.22647227238096970239018238036703778011,-9.46819473973994847293662957330300836559,-10.92251486955909390671487612652201543503,-12.4074588757880212124373374231190228487,-17.28145544585127316582892685800562703823,-19.65841688177442471452356036363395543111,-20.27496791147611780166882382477776478378,-25.189985325688877409682811054833892953,-26.74896858028040622164975052932125781895,-27.95635776971854879793327923726787022222,10.03498899636912312099289524632697179579,10.68188229181139580109287083585880915407,7.94619118332847875412502239652117318804,4.43603593274355251013261689712039025397,2.77102551581041562315522697868970276783,0.2620561527719926672803342412092909893394,-2.20431528677219800788962924265825209577,-5.37771708071949871151623368794212577396,-7.8993089780282392975984521155280146635,-10.23937870865483478726474818989955792263,-13.04563234577914007019585019087972609333,-14.78303324427607187034524049248873589978,-17.7617234669574461200498299960409892236,-18.88749932518856638165506632757283204707,-21.11552057864865167271581040089633712311,-23.29870302259179695474309992667344448816,-24.67298652050492549469076095313602589249,11.81118187427126703350527752203377648496,11.85395707452807908810986897388429895901,10.80111541390173880392227394080195690301,7.06784180280897217573639227232214749943,6.38047085027270650633581834855261820471,3.7078946804192471445536844006348354782,1.34900331743997017196590007967361834659,-1.34562137402339939828800166449313521183,-4.97645330333787414019080971404910176353,-7.3912176407069395499165471719018531891,-8.78106234456486722512039617304901153792,-10.29258444569595690349088494919016935607,-14.02275236192715966379011418603354319342,-16.88132815486227798159035179787960932408,-17.86425737371224889401479919820826954438,-19.9127694728137652472374212362438249798,-20.67472791866893013608281618841522408005,14.30203436817085387211688513269554680298,13.92434957319241273082308590103489031855,13.16245574586266771253279500655944448656,9.30137552076359019526842213652594098787,8.37675241868387477302265188945884382201,5.58632670042599983499396513248096687988,3.94199759268420363186662971660846316569,1.83101317806246958665068652476968033344,-2.15363917232588793590229366156747187615,-4.11879658154244400159414555741932419109,-5.77334955812471699411639847155646858734,-6.95062940037053148881090308620113354473,-10.03518524565174064956095383888008449739,-12.57309579355032569450534667077663504107,-15.8227356567462672517029201872789941786,-16.14713899111558319333093665950227415001,-18.37189121946320346609715063710241676916,15.08423577119116739823024649577200605754,