{"chunk_id":2864,"map_id":1,"chunk_size":100,"chunk_segments":16,"vertex_count":289,"x":800,"y":100,"vertices":[-50,-48.67155603645210340788748990320478061411,-48.15805499277897640248749461674481495335,-48.47080619127111854500495356576477141019,-48.43691332197962201078216819109927690256,-47.59906272458068297169029520068512531644,-47.26824571273393843463737538356394023022,-47.34047926271049089244011335619492538513,-47.81362603547793006188692469252466640394,-47.84136633120501797398748134866920193384,-47.54029798177496605826112419393478306359,-48.47546712839743989764058529019346774016,-49.58591146419547647532462350076593540352,-49.85920922123506246565496113553294712817,-49.14598079600196353272172306411278515648,-49.56624269510237972182974247550970737142,-50,-50.60986474021028121353944313872078208181,-51.04467427709153849272520214240271259948,-47.20309264608091061682501853350854944093,-48.25356157844543484203456842755504545533,-48.04284955170809595590078449158190751913,-46.13200847322503810069520860296898101515,-46.70127254710320981738289943896119401915,-46.03083921614900027037748067779121064432,-48.04087588450729416658679162831189450519,-46.55420371480455458951356190185475930917,-45.57845916442274381563050871935462352933,-48.95296533974606071329176452300289304727,-49.50823469511187617430143923887677461662,-50.37705532571250973211900886099928615063,-49.62400068117699017039846757672335469458,-49.37194897013706745159153912969878630585,-49.39369235909510593931975544085805682129,-50.14176981280906819573025597116585947696,-50.37954793297940805549871954079728216328,-47.69827611005056224394183594624929269364,-47.32981670944726320308057489652523656524,-48.25766324579817500788308258524345214574,-47.51032430253121199563764737802680754067,-46.85652324613107294576053007082178192776,-46.51344202660120378750762211521115914783,-47.52709120017610882531865811860848411453,-45.85160871785630917436739980016580551658,-45.48380471022954201510161785544571283149,-45.99346490282857181867495225339634772785,-47.62769720992047566505736293246176188355,-48.53470647357965059493249820834787099,-50.13858082083886739508634102241429879888,-50.76729997117713771557442803599635796889,-50.44083191128074865657048874257531974997,-49.31389429430973806644970122946254769792,-48.97110452544059797375276820723625596988,-48.46587956580445042907002452774195987136,-46.6305792519093347921000644316675959266,-46.96305235002553047984692017324279402829,-46.8509985697012020039803359601323740313,-45.59634735761783057868705304985773478368,-46.74980589621118767169355791389264384959,-46.93793859200237352270975410764698029048,-44.6755420761825732150807038746523925631,-44.09434901307887508528904550115344738673,-45.76914745295243538851129999664090357617,-45.1411284736069949770127099317645449045,-47.9623981680436602979087118902020953321,-48.99590384446619142116249679889298161346,-51.25847480598891583235904328228736622008,-51.24326168441004372000121667261985505204,-50.0187630710665745165800776763513563512,-51.93998540653647999868503127516307147784,-50.46472066832171664828165371468767848907,-47.48129301164292293386565819835999564838,-45.25620176496169560504687403802332467674,-45.47881105200205427260681756445776801069,-45.86799841424027083484929244105332778532,-46.42604328839950411729497536669361870087,-44.61915137639428848721459871538851407854,-44.84593897395739869578276077276522636276,-43.71286337909515760075102302596489793162,-43.95554126447275467258284214597600912031,-44.31039520112523515850195197783545690099,-46.37704769516122887327243908143096000768,-49.68930656300540293001860642400894369539,-51.21812371316410765618300777226180218279,-52.17341598414900263533279034755767998218,-50.96933760069154276577441435747728997502,-52.09498577303646719282541799291959945964,-49.82103967946252440894260357804233013322,-46.03947448193132389276767892961439898636,-45.58793875837364291684194920112504163624,-43.59291625359144182798153256589244708656,-46.1101553171456460690172059198038091369,-44.77061644429799422607481534579986298103,-43.68520793745817480802975354252221524969,-46.23244975075863462995684882808684972912,-45.54604396192703850441104504856973878076,-46.08767624130154732987254653905395498305,-45.75888161325108435437532531525625532066,-47.34007765286791940048008582001757926569,-50.80397970469765232602269393405628302877,-49.96574499363644824626404923797527202707,-51.93731985183725944455429409023943095457,-51.81880194128974643933096021671354243258,-50.89252575005746424147386350404785989066,-47.78744916849724710339726311490324295306,-46.48022042467092539396277485361555455912,-44.6694501140037053680025524364482852414,-44.56791243729583547166766640996731585659,-44.77368111969501171802316214251361945484,-44.58457283754891686256410997913370712419,-43.89879142874899131385213909559786282721,-46.29595038721356034049166700384433486878,-47.59566382912568503883949091949676744165,-47.25061586549088332710608606446273991564,-45.35020726426231479900451120566027993254,-47.499353880041003389186580599156665041,-50.69992893785675021020598959540072970011,-51.097202926851317890551594259775244961,-49.83339876999509356987326074561813668058,-51.91835959162637293503103663401863400721,-51.73358542911530740895019351894302812994,-48.74353222069251011839866239200537642382,-46.90284673351072904284147998548387339113,-45.955709341810418202350354168974688119,-45.27496009722003234128330336645415238968,-44.80803783076740367677325350774619043919,-43.24208631978199760597489202152992698987,-43.99652762037629874545050760412867882675,-45.81735455869431858014706433449533964355,-46.52432099203332362839433543001810893907,-47.69489604393919703388838198385707974357,-48.1872526429654574553533712308082254276,-49.42110980387309233575613203896308696988,-50.26652234879104312401385373974289528014,-50.23505467127573032824841752060875911037,-50.53962600079529909493941122193481823721,-51.65749205795710452079309516195535653208,-49.73051438810851823020080352661328075075,-48.2967586610377579739600645565542806034,-48.38569031789430338434987524744301682403,-47.40271911016386911693931169838541022185,-45.92097321661921683377604172466167578385,-46.24386309646294638244269607296565332135,-45.34275008315931490766264350732239115142,-44.03094358095983070821283883642411407635,-44.30515784640206913827114979354520199426,-44.27409793721402009825823779640119340516,-45.9088620563456550177935509815154253603,-46.72264097173777094903027211878083740754,-49.02998625040959383264830320573466733922,-49.78396612015114169212741037642459805986,-49.56005786004907892536354097639004711906,-50.48902723187736078882034986641970660929,-51.99612078756032969858982156608056388446,-52.04415372646329339174275773751805895355,-49.19630896512370263102751772686627959313,-48.15384532617775586061488628378206147292,-47.05921202216176780337978001507181159362,-47.15807670053469269249393644758439807343,-45.31664303503343773520397383493530957766,-46.00963398440669903186027442914133507359,-45.68729887037201306199392698867202796553,-45.42688657055421370243373003344132696872,-45.6956887613794408907002674761953458937,-46.51704128697341235786848404198961883566,-48.34038476174111428798891997800838663716,-47.62676868152259662199927102912648240211,-49.48264075946681147172901132751342937751,-51.80570095959004697451177641710173808787,-51.38460453629018238729032779307589925798,-51.95895911337392610636539763640138905523,-51.16406841339427789505943769856681878063,-51.68277367440260317184877597254348570703,-49.56559484692396006589670540692397525362,-48.46122432341046053893848491751500944647,-47.25111945168141767829452437157506256533,-45.90569407907883392128777472087556040694,-45.74192785458440268552856000043015790255,-46.35430901071377416338398904795721092044,-44.98048223523385470464037265801279751073,-45.23568078530574432626135928376975739847,-47.91942617752656984705300727459167624264,-48.41929124799312867890082293061963207008,-50.36820398013645113183146321423289563293,-50.99954860689340453661153951686871072003,