{"chunk_id":3076,"map_id":1,"chunk_size":100,"chunk_segments":16,"vertex_count":289,"x":-1100,"y":700,"vertices":[-50,-50.5124694214042509237822453109841825757,-50.04090967793247197379971817889567706465,-49.27167487257805489217858458156970592447,-47.71745735161922676909835363544539151978,-47.2640535065083420759306740798990687354,-47.03248231933856778260713976253433680791,-46.79616235369919300490025070357404143357,-48.13137044459893859288370132927032965499,-48.36919987974418015662120426398332696164,-47.4565683974353532790772057169666292786,-46.79839914085546883444326029261282623666,-47.35471595584752726712107037533399924809,-46.58988069707644485686995235134151498582,-47.37067298625914265752657228026603609759,-48.38761316934241606511692763127617707684,-50,-50.43560100676479664894937099562848178037,-49.73560694441583209010036183064812265117,-50.32948467391124952828577986315536386049,-50.07608575600686171466053773670375541162,-48.26157389069412304730663179241994279034,-47.91808237852552104367508849754900649191,-48.62567485502947087932992885899575059367,-49.06647379304746593025228170324600261907,-47.27267245272037274417588914706464138726,-47.45744699819485917395878316201778640582,-47.72554787480830624687550076823832954017,-48.72662025898309101439236386451130147458,-47.50504155330725584065955233719631949098,-46.80965964810349355989150940490884379439,-46.79298793690386613825375235485761283073,-46.88956312986562301812499597035620647846,-47.32423127835683287294077699767569593688,-49.99759141082607389415596136639770155817,-49.13611068391912724020526964628395841763,-49.4546784604627195892154407017281039692,-50.48690959178679691313474754674049240052,-48.20192462814222811314904161792255133275,-48.1143935961045328750290207440799061055,-49.06929289591657202814192988242714694174,-50.01496155299229095728273629293913425453,-48.34481309794772514981472929853398550687,-48.09731021790674568094067136589513284403,-48.96254374679414356945055872425853919617,-48.28858812863534652936605573228473585351,-46.78722576326909579961630717256646040686,-45.64802713642010004917308176040836997908,-45.5820051124361274041828523710462544067,-45.9584240204230307558119445017374306042,-46.44649231287777662906446515034980978173,-50.23881898115551282567970339674161484042,-51.64055873436044574093215929437019319309,-49.63727167470250518763948745150081389642,-51.42543171364542330310416573686732435192,-49.22589113978376316801191624716693654936,-51.46560262830589669678241241909291028015,-50.07710580080644559402744426293804770354,-51.19768648028330734722136801576604166064,-48.87280143154514525689973495639410864457,-50.40056725747442966154027723437763561504,-47.64366938464300390682424861447051406591,-47.72526705214609651630603202591561964503,-45.59217874813879621630421093089615823084,-46.26899542146423364893006600469011391251,-46.5620477437145202170812746230416747862,-46.82676289932471530875394717950533223096,-46.55300375349540022475420391119119963918,-50.79396754818949578113087893670451179973,-49.48998837441901110061159291027627325666,-49.30693814461692385894159663864673727404,-49.36277168451863555555846918618069541921,-50.48322436381867053389940256308198566827,-50.32596604329134582326257779194762400712,-50.54995762942291269322036636835460098818,-51.09193620827139062547655778443709548145,-50.50619081141563996430879026965649628661,-50.16483422459647437726159217688518289355,-49.3161071030078999465101532879560115179,-47.04621805100877678262228417422532039363,-45.5266624491749608441171429526381467744,-45.36818409572060557854942306128689395104,-46.22211816118432625031846285974185973827,-46.65579179158057045104320805363074250351,-45.51808483297277470096843527532120388205,-51.00810658718498066907283739170093000821,-50.89960284308628291259280104379430169357,-49.43212984186891458590481798490064488433,-50.37189731486842854882936520095889800655,-51.29298515449175477204958999056899619726,-51.9803924237999092881437354012181225168,-52.46952392832148965529082301710395043723,-54.70688805384184604649031077279961398027,-50.94384540680282089722995802867081479276,-51.33982746397294372843322273589570882254,-48.61817135398233932794124477963397144296,-49.7088555654601901577827786113116479366,-47.66589757299507693390132247881172456585,-46.74820773837267619420996858941950852261,-45.24125056493644717127980974994326706347,-46.12569844941205009856476126329202041976,-45.0784295784058215795308312957272151339,-50.82783435662749223076683483283104196188,-50.24986526835069861896138460541396997349,-50.8495435943584963089694039444768813486,-51.87555388658675101612551837752106035888,-52.83483479432149481450783412916118519126,-52.54991698236095296508121220095430865715,-52.96225336956167284384470108918005971912,-54.52175099183091973750788891028527501531,-52.17428302825902395592970107768160248745,-50.90211168953519593388125017621970662599,-49.45270179001647717462672655790396912941,-49.54411457586897521607793477238154288262,-49.7736722566506514801322373825184094977,-46.93700253536452894568405576113212728519,-44.82887104642127063395518871749463707908,-43.96785908253318775767505872734213250491,-44.50409629146754880626056644248290606971,-52.88815275161614461636595120317963894918,-51.64842382375994122971242618886732002402,-52.97296178226480502503897831165985025566,-55.40163176333899901315683668039811095272,-53.32799956664662932631574485187104087639,-52.89608873540874202681847590944810781369,-54.93296350960758901327965616981831987184,-56.48367655769418878292183422339016513536,-54.40940213322160258800272697662692035082,-54.30943635040282979655232718757135928602,-51.58257117185044541019973406901442167862,-50.06768921629872868834779767451454813568,-52.41394318068567681234167654926859991306,-50.75997740546277055545650912462102645385,-48.2515875940660651247867931085033893869,-45.99878532368576522675227167590713667958,-44.65760887932590119645417090944963146191,-53.41261799371660987409900641249787284538,-53.94656161139970758650153235570457911101,-55.72468258229554778470476476916793309389,-54.70877551737599398580950952405931352299,-55.35831486294106341147006464365596898384,-55.01665166929598787646952434069536287106,-55.73970210732491624747229439633353859618,-56.19744562652555518681009450944214770153,-56.26398428037137610214523279803442955215,-54.69682047184480483175879542356975211612,-52.56082787217959264074003071242092781833,-51.36866675822835395721570131235883580921,-49.78469384735361640770255184028437068919,-49.61318035301691734763626510043741238319,-49.27799066905088598018113130430560989374,-48.10883955417831112829899960942030600907,-45.57991591540305583811246266371101036984,-53.80164472136401716847463768105592644346,-55.66057323666281584681597550763467569163,-55.36332077085560611436696993325209640566,-57.47864976909169449124070758241581282686,-54.87900121577232010436504744225873931693,-55.39203068467953425443070994471595161925,-55.66361345747361650917644664133147386229,-54.90652718501322751506104014951099747363,-56.17063327384083585075228657539177270552,-53.53074329684040867361885235535908757423,-50.57810550404007399780067618979048334087,-51.12427021878102234844694615176935625342,-50.22217143622335057047938188346624397986,-47.63623790093029130822223039427540360841,-47.69244542876926016093627914085834020643,-47.95851306516919324249420515580810017645,-45.33042822645191234422638664187242352994,-54.05186689399852252596560392941666784098,-55.27520304142084509028768609939635715149,-56.90704455547132295848404741172987609245,-56.18733691708495380376175770180128261646,-54.70516774367898188340249052908540217483,-54.51912449692030320902489665314499837566,-55.45619023856776179839533743393601953551,-54.83561429266973157416728888040088791609,-55.34217341114217140887341734494101438549,-53.12160264224282772703060399662147227589,-50.07101228904578865268506178811500792947,-48.95324658923797660854453725023192966203,-50.17504531058156878049914252348346721963,-47.53750929340889834726109364571478040026,-46.10108741395291598497526796662544974573,