{"chunk_id":2800,"map_id":1,"chunk_size":100,"chunk_segments":16,"vertex_count":289,"x":-400,"y":-400,"vertices":[0,3.24522133811756414490766996870661488783,5.97856510341946078686830904586289497442,8.95279937017860905436607488512797893331,11.50871578004925162788961172490760574015,16.54720860817755432297207784659465476462,21.05734353187099443884944603846668724728,24.03515806226154075526256831157019284441,27.70528220124013792664336925279720372131,29.23686072212159034626928993374947229934,31.53785056461412023139503505138369122274,33.42391396721367023510525503093905063819,37.23456933973402650911320915911919877564,39.79093736839685616277567996582773002609,44.19648864867950934770343875719965081516,47.15439535519575978633531801842326521217,49.10375365,-0.17413682018190628123192006263886615549,1.53124984240004477752110135335352581894,1.39458872023297281902910761348389354862,5.94627347920251919694639243748571134914,8.57095257420187029344720715374588106834,10.97958828392896774200054131909590569821,14.23670229740664431356734134902938547766,18.60405259357230763366814693567510028273,19.7047117790930258420846349507870972171,22.29585354100171969544768482734577163269,25.6776593818293513254684543944179341915,28.53909860774901334928158249878272209363,33.12972041831340032819012970951831121205,36.93113291234830473395370662758483189832,39.78515688844641776027924251829192161012,44.24734069859515592582234963640030086975,47.95980670818902344936486295126023400418,-1.94229093263450913557682221154694676918,0.55110825244821532441933967618973086948,1.16003636038276914810479457002259154658,5.98819252394738763016034214349120623348,9.65352629599860967340086584353632974482,13.00703537816467703218657760974713465221,14.66243645003636090892424339796209760985,16.65515985949537710329525681134619124967,19.45061730776472930686422883845657484514,21.81250242669799201734178554177965730232,24.9655239231334833931645969837159669753,27.82649519910081675990619610687988211693,32.80243843312976325335464899560584345502,34.49808688107318109836441494536168164872,36.92174093430470552356896783993889397013,42.35412363698216195112962174269828732187,46.91885904496017035991719979467963971433,-2.88683408217771162444864403035935775025,-1.26075298367337048370341068881224868281,2.42806716899262793937127883694655219804,7.28417647494007483087521045376947969695,9.81339878344598960014757024070835185835,11.98904979209796625825240959383382071554,13.16401522726902521402460495981517478569,17.31004929857344281523406039831246712057,20.02027462450921080355426671936275640204,21.97492113336694331493021462983600512404,24.28988935631900031062934403320740788985,26.05550232393037931408138261243004644347,30.64616251602315758931929559018384057244,32.9147884752029038943769935129730985668,37.8585056980350337618502831473185098373,42.01355159760079454775539936096408953507,47.08046238866009219522587009013885909412,-2.20981600836364849568892979231576890937,1.94303765317195357651710599540938316548,5.03765657283161788659032086356357710761,7.10268740573419906638434020357165567416,9.61297955684828924223280544397939509183,12.85993690061985830558885912184821387949,14.37747527917711737291754385574986635074,16.48898125875264202799158277143363263878,20.50270777721823908871667567803037533036,22.44538929228545807668919672031454479719,24.44708040151515064212509887116671686861,26.75558553047039570844716244654576721697,28.1583089292691480617552021171456211327,33.21114798147043335167293997506160381945,37.05036830944128298868842874325481542784,41.10025922362130893666462698270528324488,45.50253317049055096790409714169009185378,-3.04697570426789993886201986170997204683,-0.0293586889335509101060129562964624880049,4.42199157759439515024506733039767092787,5.53608573050476958259525518829827469371,8.72609496889851483635854354971393697775,10.84431923948632143900907896025156880678,13.07031391184997810402805186932220286063,14.78532022064738791165949664026432049989,21.19281670883200520396746195668178281377,21.73579083958535111163231853625728453371,25.34768603247270520829541372407432396719,24.75196436335861917451980941964522694679,26.87616389385668961200948811282327330292,31.0144039512950838541477450927470025764,35.2356264344351115016444136603314525017,38.47992854992801505681912033450701533107,43.19791420821486174949667642311213152507,-3.26625373648547106218712186263886491582,1.05726184901069493998740632217836037283,4.04455515957756957206534416688594755053,5.62680640998917497645682543097388605326,7.05898827004644658951309861173344737033,9.57096446732758460776861893933388229103,12.9863913977321388890992444117332221209,15.737648440618915129883370725493498251,20.12674637007178407357954034269424083966,22.309188713986076784629673437488557649,26.14855849034824259552462107458135179888,26.1104073478244617463357075777005686484,25.83348797281570949187964231057156537167,28.41142560973658303653632400803623188506,32.9177189742467993171303654205532160935,36.37280428442006465621703474926621570137,41.6725287279977365842287039671550133419,-3.9546816613265092066293874877775249662,-0.7760987144809051578185782927933288576075,1.74803273533375299650020761152462795044,4.00360940220344145807131549758961485472,5.23824411821302869737688285512071656031,8.70805941966054109701688320688262106911,11.56506176281090774257595633587392144906,15.27433566122977224399441572134892330857,18.85358009961238676647183981512223932218,22.86346140169659961009387073271360991981,25.44497393335724261020245354495353199825,25.50424692756411761423311737154120502383,25.38673309263982188051047031540627377862,29.41041328496476220871067144192216041703,33.48135155911019847593746974840400700205,35.83372137182953484847895958456005855732,40.79564653019195860545434304711177149483,-3.68978448332641682567438717995365255432,0.082627575595075137776064908275298744165,1.94072974285682201154869557123341496337,4.97414134001223410819792028358277046594,6.1248017017504463810356552715404521537,9.56465012786927627191197081500789838187,13.21112358068658488412041868025680801896,15.90441004208734482909724459284225264174,18.9824816891351424734912539568517363604,21.96986714464651135203432785771470528356,26.42665188754355382424574527525337428193,28.07732143692545521129673018163894730597,30.75160227726510948899776312366831037873,32.83002497164138346302134298005401425362,34.4430382825576701201563713274147609368,36.09781478432335432516641994787702035667,38.4249387040067480430631011082487674607,-3.61240705372932452804803766313818302576,0.31071605951021807785736992411603690268,2.4064168285114087077953596804670668433,1.68983457122011567855496109420764452148,4.27588748981999022435653939416787550562,8.1183659911431734647147387979618582843,11.43130131211576924547750791306405286552,14.43121507578277204276371477328445991055,17.6753788229358099267145121543636156479,21.26300995328344439283328130558605220559,23.66913328048064145934591635829610340921,26.64120616219521369301303402160312466673,27.96769844886243556211712913964010645092,29.80484814560635591598923744338588198365,31.53969066855429957051986544911089490427,33.39166524941890779852108352444843310829,35.67213767015692601596382662929476716577,-4.56082761873665512896264512868443403308,-1.67799897441205834939678895463815639879,1.1807537737731943083641882068344802482,2.83549315530376172795102314513758981976,3.74257703188724371665161788833792055967,5.5611712650898413040531813771969781536,9.17800356670306781968674256374558915076,12.73150337519365818772444900226554468316,17.1529378773723573856043152333172890474,18.52359756594209136614971959399703631766,19.66752279319562430501649119057277371805,21.71342618023668979532883874726813586848,26.02072702820290275229534759557024090893,28.57970087788647423985191280219667199542,29.81015005746520193125924050685435071338,31.12393978305554464585571646108367608699,33.40934221722278540497141691978802450116,-4.67365987668404892197336593431687682671,-3.26449476503837665547956511158800287523,0.56889625145490381735728094483022587996,2.50306564891907016891754615008779149544,