{"chunk_id":3513,"map_id":1,"chunk_size":100,"chunk_segments":16,"vertex_count":289,"x":-2000,"y":-800,"vertices":[-50,-50.51317933688232456831591705660245089198,-50.9984677473197831346454254426207218854,-50.39460024042634962957788947436111519195,-51.72693457774061008349132310171199724965,-51.42632848437878037419170042078009568495,-51.50197942760878691754853092074101565212,-49.73136881289541853225280338544137469496,-49.0074504841094120838991084516988684639,-47.6049639959633680882778753973830069452,-47.71900444849166521896024490158125666028,-48.54372692043571841583080985906509664369,-48.95869697303125928008982391135758357717,-48.50846085578223521371307102627565794099,-49.47534712890620363564746947694293909573,-49.85904280939486843848787842927642965635,-50,-51.50132901445612685102329331932120900462,-50.09256032379210757454116693233002436507,-51.41690598637897770851245438202141930706,-50.49011012084961624960627351972817199433,-51.71440296292221867567368098153557464654,-52.1108614150671291267851816838358144377,-52.35166532733866061197086983254032540064,-49.71432583640174782278310076437310747221,-49.10628327378558531859729884515537179639,-48.90077698964404344615090333844975211919,-47.89360757437292380580519918516598148839,-45.96993526906970397128412886145128846589,-48.35499697789630530733085616372475299965,-47.49964424788591135353811510461525550048,-48.94690461738394212612557254777422424167,-50.35121673770238071714178979413716183646,-49.68927564617104290996045233688573602509,-51.38843317880481625675627583241371792338,-50.76197057881132969263579460708963180348,-52.27723387475281289920451820448637118881,-51.68074015792205921856519978254206781641,-50.77871405869962960738296519762126598901,-51.45161335129771638002976435484208201458,-51.40047468481151827160933553853551623381,-51.65134182016332690619652132079563117614,-48.24407578372061812104942920905201986119,-46.89784422196865484038786655277018079467,-46.90534919148346602673664033167234848215,-47.40996585317381502813831964334776691152,-47.76710759037972198696008895237173276443,-48.56860032536891560065178952698022869211,-49.86844791252125347337805458319867422291,-50.41316666958304902662639748094175255787,-49.35618043476284402650309340951445760675,-50.00659301410418890571901985108306789015,-49.8322078059202768061754319336735714489,-50.69244327017895248106404324466990681322,-51.84870835652263319396931871964344579897,-51.01690271169525411689318134417878007731,-51.42300712289387753982730923084491510681,-51.99447628710258823442454305117726204742,-50.27825632039774217455865554170932135027,-50.24794365998027859188168362892365156064,-48.85130214755522260268314693737278838644,-48.1058595890311365328807226406055369767,-47.83284216252942885199224077270373734096,-47.95626419492797643671894780602299910461,-48.24158853978610911173307360659183962531,-49.01728232006105543121258165591829085866,-50.46521923643881565492119816133374040301,-49.77496514444664461020307418913799667501,-50.23598303380786100137757410957637391371,-48.63473721242335082294062555850908791926,-50.02656316776223369001856535270931987892,-49.33110471262703625483971293283905029629,-49.64115245762458132954188024936456202695,-50.19824808147138643655935838736682679424,-48.8412778877201319466998379836929858184,-49.99759543976303526762720134473950427462,-50.42155242618448152059505933092121450614,-49.59377406191597613644439289768869413321,-47.42572794934038891863564791741718651085,-46.48609613134052746635927734617733888627,-46.94029803800344502896340228507457479288,-48.47389880446663735340765265178426967628,-48.51490988572288825010066439007851101485,-48.01129014095262532347218459076636987808,-48.50173617015316297724152500872170251179,-51.2005795895600521973216400794321180985,-48.94376962447365145464209217670169914152,-48.2402377585549615679337178404172158185,-48.04123734260402183116202147774601097191,-49.17906742754019976596000068937163260836,-50.13229809390226057591694872200680149238,-47.78518690031790869786452853259267265069,-48.92811674762192131253931873705976604735,-50.28187637408921815404613633633770085648,-47.52341581799704734751476628775052957821,-48.13116362849717785507157375866946958074,-47.5367683785227310640724963015765807397,-47.16941013554543011738747557323566108823,-48.00878923552135861167162245569689412748,-48.0301225888728060845874377414321654702,-48.10825063325659582812834387009432241037,-47.83020922376041949972446928653379163824,-52.15923662494492355402634833655222243326,-49.08009242058153329165309416666230884774,-48.30362091522920262107618743471831963775,-49.52677712740069037724979133549132937604,-49.15990986897978429912525612972215029976,-48.5986528465890807872555989098945106621,-48.60655477890091717949999548757141308451,-48.8545414322981407400949301064887017944,-49.96751275683686041021132993494683638659,-48.29670701842847905515351712915853326816,-47.34868141828581884757259090611110417387,-46.78660259965840341368030956389168455959,-47.1796268705568606342636773051068128547,-47.21127193554578682191563668153155490471,-48.16487815133401273780433308202664301842,-47.67370998608639753723475687958171183603,-47.76340665999945207289887075101504468621,-53.45286370143411133625424268419012611932,-51.04528712305026833897332765116922877001,-50.17534070972493072124104786710237194927,-50.64713856712826139343653777306486158273,-49.82034669944308465681905676175434926449,-51.23777160418850501544929314207685713804,-48.43453448999648119967898432054801504437,-50.54963939484419285313116837911007191864,-48.91735336357273781737234218706880327958,-49.73838642835865636247706892355356336903,-46.88168826641373214807672902462837944195,-47.4388490268217129639915833292981799672,-46.19412397066148867905743767333224772553,-47.60947797820557164560566984657151689316,-47.28734172350235562669630456382050500858,-48.51323035672137514904449124678743526642,-46.89981396964505162339915441229328885257,-53.95364921822864702713424267637683863805,-51.7900162688420787428971165014457164507,-52.23719399616443475208472516799412708289,-51.79056578247982293478068147692306239847,-50.94734979371292995001673862142846472209,-49.13725211070020292445746608140278719854,-48.41211019256038765594670282223262462525,-47.93047675749833540525838929994812739122,-48.40559397165436561729155392050249212125,-48.22439006805540640359589933664799643003,-48.41567848848455385731701350566735005672,-48.0328646617006834075835327571039056835,-49.24268121792318099114136203884297564168,-49.62697206668671711531726436493468812762,-48.30331350476965615585604722718711107977,-47.36940941236825457617791409312513599071,-47.03738722892125533265709239797837180245,-52.6811156672973935242911476447590952744,-49.93378235038687430924223960328598128952,-50.57698064999111231732538936232404704414,-52.65932028556870601362208295097469672172,-50.15646289557133373044001757083481438958,-50.44565352049322695602110351670341762226,-50.06793656905210169573413180842802973305,-48.6669999367616659453589644424702973116,-50.62363036021731927326393221267762476231,-50.10894025461713486274432007947611596339,-49.5062271378330143606436178129993966734,-49.32607431574159374425319338496613239327,-50.54995142866073575162317397638330590967,-48.92533951554569178210318017615838575438,-48.67858234646279475250235676078361533173,-49.41386418097506047050590533552513290294,-47.35040816363482801068805405698984845839,-52.35449809207314602355583622305418933506,-51.91644250429161747994522621166914117678,-50.36691518842044251902896508011079229912,-50.83693776474937195400507245203013784799,-49.92002027229292274365486121104016073369,-49.62164549566695860747416215274679924339,-50.63240485760755438192728040867496023532,-50.23480406067132202710951343233887508661,-51.43502359414755230103154920644251163486,-51.54223423395449017534437631322677050416,-50.97705823069182573441543839266692137572,-51.71772580597161296314251632768491467129,-50.16037794329966888737372350614036364474,-50.66728902264141583984852149686748613758,-50.08683379043420484456907966613394597636,