{"chunk_id":2829,"map_id":1,"chunk_size":100,"chunk_segments":16,"vertex_count":289,"x":-500,"y":-100,"vertices":[-50,-46.4171996149323723111001317132456472843,-43.26204023097937482427006508660979315849,-38.98814269181831284613353905064077246077,-34.97633347573948182928344345790093223886,-32.77784204666475271958613557787274033681,-29.79219369891863158321011680602893758791,-25.43781542742233590385774958113933909613,-22.3401567132686095346827522555089648825,-18.95803276432082628251151095056646434736,-15.04731505492744212684712195583860175972,-11.45015418962027214083612261060204744538,-7.15144811757803702617911644249586897162,-2.96554787343861591231553204259483765931,1.36577585334576954666037032788659737222,6.47170488799579590502543714485831798077,12.7185272,-50.93478781193241292045835613736062948559,-47.34977495483635765474258539316721470826,-44.82149021357125266468000129603319565852,-40.78605258086221524506043310793332473351,-35.54784898338088350640153331022229106332,-30.83328568174957030484453328729194506772,-25.51276182812650036951160828089330128824,-22.72997711319423349337039194932285613014,-19.90755183288515477015496892027670145855,-17.18283008312555460370307202043484003055,-13.76156673565894133393597737024507103312,-8.02165696067204044008971804187094063688,-5.48271739027990322865115980589690680193,0.510475469676100581431552616344721301265,5.83318316912102635906960932149894785915,7.65722148370360974188295025046206833644,11.0744722680656681475332369782245862841,-51.70767668623155445098302340826049050247,-49.09070609791885613384058178107364731028,-44.86566937503124248290423533710352691517,-39.36775116653796551592980155398027811061,-35.53917600094515689239935333498170080161,-29.80128005052517893174368523855880710903,-25.28804303960026417806509919577178974362,-21.16366042006788492686117896788910886089,-20.88619901685018092639313295990357972503,-18.30431224943306637896566300429480175602,-14.28880075431898392910217617399714994717,-9.75833503546247697674303202261530348199,-7.6433795881345761444378456339340911727,-1.93713775129468780258114417170942167255,4.39945157099480612875937330178002912764,6.30485592283831165353284644859966787216,8.82505743255386618958702000928659693427,-53.59196743290418718118397364899841169119,-49.27873480077453235243660686764553187981,-43.98894314703324198202375052944566933248,-40.73196651781467617774001484618590589952,-37.76490430117036581181494427186437503115,-31.40182652954282473422136499023031038661,-28.30482497941415205489129293082440639613,-23.02564610864877416435089696605658122638,-21.65043743805085929907845940180363941703,-18.07072794011593336350375243950320743112,-15.77367098454425925655511396520431335683,-12.42480323683630773330030245819371656117,-6.57809947839815540226665344658666766867,-3.08718503845732116103965819836244679614,2.63360843398065968992433147814476080821,4.31264394861870921439293878637899634569,7.21545313834655535607044035687787404758,-54.13324174893169010479299072312046502083,-51.47231855656573213126219590210843825807,-47.80749998607531094351667995761244351836,-44.08108948377834011153106609970230009927,-38.92461735487073116170128807821026750014,-35.09918232982604693633693376436873418111,-29.45165187984972659318655072004253471016,-24.76084344008752041445231546888342918008,-23.73209642476242120356761698857440719572,-19.33457687939480290825871740698725654481,-16.57989472220680833276332317713890407632,-12.03052295841509779927782894802200036634,-7.32496094364925014737096928475270605018,-3.40523414325773582000084260160082455887,1.07490379988643483860698726058336929808,4.11854921728569495623588958864844309282,7.52573743586518732936867730266094647768,-53.62203370518271593897150875379446980209,-51.41952576808615483231877991508771567075,-46.54005848265507951524738179992382890193,-41.40643953193273971407158920070604598531,-36.88320570615824750845969761008034295202,-33.70243669609895136622340869227857645892,-28.97322761009373072173406596487322389847,-26.20092313272508137375707733803072018671,-23.53017097435391285962526093482616957981,-18.9969327412754922268827615259538916776,-16.32382133650135416330056110777400412847,-10.7261490379362784232796385896384422949,-8.55257851852054496184878852837400401567,-4.87832949709447390035332735520041625822,0.41850258123163365478255363922224857045,4.67648501146139392427617742112913320409,5.25902210008515297560007149814811506128,-52.41163283528950671725303639251436729682,-50.2352080214758641078859867140901432398,-46.84725957235838501414161398621248143848,-41.24839890262620500065842007611630781998,-36.4485259768292719087443247481673792344,-32.50802848393087483831594619048501083678,-28.02714804407029151517667585009928712094,-26.00740242571363558993824499686614329139,-23.42656421183821311283160468591804030346,-19.73496351169205222037185100214810446325,-17.05037250987161717975912886148995670329,-12.53883162413797348492081525876965773353,-8.64675624244148371578066371890683504233,-4.31689965657314525365729970044740841004,-1.55014472354881495784045333160334087902,2.70112587756363142144704510534976319513,4.1723485785904909339367878738425643178,-53.12740929301179724509714293390332261754,-48.95933125600561420545136465624581826758,-44.3882726961195002816921526344342322229,-42.17813084490738388962323105350449474643,-36.41453876346199897561167262688143132266,-31.7731991771902127090508368838181562992,-29.99433461641918634481262661163688122956,-26.17997535807222096137067016981168350365,-24.07348499357857603934469375612292834071,-20.37711318998172579922802241108668429618,-18.42802125812225949743200648170317161645,-13.28838196029717032550724270904075718838,-9.44367250929810875240968094873356622568,-4.60288446491865345770693739998343810311,-1.25749430875394437755282076255028374622,2.85175168405701100048680869085450386785,3.80274340683223693867129309017112880399,-53.75698926320715755745597240286634134289,-50.31827353666867261230252880456196653152,-45.65848723472237690125412745415974419475,-42.10808007973813876862464363261317793362,-38.2915602341477714318837308066922944275,-34.22493493868464545862031824647820900137,-30.05797117410962776499875079862291298284,-26.461213731998944053740961817799970075,-24.5530316716873155671961010359505063025,-20.33891650395866535222527718439964007652,-17.43173335467723379589148397093222686783,-14.54741486327050153948145726070485407694,-12.06065018992990683725286821137875636292,-6.52408212421463128052076309010210351495,-2.38959796624720946844016940126179239732,0.3641278093762907604389011881140625135362,3.82616733900428388201520909954898713543,-51.98595823340042495704574903284687642504,-49.17406340350841704045195950331488642998,-47.59960574852001589441688975295311581101,-43.64057216842806814209436458645301347975,-38.94973543852404188805587049034102196111,-34.45134371549873240655519295189806802544,-32.78277357912550317594033330620839567954,-29.58209079276830847420615342464324978172,-24.01450610262412042969145344156762985787,-20.74372390616231459476577924220624094914,-18.13968357287290259755783221772993603349,-14.35037129728545304641922140481978277693,-12.98602036542789860559811809655732147183,-8.8260881973449500949999507141288839381,-4.3245132153692862819939258943135881228,-0.9454687391152530002352742646663639317225,3.49112344391991529868161235376058165839,-51.6968347487338446225465222886352074813,-49.62349311665151001791300049499508962609,-47.69162070261808770952251910313868838126,-44.38810108032995073264378918409417894183,-40.85741580869606139578093510164477098443,-37.80592329144612389393120688920285453455,-33.65475149485921524978553141116049957267,-28.99671363526530543237775959744634547795,-22.09011052162590488128632504652672867243,-21.88276279278563939636607666748633137596,-20.43445133332176420430406287894633625114,-15.81987830967515300569953783897599237929,-13.35272385258552230139825434277947856674,-9.50712936193305728633099041630618961329,-6.37502044760531251137776592719885387211,-3.13938561319402254566172650762845698913,2.3235669546064408181493284473525029011,