{"chunk_id":2793,"map_id":1,"chunk_size":100,"chunk_segments":16,"vertex_count":289,"x":-400,"y":400,"vertices":[0,0.1624659356188358695234199632365413100314,-0.6388394434621606843363520442962630483372,-0.2281650204099396068947786490162592606901,0.20372238089923904110585447396465143476,-0.69673394331608920180685592355413319352,-2.71014217370206957765892062955251597191,-3.60265491016338404946228573213418882757,-4.25482097902965552235673498805393139485,-4.04669978997679830983557274983422743321,-4.62598943623801518775892107268328027479,-4.24548379760011217273516890212480484435,-3.95925876132877631513920270846276730633,-3.10280779713958242038285956949965921686,-1.63884282327642551557712202248145881978,-0.5154441530716702271277076102006978375,0,-0.2980194253596292342897572138120521451615,-2.12571712272137020869029934029918573901,-2.43497664941637531436365491651098047723,-2.43524551982093332209274283177549217073,-0.8536537938318373369345552170772701923893,-2.17275176949296339906831650513121290081,-2.6164567082601625125073513703720143769,-2.27738861874032473094295040596569324679,-2.73587071374418776571081770918451307567,-3.92115492391301527356916627108230130747,-2.36971689725476795019915593372938780495,-3.37391306572178252258889497659686741785,-2.55387854954643214056789295214076970034,-2.23667988013455787374864375973540873518,-0.454693702457527404949169131557793723735,1.4291662648062856737651440843425056912,1.33423737802283060420246793675289485869,0.066421550052393415363664387675593494935,-2.23531849750236089393776263957986014259,-2.85627120587626057272268618932410604617,-3.25097286878733764326714380877970584911,-0.40503292733840675124817948966349502978,-0.10760353522824356571240466960960540153,-1.36507258960859172622010270158409857976,-1.59565921305241662664163049796285989307,-2.12068047841075257069197370875666887941,-1.69300837912377797449484752235005400464,-0.48679155491976720538306437268158173,0.328885284610382009450334627296573717405,-1.56149810510041327469871294397053384311,-1.3441089267166597157556314846946433514,0.03256758453144803097293262649461083433,2.04390869924427741123942259118857844754,1.77050703686075395098913592808896686519,-1.48710220427438996625922709133076160841,-1.43222064360314453283498858465331648083,-3.7660151845261672002759204615002520931,-3.04514190590710146461615974324284316038,-1.8814611669280039069221843160104374825,-2.00478041367315037271404824859461818048,-2.25371817225406074275077235647162553447,-0.76263859325975228626278102932095820432,-1.11025596574031360013066469419748427545,-1.42907940869679967875927532603675870698,0.2245113432917637344148168704608951654744,1.20827388092254001145196928947187680526,1.29570820662326926697598064000698715883,2.8912893205942635426111744216708722948,3.29823932002389525162289473340812764175,2.69603116584300638656179597118534536188,2.58843044241951102410844461399485020132,-1.55333128636922608951254075520205764873,-1.40791272659404267862378540084550648594,-2.67796820655921481572315603674715584769,-2.18292707116384408468979605088065418412,-3.27131272000169840236405273367668015198,-1.55488931167725781502676834088183091507,-0.55203275098467564161281195520606020815,-0.3844024956702068036077877361710070908425,-0.82665416813400795228325736460830262674,0.71191580533624390679508233252809259931,2.01186076128405371916778376241199940784,1.97113557847286590354875215717863365417,3.63290578495682332365095098803295683903,4.64236994950847031037916256688314006402,6.14865926743395164361918739487587054001,5.41522176739995909640416361866193701347,3.48963996302838072821311038131292948225,-2.6869118593543917420950778254016479353,-1.64325123825276039024156618908145969889,-3.47975458175586535805166713092105328347,-1.71663567805101772254502834719505608998,-2.1728261490060122389899132181405230153,0.60999074164536637284955123186711713535,1.67218776223524725515001455848925478449,1.20173810324653163160892140609638463118,-1.18072311195458304340512601389743003312,1.79100532086911548101467499927808282987,2.15330749193584451997598411150556144662,4.03150104221816760869533615277413816002,4.40030017293685521026713043827695194828,5.33804783931715114518834902984594735208,6.1603182058315866906048221215489279648,7.89371213880089747424729594977411555247,2.06010421883977612777098868126243557488,-2.06668561465973154238136016692373381478,-3.13927745732564666158524166258769225419,-2.7880324623515161493763537182748510841,-1.60886725710421987451135315004615606598,-0.16607882461721050713104612006604473641,0.1654322422378083769057717556747732047618,2.04293127693932156765150050038206604234,2.14121195611298077947647026477784471929,-0.503804438846008304871596822375804997245,1.49297576102493777938155836015323419668,3.94250820230956576920650559021264167006,3.58639415415353568799289450896706987853,4.17119855776703599144809004818809462684,5.43997247764943470585148725483613181773,7.4643523593704543821826888328177352233,7.78972318689405149970399160892503314725,1.54850146382302699585323732856511237202,-3.04557695770208395648804085082743123373,-2.26905213158148580826634080732912332899,-3.41480635010540990912618617428247368042,-1.33884092730960209130088727725744953021,-0.6933851575871182491504882286390226698453,-0.2440633760529835089188790584302972283825,1.82742885437660865177939168911899821531,0.67179298683513614769607830651677812782,0.3536358702234287225482935191960847061996,1.65117048316838646941108564031962063307,4.37692897138780421684274493899055087487,3.42646602770914552955171838797842721468,5.06582392637894546139075257648136872068,5.50182785909108956925894201032033909178,5.94868754738775058292565282007666491342,6.7499352695175960982811524539606859929,1.82598365457705101099900992379271393228,-4.35327898365506400001753408866760650435,-4.89595288735555320681805343479957507465,-3.71377442490058623227995470482477171621,-2.80517714525556053554026271055804194985,-3.17845669204511949942331885543762483431,-1.80412117960990686020578215664720721581,-1.28350787977095154640854209305884648236,-0.0819853637601301580762209189724556465075,2.17377446551153419590280348078182486995,2.41141853741032063055321561233151156316,2.67503820465251004167685898588777033211,2.1172442082821935740148784440705372297,2.28317321124269384165483531271478272429,2.82378690464652203022728114462193158358,3.85633258598108662536728988535658980121,6.66837173145878209366570636200869908858,2.257991605291994381996225862349071506,-3.42816014354082759400338485638319065982,-4.73261867295473356837325906860122781721,-4.56100664044575361705489309148555583308,-2.83460660024278787957878781375793996214,-2.78802247118062604062166393430151728838,-2.44484705373872842205707771499041608285,-2.2766464721928367753415233416040780564,2.04869449615480509550663561195885799571,1.79174437855163355650633280601976413359,2.56950177509078659139825113198993157535,3.34859485274365215002899281105691584527,3.49413111252811929414547674963486597924,3.84998067835758807735239081561131980485,3.63025366438663930979318636231609619714,6.10797241171762468006856885617778838926,8.54844954357911901141806600111905244614,2.86352617402824844053280280205158564434,-2.91922853312360701182202453414547512203,-2.81550184579425850327952961579204954834,-3.91500414465388515120989538991926881734,-3.64966464343557335013536552865954607025,-1.51259634900539030818379497417167491686,-2.80061996948176928091148117928315928001,-2.19655748331803317834365452944678786798,1.40649128832288870971917869177879298101,2.39143222750730136803354438431949674691,3.30519134034803819681717913842298553457,2.89945018845233228983990813800402422396,3.06938751864504145351978191202181866075,5.31092423433257654186288482501151931343,7.9107064066480019766859686065899885644,9.02011823314242913724458159112476173344,8.79699504099460554229537148995805639789,2.22675414530340099767649673223302842876,-3.62856471981675580107444637242416555259,-4.01522116356167226170302937688274924774,-3.81141608050898538243740372472214948355,-3.62897790345181126590599782600124564834,