{"chunk_id":2899,"map_id":1,"chunk_size":100,"chunk_segments":16,"vertex_count":289,"x":-700,"y":200,"vertices":[-50,-49.60498695683005327910333119808299380751,-48.923205103286832166582079441665334017,-47.52062787027566846640212568907491338954,-47.26745689176347915933181490094159233469,-47.68653232290289463543908024371289305048,-46.24433584885136911143799451428944686862,-47.39131948576910353615733043111034315353,-48.13491655266068797862139905981002171466,-50.34502721109603364666024410617418322995,-50.94110788718084877072700325389502613636,-50.70438123230960609880107739450880400432,-50.74939888343395920066814635229628003217,-49.69036091662280748865108029123962277106,-50.04309585907006816207769625264927284961,-50.0577711011416700387144606999732221661,-50,-50.06456705559140776453226338143050214943,-51.55093689684983936168368923303177750419,-49.24033900257609485643781511463547093249,-49.08012351769231926512302269997191733586,-47.6904658074381118579730353601375995056,-47.03660972541241815456756764509566252436,-47.73004864799916803733935563730489566798,-48.18317816878516126617111260642001017214,-48.66190665240544201089762425512905704961,-49.29658070060166616494808708223502365397,-48.73484022408709792214577878547292900411,-48.66225834702570533769656962145072742333,-49.57997019787894410883202084643574056537,-51.63727574039359843680075898225295075957,-51.88179258274764243291888641187923532408,-51.94535808210087200594732410723827696593,-49.54318432651325615379050760252165168873,-50.4685821331827513486618906685027694793,-50.79653111666501763272705166677728326189,-51.19346790618133371279734337760856908037,-49.05661491545708879934401987866057658435,-46.17336044716792459217205205022597962183,-46.29402191238117709566625603619887499012,-48.05101030127303030971004824171502225434,-49.90407244529242470964792919542506417975,-47.381606355328095295165190440798391445,-47.19707577437972402486458837431530035293,-47.76685379750783058637382205810128866773,-48.72451065049489482159568635797194320639,-48.37645040306073821830663459955519285,-50.99343993059460347768548500726126623375,-52.05217823032877756693415111387672437009,-51.64096718795875183455940851806708772997,-50.4184023568873951296684221314552375134,-52.36157913456568303916381499436194860185,-51.33956490204414436099208885964387588385,-50.768737132971377698056107985066759785,-48.69646125616728254963058038819288562413,-47.18851777889151208543958562148918756267,-46.21504064695314381544021247293669409557,-47.99735717722706419889841571325730673821,-50.07851844068221864611316940365489275609,-47.61775825880455743447530387770026491616,-48.49155973567628146963400157207632281581,-48.50868362688292383787340191993325287993,-48.97284612307806914034196408115669002702,-47.78291455680246188559489589494389138222,-50.23304083665162417212820336983131194609,-50.41217382810109979302797254602891558326,-50.16487694217863021284392517624410240622,-50.7197677021046897762899438723296652449,-53.58218252718057274815147570223185695736,-51.2998745576690660067972174065749136958,-50.90339977035647063703132332143644266979,-48.7458663119872373266554956024839225041,-48.12248141946656879096957666706756603485,-48.66779246955188923392215230696179083883,-47.95858111829320954932311735876689171693,-49.68617886735294884931505072830195233215,-48.35533104299122412389975393983634150928,-49.15519298833783069388236205063591947919,-48.25002601845433487558145118847681952794,-48.67948515651176502357692582137378378798,-47.84052043651440944783539227243712955826,-46.96318839788285712956856285699865086087,-47.585273010582665387066983943110806607,-48.58530296763999780717329373673222463847,-50.55560140877038066865642407425790757712,-52.46232044926131481457129949592417277334,-53.80737849388098289112409362290721590325,-52.22802751932925335720858217694401408425,-50.04949794313490153334741714737898891219,-49.51563004495324793015645657527184208263,-50.80987848918138474827618971335368464624,-48.65583765918488629425071782393199884569,-50.02566316801736159462074382648512079974,-50.31338837326594415654087711938502863199,-49.51127119432246722437065657847188563605,-48.66701686503793088082481243129558960415,-47.80131022898836426071957104948724339655,-48.1935628217111736082825377153237128764,-49.15454460420676131759774412341206212372,-48.31461679435457250842078657868412875637,-48.9515389028158436795906526404079482551,-51.90642729163735515910192010324938865527,-52.7336903758639562605340748680559115754,-53.71124671281233775486638642073152193787,-53.97483138511103089687485386589860378109,-53.38331408580292339942637035008703071264,-50.72942776413696648795275239986636019738,-51.35171421202362128420570990351092586965,-51.24281310633065444632447873050795115516,-53.03024151401535806637709906937189992433,-51.76159093371439082240411587796210455519,-50.84209872873472501650328037241906964963,-50.63249022405783852350319668693096608068,-48.27433601871731651424825364348422501616,-47.52229598076225138820719111477600973579,-48.95087508384018523555886519406456901173,-49.24884055363318644280180950027876473603,-48.62700418068387398517752423773300656176,-53.17148312472711285303440901261707498398,-53.90305706605943241322120738156474026637,-55.3661755216316151810488361814876538531,-55.02618810222390517041085007786693260338,-52.30303743878839769124764209642339595178,-53.12787584766046650862432294004660998727,-53.17911794839629297996231882494176557373,-52.6503777982541919343075209902641926237,-52.12904793385999207245200004497039940461,-53.14918740582747731772457469077030558916,-52.6739614627562899761522398180880882295,-50.69402081322326108144592019719100146227,-49.17268434025483143062720567922452963185,-48.20496175840722970765456179973588994155,-46.91209405907170501210190523405165388294,-47.99438562093112820491337681291539572554,-46.76867720292906031514034865102285703527,-52.98619913729191031459702147022498978277,-54.36103219054473475015686519695531246588,-53.87790778903627903534395295311550743726,-52.30737994169736115090364183740336313039,-52.03631486548707192366554485631328251999,-51.80727361304436051590340713806261597664,-51.64609274718852346305479193202497936937,-52.04149592313848869955522118343842319693,-52.01166307764111942629851617847316381349,-53.7586187712417754105030760973317919365,-52.90570446596150176400590640220929107852,-53.65731196523509008342904861131425937081,-52.58549760712001550256267582985179332948,-51.96984180681073188313429741483967738284,-50.43119126831987668718663598223262752007,-49.93194625204390858788612417029778943811,-47.79746065679240742322971304973504600102,-53.8912807108088485075581219722765896226,-55.11490958144479093117484428328979403023,-52.93029251547614885496364793955240194801,-51.67479644372047497504322481025619371708,-50.30678456384961312118701762981941147291,-49.9333284944270241866753232551498780562,-51.27621895891809458960311676446409626405,-51.97150436968225845105201938826205224011,-53.51804471206750159871686751168462421385,-54.4953026330851364569526078582150549125,-53.38574382311666271224982275951962273061,-53.47520307098995716124459388923915655046,-51.84102066033567981684774532787518027243,-50.21638656656959562225550829941327638139,-49.54784999008876619256404506532096784784,-49.21198115625726731566386549869057220643,-49.21974622463391829363825135568473143387,-52.9144189394710299375393480384219323586,-54.91434885384993432118018945020329883833,-52.79842842460517071375361249833955591234,-50.40077440001668865643328023218754478276,-50.35325587665063945450084521820895037282,-49.91120170178062525547654052492957498602,-52.35665794958438107493633909403419283437,-52.96298934590227284594863900723465583529,-52.97861996435157703834631002973402287878,-55.38116568761804415867207187073380448702,-55.65380314304790054412221254523053359927,-55.16388789789815002031952777925797976408,-52.6265417439810893059338350062136910053,-50.35539789949057259502672805809816167013,-50.72828562663220679258529212223670074495,-49.5016327290098037514520343347944035478,