{"chunk_id":3118,"map_id":1,"chunk_size":100,"chunk_segments":16,"vertex_count":289,"x":-600,"y":-900,"vertices":[-50,-49.74792338676224559436006770145285883049,-50.5805101878665606668227339517512658134,-51.50029619918039926144807835335501834228,-52.55609909469366467578298727991058136777,-52.63972542735468718035545854529549543945,-53.34066260817197300444332443232740931459,-53.9681359057121981591134613719527649975,-53.67964526353509491622111296439825446459,-52.46634640909485756452480004768653249667,-51.68230521202514924842137087492230591775,-51.07017052515586618632006450193751556937,-49.72508873974755634761123049325238224124,-50.30901140878585260610692689932503134112,-49.74126627196643928537736841871642028119,-49.59762958725932217868215201273753872258,-50,-51.10653959187376461838582596223650061281,-53.08147087889520514690786064129739263158,-52.03152498996168466637992817123065815631,-54.12127965193798012559524408261321471698,-52.61358090375079541834786648246962352298,-54.1117685765527919802028131834146437011,-53.53947006725662598090614766229894561652,-52.74355741280036053609573183103118747033,-52.90350164751817972832897783359651462753,-54.05661551917035563049544742163974795862,-53.36696367770670253441942302798773958694,-53.11438742109533064181502110869347057771,-52.71389920344370205354972660337089404482,-52.86578159426854583329557607204560600609,-49.60731050294344307845720558705994085034,-50.7600703417756091661403885985457131445,-49.25512706035081505803774238087830426276,-51.70983041260192480626031984306011250226,-51.76202755061667579170436192976665987153,-51.60582286112192086241607829946962534636,-53.15855127265874367181120325088090585423,-53.67265007583528804879959692456349546933,-54.48710678300254054245180472537069104166,-53.73942378580781657562240960105751597767,-52.82687565701674204875530058930365438796,-53.24337692055169585380866554984621353216,-52.25500963469196431767152786501155626363,-52.54104967228359163978564992792812913314,-52.91913893262459613752586360393007961025,-52.77732277168121983937448969442889036967,-51.28647217797773387888655657622149478773,-49.38463328066773180204864848343733367289,-48.37485313173435943660832431873796081111,-47.70440011279727767970727712726657131761,-51.05435551914774271943645612650479104401,-51.64364090803768636319175908175604693043,-52.0866976743462588183267559208082841537,-53.38327253222638878518623355269554018861,-53.93674011438911139734638294426830858046,-52.40905678387023256086617405986530696264,-51.91617504295127205779893240366329620781,-51.03442853270035362852129212159042206788,-54.29161526056041636764104539146406546015,-52.18560171916853708316467875886947490233,-50.91116605477502753278018147463636474313,-50.81627011860496933760805255449559025939,-51.70814409453308537266258462199801478505,-50.6191876957030373932761488793696435187,-51.0452708171200621695955898719080833013,-49.28361381739555553821271131435919022966,-47.4724855312790502671143523832483472564,-51.30634904640843350201780567869561293728,-52.12379432931060347430974285384534944984,-52.32200538738987356145027640790727095157,-52.86141123614836576505648913893247945167,-54.18057881711038315253946073295623662866,-54.16280398085544775961352564688896176634,-53.90821831600056065827602904051396583601,-52.67872576022573999695947893711904987111,-53.43420850581849610625554513386263229893,-52.62312630311725686840023027495458086681,-50.24657314156191648439188875295076069322,-49.44647553530802090055687516162001642902,-50.22737502631498545164055097390302603568,-50.74207251997597707058417662343892048825,-49.44696194681728377857242850630821515267,-49.26869902244576431649426173871384873072,-48.63520480294169947298721671969383920983,-51.50154554266170536126979690574586299918,-51.34837598574690860376344623091667007732,-53.10176817577932797961908429641917723383,-51.28488019981902378677276391265217498153,-53.20027417414642397953232023942251423324,-51.8379259939077750252235974030315252838,-52.11022750897379479221662988584471495082,-51.03527627438718919994794472402986053423,-53.85810551861119872864454616493959217362,-51.44171105971615250232884108326068134715,-49.530474196388658165881433617557141346,-50.5526778815650522381957147355682880376,-50.460594904505654899593548195491778721,-49.07330654846362817104609817140679186806,-47.47933663070030185993193035679533860764,-48.47228552120602183761494909258106537949,-47.80414527028034826245380461334997196386,-50.88193522278838899433994468927655207915,-51.05112631196241240510091453432639829221,-51.99710787187249205195456798085433410368,-51.64111025873078802201103687598047640192,-50.37952072917454575429526027344523251359,-50.298371763163385448103512729720204621,-48.6888803212657512461295114693060785852,-49.36903121830827318708298696825107869018,-52.3512671945745786151354467996488574113,-51.59998131829068145881509962296002889866,-49.36304994648400013262187720068056872736,-49.60354375231943635198750251629698182637,-48.92615590686960419206280127498938828926,-46.90154346828935918992538043822665734859,-45.69249986218297323960331160814584149434,-46.17515941940032255558211855477512462325,-47.23092592557602129775458745251576761006,-50.08492674562158353130538582322263202605,-49.08733776036558548620406439531682592149,-49.29770615327183995404916136320377907112,-48.45483101432725333604028881617203935507,-49.23966530008694729377194759977123068643,-49.88786874478978011114282394789870852085,-48.86226687973858351329608363029963885452,-47.26991291925363727006991904307021300072,-50.15371062582119293113265006035721630032,-50.61906018031650717455136027581643583996,-49.31118974123709696039256412470840210185,-50.03077641895506501043011596971187102862,-47.41693430185653527384853789420474480443,-48.38709222588347232167000074571191886372,-45.6826201190451358899605130012590760976,-46.14686277450709507852072018425014373628,-47.08097701477238342588930113379526434851,-50.85461564959061118883520057463852502676,-49.73556731965795196885711292604284931763,-48.3949779953702917960344085176671959168,-49.22065184246805100296894174795353083436,-48.8182579226348374763594887567554402076,-48.14555844295859260339083237988360001079,-47.5391973151851505506197065577354050358,-47.69574507355562365335826783958960469453,-48.67554495112396486233151088028988366745,-49.90721949877060950673692366838810621981,-50.69932073459723203990320728989466526569,-50.41435941741876127629871950989956782329,-49.69743349685102804033134968613994488956,-49.88796057005390518187798056949564754128,-48.71794169730551241913181858438071098046,-48.1986400154833724807136046005227223192,-46.62391994341640517535305511433267714486,-51.6150832019527335362810148416766837382,-50.66497809472946699754284591650121032571,-50.4292286798133659764263371897500529994,-48.97519508011113935096836516843488396783,-49.18053799867865181451809794058597939881,-50.16954771366063007538714589545205799358,-47.3033800814763341057590980981358212621,-50.51712541753261925629285187478130559711,-48.68067959566747453970901365923373369254,-48.73832097505727551872331438995223775819,-50.65857231743784305423364344930483362132,-49.29984352421999161735152591586703816529,-49.68218636857407475488511371553102972904,-47.34585490308290419310098595619651810687,-48.61855689352308733592819752743645719016,-47.14132361391830437655285099507895666402,-47.07777601079609550067063247795896058159,-50.57900735066584823687335494568054802472,-51.27855398441914950375349479829118690219,-50.61292276439249506064028632892431371163,-49.20328626079172210655415435514327562426,-51.44890974778666504106848635996111951377,-50.56022280141235422254898357656159464644,-48.97081040101217000636575227961963922843,-50.56435213124549524743948320162686286013,-48.96916126938482400634544717884237082292,-51.02759992219887131514972487083589608274,-52.03613657063411248066132935485146587954,-50.22951509439131809963155407165634822976,-50.37040702346340454219561740144314220514,-49.43529346297051231612870307809570935462,-46.7308953686066838806513592702488543244,