{"chunk_id":3651,"map_id":1,"chunk_size":100,"chunk_segments":16,"vertex_count":289,"x":-1200,"y":300,"vertices":[-50,-50.15600552748960829497139913118839433338,-49.78073084083499531319925483613935941206,-50.45817996581726700688067541687727146445,-52.52559025734171411370385042726597114223,-52.01810474054868564326793443337205401186,-52.39268083945943619944945608960038462785,-52.22780324569611961181823204530966329097,-53.26687064510007080878852310629254034526,-52.45550726086289202473329188932755680747,-52.65394157520359967741987559647044004141,-51.02580583594167312551150168070922332219,-49.24432534523268503245629993099527383808,-49.9624917797342862060977319422794604686,-49.02559755653798041407179322691546751574,-48.98357349506742054639909666248063038283,-50,-50.23889307325752322303958985560988079813,-49.76998494232875759908415795677199231312,-50.20738409708058662155306090831093183812,-52.13717256903809147831445043998449421377,-52.78959956949719219963734965233810946247,-50.57069550809282303031380884249208956376,-51.38780106349960589628334750413544509652,-50.6156797311257366424609433835628323427,-52.8031110601493391692542634350023344105,-52.42192180241637155338310388788255522371,-50.7352147141328293378258035525295030453,-47.59841626305540452834169162039721198358,-48.28331297215528058617960293827259963727,-47.03111148631801254125995087104458589058,-47.98745487643756682187474806851122159969,-48.7559751314836875411282824994240778496,-50.59492025936314527809650824385028552081,-49.40597326444345237450936680622705027014,-48.6313674307366124058933322076005765557,-49.84649144877400498793081684279413001241,-51.78899993718927879507848980046201333369,-51.93698837519424740134509213641373523077,-51.2674125174352092893671170734330548915,-51.75379499812382098419686203147891263323,-51.55178085071803847650827151417929579725,-50.99082239982538432248244015134479637927,-50.36258031799953332990072147373506337377,-48.99461939120465951090308309189326099124,-47.77692536019653826953281821583528555652,-46.28134761692404436273275677317602633264,-46.26475053135129363333976365273074741843,-46.1799858291575307046537806763176518187,-46.86902863483744045236098661249989344646,-49.41213994856899220229410375397248282443,-50.26218902865787666826394043466368718865,-51.1665531750580789393807425245913280032,-50.56528623660362065670360540173276571006,-51.01966025456185258261976338043312963974,-51.43725062520997978234635294112775116276,-51.41398961238775644880320640120020961498,-51.63468479781306153858559959707091569856,-49.17138481682762432517759740531128458205,-49.80581623384327123408938648680984964421,-48.83132567013403722841259185469681375497,-48.10184065478033533858265113817141385419,-46.18864798120588716715831650813810276706,-45.64085863660304514719449345239968847095,-46.64661321765168336086309921681835456769,-46.31794144238074306571483996318723644802,-46.70338217751252170684968684431406769462,-48.42021208752138686207523687602746825846,-49.64977632475157785727435411385508009215,-50.08227602751565488435306974994194156718,-49.23893404848019900953569520191811838683,-50.06439268212665730104160049269981455309,-50.31245283295327228903596995168127507834,-49.13063072650573988758442687015044911538,-48.02692726163413474952315511762149274674,-47.96365453890995593176582013763933785643,-48.99800755703206111841423055355061174562,-46.84519557078556487414863233574245188498,-46.62105555812969513523144503011606824138,-46.20685743568846903595233577385958397868,-45.64050013259918647807748957867878927083,-46.68724986389892393526685828200519678548,-48.52544163376830767821389681535200417385,-48.51910085656037367290250694952283444857,-49.07225267010543249422226544878329837067,-48.72544910397977321276259554626868740221,-48.50416278017647858506609671160169283546,-47.93878381756651994844712504265594206974,-49.29224278803097359405785392388139287591,-50.1521301666051294826626433794771581433,-49.25083291862041616259226766503861382648,-48.46773680969732768171434890405393603907,-49.12997498182733880500356919310125187082,-47.71470811726208934113758141576995099895,-47.1534467931802972391799436758062909557,-48.1019933259941436315404622079513726951,-48.42637508210939207449997314055731209417,-45.5162700564263450100004086073172607555,-46.5048903993606040424101639923456203171,-49.44541739743951435587843935796596205805,-49.25134681380091949881116104335275285235,-47.43099578458664823742626538546308287808,-47.9802788962359658309933337600913587295,-48.88610394872726840743911515127597972196,-48.5118845988927705105747584830854990036,-50.60547691988118475561772321702382218567,-48.68486681414782100727612452829098164434,-48.89874535279751226466174864859484282078,-49.07342229200301165213980553258918869439,-47.89842556468267045539451524630743926998,-45.37322685827497005579128437858002913571,-46.11388306400528380246534648072557007133,-48.52334136078746195494454504677116546944,-47.63830592276221844400169539909363916905,-45.67915607066688760858159125714729722657,-46.84004352527078377875188562488414275388,-49.30911215254751576172124364038779705547,-47.9540371324342462433356315616047743692,-47.64183392066737907415222147888224164438,-48.65413090124033446781390894261774985358,-50.37211204550191404640002352910712940609,-50.63690748776990762797323072881211504556,-49.96573942883176142743281261863200354135,-49.79393532646447549198351918446215663519,-48.4447129469476243275829466377326084204,-48.55353752756413502900082815564880042978,-47.23946545210093208637146432349497863247,-44.32275926787820812817352276360382827066,-45.85529879208534433449681626713764809119,-47.17076470269035615129383317710191540163,-46.76936326399115698816022456787907880503,-45.58321251520302306596583710241982217706,-47.26349766907472453301833102098169556997,-47.38509867551832799130021550769109157768,-46.48237876661323367786306497424131157609,-48.67342397805560986346558689245854958002,-49.42497230938171543629110215646592190463,-49.54079861942439095403366872882933705284,-48.41017663980424565071602723083453962041,-47.40298752976880142070808770757675657672,-47.45061517565078783602390620839296203826,-45.64577572247272258154803093276275694724,-44.49650199026143506861452327203146707094,-44.20781447086417174523175592550092110213,-42.5648737820271860345007126338865290981,-45.09880090082885755451238568496965129739,-45.70257113078092170236010747744575060366,-46.54503434345180178308712218922914355115,-47.16151498881467891291969981466034845127,-46.47193006554455643109899051113962246151,-46.81204099840310587888838988263411842526,-46.78029005581896786212597064220753177311,-47.98175377206545246268417046040222410814,-49.91953248459357249388015268481636864053,-49.80302288027491010663238175404737115209,-47.38479821751738704251841824326518422314,-49.23460476544148869387605712760606870344,-48.74226737142445743112814829979982999817,-48.40989066294923842134091148759213552876,-46.3725874959455541933538487783537807716,-44.99829183138045377908178815400773266183,-43.58333449533702579972069899839687863662,-45.55884144501243930655827430567280407715,-45.83451012548866935698057920709709158702,-46.55292564989753755560630047695098985908,-48.08135893572930391667941154229196330046,-47.97383015535753944057197873597531795869,-46.77653066824788232572523773614284316027,-46.7016224844227105302301236981238929603,-47.09885353462845134609663831692388651564,-50.97041002149970194641471924081632112459,-50.05022477429263341748575142809397719881,-47.80332265291239108804702328176995079388,-47.61390740384612212966373572670892870266,-49.7130850494030933155172395018291522068,-49.13497370983406397065220963657546574982,-50.06145848429893895870591653332076973979,-48.32557245376862715414755663109359498079,-44.89507600269752165027282857819814445678,-45.1480899569334772889909778810575466942,-44.94026398362273423067838007756000244172,-45.67237507072943709992510440114336839965,-47.28953272753427067695899294779013046823,-45.90320826672086300156397412334014589925,-45.83413703577391759781832370312880661873,