{"chunk_id":2749,"map_id":1,"chunk_size":100,"chunk_segments":16,"vertex_count":289,"x":300,"y":600,"vertices":[-50,-50.44492594805908249512209814777215186051,-50.32045171584505959724997242442318276445,-50.33488683285108041843594718587790522755,-50.44275180755697436919296446986004232103,-49.06710081117770291146263786232908173776,-47.45324716459818199390685139219267928183,-46.21897782884562571033112216222299661717,-45.64653547969907802650475794084752353749,-45.81443022520629254819803031687461340264,-46.77343666511608240242378406866354268716,-48.32173878929059313783724095407391114472,-49.78592374715741193608811811697137541681,-49.48677708660135063532766342825561788369,-50.58927270574041539477757227106501616369,-50.18533033253111601395029956288136482764,-50,-49.75588465438272325765353021289862859972,-50.39513966646971694954746562024457130766,-50.24817254660317060653005597232866095464,-51.29364334961071904528726207459444247443,-50.57826402855902319053669730228407475571,-51.49969144483839560096084807221363148068,-48.89465436086870336444603284998763767127,-47.91922824518476491681071038926989472363,-45.9565596006282898280219095068729067003,-47.61510399119932368237100019390927664874,-45.5467262065900428457232978600177608839,-49.45769008616632003105533950338809809108,-50.021816654206399599955566027046870739,-52.12921009917401518457628780154592633344,-51.97246687301008069461444534231076430289,-51.6235686525592457746748492468952101196,-50.0700592874917952426957670924488322666,-49.0983861954624835217810767750488941986,-48.75347195698508361839952158653008350446,-49.44752794489785519615277100991724796474,-50.94407641150765143086866656890622930543,-52.12196694382089712418705521988203062757,-51.32521640180022943870527724933632102352,-50.13503185888048033286335304609487255658,-48.0264680344859854116895836096901846127,-46.75803362500087646806693043740510601237,-45.69739399364694532405673093517718392135,-45.54301556879975782585455358464039616341,-47.33856877717922640126661294150556732373,-50.84610526206848733188454758160622893457,-50.75371373201414488023382437907918914341,-52.25760448266751034191695818961607465879,-49.67730270285603784907926985132067567686,-50.81259006093839659179082811362333511721,-50.45423247452692378357684170582496844737,-49.15380769306959564496448208625015562288,-48.11522488276353807640366517884231867784,-48.72648446545641622198299383767191719256,-51.45860268813540389308464564275329105255,-50.75478980155643641818738917308037211533,-48.02623713337467842400800776236192229497,-48.48175525319919529182066930652344251802,-45.33923010715880883298421665957851994639,-45.71198086228738413624337075052095424518,-47.84780733543730309841165532133745285476,-50.65663816141177860498683810151543481059,-51.13491517396782755396754657127939239466,-50.84776211448392820565701792166139780154,-49.65335834641796801723454751701025869654,-50.07091458256706092495961225752968352783,-50.66437080733540165576544528054160258623,-50.45741317173813720987033390480371057332,-48.10242767329008402429689062086131758102,-48.40476652711604111069658503202141907281,-49.72071327083369376000133834138745506191,-50.65752943292912644120391733138489975327,-49.33966979672602661416948333021295780326,-49.75650112364870290779622857942389247886,-48.34761300579654712177019978913554924074,-44.92988494516041842521243180748312209999,-46.33212962419117250772120217686302313812,-48.90858481515618565328222187833323221827,-49.22215051007539625475252863701611635686,-50.75944763967851146866393025738333686718,-50.94106688121628648222840345068117280862,-50.05332302919894625097326018668401752439,-48.10453236129930125931538685060511480183,-48.77000557140132888206792092158230119257,-49.77672365924810766860569871490761831255,-50.10417213785660118895721917236832011345,-49.48540450423434477708339460991810261782,-50.8209904254649619704181802679862133135,-49.11588675850099080905554889812207027885,-49.92291511488821331705676214704183695484,-47.09612325032560788072746851744842163686,-48.5176802285595471739025135658113000376,-45.16996078234440361914462480895517211583,-47.17962220398535609152283046349720708267,-46.91203138360735685213487986741934543209,-47.48538764134045140988964216811383943635,-50.68662724694618184112432507022906413335,-49.07185341698796299132627008068399297244,-50.00706860440721213103214508411447395115,-48.70265515942677387196811229792967729075,-48.85498776281228170230804750172321484545,-50.12082879570970946246996502499854506213,-48.45647049399393683267988853100084320439,-49.8486118735557696114347805525567552784,-49.23405745735099007421141700996413062381,-48.97528824691136015032152935704801552943,-46.19493428509898348584723189268240965324,-44.49057712498770186859186685577067359172,-46.64411201711237297706803569141311316204,-44.75467552584898361034659927944428815296,-44.61504721265598114575706592146453320337,-44.86457013519702894972577075253743060878,-47.15745883247706137173446297715415254673,-50.5930011445491566105616427946801407666,-50.62984956936243096194110821833974564925,-49.77942039236283714220481295811910129292,-49.26144086365284988231096664185598333131,-49.9232529669906735710460712339023150126,-49.007740361285059107916165199300024978,-48.48754699477610740051890276000815496672,-50.18819049425119962837762331619732780404,-47.19229568940934047191359381708823649596,-46.43642182957715731418527325390742621471,-43.99522051828745049952498312266590850464,-44.47427276879531660333791130180610346803,-45.62468067392713513434188190897340849033,-44.99407888253850612603394329161816242656,-45.45474601406990431246413257931460999513,-45.45977160108998816226078759599575307341,-48.15949556137823010738404227493081283454,-50.47517313094495369196081168715116856921,-48.51025266385746210316728602422245198669,-48.13916460886111026880005211776337777641,-47.77765513404339230674200429413736904171,-48.57703547385261754534923807916352018233,-47.00551772807848274306289085774034800385,-49.57057457321478099094428635311921902329,-49.86137134013950164126852315743050381779,-49.90565733143965391254654966408183405174,-49.56430651049647282486360662427827188413,-48.32933504252865838031087325285426232902,-48.15141498200281757402269146536537950946,-46.40808764100931842383867226136898369228,-44.73109410064196654543000238236274029165,-45.5503826261220022785108084293526725657,-45.0752624155125476154676329645154683195,-46.79996450623355560450672840057774091961,-48.47699116100678249084921679256070148962,-48.69717142438795032398489065962335145897,-49.48194642667084203871609713065663144455,-47.94001312902902463966072083618059565736,-48.23318135329171371166122232992498249725,-48.11963566185183692218550710022477111539,-49.52026006819027072169348024186932990729,-49.57857996402544635760175990736742435681,-49.90392826151393577909353699937438878655,-48.0377521646176397955643206908071183303,-46.43969290924861467846325145968862197802,-47.07879915747234337067638925281175186418,-45.97684698678747475048560204114292264299,-45.09547960302293478301024687776371426456,-45.10780190278930844917325552487608276948,-46.49140049668340635563103575554783029804,-48.01353820371709029540558676608788862833,-48.20553186774337629006768808550581326961,-48.63882123688784387760023103253439331782,-48.47380571060520040327502380899728716542,-48.55651041649181465845959719666391982982,-48.63942928144041861218834327279094428426,-47.57024352351176809544625870766311756396,-49.84673845054383704578679639070707970017,-49.06829103237137571462630364400424609711,-48.19365187275691087065522355206382713367,-48.32692353494995244211901504047413047661,-46.27429703642128575459519620505945393604,-44.58033361897476721362568911116179054461,-44.67988555137479665267071021172428211835,-46.60185777319003878171492291082375297417,-46.76681697150904636398370897902412600809,-47.41576035493278976573923383599131384884,-47.99897006395389239503769177666675094323,-49.48228999836900236857120837756828290955,-47.66403147280965499492950838364816402364,-47.42218235615333384837427224725687061332,