{"chunk_id":2902,"map_id":1,"chunk_size":100,"chunk_segments":16,"vertex_count":289,"x":100,"y":700,"vertices":[-50,-50.75571479640041611292018716925019874122,-52.46925901108159149667440996087297429482,-52.88502868755553420025025552445807468013,-52.9585805600515633722304175476224488025,-53.9404280249151748860724736736900665169,-53.20102579742737663867260693025346459001,-51.95309601682918807941359927575698272717,-51.92059330598866912284475003508701860053,-52.57867784000575629516820744207542514921,-53.64244170012918449419974502749228779117,-53.02884060449330759199326191711733969576,-53.36406819962588152615546327039676207408,-51.78068937838187721303650572625020323781,-51.67815439875430767616828718549166387205,-50.34225656745408214397448759083760934244,-50,-49.55950230639206254388210977222252454869,-49.31166492083279218868295684326993403039,-51.77196508335413092713614779681888977871,-50.85676617356180053987442947681641293535,-50.42009397195410510999482967559046641084,-51.13627739839140680882994395692011294804,-52.98622459849938158363607023415401229435,-52.62142625252659298160465946096280846543,-50.40105788556663222628314950244022338822,-50.94115826442036475707943409977141061612,-51.20368467304041650776012951906113624973,-52.70550371059097958421995403872885374778,-51.31573551235917421987751684838354076086,-51.70240748571633861053384139779095308285,-51.35386332620322766926635022660079809988,-50.82311834081612603375088615832286503364,-50.74144293135408228339785847135905692065,-49.33087745607976539515071471743172710275,-49.84447964563846516372814828726338863566,-50.58271607327983298039709325509137363409,-50.45574537328518628227755415207632390523,-49.25833984197824066001664451581030769139,-51.64628634976032537638158896045839983819,-52.34369149008361504631516554604804455981,-52.43391553708139410211477886319369471401,-50.14232385271113449027072308186265690862,-50.16094544867169423574362555262955671198,-49.7007494772290490246039644571707630838,-51.18801766598879030409092878940465584349,-50.75847774728171727646827585067805001971,-52.0307826349446703358584834338216494095,-52.31880119851218426073795884557606612844,-50.38848082637847283437410297500357668435,-50.04103586696087268494890050641821967171,-48.05595348027293522930473837639908680353,-47.29853528058421715707905862767969014857,-48.97148563571625131830309101192069323894,-47.07051813342455590567550432900736843209,-47.43428519292146464302530394685154179787,-50.61110576646773587389650519120230255081,-51.44090467824248312517523861157889541673,-50.99856655095058714177367264420905194521,-50.07039338169903338174553260976664812943,-48.19142553767324237292027732360966970165,-48.75457285593662001085577346332954079297,-48.24496751283807177051078854419976820125,-49.19169429575046207902718390498846512236,-51.26091082363166313845417459113836031815,-50.9285166749113104886018579060987250745,-53.01477122320364381479719019858669110861,-50.16088145846948296944315900631131233008,-47.54935037140250627704277486839197516029,-46.84369622295258460660879481825273229012,-45.64485923513476469558287745529934345426,-46.27898919096352160828040477204328395716,-46.89190699386558833638648532477594542815,-48.16934444229040636851748630322449223999,-48.40075264002469073851488190030363227772,-50.25356296866861765669612904936479968812,-48.63172477687827405602748499380507234632,-47.92858824108185041266815630486752515218,-46.90875030516943745853328855208954932401,-48.08945248562183579684289208615146526478,-48.12479547257319605107896166693545622789,-49.06100840651702121846805917180072152577,-51.1209400215664884334377803258405322501,-50.5720181490518653121956676502927842835,-51.89429521446244664829533814419453682532,-46.85367024701517197398897210937940560198,-47.53893039323794539788980476104481863685,-45.04954426600103333467829653518725082241,-46.91047278721421977186952952624009419444,-46.6245052251952860541873812557951119013,-49.05217875511345408358472468356059875863,-49.89457705529073575606189549334081310305,-50.55053377046021114924310022043939123428,-50.5838727426949070707219337621101707115,-50.66347121180509272722971293255119304707,-48.64420995963649210551103915932532957257,-48.67855794938001760845272005135738571543,-49.07596111356456449669444310215402548999,-49.74813053579520481948243689327064528709,-52.89751538368653931833780408387031393688,-50.88583021099187911691180244494678237806,-52.66929696888054371285133918362569883666,-46.52082076088491049361794884380547155032,-45.17883228381249013607071131348522172136,-44.88885244781153251991828791855761655511,-44.85494992970606866664383529354997450619,-47.10431151550052513849654866082248589113,-47.81723636301524596322657316332840531917,-50.32795108931047634527437448581567163504,-50.83260385402253455563074864913376357185,-50.75727857624870430870618918916339595247,-51.35305464923895800778536351813451832115,-51.17731484328652068928870288201835802407,-50.76865115003205838146920660116949545151,-49.82968344460487587091257021289512366535,-51.95416453143986887061993702160788038114,-53.90446426787985125533099420236739756182,-51.83342313476494166364901271947256680768,-51.65949691914733296252158152434739187974,-47.99366830491207289263975931319258126498,-45.2597373277351593343820373231282717713,-45.72620327806064102115593087185843002471,-44.97986434844572130013936688705103359464,-46.27120282432197406397827727655466415336,-47.8754332262232972565098554166307976343,-49.22591609967122389326004339088069110038,-49.93599817023174523685519918993800691936,-50.61122741532609486755236021965307491167,-50.40848474378558899710648338571018377847,-51.97885815628992656520315741614745319745,-50.39509702103990361679072486664466821676,-52.27446517769362574240562129292126721121,-52.16443942373043220667836204966995730846,-53.05930126139375040149149994562640083571,-54.9317914414313783896394877364556234991,-53.33040827135362234603781740670390574573,-48.24598783635006751715093581873277708789,-49.28382971574251030917936501676209745578,-49.25717851405204149028142280143776775663,-49.09698161809121330995701106966854750477,-47.35818820235592789514061070971022097668,-48.08111654098011094284221542324789785023,-47.72114978927728390022575840949658652252,-49.18859246804209222131480217759569789021,-50.45063934952702931790129370049997743345,-49.39641490761433988238562438284280489029,-50.28221642303858496288037179241913862531,-51.55377857017726876748098229397149363631,-51.89265477184295592019127008821820300893,-52.03756248508673227167721945788774854278,-51.84903171556514933319186011306575790891,-53.06461932507602189321984364630865202942,-53.98231429397344566604709756415741969803,-47.95175042935172263081011145947002008033,-48.78225779129455401281117199596898236169,-48.38486356992010025923227687831268024908,-49.76927901886306705130962238874684122504,-47.29884837805551639688015980353255593702,-47.84829135972780413538875789257500132462,-48.82783324212801704857839619642036692159,-51.07252358655588670785117693351131306774,-50.31415359900812127062856383995630159442,-50.90951350435043518357632122767428661248,-52.04140409401117375105743154616301745034,-51.89618297623213639171673567183595667715,-51.44793885042228827198909860591489199232,-53.1821648658275760941393120727313431127,-51.92700698612742318151842714005099710018,-53.50582951351015783417996904195419185569,-53.12142162700923700017787889857214628175,-48.94648957119618401533971740812993537503,-47.72339706891410820852551370982282839336,-48.23739279289633742232482724009434145244,-48.22688552547659839927668172669785188083,-47.23995665016519528625957512821789734142,-48.54051531126016416916411470521423072872,-50.04439713596909963809782893045779919187,-51.24318056903128147395814161460575099211,-49.2350438972860104590182677160543693688,-49.79170345312000720673584855609067319147,-52.20448222088549594687518136589504017791,-52.97286259546100563509756599013006962935,-50.5423710013657069754343089092706997073,-52.78239114364736474888310803838477386298,-53.46724180961169155480283161435434621904,