{"chunk_id":3942,"map_id":1,"chunk_size":100,"chunk_segments":16,"vertex_count":289,"x":1000,"y":100,"vertices":[-50,-50.75938833870348943094613367839895300929,-50.65266745826463934296071726513423096728,-50.85970581093885441964728418846211768625,-52.28153259161416075983919313561961172795,-52.06046635185575430504301912599371678481,-52.29814857566678152792140764332917675315,-51.54860603849276732421063771932686175146,-52.13720380938955741810614671561872257152,-51.47412024258918833124377515002757005796,-51.38264637607452895526620507471472569482,-51.64652356106039445039656356277862080723,-51.97796975502267210565083900836346313249,-51.22925496455108536437719019521969942109,-50.86553867985097491833269779541221662771,-50.09378954233011109057238553991909649707,-50,-49.06914661325814757372195908152918989518,-51.34120801699824100419806716131345083896,-50.36200353548241186433160717683533751001,-51.36702549431336170723776856715891082477,-50.48576440662545046338814636263527313361,-49.66151250688177296942731111250835650414,-52.62875159728957624408640182154747762343,-51.93739404011576206984136948099192068701,-51.62755112121209344262122147889773267769,-49.30818586724371782951426371334656190402,-49.16047854772185770868853191635553781863,-51.31261773963306760609894094529272843914,-50.5947871180766280060018905026031275529,-49.01994728734864033421914307522087607342,-49.63576637117529279964684353545078446033,-50.53662037091979910688896920445830066082,-50.89451098844285645510174820771499932345,-49.23493059077433162061104891909537565964,-49.47584561390077625244756157058544360928,-48.74880785810195536508161938771805758495,-49.99679647519862564110131160496869078169,-49.20361990705631618550627246775256026954,-49.50562403905100954360816364297233839221,-51.21473821153675374646641173757820808841,-51.14848774084831148797135708769481640811,-51.70585724212768722257298330981300218567,-48.72688425353462218323833794209679239741,-47.4912160990119543321930708136201497681,-48.86717844098058337938797331407951505397,-47.66234653611176944812101456308501691943,-48.0252250982616128028178982888647886889,-47.97773214382311502519202396835889436938,-49.81137835302317882379495135473755548872,-50.76373466105682585644271227103621503023,-48.77030459423578509175666837510196995676,-50.34964716106166534799778983969316379635,-48.33853573525751396379351533688744035767,-50.23966478891836087254043172874151620637,-48.44343296634132828149459192591359782288,-48.43843983435452579433998206806064631659,-51.46963940771514370816061322658634230542,-51.13038922764571567841511249792879823271,-50.52089154424161756079450249460659654865,-49.36067969511474229634030907407987395834,-48.11924827585751492990115975831112640126,-47.20865752608136292082067252959321803465,-45.7088962223108599306158584585394266665,-45.76916585062630487331508962355320495117,-48.35657071971363173515733896263404076309,-48.9826868196443932706784106050013878655,-51.24950853975696537065208469439442823736,-47.52483545679316668031599383295439707642,-51.37771156800716852671762983913409048771,-50.16447177822763856963559357483306329405,-50.01579644449652664504413855914758707866,-48.96260866912715130412834561207227505842,-48.78115137257008425908275358126477217248,-49.48700466552311922742567828829296765215,-49.56280368339438829526707352580352062166,-48.79718207572629631656022083200871679754,-47.27396882487398022326265185441094149577,-45.73227534130218992259402948753441065277,-45.7227061599323855533542621024463269464,-45.06188606847248194312529711793737741641,-45.99446600828046674794519116254205354562,-47.76661293367992381661174894584293651059,-50.28831214146078060011698572547718385427,-51.06880208470076618918196678041031398574,-48.03042423854060359615710606975211945606,-51.95284602500402950328114443129002753401,-49.86907770625341092107174004235766235951,-50.01952405991886900314567197048223569474,-49.17078383525517564905921664480557284064,-49.25843387839015995782633956553257568675,-49.31678795497375748984991755052316931342,-50.31135979433539966995121773167504642926,-47.76376795489604984631570163734676783556,-47.91145924086763526101218504902390015517,-47.93812311336534736670830651982362596979,-45.95398295586915437888934407518746652335,-45.48751639938084558590744868628556669125,-47.9825820435830716066311957768970566679,-47.44171341587219297167425606488099204062,-50.68248936959176904440666003693907178482,-50.09284065849183819866551024026530001715,-49.37264703491997535231167578189939015726,-51.35105018188682112231909082601955677591,-51.09388343601985538842657716804614339834,-50.43350309020617072508618241320568444196,-48.96377256900648256782341489904945498036,-49.804412259285249906442503490630661675,-50.09069962546219038562039001534460490104,-48.25924495549637948757337739929955038257,-47.33609211177452431117468905000909779812,-47.62964705138781760040786598024064758836,-49.17292820029303886148842703308538160625,-47.5847095266290389284285569815131753576,-46.43495485800881736890853983963860373717,-47.0975758723123062643996591516150749569,-47.49307572032617346113378236088251697554,-48.77830381637040189652868924508522220631,-50.03523843296130329413433404341392001508,-49.76931442203302537565956079195658863715,-49.0604595917960889653454363398886268495,-50.60697546817022044457034245955155933698,-49.32756927654132862874372242387364043555,-49.1001210292856321289513235297246125091,-48.02133872156239337838528547553109256269,-49.21287506543340957924162069680571939762,-48.03116328197095816521002396607569456258,-47.48265010194928046549241677396363174809,-49.28524300210516138081925939579485192102,-48.34375778701143517412280534621849491082,-47.26130094142600688272587573373583995087,-47.26416282839294639702563174132576557388,-46.47886173517547729883399752982681843211,-46.81695488432845045271812996878587282887,-49.1190823915129638320319520352273455116,-48.30298476170512874384110907543555403154,-49.2985744666697316294938775967442134304,-50.40822151212707871526847824352623474135,-50.66432238956249229151649642893519033712,-50.96861551525478579740767459468295448565,-50.65578923884730723734021275584787291482,-49.76677065298878481370055396721750646633,-48.77964471533722979516690148743648455229,-48.01075541873903308677319738508564859649,-46.91607306695755722708028326911598915755,-47.6278815062872077626428688857282568823,-46.89874309852904205584860279127537383001,-45.69878370291356171936132293331985896245,-45.89839437384698505504854681480292304592,-46.44467383566810050016221075205611772908,-47.37712663407716702552447735586330704624,-47.99026618870619036564049960320861345005,-47.21084949794312591862844860522979059371,-48.96258876638136540397460856004346863382,-50.10233172327039906732316769409566060203,-49.32493834102778155210295641239720124862,-50.88028800039016850090819455628868325233,-49.46145496687523594425462662314420012353,-50.31562220382520445974226874759494535878,-49.47977640856882051453192314062782268273,-48.34759798748225374618542170306747025257,-45.82828724464485579173755309990162468952,-46.75798076151536240733124286346980415876,-48.11566477063764159829959656942325861495,-46.75570511045162900843718994748326614343,-45.8294981761919324226115468087681256319,-45.32746425220533741171416673642489112421,-47.22970486919357959307056962691834404203,-45.07736140544750814133848468061234309627,-47.72827637273454190840996052847024137742,-47.55907818034232447287629776141960394808,-48.51739944701590038483161113082316978867,-47.21730234281673366891500415213063526735,-47.29534272119150596660213574551922742146,-46.75651599274740077234778134374336204478,-47.92952199977751132762612786925503773955,-48.98555011318918140989928612851783706736,-48.32508289713170700454975031902971458229,-46.66946810070443043341302178535957029198,-48.48485737312396265004168192339896199749,-48.65501518678649225505662526119640726242,-48.82511954346051029957315116361965611659,-46.7656857781271305373232440628012903847,-46.06546142090472060635075727501447782816,-45.22335711565738881439250753950348655062,