{"chunk_id":3685,"map_id":1,"chunk_size":100,"chunk_segments":16,"vertex_count":289,"x":-1000,"y":0,"vertices":[-50,-49.76343267726944865852993966187942241983,-50.20621853865701762098231364511891063088,-48.50882299204006032979768698858838063095,-47.76617678703570845603375844492965550549,-47.91636008671190629997429698750202934372,-47.31063725156892204409799778354772807712,-47.6702841385934910263541402358349871436,-46.5869942146919036199488380163567037374,-46.74124202013138292042893935940861947477,-45.83712575231618827786798326881926259509,-47.08663089250231883405944892657845092749,-47.99891247841046313044348667347875766601,-47.57778796446001641265480461837098266916,-48.40373329331331175896814473161539299668,-48.23148901915022045798965903272286753259,-50,-50.64882575772566272968257616369004926287,-52.02295150375338372366517080311542429366,-50.97744770794693695682363060080876030178,-49.24339380125089765714747612122775794187,-48.5393874109206389037659668275529873452,-47.67416245985217213556539897357884053722,-47.67274739591639072765910041108778517568,-45.8812507250791533912036044164381091288,-45.90426464367083159882479981673814045825,-45.61313108736057353748159096949833283767,-45.5732960712230484244131572979019102465,-46.65584823412412743315903578781203353166,-46.54969927703304516747825107949409352424,-47.54829042614549048903087765955816122569,-49.76499179146933625445238364661615600107,-49.28075127326541115986256018939932105841,-48.05686810718375167222270612975786647146,-51.11934271270400647343339726202956782255,-51.91141072115582378774075959847897623319,-51.8456321821980471271289940570745386038,-49.96962173302691153329185679434903041911,-49.12647864813806463116467495368985681835,-49.45807883511697204940594698050980030026,-48.32815041040696597188196290384120311795,-47.95229743634931226154741698540156036152,-43.62851146911888172224480877066753750289,-44.24492754351298757511484702454918162052,-43.94573039962547300607003753620479672474,-45.44034498098970636216606282356014713282,-45.5678940005440171792424642738607244726,-47.25038761056981341518031909739635119223,-49.64616312756994992544200010732127900696,-48.88810395139198176906435238275630359238,-47.62600984297304108778455240802255912467,-51.31650237834012737085094531117970393231,-52.43959285613573703470819454058935464197,-51.20448085931762534819703181512153764446,-49.26967877664588558623142474090788454224,-48.74480815048800161376034766326158075478,-49.87665148361209860409469152079216165672,-48.89842535075235214501728370696980673761,-48.82136457205836275720015161390793425796,-42.26590978288456372535213222632298236364,-42.77775172778687739381591315109647977116,-43.81734614541300497624585913176407814141,-44.04834062411348633383259549007054821841,-45.59261316287047220501126762219148088977,-45.87814008007711380124475779295805551844,-47.42424132576662399802714838775286947177,-47.21210887843136962505878053660957005194,-46.92359128602334003682006826179730934328,-50.68844457701481686815114424664064250276,-52.49505456959404872395591138321770964244,-51.26456908359662517834731335221891143157,-50.33772404674129592418454395631575238778,-48.69667017132637874221924833928058354635,-48.51346096903365045267350571418347894071,-46.47670332661179309387320306548175441397,-46.35920898201559806053169978365487968329,-42.76347923030190529981473870655460343334,-44.34804883159187483950520802455948011283,-44.22686498147032031143064161369795529729,-43.88667974932535992345590010333544095087,-44.85919280250245960383187670374470675916,-45.69877567095064592574167578533405980387,-47.39258385975229113989205672398223441049,-47.05446748726255775218060837587275629587,-47.34462187106955371994346693992518925348,-52.92781809212365620954842109525816563643,-52.47470135394288844457964223289606881973,-51.40705747230150734036102030853786665093,-51.63048345595708573076333801767856686695,-49.46064531010159417804210323851749002026,-47.52081295795678822469120839817443106105,-46.35636745910674981323095800385304310769,-47.73282916554517485925595944001108894995,-43.09790381425420489085572562675001329126,-43.15157012573604115132829643493912942395,-44.60141258717445860009729357098045449447,-46.47970071250531602566231667974354079204,-46.14856626860356187454224249813670338011,-46.51649848614405741793363217545924343773,-47.6930897061276877100196195322733576152,-49.46281643867378974523874429311925768362,-47.67661785470911616547971130448650695727,-53.27986130332002450379585577754408436584,-51.47781174285589959747624708466234627268,-51.39680586138212883735919792212389352863,-51.23982651868125432798578178207026805738,-50.88903526068320547180059203478752985637,-49.66459556193377499869152938029585211307,-47.75830850280096965113514792156996441994,-45.96537051504686861458436415015864856631,-43.45926623733043553456540638203994545175,-44.43031293626074272597975609812667115841,-46.57400643215146109741001485016309933981,-44.77711848719012929545876876051787960805,-46.0286953445178317391980684999719490478,-48.21974451090734732766616275511497007265,-48.69925002597995018711159540004937441503,-48.72571186007742175432599993048460979117,-48.85102161706551304276747001757048973651,-54.52743095991918246691403864067200117382,-52.56980030791825395930810656063917717833,-52.70560988587498892469881307736644489911,-52.41871548554804447505198814732292987445,-50.28808365212101050033830507443157870696,-48.7468761624633570654740773765610442592,-47.50796603734137806255010138960113730342,-44.12433325665171337078645903914163438169,-44.51258276364000508267891963303154053686,-43.5627296763151244682451271620494184414,-45.1975837962834920367602459316585151047,-45.69227309058992419184239915816016931959,-44.35036464041720138271084645641248338985,-46.0937203508061147333585904823503255578,-47.73071141121085858267141739158414924392,-46.42961601381365763173630301345955374128,-49.47035632744833958099278411634877161259,-54.0128390767362124601037320711873844275,-52.08732891658452424517874205964544712185,-51.10043495862546332908054737118381407666,-48.77188281233988150573830239923666040751,-48.03089243712800448337465911077636401754,-46.85953976907356620345586336099956657049,-47.18444082273978992219222219962466708989,-46.01292796742602614606750546343000622806,-44.1989185544580099088929657594130323803,-45.62440554568786556790157154677761565326,-45.80277394381406722133537301611137173868,-46.24660289671880337981399171086878173593,-48.13007244976638962249657556011928252916,-48.07327700128612210215441978362911292971,-48.16520519129703960278411547055163008262,-47.51393362422310626799345891335102317152,-48.1701013694255856126908305289297844347,-51.70084083203330119422040041447094063229,-52.11879752694019473377933449329203042404,-52.1620380673890245491291507182966602678,-51.22919081857252240373558323051670396906,-48.80079245811637153297520297041131354879,-49.90468297630657278430178306610140344449,-49.22414876894568599986301910204652947585,-46.14005749520679406606642950511935612873,-44.2208033109047590105008651699972645919,-44.97152831864722072971255735819494568283,-47.4768626989100319222648160950269533523,-45.78454258644645107501268631577198258137,-47.55787671768191238515906725422841192067,-48.59255049291298719815588168325374370511,-47.15854444569706043253433498086838278942,-47.0479802018277294151669332406900469554,-49.17077311019779459701937488354895703106,-51.2059791703848268403871169659865172868,-53.39665636340870178649798375070052157216,-53.50595817172217933329813029947156317957,-51.23921192203105409188333126825601806873,-49.75541431059512406745031862274319320718,-50.34488560112017499757981545753489299401,-50.53787616366981481622291392286027122622,-46.99723733622104697580707406906401736553,-43.47627684204669163919996349810560868858,-45.8945380491987305932155398800665861068,-48.36173140597038114697945828847851996015,-46.89485214739434663034624908911744987551,-47.35294513585664412812375633705915192785,-46.74356757146885340970078644397505900522,-44.84616383319721715946463286060890541823,