{"chunk_id":2844,"map_id":1,"chunk_size":100,"chunk_segments":16,"vertex_count":289,"x":400,"y":-600,"vertices":[-50,-49.66558275583387363955311017149013091463,-51.20331606047336042163043978924908242005,-51.02887523880487333240515245614628829467,-52.36230073082990237779735505769878117611,-52.17426631436872779762566280571385629705,-50.25778025052742892299823317184821066866,-51.49991405718671843249246992364338990461,-51.01708638005071594797264950106109303304,-50.90102842015881124600713026932076879601,-50.18530738962364172658479977289913822919,-50.7408590910784101958015401421039384963,-51.94826496435141942374610232857605769452,-52.4768020243513080514504417197655943781,-51.20626305232793455249308012553117615091,-50.71632170666098261501010825444722013707,-50,-48.74218540924056551025292327383246219057,-51.70443842926253893144511708880287214473,-50.43217040666277410383304428357102159959,-50.24255366989758460795629841463251501536,-48.1881702484061193098541759167020138244,-48.07083843582531627133386190005253279133,-48.17561870263865734468538048784298495707,-48.72126474009456916101315271180859222444,-45.65473649871745326989885233011103482868,-46.75283668925967309155175973762980089488,-49.77138191182687231114922461169214940163,-50.0592530289988261101442046704621335711,-49.52887082656702530694688763750725681963,-47.3704104743471677494951027631529027208,-48.33896000405330700592079229916619917192,-49.6086014511309524177107232711840985586,-48.93840159661882602465767173851494562808,-48.4008931878208879142746894134280593641,-52.0630161493873883977567862912616626984,-51.57988395113396016080961666285587136876,-49.19586686039725948731030775939794970795,-47.90373780396343535733605589560163946539,-49.50384615097181078740024616713020737987,-49.64789069108947711866439003345155345537,-48.08439747651413916703168591682468800635,-45.71954904993889604313346290966761021914,-46.7045725877648450075969320802116371984,-49.27181966362900093859777882178603235793,-49.16583385964608725769375588240038091723,-47.58472441032973532777197028343932850026,-47.20746139077621439344602818268626298543,-46.74041729514693893552589414197448964153,-48.29370579706839752461773930388570974644,-48.5663585934588259618693971498540713185,-48.04022970096293218695369060720581878907,-50.87074745478508903984232919491622000576,-50.17514487696886342837307405278299545438,-50.22173590724570547588392529055457320669,-48.19591542685351115704553802291164670173,-49.67176136009792493711174092011823409852,-50.20701442346611237047207694060825786695,-47.79750629113512636952155877144290685268,-45.06803025559310372234279502779824448666,-46.53566629631644446584006873522074188979,-46.61174679110893206629818847598408271574,-45.59031860484707256411141377734783869351,-45.954965046860374704316517422987084493,-45.12714201953473779539531384570515151348,-46.6340070767648252922039069445041611832,-49.67511696996306511580245233699275294402,-49.18042891424273985011168046116768865745,-47.59889858208093417304096025752451060445,-51.92253914867621425530983559394031885354,-50.28516666749654785198432672394477685804,-48.43845150588346104292447867717140896031,-48.11167590249001899311090711724555467208,-48.81788518975894211767256583266770777959,-48.260978216035055371591580512360916176,-49.76849191915702662496926312437091797481,-45.56075472736097472756266706889898868431,-44.12204019295453155776081088381215794477,-44.31161674870788072768884145202469716874,-44.90861094537468421498862042444698080435,-44.80850069208361539328684961226227668945,-47.50685605900215625338999358179876643089,-48.61231034738487975394520499837557567789,-48.5612017109710725131606492474938705571,-50.22053447208562134961105826089023130747,-47.14369133469361794440034944939715725711,-52.41954834499035839510260154924387280153,-51.80439977095285523154889328677498374954,-50.44772940923951295212323413161484531709,-49.16786857767022636271007269246836497529,-47.82534678700119514705560138713535436072,-50.15654034752830685907948375899813796714,-50.45850400856187571960347809616565711826,-47.55705601814540052000706157054320500361,-45.97489717627337666365208902682133308662,-47.00610327804819960979090331957565121125,-45.71893799482871699045993216179032756688,-46.18296811070949899893165919862920093923,-46.95332143350762213952445634603322060836,-47.40612485626261669629080946955217737793,-49.44183391733957823708624207472414970428,-48.75776564000641187858082952812035748263,-47.26296130557376029524252113640263624242,-52.36544202875678168950383731789117783248,-52.40875585604268592805827485867509537919,-50.52757385589966643167962915338644211626,-49.6990640242338306922132572936151024278,-50.87492658660756592786189816432413641427,-50.59504991322913112448539598503871261073,-50.2373510563080759237338719976570602713,-48.67734724361183219842399547381971166703,-48.19227858101010783095327953383911436652,-47.79986749040257016966685818856274263209,-46.79191177615415597535521596918875677264,-47.01609941251030461546094047977443488908,-45.73030458170848724351247292652574696212,-45.36391255766772730717053903792132267744,-46.75673016507717231885347783762179439354,-47.89774367701325449853833027395469328098,-46.82022993125813548361939288494078040522,-50.94812438469768638430890215543169444727,-51.13146120873000040705586783229744355187,-51.19654743501882338529930835180656448474,-51.04134130675202759854709876731353725873,-50.15519931175226073305079038882069273798,-50.05566639862071831887992552971475165247,-49.52083513500185084824303622916018463739,-48.43825511207966204797945195934565913855,-47.57708708737469965205235308870581418349,-49.77655856848922199102999437573865709739,-47.89104399310352075657827957966832727759,-48.05508457118951200143558990740192498816,-49.31160411125281038319522166222540161568,-48.0806927804300045828247268371231892828,-47.0417671935448718882105561023780568849,-46.49414355689884565313278770409797903088,-47.65522262706463070289656312670278708087,-51.8468510028923965299434053592175717508,-51.28970956135107001437967801111194970087,-52.26823479723319972669885149069987706222,-52.79180519859540811829252446735438391129,-52.7252528690881221687519594559349196031,-51.95429303873175529260086172784428701878,-49.74686067786003704871095227094876241602,-48.9073450475452525972960987351519454387,-47.96681222953793407300312491836218983849,-47.83472431458269544725198723410961142416,-49.14704521475985257268299229148404757041,-49.80017547451332896760298937487471546224,-48.22590340575360188266551996948169930199,-47.87505113893995856863127172969972215566,-47.74835386276423415586551025408416286668,-46.71144928702787124607267632772437416777,-47.92361241829640988553023866557061165282,-50.34366760777450178585622149308162866949,-50.60637327234060752915133176702694650475,-49.90125576281473427245152149335038293864,-51.35665626018197248026672704539607753398,-51.09011737968830904844821895964330745627,-49.90018637652128150820846906403613376305,-48.37566518420236983643832052200204538337,-50.12829193839056185406251269076435066513,-50.13384136443986187934720289584298339285,-46.60160884906863193418793903526199066768,-48.13083748156762680587657392686465245875,-49.94168899244544065530283253175206971435,-48.75706166462551439582581431826932709657,-49.07972528352892493980317042219340063965,-46.69184255351078229575351199756448432508,-46.05934411966501980128620178375936978345,-46.84114145281359364958884696656275310299,-51.71382237643550886003553532834359228192,-51.67675606387255279893184328865614655791,-50.79543611490434495295147160905080681434,-48.45432968084641587010534163562404077104,-47.89009070722550025424336486228334653065,-48.03460517968278528560980087398011232017,-49.31247345143395452638376456799907544709,-50.2026806714072633932914759821776841709,-47.72205522268772656066657833853950983974,-47.11550158966023719059666723634722295065,-48.30481453171354471284794227607005193624,-48.68530470639168335207709590658996425417,-48.71403573599857681126955244111887358968,-49.02971020976656821238894671775611121526,