{"chunk_id":3723,"map_id":1,"chunk_size":100,"chunk_segments":16,"vertex_count":289,"x":-700,"y":1900,"vertices":[-50,-49.83245794953599436414381318782153629343,-49.44999113192543485333480615031094533041,-48.27885454125866346934644193281395674015,-46.69322290389956807060236231755134590057,-46.27627414087223518682623885721189000765,-46.43940701845393112578313911746745232111,-45.52146158096143208822025522651650627124,-45.8745704951133887726591815242536129756,-47.67727989461198749849594137986924592508,-48.80438389376576961474065374609028623931,-48.81916256569704490739036910938370486258,-50.44670863953636578708148940544691775629,-50.6638531702795614484967873946248529657,-49.35596747466667076204814046601377138339,-49.27683776780063454871518436262318416503,-50,-49.35173577889393090213612641408407349423,-50.11220713636079964096355857002069791179,-48.37378190542243580040398635773802806919,-46.29451554329063489958390325222440241941,-45.37991309924311091125815057590347105832,-47.10004325812337467281561232191724908021,-47.98470752387199251247591594653229230571,-45.4413159585561718883757682885388215012,-44.32255566607954068698676673725366896663,-47.79367211709689379200617674786378536107,-48.63014485813509297462089959510528920286,-49.94855416755293521821900397182889613684,-48.21818225424902342451265249382555966732,-50.18411438715781231386555825398051940358,-48.68814083625670146679488351265883974809,-47.98037166758466086962772759890772510611,-50.04495885306137248394031864364642858654,-50.38096235650412495480922749118165290836,-50.47739398281380536309646418098463230322,-48.41655170407738360904201250388335194755,-46.84799480250147831039735023155061211729,-44.91198962618407500903673049020340350514,-47.0767361068222802277814824480437025153,-48.34379446008943682623518617947978618988,-47.8954812516441320706390033955286867053,-44.69300530140386474728847368513836991964,-45.92282745705544222376279629265407911295,-48.66581287028062553074245964699036551333,-48.71786809911062458800331216300775411466,-47.40156061049249554097802547225264576672,-47.4256814663516192502466626897874147613,-47.11412762875524888922189777178055808085,-47.94428796218880119150149071911493661716,-49.27654687643569538419115057860228288886,-51.28295456466465817277623947191474800387,-51.90202979612964848315000042443461195218,-48.59204572938272026797447914481953709638,-46.07338868129572283449808194232444354127,-44.89717827880510852275020089441142152573,-44.80722408988082599790616432842787455829,-46.80164541799645439190488057020573289055,-47.63891732992350672011723747864442630913,-45.1189162774160657463188008793674768014,-45.10521986926363021609937659715911678327,-47.97685131921181954482401886586651610629,-48.96574628382431948920937545253540269382,-46.68188580528858161765862277173452598488,-47.86151799700358698369855238257595720451,-46.52075202611173609919510165076327975502,-48.51335858659866625033979317701636343792,-47.56207404322532004252559711429264517656,-51.37822118602317300738013894882590357796,-51.77639028833314738709579676506778642289,-49.20197925756901797911109393221717584795,-47.01335193267606853645460665522189345141,-45.95027213347661892096378979800438127726,-45.35935309481274785577018118286912815649,-46.01405381822058471301400057406456174994,-45.82503336185668012969416540781655610551,-46.23516005227718335927541814106039836015,-47.77529083731648364015553292156478087211,-47.61397317808460966561973796836015914398,-47.89265944773458139683218912776491588144,-47.51431235848559603561278882764662459546,-45.63295412891866391090114448632288587043,-45.21550173281886422443879403540854288235,-46.23799904485152579755604358054622150053,-46.13462700287623676990704731946769446078,-50.28927372693998118446352366911576156118,-50.62143196020663753913091808070275569797,-50.90415727724915107669827489680808814765,-49.57580775945649207934450162782152240039,-46.04635010917689860749779520090363961816,-47.19312863904188496471534098735429555306,-44.79026895331571421828814061690438231876,-46.23048414263712362614361474968162226223,-45.9970175417473052725313552634344724427,-48.15244488362936285187985473712482480017,-48.14087513665484370723323942435172101634,-47.08099000906897401542220803485911149505,-46.11738093744287577888400790443685819521,-46.07066696842821399180557856062578632195,-43.33319166069608324970029556439867218015,-43.84598917601857051704412086612887075837,-45.35568869573404362025360167403208739127,-50.71928539434544503551482868985418955256,-52.41238743860805625287202337922405451568,-51.07287563329291375513081680680691870165,-49.02898845630379100701344886324493652445,-46.38282601813706357491039243133936719547,-46.68121475787736329769467892644864595159,-45.27990291966417705083459936161544549088,-43.90986980759198745996805185374038261473,-46.48997121208894732599300884688253441666,-46.39743427527618690941171904266096881331,-47.12121133322716354695691769743891105895,-47.27021413998112807297819886235756138767,-43.78410501537847400478740197357206508655,-43.961552062673470236801224587767061384,-43.10533788583294249858009724972824142622,-44.79011343115993800237442454254374200776,-44.84975652249179849406246933295694916651,-51.4904613157003189126909492456036428071,-51.84986433419629196194207542841394113924,-50.5458979148349401580649628998599526351,-48.4666634304961430327153381364227968502,-47.12203990592713273558786466646284026382,-46.65054536986553271342539244641064533496,-46.99023030556034011733442840194894540583,-43.60946475041156584899933785717430637119,-45.59117871836673213809993126389266844788,-44.34198061337958879309960150108116179262,-45.44425769470886050949848418905537618978,-43.41289109336116431907946495650694644063,-42.96417193630688034864561100400165483632,-43.16535639300097386351623103018646627145,-43.55859856960752949341141296688841414524,-42.99258871778859036438732877994649256086,-45.83447648873152206164760341610517783511,-52.57145396575293129701029998206249265635,-52.46387356987809353897189223314083502071,-51.2926213514572055474423514577677841272,-50.45992444618372566279402471583736800168,-48.20257411399495666135742385629768732345,-46.28657933288901534151904408001447668829,-44.99576514294807489393044875612438911897,-43.9851110912283977361094296850654304431,-43.76058521148612781106593962454027887935,-44.78158772699706869515301032938563811572,-45.69246526921350509862383231275589326308,-44.52463703286074181699649112985973988503,-45.28772965744084782381524540865237056159,-45.54702105557054202201706151426336834845,-44.42032587502956810643904025836551345159,-44.97468514542890577551887443006784230907,-45.62892470657742092694345818686711574111,-53.1010167681779707661140891403115559537,-51.58583847538256417487483793872629056921,-50.11572066341571567162609189193372668591,-47.0816622708167758957095611714075207678,-47.75531434341541968885384256097629535677,-45.99234303702308262169089810835429333012,-46.3876154878784950187857802687584437198,-44.60504827066373519677719541430518581798,-43.35987438417186758168651121751964648843,-45.16000155736228046023032248835129436975,-45.09289866866127285942400970307239094443,-45.79058049926481585427245578030934928667,-45.92807880494541960107772218871155519948,-45.1143040008454677866991292756892155631,-45.92676374121506976544768920612079648384,-47.25060950661253364565228521986063661233,-46.50703925048489470157902267654746493253,-54.59094053355869292844477398940747208014,-51.61814815137935762696129701459269279852,-48.21038485936836099315376333697909175695,-47.31124159618154637984418752658565740067,-47.17330136626375664723280099923349629444,-47.54059447011225275593345330605938663796,-46.33345042143828735070253255717863263949,-44.77707229235812019806055552779120610746,-42.79723617607380745227065908616185498831,-43.57585854655832358725067109445576824039,-44.64793141243428922843229935488191153755,-45.54333535287410726891021055866677115998,-44.94681569980101171261754300863853410783,-45.73364676754692885073774709907943769349,-47.24537226456978113030742878423317841325,