{"chunk_id":3660,"map_id":1,"chunk_size":100,"chunk_segments":16,"vertex_count":289,"x":-1100,"y":200,"vertices":[-50,-48.69074593325451816428560070125722326995,-48.75343194832253661619996765896642088018,-48.6145417281961488112770950775578638687,-50.08197379780178805569638771238983656764,-50.38883936922875612284551614685713112332,-51.26614694770979538633182033215104978947,-50.6870489074211471770342247737175654108,-49.46697387042540739994146969913343102662,-51.55395073437468480479465979104865336885,-52.33605660291031471262394518280150160283,-51.59269350752875845892971217061925726265,-52.24918353963631805175148834516120198827,-52.32959578862933004435008840514629133367,-51.1441582893289932963574472184279958771,-49.85347233063076967997264221071748263897,-50,-50.81886235504311899514986939986799645318,-48.62842605300079527450361736773038711549,-48.69013309059796162917108576503675318765,-50.30125364896882138285070742840961701867,-50.40766206340096082958235765693273662355,-50.62582100999831499434501447563564842927,-49.00033612064822924544338261621572696761,-49.66467132300366148590735225534876011789,-50.37678836466431015275982857238219996509,-51.54206731180189853957870057047157508242,-51.51149075110991217931604713661170726879,-50.69775326726149191580534654682601206514,-51.58158150392405523668685650153854897406,-50.73122585785517810072155540792881904302,-50.79844257042350779991729872900617958554,-52.22309558470904874787846330867069196239,-51.16109891356769352366742006487841278988,-52.60334652940382379770035977585613659547,-48.7152726627586293097644315453648294642,-47.38996070245336317926864279574214514283,-48.1759223273246576353244127815656131528,-50.42490574766003721595659836463211404787,-48.91089839797408477693381569405019220235,-48.30610310881061273965033163221492431803,-48.28176961656118462457717660036404663332,-50.13619558198109086527985810933893904093,-51.44549021752918571675429880424228862942,-51.86539061658922699520285329222289131471,-51.91655986967796838209414300894472946918,-51.86221870841841869273933403849795907469,-50.39886622744042227887576023777943546364,-49.74841346441694207939864806923359113106,-51.17144854825880526840425064343866186225,-51.72847352039169167696769066344987726609,-54.0056396272707271711731177459438682728,-48.90924024510072235198368715167305379838,-48.19725179754405497273683148835122604127,-48.25960513731115168104360219861082804613,-50.55187456946148716798627120377964677186,-49.80130081146009869883439754842781057546,-48.82372281780129651394467215046788548736,-50.4022223324236935319000415511046492795,-49.71648347034292152871463480737532735767,-50.39820354230648581317743463789942295048,-51.62049218005733065303295397662435098296,-50.23445495681126130537718741135336878814,-49.55716273815242555759093684512221856549,-50.93278605053750798343863227698549722638,-49.90863837716744530462792766989111694334,-51.4593753426250998555991510844416176938,-52.47860022258217943668057019767007257884,-54.05049788945069056419317623406037531963,-48.15237528035953870188839497808706342954,-50.06346214188214936678411159214978232597,-51.13159067129338048597741148688201162197,-50.90041295111480391887600167971981455965,-50.9869958079142608466576838168415351511,-49.29741906181353222197283868897000624367,-49.56823698563535060280979340387427503541,-48.8562283431012523773330404688076418462,-48.34670243117912193820463220493861028339,-48.76510064033559004616557238183838167118,-48.21324096282246992287024706931493757331,-48.92423146100969021775922586851076093642,-48.92073607641819354845190468206866837911,-50.70898321194741073709312172491062571735,-51.87812264680575243662990615849726244085,-52.02855884887698744376336602745031862839,-53.30023620277621364880097169063926067732,-47.09628369464356492113285642164526382841,-50.29779378619322600504659262955704357002,-49.47546676184573473451245674154151926951,-49.47189823067039759541266585802929849052,-48.95155320200039409952907076061364165976,-48.26423436856593737707934590024614343257,-47.38888775873054037012083143641578993506,-47.85609202392883901451709024631726158122,-50.03037958752295847201985961897356990304,-49.23720311973904054855519239597340449468,-50.05403203984558724797970662541265707541,-49.74380979427625001947000535388666001974,-51.61680196699711102423443992638194771763,-51.98438428803795485320296439665417737476,-52.0834711440392412765675499417738098368,-51.49553679488331522670810493994647227269,-52.39674573313924653678266676057627625595,-48.40396078109331232079080433824960170129,-49.564281747126099800511612272255391392,-47.91162056420103182616485201514403024975,-48.82119622788795992719939880970586765067,-46.63574799999762725823915244806411684404,-45.88760728363090980513125564133388256709,-45.63784245238569080137852211948954371757,-47.6069625110821113551519727383679243311,-47.69077953846479308016411278191406949566,-49.23704857392702027005524182711301265323,-49.85911191342666456314140966141036123601,-51.12692979189216985325668546545316963235,-52.86397747273474111346946169404368801716,-53.19194872541372378751926488974859509722,-53.07239517062107991993677367535555307528,-52.19986264118591896335972015521173202844,-52.27374784960564232097393326631380958698,-47.92848743838125028840737650950050547711,-48.05656659232680911391172572098477687003,-47.51717829500414556301866454362844142552,-47.2313588380162210100452340253735615618,-44.85166334070763831084928191075081875117,-44.81396136744706002694267455441401007982,-46.89654606429072620499126248203667807923,-46.72084589329336298307753174039644105821,-47.56676682775536786946649089296475365132,-49.49287191737322340763193135181266185759,-49.63177726545487946935259088754576736288,-52.22914372461278385307531861116891035354,-52.29190121920521291212135329204576179881,-53.21377775049344050703670199564472663897,-53.21410124625804328160455538778937570927,-52.71814056274416133682894096039932556535,-53.16332274830108380180410255065501402348,-45.56507690019820423625742836000004923633,-43.84597902850681685991057181130074534547,-44.31834164463308419734648896854740124253,-44.04819509183981470060629214658113423771,-44.06348750947258262210985336696960593515,-43.71609942657742308493379416001691234821,-45.25669808985317407103830641222983253799,-46.5064086208517858966099577412189667648,-46.32284592594304424106587427906286567409,-47.30758920205322009345174582873000639667,-49.17758982141175463529886541075447432116,-49.64140824665742136317393180543654931215,-50.76795394362867857355249560323845186152,-52.03899852207130433416611385565661165317,-53.61788586429659963370133334688887805273,-54.46758681595880539930411987389604891097,-52.20791758526327858984419024484616321584,-46.08956411009824887308302472848677506488,-44.82293528542579463701503189437688893053,-43.84839901246723615816711920298179969989,-45.60465938217766263380797107439664081612,-44.58832404044418433835782713056179074139,-44.4754802773517941101986902796008721856,-47.06296575746524472276294748751713283526,-46.2374298200794368439376186983290633669,-45.79242470191837812329905137192724413572,-45.99790436551914753780347640770608400532,-47.50998638786004614381009351221204251143,-50.56045851740860223721810396861642390141,-52.82277501805598939115025934332576482667,-52.31110945053041875211367037870455153476,-54.63056666370507718080973264713159677105,-54.51291353868646210057968452769394083008,-51.35501025137670381232124328723878074941,-45.48465289011560240333229526086358352174,-46.25293128434219494082659682982403731495,-46.32695585555219246303342117660869557519,-46.90254625155091237313711663622860259103,-45.33799121930047624980376265652050067097,-45.3404142071723536503665541342331091928,-47.16989174636199117822360642488095016096,-45.98297372736559564212986777237161723149,-45.3116381021039396670274980893197383969,-45.5007078012010236994183959865826996488,-47.44950717579645658924167434191768390562,-50.25951150558941731502640395526030898766,-51.57693177106166022555498405843236726995,-53.75323209381772138867482725355265082606,