{"chunk_id":3323,"map_id":1,"chunk_size":100,"chunk_segments":16,"vertex_count":289,"x":-1300,"y":700,"vertices":[-50,-50.85414417759288726478741504416861876194,-53.17336388557320315775737839325926015473,-54.46459546558968442963852543396507444343,-54.21871981838182053273391434689879908541,-54.26478279620968867448852365007556475982,-54.65155762580776027649663368432679276587,-54.54869322160677234592291983479281566387,-54.03825426550674194009377557231741285209,-53.67983344645428334907318910921018192069,-53.21919465674017079595598810395313036177,-53.04453682913975254220189068706779876507,-54.51075280579865224123634786172798475136,-52.84657012368612238771017336982787457047,-50.78157311427306115088044122381876147275,-51.17392465139490891351838564603957497425,-50,-50.50586069766571826252171156367459527123,-50.04410647729523038373726127323070068266,-49.41348898318655609488895809239426530116,-49.88866777026800600989925996680655474007,-49.55302284832903741823041728573991838567,-50.27404164028865117151753882936399487123,-49.87885390695139724033494327623157592081,-48.90815342721297970510872276180903386722,-46.06948059655329223787184666061853756171,-46.42111089772731816682126666511656495352,-45.93517926688578144050658008187194569251,-44.22435277205603549059251121666971163483,-45.1114291451338210271700734384861055598,-45.46681795798785193017184909081821982941,-47.04132518106065662088449344268394690889,-47.79190142688977040883248903291770237548,-49.78049953976320840123075450012409110042,-49.90561924221187977382820749323373366754,-50.69324718635755338985155643683556507978,-50.26869871589189021479239358786645469635,-49.30875410616110778330381195820625600341,-49.98457884560500797636030509342611981001,-49.81214349326971551201623768382165420801,-49.92923437792194121502332682806587025315,-47.33173128030876556190548545582235503748,-46.21113340302218189981523789656063910768,-46.87573745326420332362173301216803272975,-45.70817948130375612888284119064105844914,-45.32249948553224391385254415916433207791,-45.82066274873228993130598870621270169015,-45.89594849635876878499762847819284356635,-46.87914423469183241568315660666038728513,-49.22549357570936699096284127478529171227,-50.83854456895616040996961268725116647841,-48.77939667132589272103378416421131511413,-48.36548195686149026363133763559292851049,-50.24286273774661201569942462282629773327,-48.28117135238146477551864765218987106865,-49.75176126908262815625444285974005183421,-48.67603146105665864104925200528430232105,-48.34215546275160116550696218194046325385,-48.27322763508985875649548358601167434382,-46.51791763776921864244401578117500153261,-47.28500776530345830304850472303460913992,-45.01937680290857642500281900243719172676,-44.31910523233533166782159387780264234104,-45.69846923217237778480912221382113350833,-48.44350150965191287217054393181612527351,-47.91160244111682872810586118967670288148,-50.2936122787438596418470682963739971547,-52.03151258195576834020251484152824285194,-49.23002715571564741341802847332447348509,-49.40662434824324299570879189611757603753,-48.07342157411571522298936952096199759247,-48.98255438935410838294405218086666904563,-48.52434529714993936677583194883139363962,-48.05365270218280390930615962401221628403,-46.22537425997974367148963196860625505626,-47.04510585086663702101708525168824562305,-45.53144317375187210398952969196827054114,-45.18183607399482154215596389251511827764,-45.02207180534081397576862450194797118247,-46.2141892694663293088339485476913668553,-47.15104732735377434323049705212378265786,-47.0866300404404509083633300644603580025,-48.13728531991208095315630292967490458303,-49.54674673551477117771960135075192924227,-51.9416403507481346371781863887758764152,-49.92878578407477851831295591799653323739,-49.94458194291144103441810412083703036003,-50.01465278909210632688704224244657074186,-49.99550738172935887106304855326526579582,-47.83459197923142416800037117701518731651,-45.97996082123213974676123510128320213413,-45.63653685505129073000048841511309051669,-46.96677424495211287003334007568426313135,-43.3965616059636326808480055083195667639,-46.83238424983812690771413715929406951894,-46.70165910169923911913270021765151937226,-46.29168779880820456677896305029953048268,-48.10540996156210039413713179697648606424,-50.38573395248871458492951983928001154276,-50.06672724549468405982965684535164345547,-50.04870109006064888640464213999302346107,-52.55969662408729887300517213232062725015,-50.28406980695865487070557379589588547804,-50.43116188789969201430979354802348360309,-50.2844704883324247087189166266065211673,-48.61062409815482505225225075739594453944,-45.76337170358900196446608115114565289681,-43.84562721775555534260339621351641241707,-43.24727079230072281719890435331762189828,-44.88222141966437226452342735297521702848,-42.9587153902367052340080116943471119521,-46.20667671881081512885829341686724402234,-47.58985394921853296897693267508952000893,-48.83389105886617896974319647839527374012,-49.46980271702662397821769669672811745959,-50.9272204816168888802090885006074015822,-51.61513127575876095123699854409193460349,-52.78416934894073364786203478913635035315,-53.19681679912790621160977706654747954099,-51.00477574850678803837006448428324126569,-49.11055072892888322129340544759076955446,-49.02691331465404605970553714356136289179,-48.7185023202573955605907804685386963572,-44.84105662779221316343309753993245922684,-43.6831276845191349542906689741361500545,-42.45512015367431154136398693761854563143,-42.49539273316545496922140491508530448195,-42.34409261804300602955866123565547666172,-45.0239835302956528596845958202867020784,-46.79215580770755651743244226189149489004,-48.32327388640144429339183482033547565044,-50.12807953250537268110571448362235354475,-51.41175048612227059223656359223911695626,-50.50198975800721329068468623338507411214,-52.98036530211460077583244399785403827289,-53.79637641320344407351537829779723120162,-51.05683493091192382849309812141905367575,-49.83469579532081551719150174000988705504,-49.19549873986166476717315652713633354179,-47.67031602239199359862749249206866623452,-45.35469471427553829368186182642544944631,-45.1673406451733359342767660347194578619,-43.6277740623001203899611723470118872858,-43.51174733885902689562580914217530736261,-42.92658711125064197438425493328143680565,-44.32226042725720282844075913549491242944,-44.99364191528656018829232236651329608556,-46.49015285906759934648951072861558352598,-48.77702508106059738703681489843376465405,-49.83864277186126090998109412797535767345,-51.84444547435876785631099073917307765827,-52.53246716653824877721965358016571784286,-53.6580977273707810561575581187354375185,-49.41939900220859287936938103636834154391,-48.94347496982793261490300302558744305018,-49.72420092983176088209893885584839173026,-47.42779609832327518843545706336609861842,-44.38239469994552764605304098353131087053,-44.03953586405103724891512135826107676211,-44.94183057206212728874623322461925064993,-45.12535155662135604226178491560148242272,-43.76784139958356180811905619431533026717,-43.5633731694141408361830359414770337111,-44.0280827263268803010834633387048511444,-47.06600769682121286478218627960627104922,-47.74892273831473542500383984952475670311,-49.14544269359615567326203957363916420788,-52.25167668149792935821918174586624115799,-52.4492629758956536535241296804634572249,-54.19345892409165636287838670969302069554,-48.6500709919515273862073341738718496134,-49.19723021788221635221526107236728254652,-48.50294287059339893840016454324182487907,-47.39203159376352783150587641450626439397,-44.57644410615019408429533843167920190681,-44.00394429607784511962415834492346232303,-44.51379126663756553354853305382577939755,-46.1732545014183041821067938907491529521,-44.04358005382773307948677624013462620038,-44.16520477467075647482642947800551783727,-44.3437945306792249797889656944767381768,-46.55362836469410853649438266901644596979,-46.58033298534749136333295375209812769425,-47.87129578423596736280829029093111424143,-50.87450883257869445331905830470729269948,