{"chunk_id":3208,"map_id":1,"chunk_size":100,"chunk_segments":16,"vertex_count":289,"x":-1400,"y":1700,"vertices":[-50,-49.81759587869099903362223072576531886446,-49.88589812800672734117564617454773722558,-50.61880131111961807825895167002885638932,-49.60776983839518920710996546612821458661,-49.39855644849134020914909954280965785435,-51.01825256291357225333370119287670337428,-52.67975407120162012882330146525147653175,-52.96476339857149268046631695204797256899,-54.07552139327807606145530633714370151157,-53.9609832291033018030025810534655627769,-53.19921688611691460555923941745612381277,-51.86752650047281022608664656217144391067,-51.55714468103559864301986964398130854332,-51.12296281427463966731847200283747872813,-49.86681406629358596402375055661189573413,-50,-49.6940382272065854561493853094896515715,-51.57223270076249909217830914968748652329,-51.33357749169471036064427292807942811403,-51.87943635702214012410083426700534338003,-51.5793876555740431824710022090253995624,-51.29112254967112223589250845423340905276,-51.68586469108462834887437948622646953926,-53.24319098157702959036868367511156769528,-51.09324749288629451024540269830244233089,-50.28603912280429398313280914226533635276,-51.43048194269682523957072646518319842724,-52.23960202355701726039090556169259097627,-51.99429166928307906916438000141729791785,-50.87794815513577500877565805486748261912,-50.76352715103034515482194333974817061426,-49.81957048258229501410976904899549710114,-50.17976810131882505299980914173562361667,-50.43857911695660533672220508667803176233,-51.56453059337791960556758069568839960413,-51.09000024563899743572754136365916042724,-52.08100228110203144382505206128088179749,-51.73282617244581286185796503474133191574,-51.10262712621892821340354983102890622376,-52.28281913388366585070138864819003740718,-52.42781253087869450443973526057245424535,-50.28279750622231769127298693261503152418,-50.34388473970021720751860562429770758046,-49.90919993935441105506205157982238404681,-49.45017670904103447454626862792026039976,-50.39184116392379317331420782029787978545,-48.73807835727142012070868701544491727688,-48.81286248939968429160052427814757060724,-49.79863791480682780431329883354358845016,-49.1741506247764971960561289287976846252,-51.03888864422111539385190945030713650996,-50.71509559011346922244678449821986720758,-51.5837500803300581480476474712245868013,-50.42895087430203497580982657553715812859,-51.83828642143351620005723558300166376537,-53.08846537024298112401169871152105084504,-51.72091752115609372107734110977819014508,-51.82849128275961429417651590649367754816,-49.66455910382075968152092908828897922594,-49.91168102996227870914909609124223268894,-49.87838653886539534550583444840516515913,-48.75607450790649252431496294137469186931,-49.01010381053177165614318447011985021239,-50.38735511602145943610169056951976503108,-48.474020123696019990262160468442583829,-47.1238836017252613523369377102249052918,-48.9854332393086325540568001072658447206,-50.5806422032390950425346376446485850787,-50.5447809457782289191303855111945139196,-51.2956250810450385241981531916688633391,-52.92553268707194064092381397073326055823,-52.70529991640969740041055543031555259553,-51.49854235803659619188857864105210792274,-51.26497977687209630919878152162999109097,-50.69597768534614974206331956165408747302,-50.48444870299497942733380806196616409981,-49.91639151254598186537877894075869610065,-50.30177128830503237944684909387625394309,-49.50184584767445541395685983962653253836,-49.02564435242086900599032144979827622283,-47.81718563444218189520002105584185875509,-47.91321926533341977487116830991870780919,-48.61471566383164458467432478629367421016,-49.15407300306854957707189815590973610641,-49.21961044104349261340842357157763909966,-49.89219316907978324886736353776598558795,-50.79369501338924536942340244028027610072,-51.47297504275952372356246574251352897428,-52.96592323849986212456115858657269996721,-52.08579853195763883085665133675063130637,-50.1037740816982850122010037571369046275,-51.32618117804861644614402367167640104257,-50.11301745064274045943653387361469955162,-48.41264939518786843672632603663528392282,-50.61218466234136177507975256584413768421,-48.50532815784679762998603352913757311927,-48.43649878312954397891096846158766450944,-49.10961528143310394519592952387559836777,-49.13712138460441804353386780904178125247,-49.22849389969191382949813200018939337775,-49.75593553730468870729505316751459218355,-48.99801905917481188822276035581948695963,-51.62367146262634625014026501253006922173,-51.70372582172035104348267048686643322424,-51.11681312894647858935806030795871321945,-51.40713682191785252945517527809160064375,-50.65494778834983425478917280973226086217,-50.52063554701946500392005026290639394792,-50.19663451527256334144751877894690681553,-49.30071697491772206156157190843157104867,-48.94649836310705602167827111324151736411,-49.91586390807516512932653380291644640864,-49.98845826472439686498079633834421915396,-49.20097661614934488775900569060858859579,-49.88553604805710171803547055331877831584,-51.52924479591390964929176096212460839774,-51.05653752333224703962143011472453165772,-50.59973232466857329675540548133269910247,-49.01770186001969315142609298645346861193,-49.4426894302286181142743329901738143047,-49.52052767428572911148976173929448128635,-48.59408780973330538979847330613347123603,-49.41228544893779684369014846478923126463,-50.87878630150430181470093010140346878421,-50.37358995533157916838885592957155828811,-48.94933586364626571990555748577735949535,-47.54075165886117872962381818522552474297,-48.58298760149020997504611184603507675948,-49.17220098346085474401842967855196423177,-49.87746360188359049743910499291863083411,-50.07550704067647933450785714095411876997,-51.56538840072259155472228790495496496445,-50.8323631228282606557421523404103440762,-52.18907222919275307886111135365381321658,-52.18800503487554759040127894854914196411,-49.54654893197798206295240455627196438978,-47.77429165171912102886007647063708385083,-46.68454496380531096438300502127334750449,-46.8836724721280429333634605241190152035,-46.14721206289280455386667836394460136291,-45.90569104471040379809669736830155137967,-45.80425493976079660769133905120659241216,-46.38403007834664820351891735857993955902,-46.23534030755616551588021505455471566655,-48.41128318431677180234614552982560037194,-49.60726396165569606476378042012239258704,-50.56095969412115316190670373441786857005,-50.12648281596569869591419089970796260594,-50.41077330483063818030563782135528112879,-52.1558626948067395035130234349027203242,-51.44864427659570942879145752295736645251,-52.55817652778170329661304080823445319775,-48.46917243778546229642319341637526784107,-46.37124409342645648840798480875360041374,-45.93884760596652422852098846705921809744,-46.36272819699001314115944871460663369169,-46.13473278508817419517866382071900519517,-44.64247246394175925836506439279256695001,-45.72635059813946248847718509222536594599,-45.93615967358963436821877638246796586286,-47.25798842483682790694908414045178983544,-48.96851511581126560189064578961953631263,-49.44667232849954474169927677323175435063,-51.00098997100202548569711535727086369602,-50.21387523873131497225164692307650571912,-53.13003763209741234999952995628900685776,-52.7653461340770764385381592261159323519,-53.9633808146027105691383186060265088428,-51.79322504967023538618199245564407610821,-48.81706510983831771044671413328967400807,-48.33408441269380896473091243513573206547,-45.96827706056389163386726657119060916925,-45.75285005213313740683177359317142535698,-46.14434767700388980577772570120979802272,-45.74326461525640113535323321455226043581,-44.25129168599020804351988555661325528999,-46.34689065754449763494684322745211209513,-47.38907602920169017828324425416968320895,-48.14171536473294927806345448785271186399,-49.23942573301523821662839069400204342335,-49.86496800796220328064459440476320959587,-51.27870878742201204575740164386471968858,-52.03768886030460003502939950385225562472,-53.02229718165968910701800450316395242165,