{"chunk_id":3727,"map_id":1,"chunk_size":100,"chunk_segments":16,"vertex_count":289,"x":-600,"y":1800,"vertices":[-50,-50.08829926426935916361346726226545489101,-49.78363522434166988780499627240368600798,-49.10755947811873603573993580782316759919,-46.76497068323796769985039126396214605613,-46.00786102078910244319334973389158217394,-46.74085231225689741640712932743755208579,-47.17793067791065202219930595916283215946,-47.99792015980887455980632907459098570788,-49.272377334935623917319756178209194895,-48.86765072573900411868338018292925524627,-48.9369089397857621347704056577560979587,-48.39001431147063697172134104963017874601,-49.03600113140470694446830468948209715693,-50.04355898976695700602756663191821434108,-50.47003161183439603212713184924956922111,-50,-50.36132358309287466196527322966095684726,-48.43306659112388764079331481040225264754,-48.71764655563950869007062334531736109741,-48.148132671228939381171847317073767413,-46.9204336464938328349500470214456284884,-46.626578057305108590965953093762829468,-45.64615295152628767194035599856402768097,-47.21322336851739698901862167878065897249,-46.90148434023912985377531051340692158387,-48.76229966525901131264599979651397792355,-47.86765110188417287933568249979104598871,-47.53302326025574371243719051298404247072,-50.15479656302482377949997413644924844836,-48.98267652682264148562331861538077030662,-50.58328369858033641893362256022465112929,-49.62806634261626292005436517949526577453,-50.39805382989056925118106563469664806902,-49.18205796126513816395216632086177558936,-45.91675480013865577347290387766624504463,-46.5881472356933442522958866282932211103,-46.56971280631817471047568978811429015816,-47.97148165587344703692711456150060980447,-47.55167456427418448870805166416349646171,-45.65033163279042972298504521733380952904,-46.79938377568790245604118600667619354189,-45.74435157903323616386178208336394559983,-46.55746958174878119869792720718860033303,-47.42996373763298330562350405260752710946,-49.77446132063133352901536297754080630396,-51.33324396334982624207836660233233868224,-51.7015741313559643841052942265114101643,-52.50953769838930061417412189408706801549,-51.71249747378258226402034325459037546179,-50.17829803500728240999818529020113730024,-48.50351525346275480252659907380977695639,-46.17172526354152072849190229402372119155,-47.39004244361874834788026002174583421473,-49.98736467147953315481820719548308518609,-50.18070915234858875979428145632975090794,-47.21091598890111742893251134630316404972,-46.71575048841970948252793790595555022805,-48.53674672559031348476302912011323909642,-45.6616540994297270600090440934344855411,-45.49995415876237134957976628134945617845,-47.45248923969665522797185671976555570347,-48.52862594271957330906417552265049202499,-52.58703503586660246835156712087263609868,-52.28279975912933834804633381667641879289,-51.1664353524609104604098298888246986837,-48.80389388785846208146927719685416974967,-49.56431328059061077533137282895329260717,-48.80019294603351871676173231609219130473,-49.35658458845726498578656319581097890553,-50.3977655093401757770153861101940044517,-50.26669934317025972946662971926499733207,-51.87306708928478749618769547476360631881,-50.47423260404597092431804368393029919045,-50.6271359297871449047358786283046833904,-49.26374053594298725375614061320566190887,-45.34689763366389465750089254332511361814,-47.24031283550007265321590272176623056524,-48.42281002913749181831428682891245695341,-51.15764218852785281614080783170414208629,-52.17298522030069112526996225053109395022,-51.40758184702851381958109584503598675062,-50.91704881607520926771628779902377458083,-49.27455347131121402202276144710648586991,-49.21683003912109209796534024111764972314,-47.80152784350874641098504044496214147894,-48.94306632944157041127974872057940650909,-50.1841320102829087859756074577680780264,-52.1652788384426343672807921424019693154,-51.69922866594298598757974724415373962614,-52.12642221668292062691450392208164191398,-49.67819687212079807826113421779130084638,-48.5145314959662024679834483375331091969,-46.77096886612038072074794029121837871603,-47.71062910366174804247727233164038264406,-49.19481712618034924500642865634557864291,-47.89792210509833320369384820322771505954,-50.79295746216188692342939839191235373158,-50.41579288597135632248081825119384699688,-49.68830464342514261722383344001160975819,-49.08580897687654734293997141793965034985,-50.24345329091013280191050591418038772762,-46.30893159447304530435001084536563825063,-47.77357036086667676115736567918964861868,-49.92652126708453438801534397010850667142,-49.27742484017756269430378953408136396278,-49.8034755794910981572750125375903010885,-49.60295296021364566898777255163365929398,-49.85097088977340519027063631173204723703,-47.97389768640657629789822492918006326603,-46.34644667898267869354490718130081872805,-47.98227951777512657215731612614498046572,-48.32369832001523777662835891750398724562,-47.84203039295738018261674533906582351894,-50.49939434447984937697494527221034690915,-50.37533267956859999998051456383056657476,-49.10630761134713279091451238876857490818,-50.31829303043824164970972010954686682974,-51.89453931523020867557811587666018867492,-45.83657556498909658523501450948731200964,-47.94258673653296588352654878873758509712,-48.09321948165669548524854576908853118536,-47.09614435147143330027016480448281691311,-48.52541218893021330443621967711729649434,-46.91783392313829262268097099377279351436,-46.87461806610978033528647720473369819386,-46.47848325019939918065003667002828034402,-45.01185528301131511689226080316817776935,-44.64412212249983238380187722859953286749,-47.45407685382777575069931933263307349833,-47.32543298118073481079166243621633983787,-47.88013118933052772422804438842544973453,-49.17374578302163060401555474021992297308,-50.69297567022344184236051559364363179206,-52.57989904990419637533019735461502261441,-52.36099532353449615342701119343685208496,-46.76431228994615729383698194649215039378,-45.61384085000092913240727330600492739684,-46.12456260855105804169764747745966906405,-44.57108283782196214144077364830103303915,-44.67956090175557959061084442532113969195,-44.60176681512265853189954462468531814909,-45.91228693653005621064095690932318147962,-45.77175845145379557511485318253991502873,-45.28707191274175814764843659440930308775,-45.63980034922197598789750589261734139536,-45.89213939121383543090270949856573214586,-45.44487178277392154829721187350112960726,-46.80039366082413489127647798758333862653,-48.31775432361396585341451741558979749465,-51.05643105166572282070516064230039800571,-52.84465090855919908722112901257034920123,-53.63731801077794622483543276837150250706,-46.0905240569077526557975354533321298398,-47.12687011539385942045846529632545735537,-46.0542898742906172615848894551891045649,-45.88797053462199273729781654969685863142,-44.91116768170318471380950299632536171705,-44.27817890027737586549755033624891129726,-46.72740294629954575667520514173792096586,-47.55291670260932397307162888414208914976,-46.33935329922936294665056909752178691069,-46.0404274103928215637734109699391530664,-46.72028719114556772428054270025793148692,-47.02941029339948552234659488746547608098,-47.87504231232589806382479106019943077477,-49.66785373107010580418627464205042676331,-50.8665942595416516318101612309321668012,-51.54734684112836603800213336658610346583,-51.78680533897273104108189379753778666639,-46.08560903814877799652918027176992156803,-47.41219508503396716253005390534017777411,-47.86966314939608090803802501257227954314,-46.41642528267301010120640463123648560411,-43.73108276354800174099520407347708760361,-45.11007464187217965569922442882006806993,-47.78811742293757047756169102235442057396,-46.49368829105192294619958080678803602888,-45.57724004070697677398929778596106990273,-45.24999799261172647120807794287959475732,-46.60696219710783773873027759590249222657,-46.42559705928191191755096200979869558748,-48.35556251114376887126877749308469219754,-49.44723553743792572699036058338639199555,-49.06863703842481946762686020199620434512,