{"chunk_id":3151,"map_id":1,"chunk_size":100,"chunk_segments":16,"vertex_count":289,"x":200,"y":-800,"vertices":[-50,-49.34963827674331552648142125850044014834,-48.62986468729164954752862406853122303972,-46.66532016843628658337267965500098415914,-46.53624576106032410860717029497731774367,-44.75762580820127074446716376918001880854,-44.83045950654106859556344360977479622174,-45.54783100125110791670672649847004327465,-46.26310909956781447504002811618142820041,-46.61992415679821143817917060834052727887,-48.35489388379204913796767385921403476954,-48.70132813345151499518790520988569024708,-50.41682234286020517737653898978638523109,-49.25332472758507179540726748951790860222,-49.20620107708668958952777895999661442121,-49.30527168833509194929247930367696606322,-50,-50.24972289254197698868396104392642899271,-49.40541120038322556611069987132953491064,-49.83458628108397316364744267802935218683,-48.29151524283089038674571675214345287535,-46.41405288030682717663335980488952861173,-48.07625748473906284904743535050455451869,-46.42319266834753023318974695661542382204,-46.68825601355479615791637381731959266032,-46.74756112736201179292740091542672275741,-46.53623096151821589456839571429523528173,-47.94925767169842890597229642857092257851,-49.88354736910517575010107566905030908322,-50.1133832477603016827727396477766240237,-48.15662958826808097224944924956435863904,-50.11077912782044996992791254782718036785,-47.90496226692208186977285732355555029817,-49.11398848917703580576300115004302915281,-50.28515269598245987231065714294011317975,-49.81986169032693915509794384329288535695,-49.6576330961184826449596526092647711085,-48.76477099198010805446360012154809809142,-47.65683873733300332482607763116556196892,-48.21500704138592118914593419459298360592,-48.86506511638893818869736962504287606024,-46.5559789525483866813710014667862156172,-46.8105296839825617833824318797934078126,-47.31015608323392801065567363625533665509,-46.67172669902626493225867635369197579745,-47.76514646156094446967313874321436447553,-48.02054066079331701637758282638561914761,-49.74540031029160431736856369310832890678,-50.20199031725528521028330762565858688403,-49.36210095970145083542536632696610891979,-48.51713952199648938010481668797483566632,-51.7688187434359596037894560459650212461,-50.13744672674044429066098171051647121104,-49.46156934265691538251070127593779876836,-49.766020870833177063433492645194337897,-49.23003172928874849494950144425282237784,-49.11007334305501427510941449244082911192,-49.63270380417779769502582567358805177463,-49.12526697904238662759827283856866988228,-46.39233014578946811577210824998128591858,-45.75911207770498665207048387711871160659,-45.48808381890097632868923563645018289984,-46.15130744835940240717800304797728970088,-46.39584831074986887928601341160174834379,-47.82446888046385341491820650027746268485,-48.43673075032790050690240960788870271515,-48.89464404450940815058758960095935054588,-48.24125941718261337017502218834149456371,-52.91488408723762564105123329623380449925,-48.63399314089821790511381021101465749853,-49.88807856429050891180920701611124681749,-49.14163297927945505880576426650588660963,-48.94484928278354454681939899611356932057,-48.30684392410810668105058652444976460073,-46.68784509925514813914003622314969462591,-47.89606079762391347939805236271832722029,-47.20799954155059341850978841741690350489,-46.19823067916439516177489951600196785284,-45.71286708714543527470475076976363531218,-44.18200934955538866637320490841254008238,-43.65101709520573472606124322684678460314,-45.08172585770454274987018829068527574468,-45.87529542596268109464059081351853201262,-47.33768993544761051651353659167929487257,-48.95300552796012062533994007851649312444,-53.51229742594923247086340653210080924349,-50.07716798912629449301152863808342684932,-49.81297298992281073529221619476259542043,-48.41928720591791403932503436145490799301,-48.6395977847106312908680028864811045603,-48.39147158910337216043945347300394854256,-46.68527590508981245638131215615578602164,-47.1658706496742348944891058536887056937,-47.10448603343128366571090130965179346376,-45.15671507781837307515501709549643526712,-45.88340323393659331417809005681414376359,-43.82812960607506731915182289393440819925,-44.59651339722989837684008250196193735844,-45.60597267193161675133213633975090755626,-46.52444634271999941240763791423129662865,-47.60794821858598277551231282011589955845,-47.69654287222619205542055809025704261899,-54.08185343143762901509520569849406309405,-48.43072946637711729843785618393806928042,-48.85691561064881115122673058204539877448,-47.84355575579473569729051260181222769886,-48.50685658986428403723651766494354979586,-48.10620233031051453310020636944877376881,-46.43518517986211089692848882044830957469,-44.88781805109056829325138174714355257131,-46.16965420241604010797557450816948690383,-44.82888978120131498753435018242566091247,-44.80482987433085520230887047973322516107,-45.17737787215510123945126308962988016525,-45.96203404662092010712540977823609952736,-46.89664754672087729616731440770731417603,-47.85259903797747492804806769073942068737,-47.46258050380963152749049342086429394243,-48.3201831268373710788647417224413619443,-54.36140956080307951416093541557856931956,-48.85648769223197902986963891613011754169,-48.12321969515089188641889888278831320721,-49.10441976281093831865733831711889614909,-47.3249993901150406522511018399069747032,-45.25851059708756463869033623886306679946,-45.40117182304918323827070830026796662343,-45.27505063097847538645852329332383548306,-44.01532635019917141353498914818950253359,-44.15224982990618947574384097800708494071,-43.45364352686806921555128636479134386088,-45.98976298411739951432215229176123457593,-46.56500701412212562655042982413713653028,-46.00698294959854432915729631577286470099,-47.57997163024291653427137381125668398423,-47.35088366581611591368883850970993749869,-49.36147612907554846228210763821578202927,-52.8871274231898915075745245673545512423,-47.49469339063955410529149150320068323255,-45.78286270716608849867901244779848054751,-45.66730451157238691418272859967575160065,-44.7783988725371929851592556387640252646,-43.71546475472849351701431594396570300524,-43.21573786211833239034958233314163195472,-43.84211259788612296856228252789908229116,-43.5287614378202646683189814966163658681,-45.3245823612804718844529347919721532027,-45.53901322436040949356844706279439747623,-45.0094059785935967916745288041784158006,-44.92197499683216439223317282250543493351,-44.84468153055404540129437377513624183478,-46.54087726150914105547327871577391652779,-47.97624333957981720689680804291439360393,-48.73401764395231111808226257547437682272,-52.68547164098554996403722777076511212659,-47.19267989337761138413013354627659420034,-47.28681128908016701075971635513020122863,-48.26236339317913477701033350344531594473,-46.2897698155233515096476847510117154799,-44.10978970480407575135797330228423621128,-44.6972528873981931663776373894245702397,-43.29113085967671311019215290687836479383,-46.1548605122877571479076885196651203156,-45.4425414860686974693910032781795589185,-46.49955459178199680763990876507123053989,-44.45674761559625386202076620731642483374,-46.01118465256318452690684920187298340406,-45.84618993474711554028038839439998281619,-46.33126255442052425348329803454171709286,-47.8300573775359525903743794350386481883,-48.34011097492369818507824482002131134606,-53.41284208701981350954580723673479663698,-49.08191150378367287945331499024252493857,-49.63857144762493005845131910700693024772,-49.96749824484444389243853539091736704866,-47.04199667273479444836298464564704421684,-46.96978958899214852388429759024163918884,-47.65729143695755266510784512178063306024,-45.20404161620777234267180738789232167456,-47.15216687110533455962937225547899330014,-47.15053355165243721551753039737027845959,-45.80178555143382391214821785489841020893,-45.35049106397163163284260136918163061741,-46.85681224822408726201881784435292700163,-46.33718155855415648360326928529071304975,-45.38707120065111929076290705887955464149,