{"chunk_id":3769,"map_id":1,"chunk_size":100,"chunk_segments":16,"vertex_count":289,"x":0,"y":1600,"vertices":[-50,-51.1062941101875000682176153838127239261,-50.71435533434350953864673179353587286636,-50.98371063714596060887914037516315507732,-50.63121401285311444306181694747026961579,-51.74357428791535375519876531410387294339,-51.52611593680242441221749370557787407832,-50.87368835688451070312147233492257209155,-51.51263954062262630313490154273261542136,-52.86204374271661751758666119254250894876,-52.69255694633419171152322282917152266561,-52.38271764880719854153703197925372776858,-52.6598785848909947645840094793195709778,-53.01579657664583133096406381440498686273,-52.17295202993872228625608459743267758195,-50.87217545242055683094782345976434885522,-50,-51.09104640429715995011773175945409822913,-50.15915724097215182553673286810341660597,-49.59059314834674770246018670269178386339,-50.07824927802880418533691876726441510172,-50.76094410085382233117652189713942697163,-49.21236559170001892309769741598071428462,-50.99769837702886548327746001775956846732,-50.84672742568387514909321227853553590283,-51.90692082420081135225815206668521598272,-53.29089039349394033985515155558808788092,-52.60121760626230886942014555318453115018,-50.79725341498567045398424282650071764259,-50.86101984358550798174839554296987639315,-50.72003043657268301280068593087385765223,-51.52542708950702496417995901224862975122,-51.71601629846259735474032950913733434635,-50.17302376529305968518434541140270750195,-51.42134568033918093009343981565152580847,-49.77981734251870375665013068769551285001,-49.57466813021419438695727803837868759478,-49.10856494307426821695591267567955529361,-49.6128204933051899012271429566820829026,-50.02582472912439924978029038748802311331,-49.59092501987671695767413462058623062935,-49.83285674641650935884503057416046068007,-51.68465622456288107762859143030180335384,-50.90373643666826526693287433637822467824,-51.246018321512264514531772981135372389,-49.55930223006585576371626692157911336015,-48.67552248044391956291146814636914437937,-49.41170557415265533858159504493584980592,-49.81501670534239452878576208873031038991,-49.25378539341803991000723837837943225795,-49.77611026463622333959553928225927978861,-50.68963254096229065459719220399872481595,-51.52946302378391063025395790513894515862,-50.06232166209616011652557083388765149875,-48.92403559283193266352542998406903782429,-49.83278796523076223340759534641172533706,-48.1745463112682254580571634884020633859,-48.41424199658116174280910540980291937431,-49.19233447021187934217882672074199716886,-51.08837762892841921004048158474703775657,-50.84255536541025039644990996412344043878,-48.30530956426058260430442256896358008692,-47.49359569876271387344841149480697652577,-45.56666735304576055288534766479523422685,-45.44682894886776574359174985838063850979,-46.81498565288619604369880481199137415639,-49.89105159342936190657262704533344866062,-50.51623402251982708276432658352664167617,-51.63492013595674349664367610123027049802,-50.07124330892144948407919361126602400033,-50.73479903492565516376962559751247633521,-49.34044306469624253232903254420830999047,-49.74533813724655030963688008673264868577,-50.66305612075224633850040907477333191334,-49.66532241912963322482468277210328552107,-48.66889804858108381866271529710267872163,-50.02745382624460152827075725310533735399,-47.74830350322147601249351002683966768181,-46.25724057133586229839612359260917821768,-44.83243242908710566974424592448080560288,-43.96570770465952174797754441967843499358,-45.21028325981543071499529635274664331825,-45.93064281964400849379384769764974023895,-47.5586574725382288790673216164847567531,-50.25472970643222390745028097708821096238,-51.19596692966102585959239980891734722525,-50.0079086334286726869288562896169632308,-49.48857740591340365098570823651892886804,-48.35415594134849741424843783311611875622,-50.53565475883016738870075313401303790403,-49.65515565984565231164349370768502972938,-48.13894394964561531609605298624866258983,-46.44495704019928979584704246350132230751,-48.14028894098888142607354328514934717381,-47.33934964746755743220412218897556476525,-47.09467146439495956895156023946902107108,-44.54694098296947304760398355732644824795,-44.9607845055548963588986231267292171513,-44.5503793104713559917378206328584926982,-46.2071408767579991458360798384512634073,-46.02460271265707070691928285263075007015,-49.88748157678973748863713392200308848196,-49.64777694132666875384916325670990334674,-48.00357248059023960792091884657708070051,-48.62958754484224267527542266985592297585,-49.96015570613967448416523965809378636176,-49.72289021887054024495983350281690505231,-46.91166119617260760174954243457041292362,-45.12457103490508131456454987524064793866,-45.25175706382029512727971711006309828649,-46.08797732138617084480851904900649412247,-46.57388344086564606786934124669805123625,-48.06079393577599590466615217393512556857,-46.46691883049827748411619655906291267629,-44.46379433658731660953650509007507918391,-44.55094624885182317079259030935925036935,-44.94108770317339996355685931103692935441,-46.97389662482365822715592443195192127973,-47.88977513916338165853507161476834864463,-49.11769909078474695550029022166002432301,-49.14032581999566746153391068207815013207,-48.03435164561943613111909585416635787353,-47.87353009679768034073765878932486855832,-49.38262459006111746775797979552411339557,-48.63916514355438786399393336112181356079,-45.83096377698799875246427406964229432636,-44.75068303924941044915845570906598695237,-44.2239685393704114631605739908381729241,-44.83281256255282382236851960737470857864,-46.24728050565712508102275106454272821427,-46.02987714614434844892070044090948254041,-44.85684173419724879525367698999298244083,-46.99816923943097765351361209810993387629,-45.76038882890746896235689923158039932281,-46.81337728162770505854720440714738001215,-48.07459155768517031378374032580233893415,-48.84722967179745329897131154290824032867,-48.33346154417569856565714065738900537423,-47.04218459083216390372958719791599726672,-46.68744710832201237596098002318876968465,-46.4221403989684529137752274687936127842,-46.56806048305495939905706683859716406821,-46.35033844846251028617901877821357029911,-43.93982939347548238884816065483163414519,-43.4687009377740991930877713145116643519,-44.60823555764830780062520776372578936999,-45.0356625615825095892385552787241676562,-45.99516579413640645781459010482604245374,-45.28657238649652906651795956072718979939,-46.32910847230466328577611625287006215682,-46.82788721187122129171119689851796756969,-46.96698348385637479223149147201219479006,-48.51426401031349465925697710046265502669,-49.23284729549647624248723887726745623376,-49.66916509838081061354497461318042622751,-49.4466599000697174639879192214918573693,-49.67044795495232048600064924698776621322,-47.54780970915103909492429096154861587971,-48.68882552561239481713217281187176132275,-48.66982112771743971723939560826336081381,-47.6621413084416205214693790045291541234,-42.96968009463749797686691540076011860602,-43.28523863963034075032704530802975163763,-46.48474262665426531565662095884514467744,-45.52963728138957030989692608530630735879,-44.4621234375932757483769303937833458697,-47.26992126695086975015180490119003190441,-47.03124777676179878761418155952458379836,-49.21294755266557738617646998825740090336,-49.35066437331763394165455489005137287842,-47.95534271905170038222031216748920268735,-48.87068820189887222693461771936457286832,-51.10388436862898473251489197444241681113,-50.92846784329429633559385252927663557495,-49.80731907103938110976294781737510435036,-49.63875147123894101527194087072135683098,-50.56475456406493797003222275823433820847,-47.45870104023845183745861500795364998193,-43.64155042143946383624038573396834673585,-44.28606579178052744394190581002901503838,-46.60578022243253635227340006065975671449,-47.58038643783135941321254001728866211523,-44.92107891362498832653088441870786735076,-46.5930491125163128438698106468266100661,-48.36952609270034708810244410977884068347,