{"chunk_id":3704,"map_id":1,"chunk_size":100,"chunk_segments":16,"vertex_count":289,"x":-900,"y":-200,"vertices":[-50,-50.68324086621507899793480792269613705855,-52.42097898283233332711384569051203960435,-52.65550188576800875575646512924398553488,-52.24168516997966537135009819835606769954,-51.73955940388104891061681278530506062224,-51.73642287297562761205069092861204144865,-49.93107889455641278388074423843690981004,-49.3683960289911445736001013126358736401,-49.86395646784081042507391693114278694108,-49.00527832964086143967837659249051325272,-50.12145988142571270011178101217889550275,-51.49660506126044356552746474650583684018,-52.01569862668332559973394319118256314548,-51.83059902748316787490987391724379102168,-51.49007628702123987387268659282819353999,-50,-51.18934032429279913237703176432828248179,-49.77214136816734903711049844025870004599,-50.81831523686179397447208833166500839557,-50.00167337050958093503418902052102675482,-51.37669141573839073081283335644845992771,-50.5462196756955481049125705365058860047,-49.90361221961625474948282869597776312708,-49.35672361112919372093739728048384321677,-47.61205362032466448419845339806425444357,-49.40922376419768235939470967883924958301,-49.32386337858055741982784718266664447607,-50.3411922525247110188295812785688054671,-52.42293291972638174718540415677762606479,-51.44312742999633908096266928954239096255,-52.3964086037452680052539238775275600261,-50.8042227134716673358444885196718735652,-50.10425187874851641639107252100485158671,-51.65267539462617115485353316757510664618,-51.15936590141723686572548585255137897686,-50.41832020850737045987957132294379177588,-50.90336751700538240016319450514190216222,-52.2171454377612697697879552497487973994,-49.98527184298666885931655690137678611384,-48.12148357866917330762735902218456449849,-48.52336853143986443990771289321752503888,-47.0387655018600348763824685123490840787,-48.30782012610116266525688103671094406762,-51.33303859957705396906891198437950976894,-51.39880890661267476054435709883841037649,-51.41100304252596082318770656015618255107,-52.3748827825413783777169575035902961584,-51.52625766237665600781067455628335624981,-50.16293361625517074640565440214234508327,-50.98972475254802630953091640767394783664,-50.15222756863903828663122187698184224255,-51.5340989294173305363843047132774254159,-50.53929675225229743297441967166687821281,-49.01826416997258505703425596053417718018,-50.58552659406024535056132965580108849174,-50.53247265109662800886045505844427537118,-49.65805454563987825822105977273713525584,-49.81393282114220787126067824356840163795,-48.11637675602686276949962440879449085823,-48.65824476435291254950220423879848762128,-50.65557849959924314902669972661732476111,-49.2670467288571685432468956305820155073,-49.88513189678788443613357920525152524078,-50.92559082827296164036035114603216118838,-49.39650997303435182705272410380805567114,-50.74487620791321074842011431073454586091,-51.21067255598763027610563249007410353226,-50.41563275302270436797206539694951139744,-51.07182967601412540079268392024272597272,-49.41914085104617286946649710512421533987,-49.95670920510261618367127492955954762324,-50.24433231654229792147002897497802350136,-50.59985927268679337412172807068033746981,-49.85857028248849175081064436062632124956,-49.48353749283564319397428926338962445233,-47.42942983538228422173684352879352139916,-47.83973335146806901253630469170871644121,-46.87232178201013508518489099431608169108,-47.27696749292835291807341705483951907116,-48.41896114889521749836809994480965030573,-48.34452735498394877416789326046171853236,-48.75110970585142728021120004513878177956,-49.24068543215057408634342634414433404827,-49.98706978736115453108948797175995852866,-49.86730157640266869648393442954789358349,-51.50500724720161353151091731716841954415,-51.05323338534995432630228483161784869223,-49.70277516805528665502640048737724535034,-49.50994309147491984134440709443763331794,-50.72016602686356123620121110290362214067,-49.33426402932628396321100597661139883143,-50.66436109363447280855621615704455148613,-48.86500527649888477679861060699686934452,-48.71430806364950355830921357073049419885,-48.18581802485918855151206891318915876253,-48.81134347390442491224355709542453488594,-47.16523976503624159066865424881946510099,-49.13407004012038219337529387470235897293,-48.8729292459173966206356507497661482962,-50.34340339867848903091676399959967558569,-49.80532404193064538879949043700143120102,-50.63379173604177211886896984276554163203,-49.64503982573833030743029734421925450339,-51.37204465925335785141047194401020689484,-50.06355015155204135073620659257667652862,-47.0686294721592634997006604825076000112,-49.03137665651185564060628282084078846454,-50.67223583558297888469342426822769062149,-49.30040364085065323821237256033609623498,-48.69000183778396544682821252244990629697,-49.20703592074298330338248843891765188874,-48.03417539328705274039436214230318623667,-48.85738315605985539954023781672183930267,-47.37390290839384826332239638641375811617,-47.65198789838898741664897207660120413504,-47.62277596477328813725358958719245228208,-47.56471010109312975753462119586039182893,-48.81928138913969513159789262572603510296,-52.05799326287941717438930365563093475546,-48.11688016601770189856208310440614120161,-48.6089505670283302818477296588666471093,-48.61389449683101024878473553097952819149,-45.86263395568077384265931608597457765622,-46.24706378549841642442555369155335065778,-48.41842969449342880576378070171696328898,-46.94617854683566759571033001075244630121,-48.43465416735763045923922049751187187365,-46.84488073910104072072754655932768771457,-48.72529739972743329512379935087510623348,-49.01212922986846838845429575301275771885,-47.36405242093748197202064726424232336283,-48.8210577303181458572525314297149012707,-48.76708775331225388763949400254395125143,-50.39606928320839910371596097719118884841,-48.91619686721737848913058603776533116697,-54.08716877185961210933291242462744705637,-48.03823472885430951616949649395880461159,-48.1109796825832497015035591555599617912,-48.49940259083305471793221953107285377654,-49.65829181081494776554367791533935577616,-47.94077114189435626676947262844523734778,-46.69560522366417543734887346599790595664,-45.98764466810134987567275707513421701266,-46.7763431224287841679063234156979754622,-47.62356606125381730187107652210089412593,-48.27452583289400830892529619760246610922,-47.64984595288114349432721287449815641364,-46.92817433153483929689698261815178467571,-48.95600926211728427169850924813808290179,-49.55480848648573004156203757807795280319,-48.78370460262336824878374595642682547661,-48.69305829925254632233918089757040498303,-54.73149791858119724306891242380901388839,-47.283818674497473437121433396608045156,-46.51894482496812110379409507977137098484,-47.96662194691602192299065436261300212433,-49.01901706726651685102896423342185984466,-47.87850874669081874726434973091696380364,-46.65606604636629386395280880317821726185,-47.63195326977844598857778772519197957499,-46.99544764001231980508763229593312910101,-46.13809190497835528632309270112319002856,-48.03472471994338002875002278679178684598,-46.75415293675741510851225730312464930857,-47.09585127355729004257222761174758678263,-49.19632786420927316967264754565034574349,-49.13893667335396895976300109385972487693,-48.02017584889701354633972997153626754251,-50.10431158079693361072929627432556541121,-54.24269107308490942155659048806333693408,-46.09778929728329486623392652723990673366,-45.49618690646839044788143506709044780079,-48.12458617186023175783116188727117711423,-48.29247565421053333501784941450452921964,-48.33280452853995612770826160469981299371,-46.44397983254429147029559055227319822147,-47.88226841148550715226208630457567647584,-48.78370853355994843888073221826858837388,-48.56547864963225237755053102088621360788,-46.90051046499972397836414147499791547087,-48.83262959161937504775747966133164416801,-49.07695806092259934123723009721562400395,-48.74849784030167668135273685824164030778,-48.54016385922090043013826741394240227086,