{"chunk_id":2731,"map_id":1,"chunk_size":100,"chunk_segments":16,"vertex_count":289,"x":600,"y":0,"vertices":[0,-0.48550941021701956230177338524061299495,-2.1369420064923752577326633961235635496,-1.55778446885758930990294170690319514134,-1.4752737053055602503503726000991439318,-0.8162444712344866388899728388539555902723,-0.14168672810518131022383917598260048479,-1.54455265861257532846904870512017647459,-1.20252690283452036244318713978991461042,-1.2936182437181108468858774710726033152,-0.83558711420721134964733997062852906625,-2.36568274336304651965525012832723374594,-3.15097799708403505376781968221542999434,-1.50474394237158119818989170881828385444,-0.55610640918530866772573040935254924895,-1.22016153924196211717375844882264303128,0,0.4959174188727299466988335176347114059809,1.46172332944167346454107347219111763628,0.74835786269615794471375563020817598853,0.9239611661713861725762356591850850008012,0.5581493895935614003778082301089431724275,0.0229179029017875624818906411223455429625,-0.9539982405155070200968949316247620786337,-0.5553967311485288128076605321624303585675,1.77243140006421414514160415969601417315,0.0316836659626237409900392216529500278225,0.131763744278744084520555324965752592345,-2.17799343230899717734354334667059724427,-2.52559158239847478824053094724207911601,-0.85481499537325450136008687493643686119,0.0587649733094203452996229958081948275999,-0.356386450533532444766575854292285623195,1.57836023779843541802417287739632302323,2.31199213227803659015403737641698887884,4.02496979346465092762108683515670958606,2.32507128654009981662182424713041907406,1.03292363919356951230883698781638838226,0.701601939990774301200059499397859435475,-0.3380785929699490857097657339841840088442,-0.59327225400814643618552822574835149063,-0.5923925584923354970607045373968840274355,3.38372763307753066662043015157426091212,1.48341400400481596150621441996752192656,-0.0928402777334293053735657002154475016,-1.59841082277733546938407638415495699633,-2.43562791696325356777569020808564818893,-1.63279481292942234679477711137992351724,0.650524743009064478003620689003273463755,2.26696109330911582464231427168123054183,3.14450752276393856156828741662661068001,2.79508804983761092782822003042473747003,5.03724901478428153993763001692960831099,3.7065113278970567248561879081091485596,4.54562464184874183606378251101060812646,1.52572741896932514079764014748958856352,0.43212897900794296260794348656858525756,1.85524242124341907972458667726105961517,2.61582680167740504847751548359081964295,4.53608207829394975026873021390257285731,2.63438428378829006599431369793907040852,-0.2280462477279106358981139811499489379334,1.14815755245696456760383342519902194827,-0.96878580938562020739866959981491282601,0.3502381262261476423147772513208999651775,0.9641625269337212126483770988253521294,2.74951407976954735125729066879363336556,3.05762252607521218253419147874734056628,3.43132176945190878412671879319234815162,4.1934169742053700172675392869933703695,3.91867123312114357631582765923631990063,3.49031263786528777181350782075517799472,3.35994014884051665053589843655521293603,3.7411915577414683780648459307475341396,5.44265926074613347571804890048209654286,5.78854136492730629062525886868627553717,4.74619231226534801084490755155718163373,2.541344671650505586704194723129096409,0.24865138400009643914175328303907895005,-1.39835626399980416745453419367511102464,-1.17411972122436923411717547193392000273,0.3716895252375885315929214193515297589344,2.55996555608022599145972681172178821828,4.09527680613460292650464745454571412402,4.58026755627195612616651967009044190285,4.17526996074112954939563800202737932348,3.69670283672747822761444627396798999626,3.9341158661413084427886453120820931569,5.52516779917357325311941205132052066659,5.16737621829349178865459296260087800854,4.55682659933268633167299214429132251461,5.65438287694419150277881205567865609608,7.94073869085825787323642363178941384079,6.72425812474951049544866603654163362817,2.92840384335061425517318321021877641972,2.4500720709707424076720797455532975692,1.3876606341319159064407102580812568418,1.14674981652150395035938707659034421506,2.93788909344318160901090403129200583645,3.56602112147307246729535784023653962363,5.09280743642106670854390701782892609462,3.82040054260391717298271550012659804344,4.33715744940435819307418628159525763827,4.15284772809329740208093093541930286641,5.09920055170029132413651429215821873379,4.58666963952635200114334857048012267157,6.10478794139860751186063562127859501315,7.36060490176858032825123534909671341925,7.23787240995267466783699166718278725519,6.96763981304815238085323423489326880418,7.48879091597108213815912526859113384419,5.91144160472473866098635727863755240298,4.53423416652978906498267422652842260932,2.18987860849251873058132650306683467126,3.69617611746271038250231609045483849985,4.96768226755107895629928474177600657509,5.8928082905800131746468122612724388435,5.12977874056183692987591725470055109544,4.27262835000710861672530577704495322153,5.96916534603063614643456570508974484506,6.76417922518563497063608583641216506378,5.28414649837734804802981840443810491153,8.44110622200834718389449007839041795586,8.07695036551225395432389471935910111408,7.41842302830105408341450116645002492126,7.17125993714680240421658139492625014539,6.39781681624447243179002543447948087226,8.25817762580679928643792282088288092859,6.06517605973149068503608509735427412705,5.8165769915241085349863460092965178328,2.99245021976258603645329273102543725976,5.07311266619417902870414944263463321446,4.46985223302222252225228630292484229758,5.88957630483560150511554105897765100566,5.64682158027223542615960934098912553885,5.04781219513932773906863110045399170486,5.71188799380591350623653646456421176658,6.60236170176676982244933482249212707873,8.63707462364310346152128332360667309926,9.00320107247093317839421968436123666055,8.37690371425060955764762317821535656073,7.57099222404466489179996308822875303014,8.17000733706545544769325984833833494152,8.00912953784590108149345802215448257151,7.77582612444300317727649054069188307405,7.2816468341119839573637731374183884897,7.05690262710389735994858313985164099376,7.96211309291268927836308684037355635915,6.96549490680661393411916184557395399647,6.4817451068424389565446878512134816837,4.76506248487412035273083412813173578736,5.06335349166315375723886549132854987546,5.34013665942070867085599088921806371939,5.04185587585661906830910018480642631191,9.05873102047449839813824363313533898742,8.97369238339414110140466779818232731481,10.14556254704950537802206435378478434773,8.70331181428509987772887739176483324657,8.08107467829036786100213753087236737025,7.33392263511200531846213088620279619868,6.63321186025585372348892530957451884023,8.71653205058084336812094403743951450277,8.32715418815817318186004676818057283488,6.43471125217578566439702345857202447509,6.90986365742010841590415219994182089851,6.85000713675562208241911480110160071148,7.08257300769977434837658078669005811845,6.73510382556532422537726405306973606613,6.95853123993221765488608932246562771648,4.68716633164854214510196810270237646707,6.03660846543242545581817719954249444819,9.30197583912367900561532332208219760281,10.08673105181655569468527186393968982444,10.74274282582348791023271306086838559329,9.57840053384914040033357805702761750948,8.20465976338026777236249098387709477272,7.49770605057483886085951577483060970005,7.22695666167234171545744077541001025406,9.23901743073149554583208545705646838659,8.21239431065648663651544016970658826585,7.22764121205177580405679406982141518386,7.55987091801696870766510012698380624464,6.62240477150356933546240095399818468626,6.28541627794201815693644999264449183248,7.25085900434155478404338243688228800406,6.07790959375382580314799582691323918039,5.72180201911695444395669084327245503778,5.82086411548184601328330928929120188932,9.56256983975460221329263393611451975598,9.40537776665419908067591804929261097024,10.81095684618380841278803956093457848992,9.42899067342073423401980579003367190988,10.55482057047395231601543373154927293371,