{"chunk_id":3705,"map_id":1,"chunk_size":100,"chunk_segments":16,"vertex_count":289,"x":-900,"y":-100,"vertices":[-50,-49.35140699084321422884335380745252166464,-49.44714212904182985725347967173217145049,-50.34686348327174861467541569670733276273,-51.39544108482405697613221833560232270285,-51.14740494422031363048945558409559786666,-52.79216194687735378559795663357749033085,-53.52182330509365745797730139219218519897,-52.42968700924545866409246777993469358099,-52.52135363822062488563371323158248463668,-52.58226829004268859744348997419670072321,-52.14251287577965935063826106070031368751,-50.82754659329935832524418062061014806755,-49.64082396176755663056933828965915086655,-50.22307892751528175483801838668364649467,-50.44221849302643368053224493412314135301,-50,-49.39464907557525941308997921169143675607,-50.37653482665568015275305740771240429447,-48.82935734593987546029391619724320079375,-49.37732092832305496844254121446604487528,-50.20153547490567617171210559130114430782,-51.74874266078528645383366975589441232226,-51.95946000987496115324594718802327438495,-51.91551091544113308055407920535796056174,-50.6602864104279416547828825870184609189,-52.08594007108004660536258453150632343721,-53.49596815984677624858172568580120820339,-51.2482441215041910823802346793434522617,-51.36245897815612281616280883836926663151,-51.15951029320524413811482751951683830066,-50.24837813935678205582666304143718605247,-51.46353445804876096394251331673819891027,-48.83552960438899805510082395660622652471,-50.30691383983561988686982995563112031232,-49.60537536774733873315806778874357985639,-49.08124555874033363322438222242297375346,-50.30453412711225228439878681882390039099,-50.38578154899240231708534080164430177921,-49.66303373863221203672549510187281857978,-50.41957584009776226952525275340322742026,-52.01213139718969464046146712657752663118,-50.81758800165186080530565330467775729073,-51.72595505899035249834512344524983137153,-53.71788816916153294245199107002720455681,-53.02834300386716922614833334726193288145,-52.48715685627229549459628976321511443559,-52.46399259320802147224099098891756110992,-51.13699175610490595424132363794505108637,-50.89734612704253066203195256844138691939,-48.95742697888582281687573097930992768839,-49.74255020089996246561779057084104013852,-47.93576590037528381150727579865611741814,-47.8991118979655355590204384064098897947,-47.66963253205852203908346907959165286727,-48.85054307184990717467145974578492803393,-48.48598898327463609413808630306425519146,-49.84153955162920053542017431204719751371,-49.46806155257732932579937323219253961083,-51.8949445513144064349790288250344339129,-49.99932635868777253425022259139572609852,-52.86553306755350894991365813296333006457,-51.87640317717840351432427608627419283239,-52.29814955341642965545182601117747060176,-53.8616805993524446827453427361619681799,-53.27727533498711922232402878827591872292,-52.9874862053251112868987818726827296817,-48.51005976078387427448189399065044607893,-48.64323201364163041647174779692059580345,-50.03231163313415299298377298461122100446,-49.47244664431377217348947983333274186598,-49.29216147718629917865635033698325502985,-47.31160139070935644329181974765580419812,-48.03081071398852644907202365741184929387,-49.9763658065145127314784189595159378001,-49.68492344267262085540169100967314845949,-51.21446611073069063641584142699199795566,-51.41567653831284668177633984226852179275,-52.84004941150752653985674855430302837362,-51.76512786538419280123424560736143722398,-52.61447423021901604581842465050225316905,-52.65381296644908929392903320625358328758,-51.58593980673907635404501151600124634271,-53.00527187381970921200544416356527375776,-48.46162995455107565563893970234200243277,-48.50157204497207375605638775075572972067,-48.50541966023165635312845313365826579237,-48.91466987883709281403882658134905063239,-49.32500815601052051175201753392522292238,-47.83500537005587931208103912713086919958,-49.47472560755243318589945972784783777476,-49.25988455544771573889060317664435765366,-50.86871188702691705848420993694529548927,-51.99594494722177381549518019855364038574,-52.56724205947990143904652238721146536094,-51.19990314591655523183798733378346110195,-52.25497080051912657328220194728253934989,-52.56665824518740240321662045829685925693,-53.94821644423555165336823439816739148021,-53.21478570954617755601005870970905034726,-54.36239248788726408012089712796820793048,-48.0335188158369671944427708907050661242,-46.65215459559182137031675724703705833308,-49.793340003815718281228494560095625368,-48.68757266714307447989965368439280320399,-47.86638884005153456863333817833122115876,-48.14857662918614649171531014240179931946,-48.2238783238554814385189981170790734912,-47.49346968644064485346027204456067795263,-49.69912338100072878876303327578031950411,-52.26764329667759049785360683700370203595,-51.78987216703689196745834885823240592407,-51.31143666764654690259510445181491569362,-51.68748732374405637997000491204928368337,-52.43277143750085095124929309423368539143,-52.71339500680729424427848989029281028795,-54.71257955122521075820986890726156633514,-53.30527245484642581281415337313140528703,-46.98341791140053769434336988009609685548,-46.70778577535701208859808657031905704162,-48.03756585319912614071290308959132200866,-48.57068069671188681042913773417775999052,-48.76379743017717362174092246558431916544,-49.47026823317954859873087929152346133652,-48.055416222228814964632406478086031609,-48.64135816569053549889654051866631529113,-49.81473676009322062300367564511469159773,-51.6609297778559503744770637354661039209,-51.18060051658832887702581593268187761052,-52.16209189001707088749921384007491144532,-51.10212982663605443508672432439921304351,-52.36922205868434803520189916039478047195,-51.6578467040427363930309042650234018592,-54.21825338869156543773676308558021624483,-53.71204451743350172837590374020564396142,-47.89736810805321088571998392349455326152,-47.08371567313759850927179155970618423874,-48.50558408159403446267124671115928808331,-49.86508706029622188748280718506770985288,-50.74717070896140784162511341661038255321,-50.27905150041703156612135144746641886414,-50.75061918793147356321094125231668458513,-49.70750307606143952978603501061657189924,-50.95295917285223471689298284203486859888,-51.6450783400073936876060788249873584677,-53.6522269162148575162781469044386848694,-54.35986180710846171385758213184017609504,-55.57552418782593574108113198838228966029,-55.23100997630327073301675121060442700337,-55.60635511854416930173203063028118631271,-54.10459837587973208586997054536957696149,-53.14197555206664670565050274938036749243,-48.7239153973779480442618015233273724223,-47.37572474391993657284030081671106464593,-50.50995496285457054420895246416032277569,-49.04559436281510281981886646766949998806,-47.3690164790126793413098144141221000626,-49.12256425625560057048760059044607362162,-51.34227206387673501792994068436538868264,-51.04737327128087214639017468615470463243,-51.21633421871073250437735237152211431751,-51.14608191435540921072222304662996948002,-50.37466183954577476106490300715612642747,-52.53945500231537354524080672362258162795,-53.87750198010612844601850443546520562911,-54.85647474787453054448377692090774964425,-54.13193417138238790000661417208152072953,-52.63175092665201288984967572287766750335,-51.24207763711981197666832444025928224689,-49.85896221453506772630517632121625117897,-46.08269163319714794820106796686302161161,-49.12513198237255957899892867582529198948,-47.06814722452729819603489003317813959981,-47.43258022254008118847570521405458333659,-49.54080061121015749978246563193111071172,-50.22343631020583412633065766268932805656,-52.14522362560734482470388583489428768818,-50.302779035298718325455142239087482165,-49.91005257166702656709509389412426546916,-49.7683114356668413424057323514040527569,-51.07376838073981987492459708037255484275,-51.76103510614957905291426831610782993441,-53.07003606048662103872632478469775763033,-52.08126216429504216974624499347072861886,-51.16793955686556515588714806356578583855,