{"chunk_id":2795,"map_id":1,"chunk_size":100,"chunk_segments":16,"vertex_count":289,"x":-200,"y":-300,"vertices":[122.3776001,121.671232830985063748128174304892477373,122.236742233508780100418113286051963627,122.99090078584829957308458936253678756,122.043534444712652440338073183624134591,121.345130191858990758702655395571458159,122.567591996449552110311983708887050991,121.364613356965543786563738597924533063,121.599586148286728642142757749955703914,121.107252412358162352127623350579684176,121.926180945160693194949203242818965028,122.879823135627874988300677087552977374,123.515884555149798190727443179948594612,124.090192594786611499910010663912124481,125.113035883050802493395980162090053104,125.935026134817439343603128991413640764,126.6251709,119.900134492823630465149626592635759391,122.59923024741738171434590073318491781,121.341248286811739464522300927623434514,123.065812139685149940145294349870652648,121.147366581150484655517258933827895345,122.754057775889303198573584058043390955,122.559367440046457241717854807857780599,122.174083996130031021751670901753994335,121.848056233823539792318494946231333571,124.415823517822433990803123073113363839,123.683896696657846622862894019488716561,124.334015886154024859288337472108904791,124.757603737335867417686409684024225298,122.852721865436764847577722085434720411,124.14502626811025231893085354405018704,123.135269778673860386093326784942706132,125.27615307495817875433932889554259131,117.644438889338122193809573198119457186,120.415805040155071258144231657520349211,123.232291154690995252619322632314140325,121.90755781056002057166250238711224402,120.46447785370611850588360418017798644,121.058791515456353321393976469665344157,120.960860443560400696808450196464554528,121.428148233751843032071048048254604905,119.523116210869606598710528172556261117,122.066070689061928788923178040131956809,123.308526192710365859712119545440732386,122.533269644488863087543549658205513916,121.79086617835722023811754111069162705,120.690460313253384894456930523773359417,121.333948711391676356257379327234713623,121.526144224655021250636184864919043352,122.116285817791585309565575615432538853,115.467915741131343575133041080869690124,121.0429619795981186337034533135589449,121.5531043142085847150284807112947791,121.918803621515279531716842460657132233,119.854464823307558033013904990339080861,119.890488974744160566547015451602868485,119.383665388268543392600401652199725221,120.535740671586082368204820049241412775,118.686074327456989105201237969316964722,119.831783497716009719901816753009629786,118.986854275525065634787514709458014848,120.329691838765964375885874543829264505,119.126070539739967782905644477493925072,119.083417386628929633929725681289280157,120.547620569371080570101921094864577584,119.83161648374347349606440092313435659,119.936539295974713684983029292201469211,114.272031621486551762289226846447151841,118.78188838961865392104558325253539334,118.358731736763582699727362347270160413,118.401345547370643925235898659586470383,118.592110805805422654917408669972122165,120.450339806761617052128414423266091794,120.759686393498600213287623891591042784,120.858899604343231885310708275757136402,116.011185938908130509073661603954165969,115.947736953378894505624216376350560319,115.793455279451135706856200727416476304,115.516425764527713038602504779211730496,116.031943929459850546326843587776642217,117.934964137225821012767591317487032943,118.530354911655883686026152252006170311,118.987570226608046269445096370041189443,118.975808622114019841269692973627660344,113.730562585413133060131007809800683882,115.259035868376429180189461802608073699,117.16090485766275336313443263719897839,118.109042327506572704035658773073754601,116.819360703972564643230753774540585908,117.517544108263221784485736267242922997,119.458163091554185751300849086257755347,119.503229462892755714236863559784179863,115.033048800768025636311935697636980574,115.752993430351172981394460391872739154,114.787768447216773836736321725320487545,115.867428372965145755150475412220946934,114.668503373610872319561648255473263877,114.041431739162005470804952522794678174,115.515357066208307033128691351093923692,117.284448781661896434624183231815986489,117.640357077162319552403142817474983704,111.574738571521999665281929099876258174,114.721859121965657852062828792137838204,115.007635936223056520357208767273481725,115.584892123697587861609843418610968598,113.833438717137597549890063535901083547,115.165958224613595756029445750353262252,116.857583866199570640429746578584809926,115.804416036996634839245724853888757688,113.920440692651923025984448509890188093,114.498280061364828327165210956887869854,114.400776660410079941433809425770154152,114.520740781869431629791593753196316515,114.596406215139036950552817253301207224,113.419430164016051644907970579778616321,112.634993349465144705471457218422000946,113.483315209129736010016555114575654193,115.043049715337548874464533627620175531,110.706288821112743710375581240267386194,113.825194559353989945000552231945562106,113.164705181340425122745804875311159493,112.416462149559051459690792233119648745,112.023324827972928375495984069302896326,113.34472651967310147572037125959348606,114.216117505894865812164843752063235127,114.922483674042280279202480220170120012,112.379708905752983447166301823829524003,112.233181940827602016874177707361059392,112.254223674003275240404358411254661608,114.442988718409467441800178849690527859,112.605693636659089709200151413178794993,113.990056739624320295434941182417227879,111.874364751764309762283425672560224405,113.225123249615321292556370925830639778,111.97952310624177491306354087309756961,110.371599807616841969450934855108793779,111.342790474417969963810566858365300186,111.098012122127784624862366117971407544,109.717274403367555728214586607837635183,109.887007806040390418165372797797138704,111.58582755141381150570801600024140603,111.947264598805830357107937177203046278,111.339410687801821159815391159210769988,111.692186575549698039333509690492760949,110.618843823689321769985255810791531889,109.674527553342731586129051786272297641,109.719272141859468555085243085957465681,109.117935952231156228614066022800369005,110.017010179905634320116820218241147828,109.010838341573668987931259098556348977,108.840193449981429705438767830638345456,109.368993105647207320328568777477288074,108.684461539147025269521490820571891142,108.715069412851825790318862236669173574,108.20279766308581457158602090937623984,106.593448488443318869890849621951093481,108.508802129219935173069142412049719646,107.670712224086926680472742426368259604,107.26642080544460090036701923559809374,106.749584611777159560755225866804413321,108.095384597823480179108997930485597696,108.336021285320461700496528410967704728,107.259967763687471408303691824229021898,106.39096523129853990291461485101965046,107.034710128561864431986096714849412384,107.298147706147516360058320495360523917,106.950577304598164521375313745466433207,107.593959241032412544516728381116612231,106.122820948464025654405305030692253443,107.812223793840831181959269475783281143,105.502852900024384429114705978271266795,103.513301330025323481532694888878179272,103.483857552793521785749115195791018746,105.837206530666235912186121839662360564,105.369111324800904249924687612619667288,104.317769887110831175094995707001179113,104.671746966713037132949358929477099268,106.360889341238333594032880308857152704,105.252661643769928375882732406759526538,103.423318401032496489013196563318297734,104.295402456604393994254044949424699738,103.309724919225295140668233721132344229,104.278502187723738644877149822351328685,105.519161309846885333522126738673141311,104.697999985502459543493520646886975632,103.403734661119173555125337511543916562,105.156668822988917374474408828699733087,104.024644326161087548601529811976380441,102.048284184344988421527498905700855885,102.360711551609306603920805925215994891,102.06391617189312179602862063919125594,101.170549233548045992099310142511709399,101.799063526361751561724279813687465339,