{"chunk_id":3555,"map_id":1,"chunk_size":100,"chunk_segments":16,"vertex_count":289,"x":-1700,"y":-600,"vertices":[-50,-49.1267013748840176194256877118098631795,-48.59255144367165426107329908118395256076,-49.67384666035438196178645728537105822677,-49.132448048430801557209159153880510716,-50.70974924059287033580812442313151822888,-50.56064848863475001471615013547740517007,-50.04819239506764587823192892485699627644,-51.19452956587810519309636412292742524959,-50.95163890713678528016504963737058353356,-50.91748495670882484021542692032142369691,-49.42029817841479542586191969185110078423,-48.1050529307514358751746687405280266409,-49.50589131590415053182372784770760276633,-50.35389956273115780009488854176443840673,-50.98473083381761221010998949639427954277,-50,-50.62839194303229459032338329614120995005,-49.23734989338794256791118355231574075695,-49.17037757745946431208698656217011588517,-51.34293599547947776680595680008631491084,-49.91416012476005536540625976972020082534,-49.82128926820096668574522757107243625478,-52.00099845548040513270016738380454110257,-51.37959060723377820357262490985556083005,-50.19953267733984355946186525303616229202,-50.86839182436773916486184630320993210382,-48.58400237253948578913840688711795706568,-48.03115639640192853549230787824247039401,-48.4246268752638909431276854037866507632,-47.80481694200598661088127719009647481366,-47.63071866076811625059929061487209985332,-48.22680574667059058441310679374063162826,-48.8138037028889713460898108741596065296,-49.95782460560745618965352260627993899919,-50.80651364689151845423145428867575016964,-51.56016153642912792840244372322648345081,-52.07873125265316478878446759370074370242,-50.01702439294163931233882303647665563661,-52.35832750019032861652954288270931677308,-52.80060366489621207564936805400860912335,-51.15241457186777934539743538378235669365,-50.8978708263604844870800612511890047601,-49.67376275463945115502715026700068936017,-46.52507629400684822550049793700613050638,-46.64747808951268140723305686872764896322,-48.25254519762455768374975463080130465281,-47.8533399061537105253506518411044808946,-46.04292119458661630739132320816688087921,-47.20838397766991724286416599746414152418,-47.37340784818709590568182892972392094223,-48.31761514210667941112955883038198914391,-52.30705773176632709001561513537543277165,-51.25921886252652870778651333546483101449,-51.31554063627138165199081114244685608894,-51.85920648669129047175527806253939450189,-52.34705249604198170492742927195779215124,-51.20147928691983327986456405325007018743,-52.23864742889747857090787725626985480637,-49.25606876168971862854024755063200060719,-48.67517701426627854714324904895409761233,-46.70888210959582934350861805537879739146,-47.15100764629077040159218017251614102644,-48.44075594859746662278139918701488439631,-46.63168139242160754633100204669373290909,-46.75214629934136512939178507984099530655,-47.57692718201182190510673997908745317911,-47.63209020415648822605486417529154125837,-46.74428656397051572366303963802535138702,-50.42423539709378769383763744476822356126,-51.63629730191955888027379460188790452679,-52.40486134901208642798247070396670026809,-52.53624434663809386299284749227575289954,-51.97700507408176598058832632893304872807,-51.33729490591706710915013252228651471232,-49.89736578145019821540096114585218999192,-47.44352224099686136629463159042555357669,-46.48122928540264605424562619305028564023,-47.37782112948001901734915608768873097799,-48.09276075458519515762399526970076279383,-47.53298242330467713774618412848290188684,-48.74787310683159884156663201951437346996,-48.52865916770306498404231548529716382689,-47.12717830886760964613657807622586953547,-46.51207858953731578580237262102409819004,-46.40510363334798611112921331750022532736,-49.82479072567572725592219069866631405463,-51.50933393444534628939110423919695055961,-51.55192002057438216844550643413691113266,-52.22635544492890780273810887896190053384,-50.57875681240273167175348336716202201317,-50.80911669001110518481877535072987257929,-50.47844878049887595811012439809423542621,-48.16321317963978128694845045825775245334,-48.36323972036087369426331208234178500499,-48.71316342001721460032509663022667173125,-48.12301615416714613191683567780879385379,-46.68925969143212381285809203417221928767,-48.58746043662596058108769106177527951541,-48.260267539396137680605782404794724224,-46.00358372940688765100631332876741747118,-46.00629847923515675235378545673674993816,-47.18428073019621986872171529579697349614,-50.55807462902119490579398932512843589617,-52.09090748115689363200610491620303408214,-52.55564243781438167973948386625822870313,-51.0020433711407985824483154157165152374,-50.00956205914781619829895034748983418468,-49.26358520157332539379335693085266814537,-47.67607539754090943467921785079679945505,-47.3706424939485719237317282468744228101,-49.05940494372937755679331077300266867584,-49.24501060978760535617583362768597742544,-46.96336632993379703236567500848731891984,-47.40182137804866935682830823042512432629,-47.62757815899131371756231725180739431976,-47.41510508860901032499083718006202766265,-46.6542939021233282208297921846278082512,-44.86840138199488977367954731598411421569,-46.05015233194354504573407642340057173608,-48.0420198121374192599436166650750156643,-49.46038897327704799871529416100783426025,-50.79721967162176510276677997535164475329,-49.59305115493126387592917113452604993801,-49.4826427052473397396693222939140616216,-48.60171174418965395021184745166652340808,-48.24737156125716870162323266506393429962,-47.27290227385416781136902411234569924343,-49.17976707884218599333054259032412676989,-48.00766709894554050088644142043274022231,-45.25378153819071391526734307925714052884,-44.86555498220207611491858805368673075599,-45.23886556192022965780821318129429175927,-46.30047814375824596251671013492580590665,-46.308337265564920105626135873003657634,-46.1017442171840384437484418476976209045,-45.59185880694208998238724729899205560916,-48.19565968415139483460529898659940458299,-47.70456696433157284874419515798943155578,-47.80115496025937205088620828679605647903,-49.55999779286649617222251687856210888283,-47.98517272710635872156353928709910354053,-48.2892890893830356295006102103748426406,-47.72648828828988167381592958121072032316,-47.77815645449239856632034060988449507015,-45.82875321007098791195240774232478836291,-45.77752878944746539070857358298387910061,-45.95801058843491283828179285246892689152,-45.45909575840834145804723976886905029897,-45.24810309597977321386509253079115301966,-44.714742646319862950059429347429001739,-45.2730012606802667671619732841774366082,-45.64892712868648120656302842825278999998,-46.70732663538132627613282354520456632134,-45.97645023404936643175434627842084454122,-46.2514031615269043534981697071577711003,-46.86073665317186107372764145696495531656,-49.5400728684241528386766885929951936549,-48.40297316450007540643071748602911654716,-49.4351871978094467654290066345383237688,-48.00958718140002517932563127643565221438,-48.58771021015259687287541590724923492938,-47.32186476347024130035850092839131338118,-46.89314194630104697531534297679804770989,-48.0970670875604213187759495147841040054,-45.43908443914691127545104561291309525362,-46.47533654111621440396820307452897573495,-44.79250863654283683857877212973875787645,-45.85058670455782827503666611856487076687,-45.44491595499366492869875349573878089657,-48.05232299307382571809244200227179501037,-46.67462827873568366383670246557474327173,-46.72512539746059250869847266511699853176,-48.68653466457024859607497584007596778115,-50.15910373918768602246724593976556599361,-50.85378611478675922449770050666126856852,-50.82181717677571996810859043963509110515,-49.09701493918464113885225370255116729742,-48.9949021544497825026746527578849964092,-48.70281316864609650165322969019803598642,-49.74466079576543409086192124389018032427,-48.63108536687375092951839130861073910337,-47.29072676574840659340682985973625131333,-46.70998721335781297103220176738223336196,-44.91287533713412275026472516473036893849,