{"chunk_id":3487,"map_id":1,"chunk_size":100,"chunk_segments":16,"vertex_count":289,"x":-2100,"y":100,"vertices":[-50,-49.67495614200304763033213126095093316185,-48.67299730599172825553439071155257501815,-48.48451253874934927056952135654446162929,-49.76622971866561569621031937197904474111,-48.2001529200660252397120799906094395463,-47.65336974213430832442563108532338262164,-48.08834465370159371439106146795594943852,-47.95628527691121747596705784686938420733,-48.6867212374049548821517407761637270835,-49.36222398437660096049052246194378229195,-50.6851477874115316643813413274069069535,-50.1905137447914584609028549348388941686,-50.01438910004501572220941188790372210743,-51.38351591217158657868443988645077752139,-51.5514496690942024388286905994154859895,-50,-48.70074220877764326953536695958942016058,-50.49619101975725101250006267791829045553,-49.41100451068000535687334937298444373881,-49.05837140888325960150111489509820010368,-49.90165907505979635215330654162009516441,-50.34858502700914958826760489666358595817,-50.23843175384062187555737574460343501068,-49.10878219898659837933238724671183106503,-49.22847087722562413747788241938143887954,-48.65300503779494379305296883446383088246,-49.00372419144271907000669603101156094675,-51.59423904058505269429075502999078633688,-50.99184278122589588634089575229629955254,-51.75547617993443579707405023723269932057,-50.24533905123262021278230476549960129157,-50.80668852153331750214827987660527273124,-50.30517586021360241573098993444468519683,-48.84209553212177475460679308407475804834,-50.18885521420863210578725324218244050655,-51.1275651967694644556443202854436143636,-50.52416387724475857342995487714066494305,-51.65901467695359768759444341054460990317,-52.16548775729967135804319198105285192348,-52.31875598247536129121370308588486920823,-52.39486005062632987597632622337388330456,-49.3450661431139543978023108408657709781,-50.43508190815609146922070481304894964241,-50.54944548596906256821797937317809765902,-51.99608740056107805984052780374102927024,-50.74086177551561691256161623497182695742,-50.97508596380233139499921177256477014789,-49.41279749853873621568548910471262143132,-49.58448993819320291450555159922974947019,-50.43250232108384685143143784694078068511,-49.68316958065863279820097066982815010436,-51.06968167368438201587053764345372664395,-51.45712471481569277792714175241234736922,-51.40523246685203148419429198610051709045,-52.55261395729209197662262713633544679493,-53.70874277730301021361547122224157415304,-53.36840302803546913490737288119209162131,-53.22912524052769042003625886981422582184,-49.27294223808953986246276028631731082862,-52.39241910695080835654612219838296674165,-52.01874824231821167602583714011422570182,-53.04231785248942189664861788725239679092,-53.04364923191778473082649069526938890553,-52.74785131757411584933409702381560769493,-51.67977896990726652109643614194812366956,-53.32429972038177701345414426329910319042,-51.25224236110631010733095918782684180801,-50.78841677182592588560244579608282477525,-53.05045755022000758639331422638694513381,-54.05114060488164230433725366108608521442,-53.81393902711622955464406793717497310407,-54.84473147499413519373311361303783848096,-55.20886720188406066580033500346103143987,-54.99341186301355399685217543717551839493,-53.99093985244313220989169683910661481242,-50.76352851823380219755008629942034777293,-51.58238904009026962145505740745903230556,-51.81089785209400150238779378975960242038,-52.901115443734444615700554624486032976,-54.29213508523669289502887397931117270274,-54.49284605747788843324746850028271915274,-53.81162249236107901506173041524573161523,-53.69916110198663106308593123805816649004,-52.61430593289112710400158616897518166823,-50.80954598549057834021637490248862525295,-52.07259871444327927497147027406335818017,-53.00873659604160494599726451570077271034,-53.64659576180367424672867735317426490596,-52.88930153777509507436165736923724466765,-54.51063559659189664885137335121680081258,-55.07525324849957120439251242624542241572,-54.28523404798763215753939161721115277899,-50.48500205386144011374822121216838189391,-52.11662210290051205125822053319725511409,-53.36138716924971386688153822342080518476,-51.67942976165852366246519356865986713864,-53.16633367088687113378759261253371386008,-52.05456545481951685678873613152379386841,-53.0090916764052318431344293511395232876,-53.65201723754155715008861222086756525716,-50.81262742428493515094826057961319699327,-52.19867593048958653465928881457540916054,-52.20721862947511140753245671521640352078,-52.48223732243592934440512501129492620344,-51.91115294198938657481208202392954524515,-52.17215092664165414623956007596234459996,-52.29731154513462987671966593730641391816,-53.57366315575276210858407011899381047419,-52.80628167619999214571170384471486283078,-50.62237364710831573881425470081373350549,-52.22642530395870659018922165543822859441,-53.35753760885236342535735755153651285068,-52.28433182906167921344378815205943515596,-52.75740816350469514371343273180749217249,-51.86792442390100175930377646120154857094,-52.50789910845193272901757322651332256318,-51.58785087497438686357603325099089750429,-50.15233376018782980137771712602495419129,-53.41954069622541148616906187652480894696,-53.33628975318425396392380883537817286184,-50.93547629202640899907599259217859856704,-52.82443913261651749757723754316778855637,-52.03411783447951009499522009548264572882,-51.6649732332281538815596217158740628472,-53.19548975968073948472868170971732714271,-52.30137002173058096493366717256408527022,-52.09413933716823134425923321800233354726,-51.766263264986065659798095418210550582,-50.35794255000851026779566430029223931051,-51.05106605850199872802345582851714438471,-51.77573611425767237103410639938331723158,-51.96764534688951533520138703995784801435,-51.03390576653611489902574204424382108394,-51.63010977527001555409086629726642559318,-50.20983345964468026472368043398162338779,-53.10792465500475680672141318578237858904,-54.67042378154449091812319625109549864216,-55.24381210731438919325274433870526735134,-54.58576197852650182269765414639625893875,-54.51594160271814163288936989017263839997,-55.096758122382076643872026005065233359,-53.79098239039397317597030851654655295416,-53.6779641599229072112360074205177094632,-51.80674268867155403942638019590949718875,-51.8134543966557085658309074019725638923,-51.03323888765991778788555940828412449849,-49.32287470294618944592528810132691190542,-48.39906792782478392758136030400341398669,-48.45392423601887225309827518285733618216,-48.08363849756760280080132890885007332275,-50.0393906934067854701664833679614008306,-50.14323447193446700153724704165211022074,-52.93659269828240515839409578189205889815,-52.40521118107030682319737735419319084043,-53.3565317950992661850541443791304732853,-52.60191761588945455988650731534235921883,-52.76315634153109138963542196157940759368,-53.44244052334501138451883667931752259156,-52.38163134607771278493610377301746574576,-51.33796308703206925684276940906025464854,-52.41693553618085731807407566280964415853,-52.07399198924862740581942866328540641232,-50.43578667974672048509311280923197909186,-49.78714636790852310870020250985661523513,-50.88536585718841666601715465452217898448,-49.45380502500471973924415215196364032416,-48.03887016952376717275628856761089975413,-49.85470828007297767129895658833079421685,-49.96532076290421379582841586075517288109,-54.24322426182128626253034434789052270973,-52.30515640362956126165326874333017881382,-50.88651882661002436372907342211476442393,-50.05962208181086518018970807515174502947,-51.95299221316815894941177215816410331407,-52.19471087781830438079119744726322123883,-52.22850774899416461544010899126503479562,-53.59835984690609630015938697448075174509,-51.3585108528961533647971971006606148209,-50.89116959263393022022711904640792995737,-50.57772306266252434402772398132533880661,-50.66694482639406914416189560192613323727,-51.87955771494820943707865748588141149763,-49.75329228451867985301882063850719678878,-48.0335249136271556785862455139044320098,