{"chunk_id":3590,"map_id":1,"chunk_size":100,"chunk_segments":16,"vertex_count":289,"x":-1500,"y":-200,"vertices":[-50,-49.70633606372469209056366651951314622252,-49.75397396974023794982928940533743973378,-48.59902202278834208775406580861564485236,-49.22797096740485026620816629230754217536,-48.16000792002706867930527524030522998597,-48.76910761153456040290309811741911189131,-49.54173940676810066562962114914107039734,-48.94160170565154996249251582341716118952,-50.53535087819086228274496867319994360044,-50.22567413199090894889023651710656843965,-49.25172396055399552019570642978875055112,-49.78282077057117618334079119708205301946,-49.95897212868859446331599625492351748014,-48.49189124655403432084530156409830646068,-48.66764257604268482169976327456598638274,-50,-50.59108793743673542342038467295910398647,-49.54464427827987648350618774470964288161,-50.19905644971827132213972450500568659762,-50.24513282979147714681069241899141867216,-48.95190369442195384976804202865585944674,-49.72822318433132217868459137135511783094,-50.20080742110489484220598964618465156489,-48.58809362408521059264203287276982284454,-48.55229817946138248836313937944382171235,-50.48479090691772555474899802474819137148,-50.56291144321214756762780745837586845327,-50.79169579947724131182051225493026370162,-51.61778067500482204168707230395085868116,-50.01348815299355600200410636374864065495,-49.16731985385692084859380746429273822954,-48.87891681358402176138184589927756791752,-50.75153637179833736545450901067516287955,-51.77565495676726653518882488826518030562,-51.66803627668427188183229709562688008104,-49.51089094332468000653562772393468632604,-47.23235239848947571826856643872060814304,-46.94481123729216545131073085742435055091,-48.36936186483723551759239105270076006892,-51.23787790824742069276670529855718348939,-49.86131319505107269880354435934673670808,-49.18991777650595334623755386830833437946,-51.63770341284278019703855384835090618808,-52.3592815849323906375074957660566510051,-51.68376535946050193496148525232582525693,-52.37755996785122232986362173063092681769,-51.07898493084063141403222682959400139865,-50.41077776747398100353083316664455582696,-50.14595992692163688727633285170135205834,-49.71592326106702048636874417992196175639,-53.66741941399741499886105672202223098142,-51.6689141170640902796661335472120808654,-50.12642631355570090322873293858716678674,-47.95982178216330916618075064094155474363,-47.27380991161897432684460539506043933326,-50.20347645435123672979325691702131849929,-50.89500012344759200432979045029363522143,-49.9730941631173817122774381501581320748,-50.18659432488395668004344647970436946106,-51.57345720756535546921850924657139492858,-51.16607377079533811754900082855815381341,-51.53031550156395886308641134323621771614,-53.75193729397560311739512403051670120716,-52.48293188565660747110569221040483082157,-51.21008241120016877434723632194184927381,-50.30629255802501102213603786468175616001,-50.12539794404651105394620607913528502405,-54.09942289290734658313538063686667311713,-51.78161447216066946805958147816873555477,-51.24889273664636552661515018706711641353,-48.50815881544901370214512277963258394944,-47.23278923268862807591215226259551380906,-47.27764147739150998183354756727263206347,-48.71239338572258464190128817881691280409,-50.28125022397662410404990821191330688312,-50.84787444660931648353419242507690613705,-51.39020649535577120274100110778396464006,-53.19188028823818668945807591530605021496,-53.33133684119891550047857322958093723157,-53.81409661756323560626112219901805052789,-53.75137190550229140764967724031792767581,-52.58674071617717099537846615333099872681,-51.86539907909933748131351555186286738144,-49.99895599726937788384678445405245683941,-55.05214277450279659184432498627263511907,-52.46681461341667683747415345243135920948,-51.83773157084215801502430794049461639815,-49.00478817624340456634192843284208587151,-47.32585212042084982375974005084274135102,-49.91516694258391525434004423602376932538,-50.83175617512016144140641751735233899587,-53.52061760330935919821585697785843777863,-51.45601133445416698016277776122111967577,-54.02113594960993924587244462219535691096,-53.22202945276046526664949473739581468642,-54.95160176569255010370860849153597668862,-54.30681774437020648666375973838236348349,-54.81295157924650509776678175030070385688,-53.97770991563931651364849733454110483072,-51.25046386102500323799242461049375520993,-52.10567530959625645871434521529163324577,-55.03224869736897331269468645190338742894,-52.16024385955350502620425028312821752646,-52.36229061249126047996935100813605008399,-52.16250104460287347134045823902420014811,-49.32388986922128105260589576712958496986,-52.25992150136169322567506692944463855643,-53.4785741895711775222072516639213085876,-54.50476104071182062337625686552796430549,-52.64535554832625785391243624582303641428,-53.36665028045499144295318877040115308403,-54.57986950026550375339880474365675582226,-54.45180387343421536305050261439244705692,-55.01554363525406487151869691473934012757,-53.41540911345336915527767258872409582028,-53.60884024765017722925906296037750048101,-53.25541296155648868353730215479125463113,-52.32481174192110049079384271612240098119,-54.40079840526268044345408225889080522042,-52.63809512686552345075709662444038031177,-51.38007116037022895512797126189117606492,-51.71455502588319219001407274775363561094,-52.03418335634625302239938195103760167354,-53.02576563765472862841704949643681359702,-53.46737326932307518915014136100157153023,-52.83520071606834183553204818153081203886,-52.79261936204847596879790709392392912518,-53.4694314559860621957700399472633658498,-55.8623186853014317836879662052650909892,-55.73804307267676503454348704553768447552,-55.72113284933803111207649371555771674379,-56.22516916824255736827925893945695922184,-53.80758273724809180579292024345685412419,-52.77484365210138346095455064281916982011,-53.67239616070788202512337620293934849839,-54.10499244045646975455845985136971000791,-49.46908700354645220851596839821907196958,-50.34005551556225432843303905115456660381,-50.99767033850785015082518982139052823233,-51.10983636253238136217192959936121699733,-50.60320883555858294484756905703402630345,-51.84563904102286402209458427591951242374,-52.52644286069505060038201752988897530517,-53.61162210073836321227127032340263807015,-53.53933199169821415817330786324045190667,-55.04534325030310708188837057528155387854,-55.37877119215299770833129558294271809901,-54.03435987373449298507805639354487901545,-53.09618302497007667028213017368400238371,-52.48720981778938570779664914709279760788,-52.52960180099172693934080982490415222244,-53.37825228021464429881321301989963673021,-53.76272894945644359635285579922130468637,-50.26558117130548710538136790496171498888,-50.73874704353717531698997304758771637039,-50.35406593823740379223272223428045153701,-52.48164338677799554492629462767988173528,-53.78970412918325471997699094087003595664,-53.6618959024399723923049866812062609558,-53.1943716834254813431289767910915433166,-54.14850680238284059588502379263119094176,-53.07679522145293725201667294098856103811,-53.68805913370755105814448394468310958741,-52.6854547690800287582512908408427939705,-53.81180758974458469041791385499660862688,-53.93550657876767951335356033843717575859,-51.43704444073922441812740408234483672797,-52.50026560647016251567575868756941115879,-53.96572774676025996735356516460984684979,-53.21251586390173551499103999582599849173,-49.08172240281922311666257772727400871305,-49.37602800974273013170301773184976360422,-51.65896683031890554310275549137084065798,-52.70338119728374046502500833400897647807,-52.98919515391418041715939940724719899094,-53.70968011043934522077125602381324843716,-51.49792767026432994388689374133701285442,-53.13673197253907342871126452053234744458,-52.12647862006224903521308781016663100704,-50.4857208946177510814771219354412927182,-52.50070187634104732652631019597011064628,-51.78786217493534526982447806551572589451,-52.0310653077991329525033410820304247734,-51.8536525825390405140147061906012236921,