{"chunk_id":2765,"map_id":1,"chunk_size":100,"chunk_segments":16,"vertex_count":289,"x":-100,"y":500,"vertices":[30.4752716,29.10205166117993785186448795464111881047,29.14323350180383475224726744467188805971,27.11239941049302381811607260465944098373,26.4817245558769076833525888129398391188,26.54954461942665778721003460700071553246,25.13897361137699883806629219385897969945,25.36066135521638080096644905105750706525,24.69244602055594028389009198074577842829,23.731489004140935263756589461431358013,21.15300416344052547187580425403226846486,18.21136586267134084039631724153454209234,17.08256970389337558267771260504464204746,15.47508464844018062262681147887761108575,13.16763499661341056445204752440148534539,12.06944681652406011029822717934591158803,11.0385933,32.18638641321272103518992522202022152666,30.63846811973055741318148563032721153397,32.09920440662254341122354235293064811344,31.44971753370554437422178561204402246117,30.37364519804023748678953095085334126527,27.55070666486285609533577378933986679181,27.53565102333964721878694517355025685529,28.02983900181570573851875179657620798754,27.36820725175908820905508700873024584907,26.39425282944822573157352235159813973332,22.77529562045208544238935875686709864407,20.07480010562670609918378404590969470902,19.05455134719232921869327674225399726624,18.85331568625875466047171718257698638511,15.02084552616258654897282255212667907033,13.03760401812212275125175064518996559687,14.22504884829197406290574380147503634801,33.74497290824113013883018372009394076834,33.93908848435854538024361474586813865914,34.56643471352896740464268458212553969644,32.23726729911063625393005369625326888815,32.37480452985794961979322312413006760165,30.76639065537228077948451574830441872863,29.297574605929902819315468994131782339,28.49514635812368987698746695839377928272,28.67948854002596862045734425507492662153,27.08302382294957793893616909665045246569,26.22586471490488872094531243786488622046,23.11845363926827702828402006500101938105,21.76266622448902823473532443122507324867,19.38934618624282317863681762401032232842,17.89230054921985727357717196841070099509,16.05204232976843141169837541630705638778,18.5226298617828811895244218577547328143,34.43373150830216531548814869354480528039,35.23445266033550903085626459732802416295,35.77858287486974759655272027212207687571,33.56251122433886445220125815809880995809,33.09308964740087844660672531162991175181,30.84894530335664451096701864812149830007,29.89046870054569184035195020747737851485,28.03295000421616175628199093893060457849,29.88762298499490985169437501610104078575,28.86897134356649367182382432116243420939,27.96915709119017444254268499879703416832,24.79108906470326068805905580471582094048,22.37863515743965926415169487809110214045,21.22200274050723205497805384203750641164,19.26912122396661118240727268045141783527,17.47294529813635093793492933371381693491,21.32894374672610211650046861742785492141,35.95021022735171104614207213001384806415,35.815886143237073425518180944454179655,36.3200956872615529871583968001747843886,35.52024610156317108118484479078730370055,35.11787348838584859748492770709983392879,34.33091142030982253015084472667705058881,32.28041379056854831329894330713830579508,30.39322482994884457481240802323572071512,30.88922356681602410443607842481872266376,29.02297255201749586987648377333008942071,28.60527850088858318184476932401182317261,27.25070154097498417946794457000976104033,24.57016937553017630941045346755521660404,22.29941065038747554925031354710012157076,21.86146804185492312876370424286473763519,18.93310145962781766377811046789778598834,25.45765685005053764811513281610436880625,35.57739931527675430876433012896513265351,37.32931849816529114336238764853782773318,36.51248306462182039501573616580479963488,35.78306904009845078170640392028221049471,35.88186799407700090585013116273883378726,34.84505525071002919300866749075037658234,33.38688953001037792106440944560217160042,31.80808121778705832133842129443638191297,31.67825684150673059343782436521802329146,29.81774323188405256619720627497439890483,30.0645655113891159119286066550477074813,26.49352263569429726140295765859623447071,26.38110469242230047834288292931387326989,25.60768982197535689857444628007431485736,24.01134434581984633983775177380246956345,23.33166758259337371952202749081755183088,28.80811294158547696736076430227947391223,37.04764402193077820714166878539259204828,36.1747449737005960372667947538035442321,37.01795105219836681832222060028570034951,36.10657273060037746133181750979584112944,35.75659129522493964055210052350402428175,34.88480953460318325708725696497393341645,35.18513758724570704066073266070953473842,31.88452956985246015049369301728045252787,30.52844142698938604315062997661111544255,30.56716537878711883708905047519943034096,31.40340798257980603012584337613471036303,29.27586861311026344569863463700609191736,27.96178555192314233094001866377253298177,27.44435689804028766294884309726800294691,26.40191084745213047746616305867228925033,24.49431543565442843751361871723363472192,31.44650263532635844865358979401291309864,38.72788960918495038421094739334213525027,38.99937371864050189882790852891873306625,38.24302922347159821408731653673704461669,37.89313165128211615062269358693889272985,35.43652196846214281679329262228889761321,34.62250638024683158172540052380808004482,34.02782809921177074245261986829099850231,33.5285312217673959927739062783767621846,31.98474041317854251869774468435339879109,31.63030156050386958184788078387922557745,32.98383157437233869069961115022991672631,30.07254739566007070002524276157609835432,28.25820930413423394677377270125002790361,29.73902999498386129261121738494311251078,27.08283645011954298631675176036369742572,26.262557484362160834845435003636796724,34.71020611348928327658901181900367626724,40.97349152002701541574657939471755397878,40.11110711827185047777033393554497389165,38.26265203884398448200673497231301591195,37.452984742024565669295683737628663108,35.75508444015766011308225913464713261699,34.27103614196987915570604086064351063244,34.26793937579738743889941236285652337653,33.76430887287774636315250109627248864414,33.39265170037423264614285173596830170615,31.92427583690801249915650949412320729565,30.43544026911638421192692520769841054553,30.53523417323818282340684801026482992888,30.57665206413473990376721457546660366659,30.08940363348812567203629139108076137131,31.08118738502731410724151198028584954451,29.56106830948892588023124673653011920106,36.25800677647877500891727307868616293905,40.5393047314348398097960986726966161009,39.74400926395806348714943319020194927964,38.42550180460868521915138977311988579063,38.19551700947837085249745556569271868961,37.60432169381754708124523360578235281806,37.02769883081213698764127183626346688677,37.03206823765478144251982999983896557677,38.19231055242624138990645235170082291375,34.58843641354382701751978996434875148999,33.32727174485379391961436736723537157809,31.87170835478644886703058153235870938119,32.6736036152875256761869979129366280903,33.79054772083421662751662841608662479542,32.84859385718555696914401912072284061414,35.30130767290735271629972285458722799037,33.2691109980395533908777084473891398062,40.32186112610315532598174054199562693863,41.94308537024476150423020823788918084416,39.73935964587795079246200569058135441449,38.41455599961124497471612993617241227053,39.13858023340451104971560756895879643463,41.28926761958417567196213550046076892829,40.38508087010918470767671302611417145425,40.99481661950683531490725788669411764306,39.62372705638644114605525232731651109478,36.95035990540786639646895385055579907675,35.50584246305853768355632836081710300839,34.66699307259871706839656704196899077582,34.54972510050982638484072639383149331266,36.22316177612630025933980451070976011771,36.17591704057945898339623319223578740575,37.92306380254799380341483737569428597805,37.21172488275067875129214849669129577401,42.45736943796124803697054614600746295945,41.10638961869313325389873765084222991852,39.43586458499154033748594606177089838905,