{"chunk_id":3143,"map_id":1,"chunk_size":100,"chunk_segments":16,"vertex_count":289,"x":-100,"y":-900,"vertices":[-50,-50.03788610754311299378899933478502512778,-48.53429822977888180681520838718862891766,-49.46941620255096623897959716491711710075,-49.76667611596853291750149723234666002171,-49.55450094282589975795026771182533224526,-48.72102843029867242308950904670519493222,-49.52398294164245581095391477098217095259,-48.65770793831172511647627639255738711785,-50.54158777432319748853086802618876667148,-50.6206079757474246785288231461966618857,-49.1537469819877443094744156193444538805,-49.55460909732374169679153582853890839822,-49.88582487800360941615504073011332322906,-49.68618555293831923689202813739099773274,-50.06455860289287915420834371679658794397,-50,-51.48378894593233567857831075763785791767,-51.28179639345384734780036943938732832373,-49.51873188730263784339514431432666970669,-51.78262654717881642190830037707255590015,-51.14407125557306033610345779979353162409,-52.08663812224366784808535652153712991372,-49.43512989491354516176832158980778311205,-51.78337132951015083962507023992902029277,-52.03077816323107919656372519066957866627,-49.24672209739296920470489451510690959146,-50.13312397818881256758864614989058034062,-47.50719953838650216518357738402662308056,-48.00732599239735811745691069560173869813,-46.52027185062651072981104022149077679226,-47.47282535655192083502574879934552428214,-49.8138359555674660039328130956191491491,-49.89103525865809941099001409138574189814,-51.22940158092949534044692812748922856442,-50.42096894757683397357270642830307609549,-47.85795203996610607778698306069816958507,-49.22210476563818653259729278195717936352,-49.53210420643627475159794569883438565071,-48.13726156363817936001062289641824864493,-48.65000903740488143764910163266882617178,-50.93457224045893106262379273869022271977,-52.46445989975796541729021746808958495143,-51.31629614728994317758804633969793877994,-51.40678707464907015084764561856604615914,-50.67791841173085615440722449770793199799,-47.62114831686218302510557772946239629066,-48.19934037808715388399921887566944274501,-47.37279672661764368894163152241173056916,-49.62520518682822206765761614521456229336,-50.4343171526914444840058177066739834768,-51.91891102045374716096302872876543020212,-48.93925827056726759943314419630985689054,-48.96516650549400547124570211371449560596,-47.22975214146719115025731423997093942704,-48.91406154307204426037554994095626179085,-48.92852456852465556893487436349225427196,-48.99926457936546982967116446298483042514,-49.82384787638812963266129095382520351954,-52.68791745863884803160874153839266934525,-51.00221400732149063248347027636554297803,-50.32898729808010316934179435062846954623,-49.99493210147614663143704291229508825298,-47.21072540461009623360098084821329778462,-48.59996568166029373878884132789957361647,-49.02860493491840121519851464043064106238,-48.39577722328054472854466386787521784031,-49.23408501512581174610354999365295566901,-52.94046234834577740173838082251303129257,-50.75760153844006634093206889117859541586,-48.4256766127952257517407077367304037741,-48.79786526691014238711927399979476596991,-47.67621005119170824203475164878670208925,-48.18168652059390804311386302807465072767,-48.77764299432105853373781957090462990824,-49.22931522892962992336741140307688960994,-52.34577861185846886415595227634335997909,-51.56943555285189180880012033688851959543,-50.65966875941792737360058003944033154124,-49.85146492958069359443832566419893923113,-47.25145198956277844768271699414101329584,-46.33835000964692035742807699845224326681,-47.23455817588515906336693142151117262964,-48.14917716679685391042544252678820443795,-49.4996169141057662608488075432533989007,-53.19614648119251885827779049091696159485,-51.36953244820327343405988477261743540585,-49.05091182020356379067772938061808348614,-48.03194832044888257526321713815640123769,-49.15273622241207000961786048897107407496,-50.55687542828284489333903907908387801946,-48.81049014432569268457413836878446141552,-49.35323772033844457929956499572526347762,-51.79416390373273501839578915183129198105,-50.13386354879048909793601274102199752429,-50.07017700681515890770681985006092343182,-50.2549417582611918553712366940769766312,-47.13916569989322796740346370376727693946,-49.34995897430729878483795449530420745583,-48.68069784263032403663584298901202026187,-48.95154069410769752106046220456471705928,-49.06912734891880640941107894869490085349,-52.37527800349288931369151448596648661368,-50.05613692185634434153516297281965046423,-49.49347646596726237304005134960045068838,-49.27529683192645758661589019762516497544,-50.89791456758427726341957091867982760078,-50.66871909116151204124520075431892965636,-49.1926676848682343176501967763816388386,-49.71152748887416447297310733771143041466,-52.36001106173208312921322654661726707167,-52.56540856329060865128713619389190766767,-51.01499623735235869876616495942189270721,-51.08343449229857098302236067621654627147,-47.73054237902102320575512937796561783365,-50.13427285472302086590363361710747685715,-51.18963328325400632252859675091197029498,-50.03760607125452428814614714218383230322,-48.58300672212625254926376775457578928292,-51.94189059187509400204334987724397861839,-51.63627192070379487429223601681641920771,-51.97134395081277806183672866613944009493,-50.91657979724753646194677373011290129001,-51.71397636227497776450280786437336684492,-50.08828465190860382278293090179752483543,-51.2605984656216015800602632074871183831,-51.38933738887378639915964756869202359278,-52.8318938622628670494928549632927038447,-52.16275133315885725775662565038251404462,-50.64702591100391322086500516250040641285,-48.43818275038224429777712228726789555175,-47.99980537544843471937871262684419952736,-50.39289142947691827783021464838676693054,-49.81250299122848988194123371882895229054,-50.55512616381611709202718179187134513231,-48.56921952867066685402715758335998832095,-50.66708374763009157047849717286582849389,-52.90634752213575392372184949323328280633,-53.96761912687101711283852027195729180871,-54.00655332645721642150213282771160687845,-54.4078741115448525961022674842474271845,-53.83198957892953670660728132378629600237,-53.15165111271470105055519482015587062219,-53.16402989831770153120680439285481731736,-52.2171531524702334606434699636786406755,-54.04479024363297609020156028593612605981,-54.09205278301771417836680877353354923486,-54.82429123247072326762242258831599783649,-53.77990047295340985064164634078932817839,-52.50111990973785922665850943787095378974,-51.98315946073279332496775097945242245444,-50.40933795116859049928864447039532445278,-50.0327759080778256811734587856280678514,-50.66151754046450218104734712768441891249,-52.55727639772345563072653318423766294722,-53.0399662749962943938510715108131300541,-51.78566355878901945710520985362468055153,-53.38296520729312851904574199110273768184,-50.37804673698618279103173113603561360474,-50.99120698484820957571788503668869171589,-52.22669632336615775074403711127719592867,-50.60794999243865737259977807145854606058,-50.17484637727099483512732603921114417994,-51.88641330651457589335841497974659030916,-53.31441828779131029438812853045038728913,-51.86668984595686881483766661125024077664,-52.21957166543977081007132007990732163865,-52.61560319503037571721074353250182318104,-49.74233344282787444947834691514637039046,-49.24999832751573050663658025914638890716,-50.54358790124668995505987201536133174353,-53.35689085443483578025748151116905288374,-52.13844516265875743518158195959750833836,-51.64085890768427947968394479483091518096,-50.47583508379318213772883402203571721182,-48.6567769278795948010973909516657792172,-48.56203987558097960365517605862115080927,-48.83074406081775138106414702592241731142,-49.71938726937394265152652451817309204914,-49.66294837666825293687941837725838424903,-48.62583774340858562855360528889516115007,-49.45170384067653297819833221220191987784,-51.79549127105629805980899350797155875727,-53.27344000617033048058463459556655293713,-52.81707476019131569813111865652883592386,