{"chunk_id":3571,"map_id":1,"chunk_size":100,"chunk_segments":16,"vertex_count":289,"x":-1700,"y":300,"vertices":[-50,-49.20790133535371639513025560924776718962,-49.1569091081408871392032598026361515423,-47.29378576346512668181291994399536430484,-46.10008651072673705567916735505486926716,-45.60079958542354431702166214676795264174,-46.44049302921629028661776207909724266035,-46.19501731192751610055502897274546427758,-45.61038562112367833657446892604972939821,-44.73597656053446130622052274584994089129,-45.47154651974901052760877707674984153136,-46.79549250718774420345770225739727914281,-47.02281693957298601848977714976448880258,-47.91619358147768472720819752718157941474,-49.15784415474277896409858457527538994656,-50.3921449955209988674834129579717616553,-50,-49.65808226616364797434277645879800596262,-50.70196745538454638842237819161062774186,-49.82852292400684520259192036486203930263,-46.9183039903937450373420962755548650927,-48.74930679960168831850153149861743245877,-48.36635922432306527683046431419304199898,-45.9003556744500596400454271523133699806,-46.88375078721218852731836247407732116455,-44.89044078031946143777324815375080491526,-47.91463026544424026686881945513423193617,-46.78184143124372600213092748702854173491,-47.20675491343527153650380632749973991681,-48.0109886730097693267036535457020977624,-47.22050242223060521498985619619128896795,-50.10493357774312377780883213733876192741,-50.14745372008221275699003800687643736712,-50.16500963936282121008482542412183627965,-48.24257069627468076920533702885566843994,-50.62517575895041484393922934156052111618,-49.95871596334460664554626545091468931289,-49.2873761830815625520035809615621198556,-50.30543444226656662511035160330434941,-48.25499112679163452994709562591565764316,-45.77189971550996151588114343278633008434,-46.00587377487777240139597580147620904969,-45.35325128979279792937085618870276624852,-47.83125215945550452177535266896625674984,-49.64933245795806592661001326285035974263,-50.37620823341015445636018432906986764076,-49.58369152829063577067504036758222256257,-49.22993709975181659249151968046640384629,-49.55836852111736909417169838525012711607,-49.5289310590084229573060653708578019927,-49.52778900666858826240206258988738886456,-49.14999318989117651465319195783616071092,-51.187757043682433559237834677737466384,-51.02613610011626466527323291908598902843,-48.82167323362470412563977622110785637144,-50.35909763129767002904144839753340752149,-48.10342150406085851385307801930394287312,-49.15256958484095087772962756602349561494,-46.49711337478321353091853991013584767069,-45.70730613850580700302160924253712016857,-47.93445964427312432003025469256768848091,-49.19988940776146795958999941163243794161,-51.78086502015595316891304045194519174964,-51.25890236455710551509006834617634241515,-52.21665928429096682286936713327009101797,-51.05049214276327401467160874876627638528,-50.36249808042515904113302177866637153872,-48.86254138111881611375058171101511578494,-49.07226646591259842817632162910412366937,-51.7037117657057616205976019539495548209,-51.77402145923395163672365462582148406376,-51.22960426296732513319775770425772653556,-51.91603654426234129140457953087577319822,-51.32453671676445998432447270878433247202,-50.19124007450597616572865182190987268672,-49.28000441159654629713598886303942761537,-46.62894223042772987792279506954578824989,-48.16440941215653719957854297605806725774,-49.13571819331848102890480891912651437698,-50.50877412811608433187446084601178737656,-53.48002251915785858282901599192887129011,-52.34746224985071733426145117078570849641,-50.72818446435676694288276555300660538499,-50.70657779036051484937919483909923865415,-49.76272288526057915182634975023740964144,-50.79350978885226300015056538241236408766,-54.54694991085471658697444055635528744956,-52.74997153424008739658120699578221742594,-53.00702102239236609740135960781772802597,-51.92233977435824369765013469157537577974,-49.55503534673858478149275346935193125266,-49.80451475264400856965247935260366872574,-48.82942454715376104302724211289387285914,-49.30327490727012040678167699780499250294,-49.45221221025566580489792891082546652738,-51.83011176436613272287893345694239246256,-52.42795639507633817131770301837513320885,-52.94193567596769859063684944772528237983,-52.82425162858519267725152855795882131523,-52.17387993586147659920075689281607518462,-49.86958337737860708060693117980246454437,-51.03545719868402076301519223331138867065,-50.71200902700708165250675089906877986732,-53.37646917171231170885847621689653716054,-55.23736200881904387307058736209893270933,-53.08760339948300010525943941492028382535,-53.44310841357904325974518512482877311898,-50.12655317583952224231466749659151676853,-48.25815593135217522448672505804576882558,-49.43596031453357341918755747290845838792,-50.17757992534445520326945469650641319231,-52.07274002839485740584825020030018524491,-54.11153461705173333542385347268587628384,-54.66344723019348529946932719146505143339,-52.36363969183645827619122628137202092232,-51.56461439952981990758340798907461718077,-51.6959481286434058989467766951242289363,-52.52758800140519409903566852842865909095,-52.23575923548499939376889571943599171827,-52.02338868476296528050184994293985356767,-53.16826699717769532161974555042983208723,-54.63551352674143813152790154251629930688,-52.02301813857376867716564042220913296998,-52.93568159002498129195098475939418653831,-51.6957052616154022374385366115766431412,-48.98196016583877412391777134761101457612,-50.45096757675926475344556089667704832927,-50.49647782243294134743506378739244472742,-52.21089394352027203628280411297972679063,-53.56562723094683283633019128659818937183,-52.94190518872778957813390498118545026829,-54.32786723370098816516317682862556289215,-51.87907658575556137411072887138920600243,-53.21769510934589912322952273131095832306,-52.78691199426259291691954606834416645058,-51.76349206192646238656401817606596729379,-52.9068273655579423761167519838944300717,-53.55308915457199897836272186710576038699,-54.08976097889424151944536622149918236146,-53.48646728971946866953000605595652833219,-54.02065041805826368709866800902399846757,-52.85424908456332329305739653037525174857,-53.60473642111831197162154745598690052651,-53.56939829601072493188155132136117997939,-52.6901259984418331706893669031534607031,-51.99680397254531317327470410963749848343,-51.45354738834244704170390905392927295733,-52.94997537599526817530490611467609661025,-52.91126737893824085904169082402282902662,-52.02309594682118434164217626336665543472,-52.52998513684525506386773872928236384168,-51.39883674655424522741227998868998384144,-51.52539940430547264892388835407653204571,-52.37895231481415222874952143420744022628,-54.7686077679617620967746280527598450614,-52.64049248383495253555078628500821816721,-53.67405499378288076940088156617876406436,-52.8697180592570318377317826725756365475,-53.16621330305964493541836620500028421202,-53.29490709172265000747913187274921679011,-52.38345357975366925079333988657175003181,-53.56191658267961452518124096355791336532,-53.69190457458663343323941369532304927179,-51.94011030467512016570926016162781036023,-50.18868153808350461774756151033695143171,-53.0734960515242618052631545490294763889,-53.95656254854528593485274869482459277864,-53.44831906260969070342308979834059996164,-52.21049958451393892771796643178433990207,-52.17271487583951038411206390700976558497,-51.99773053824524652439021778500085275898,-52.86715850790974008287635433177924000257,-51.8000050393099288661777274514903974269,-52.21367545032896647829526110374780978023,-53.21975088562399324053842003528144567066,-54.01459786787897968160793307232661652219,-53.47652856993345989198836387544531749826,-53.25496917832429665905064429983527038095,-54.59532726056590555669371132782230954323,-52.02292427697338902941740240736977620369,-50.95008696880307625712775077099084134417,-50.77748574932395419583083308976398898468,-52.17941819948930809071231094014315652799,-52.26613492768674645351373345076061073255,-53.49113760967759715163611312700238153642,