{"chunk_id":3738,"map_id":1,"chunk_size":100,"chunk_segments":16,"vertex_count":289,"x":-400,"y":1700,"vertices":[-50,-49.71537934196665275877978151235606871153,-50.21488077702803177024356121768155868119,-50.59198388876129194991927541069986908892,-49.57503878348678083180351190818298003307,-51.42402400600544303610489061402926342723,-51.69433480974590718053500105068362635209,-52.74558974261673645041800460045350159434,-52.23709504188294506832774352584444704951,-51.3867230307592049332006131444510431468,-49.70591102949686320189242524038155807071,-50.55553730067330881418063783379012683844,-49.81322528106472635897823145991565995672,-48.92516993316240659599624421671067755579,-49.14739522702601531654958053726373235043,-49.92598052587022138012109153851514773241,-50,-48.61123659520552493178447035833990896045,-51.50286240412878564652095756264601364526,-50.91803667622500903518293111465841387141,-48.97279536531396505152317401285251253303,-49.6649038836392058217495150210460217999,-49.38291891273871688416236051902019470255,-49.67943076050293721861537784362408601108,-49.33197123007002593002242447820429523363,-50.93741171032888972729557389232827027747,-50.23647199381844522307372973091953958994,-49.47231743135524685978594552153849478467,-50.65355862550624117156141060080252097198,-48.97985817972901177985470658011847742614,-48.77271989328337094285962418598105018957,-48.91389716464901850500841471476943329534,-50.97068664237111297015596848469101374455,-48.91701303662580994077092841705274535447,-47.9457243636998369831941615608381647307,-49.90716626310858621016704919080798315836,-50.32656163895570390555043444551622192396,-49.46087699713752527761158928546597939933,-48.77775205790864584173464356680308977891,-47.1246225471866945447599315937714716591,-46.97067098198324854554574980595367289936,-48.46811293407137055525938878513017419146,-49.93595453504681789816787766535140988255,-49.98534825759283854627009247574761805213,-49.43971653334256525909770752039894642559,-50.16979057115541387050473855887733219553,-49.16230867018755366340037740852709169691,-49.34173463725404703898405079181311193614,-49.51162257508859297262903589837677899005,-49.77241473151949004072837719958329197009,-49.66361761662375927015596103923550365351,-48.25775131196729768471719662513522425773,-49.05963075721563103857657488992749155808,-49.27433289090063737371558583646691352625,-48.93570309366200224996692121540365900464,-46.09142731352134283961113735983114165034,-46.56740159843829801434194845119229108706,-47.94123379352493010854866426228980507322,-49.03330966276500605015605016792860141261,-48.37038421540856595898958899387213181666,-47.67688601281741494472544253348182697844,-50.75128084426303224138302296094172997806,-49.40693900119805251962548684126381509056,-49.88521230726363219925593048111013429068,-48.23978182258366788951251068034549816007,-49.62186693737994983292795208973048696452,-47.44766029149957761968882584080814783923,-48.45743277864752923995740371224875644233,-47.62884317757408895382968464228107850944,-47.94539824187593006481779976522432741299,-45.77694275872964637141260510318582400285,-45.97657913340014809789183554610872636797,-44.86217389581629053594590345866382706686,-46.30706102215830068004306626495270239996,-46.47823029647643903811049892967300399224,-46.63371023636469889010500007728118303981,-47.25670157500898643862278956666316154491,-48.47139493489232263363791619498752043486,-49.40682933226100967946376079601581558102,-49.21322399017659729082744848803782244094,-50.89628031202360466804569722543146679794,-49.7357950010574989037070292751936512323,-47.76926235819630979919996886066516633238,-48.52116198660506684781919568731077296061,-47.79055181344928440070356640652522107979,-48.49395413276707021656024080744330957438,-46.42006045722472111036855769399631910966,-44.94503768381761239148330702380876369698,-45.72711267805463765429323387224529240155,-44.73893910769203757298331611389862626474,-47.47669291129572865293107794702646941261,-47.12538836841628950178786264889534698315,-45.33543970810905346732137223329614574301,-46.68432579076148442122848109527149564684,-47.54659501622574637240180283779859605401,-48.22519672497697492945677219903713160811,-49.36440018279858704242321465355444050575,-50.20928386020318335413188704083157859993,-48.09116840842182869953733274545809138645,-49.49680971784200007787233906376398037259,-48.74923545361459817735681561095631064637,-47.92237795383537899412671249371213799437,-48.98934226646849442828277802018154669443,-47.73756457631660048849429962265559997058,-45.13052788309756375722210371039124235321,-44.66383946101737800886669571306164870414,-45.99242295298967405857724977434102774521,-47.03218230349570571701435011823407946201,-47.49020990331131284080807089689541589747,-46.38696898534719467110274934765230700799,-44.85214343080057726573048151219562019987,-46.3380929912701414022487349955004345262,-46.50807091573085217488958057235580120782,-47.28611920011949225407587656055235106551,-48.61281429351703930899656029724525472712,-49.22439937955325618927043122572363108998,-50.01691570676729767002462294777252747035,-49.61190186543139738512287471302182782104,-48.94619003514042613222479395757440902069,-49.05397015121206416232668317780319716597,-48.01801699412703445594836764707011575547,-46.36559132926394668369955246910509110665,-44.08940115420319662067522886754043315838,-45.37874693477246896468070936501149884246,-45.80453142159648297112972493504577991516,-44.43684560694441388473006720137040994447,-44.31802200311234229029897133474208257937,-43.3223368340280944379058158951837377925,-43.16367516377806608332815891405049098569,-45.85702529794554904802187478688418102529,-44.95643459319796099951040189707618632633,-46.87789183193181576426542165593035286352,-48.25591124207503258557853141595019342045,-48.64025827834686310406650619328053548014,-50.66559758834184506336956791598871255319,-48.71609479175816468278411246413911219195,-47.43618899591256071514770629161209969573,-50.71355925014416112420583116064554331071,-49.60990027641056212804240698464320132595,-49.38215719599250913226489068647550511915,-48.94486920923435349015964235229307080501,-48.78748300026342345733507689008316297925,-46.87077044176385611152757320821080307872,-44.44825643183563277611495589909627964121,-43.2329571126701189078067894561088071977,-42.74249709001324389197703394032706871179,-42.80821099035475109788719633981824255858,-42.68386489665158572391003556000450911937,-43.80846613522015674670825483715957913699,-45.67019274262549614793011246229252028795,-47.82555008875786983721981733269182155924,-48.39990713622190308123451645200753832248,-49.53692421553788318662890374997838028362,-48.40249289152786980210736039699910564701,-49.34903013762524876446056977030810561964,-49.20003184909938064473417019700181889488,-48.24725379398571318663236754407725341757,-48.22628604367191920946725167775004831406,-47.29698854300330688946914387788889715405,-47.06836349975299463292863531036202075826,-44.39562509828736035969725133399234666266,-43.37875115490907063522423432111579736037,-41.74007581707092832368192464627068351446,-43.82846869539913651337444896949670138789,-44.25714817893783999545659993394199131176,-44.42786613603238574436156062083734483216,-45.06676990849625003001130058129516087165,-45.82347220274834398898964524518021712171,-47.6612894703589774860417558020954771013,-49.34672281688300004421672781923231657925,-48.09010841884000825019644270117464616787,-49.33149065462225658416643797267399619916,-48.71616041826157166113087427222663152741,-49.70779608901309868031175412439263014289,-49.02115434053661491736737876250645293179,-48.39365661499391754802026338229828844079,-47.25843593555217231305558457091152268593,-43.85752848602114279868630389482468311702,-41.77381224942688298442579002210235900814,-42.27833095831223335570972762044671458926,-44.01369465377533160797595754792996311169,-42.47418158364233453467789052043089847808,-43.72631251576267529415193273550762243535,-43.12134055775975044138827224802453624035,-43.78684283433767848788268891012303695597,