{"chunk_id":3875,"map_id":1,"chunk_size":100,"chunk_segments":16,"vertex_count":289,"x":800,"y":1400,"vertices":[-50,-49.40282414575856555086853709342843114023,-48.41651137913969042668500899237953362549,-48.03876325413259214190873381342534152094,-48.52507639530435456058114099335988356891,-48.75276783009684954342685149557092992327,-49.10482308303879772312737363031100863864,-48.80272819924844010509018510279932329717,-47.30013775259719299799786566700507670468,-47.30226180426130679680051073421189957493,-49.09167116741880477634099192683785663678,-49.96066420184041251381099872268079923043,-50.17026786621088074550281575903659103091,-48.90685580894615948350596768215588986828,-49.43304195502403272595059056974980962021,-49.29206074715688715199612271918135266036,-50,-48.92742804380095455707904796145592171615,-48.64138903937808797789557010256595808305,-50.5343238536385593196457391201750713402,-49.83156331330126058936861956794548970065,-49.3001889346453800326781536419103002597,-47.91057601213882153093968335727000852804,-48.78516408933752600493724250338494544626,-48.79290001893615473178402489579723655915,-45.94247146268076719643684911190483896811,-46.61905385657060165171262074005465827424,-49.27427457982756569858600909597697341119,-49.73716236299866244024053592560699113876,-49.03421192054987737050212345569985799305,-51.14434681812900610758296807214647192516,-50.84007404708326725936585098733125662109,-51.00163807579899307414795203368963848523,-51.60202306561935084704504990145908033303,-47.14929964135877031063822053243472666514,-51.52770456207393583080184575379261458187,-52.34247060865919843588838011695470564829,-52.93224645420180562514347151906247685481,-51.17277022315181940187531518767843612729,-49.51521448179975364092675707746002350439,-48.72509003111000955271402101377594971989,-48.98758723391849710615498269617365855095,-45.80480023937790704192358250500035960646,-46.36653203870459752499319139154666599481,-47.54202867938746551718922340001502439888,-47.44979840760599670796763246722678146023,-48.23643125224859041154308220953012519132,-49.42939876194927587397212847333955484808,-51.20534675996556477003370919503520527282,-52.10839115612072868044460561212309884326,-52.4390886377649744869167728032998374064,-47.99842957775389997191033991218437810627,-50.39704183570512774107917612913733066069,-50.80792398097210308192310764762930292132,-52.85993926028898484708919609119800215775,-51.26376663791522001743039414590018920763,-50.83461109991047446205540894853895517286,-50.64287840633203902911036984515604315108,-49.59468202773589345668623263721549529883,-45.66329131241166419157091932266189809929,-46.2133941548058595520574504497975864865,-46.66253693675976218840793497855025533953,-48.09397521753617164136079868780634988608,-47.45011075526004294109522788596998902501,-48.44235063322231218910886410966941466243,-49.84283478992654054257124077668706060201,-50.63041460905128069160046849211202996624,-52.09133298304482594871119379001770823157,-47.13887617442356059304896489440258368108,-49.10789125316953314852575534949172024788,-49.81859934768108680440027343038158374844,-51.78698024554721196316736180208559388156,-53.18786093625080498124412019812584854218,-52.14845278870964768605957033270429598948,-50.88295704077581127062152052134960128318,-49.95095299968835458297140715832024752675,-47.39947794740617381674917598948554395987,-46.87383563087770531770071739505051603002,-46.62975529375549296821334354230887673439,-47.07132271525688730540588662401800178897,-45.69648561653157909014576346457601405946,-46.4737579965090845513791095440387490388,-48.27075130266864090335920128302512589134,-50.58181299632693932395813376892687865627,-52.095322496141897217096625324716082429,-46.92824188786432201120230416700280494948,-50.69724418777119701464846734448453948535,-52.01104209433043163201543955052723115511,-52.73014919686308858196148425426064129308,-54.00808972751364655875772133746824034704,-52.22084411093281004470947748515456760876,-51.26810010508028065050067547350464054389,-49.11622002304205370267893764748147195078,-47.24119378780179502495072636922354784933,-48.495905237720125972365571896257421646,-47.79964297079404138351550042950276064686,-48.42822721531561122220682547312371134962,-46.33175622095857386185604649220543746116,-45.99507418481113881895667894826266156854,-48.51894526925671724197062434868047174542,-49.12124751147499672866397472719596944166,-51.15529236322433879507234263834829811272,-45.45811295720464838484828580235450949605,-52.66045028400145082294425633712376810724,-52.41844179117034605201081183577661375099,-52.79256345856320428413960213201038119124,-53.65035582575392603782175499055805971049,-52.45934873008424156170610359623026747491,-50.76819847871442882689459209036304726408,-50.16487599997460589817643854245189238206,-47.77542913464363704785318350857767568412,-48.40233245380797329902273608371698040932,-50.0351239177887499503068782293670238488,-48.68900973587638578376190193078303390028,-48.44923319818879622338472982423255641784,-47.31719425382665677012889439686142532672,-47.44297649261076614618478321319620646986,-49.5294841005292227476800925437591224381,-50.11080650444353560286608879093520048129,-46.36603119792323794623059821295039769355,-50.92151262233977085963090400596524134218,-53.79606532201600427302099064800227043621,-50.98239971221798335505794711298302964601,-52.05262578941988505765581971354411825905,-51.72589925864252120605319930252547381343,-51.79178021351659683515237015597933742237,-48.78093422696493648423185374950692544556,-47.95863610131462187075136060270047868955,-48.99260307092700052031078714574492541459,-49.08892028760425725622713616666709099332,-49.42925229896740608860501090563226475034,-48.95292569582678854765832613167213346776,-46.93939251590824944326192928792715708333,-49.25686840913816165471118739117306781753,-49.45838084107589783829940834060314051259,-49.08415876220904428625745173581085233703,-46.84047502044489903894004390708159365959,-51.90006547174832773621642378935373151817,-51.97311735306849204757953449494561574119,-50.87653021158543994003696951949859711838,-50.33799857486514116649697821382708696285,-50.90116306260796990867484273789959820295,-49.88851241170736294251769766459142916604,-50.35611012584381568192600135470744893859,-49.01991421584700401196607996310932020775,-49.53777837100557674855196814308634537097,-48.89867365903724492516146705497143080741,-49.15951460843264438883161600143609697278,-49.41272316457609799878640464325933478653,-48.71718216776362892444565904285058863686,-47.73453284966691649805488039811616745942,-48.88428339701615855982222507726868629906,-49.18308164158303965229283433387984276974,-47.38977145630357107684093834633742450487,-50.50360523153565507020233735096685045788,-52.03988606743112503012405956353233690003,-50.9618438961929414960154594647088852886,-50.11991702782824389959739537883926947707,-50.27034997594336247244651937061503246778,-48.59274400139340564580161397948188538031,-47.94257585366699707978476698705946701545,-49.14686905690821564309101058884609138927,-47.91421778301463920955557992876493356584,-50.36338576797144608592489992552000089593,-47.10549857232646737629764620240368923514,-48.34354366046009784021463488014650097106,-48.44547628459366941520767194110647782076,-48.38901849685190444570211178906548210546,-47.65918302603551443158330720264181123588,-47.55888609898277783765481606093202123861,-48.66858793697861734634013069656125087202,-50.21211273561967553500130940100050860106,-50.43069585790657763669736461467688835619,-48.90163984913643179535846876965501844463,-48.43209249346806108567219423644006857404,-49.0897040804450213017691356636898111966,-48.0181197884782451904236794325198960686,-48.92992910134433305209822408570410644349,-47.56287027341385182621249550246904628757,-49.59652764308317026072744624521534209008,-49.9739959717201993053607102720302117271,-48.44482853997428228631988554802410213568,-47.93770003597725530204336681217965308092,-48.24236665239083199380417672931654198224,-48.07065940342584498823557713426961078827,