{"chunk_id":2767,"map_id":1,"chunk_size":100,"chunk_segments":16,"vertex_count":289,"x":-200,"y":0,"vertices":[87.932135,89.45677985447396212476855342488840833332,91.29793486903814047168803687002693382449,93.1184535768336541108491098414517776007,94.91070408771959916365529266527387049063,95.77307900594265361537733858166507151365,96.43875420274021942984771783389283790384,98.46330777734326725164226475725296440459,100.892092140042368981453268450497684937,103.045057302114573851354588694112503342,104.257898355981486233990038999505228198,105.761600231591016459375248219411618393,106.881402639052646269738880608460403337,108.928460425162503560309465797838642053,112.524618925042857136308276118073858652,114.802263520023263445344917070338144943,115.78947755,88.93831972602434552067606276998715429385,89.65605379956038892311603166168171803489,90.66669645456202027033739256449884856108,91.92825633194894474524414199792517008233,91.72281446963455464718410402118870153807,96.25516319757348465171257600667160964429,97.71496880403443124343452549942081300526,99.92418603642822394832889149271117353325,100.521265828522369848900681332525026783,102.555483176454814320124875734290871942,107.614538114400054348577218893077325292,109.514761041070559012775923751914096951,111.45950136292692779877286879597068206,113.783772091765004137654930487469552441,115.954907864327456895737616342048124862,117.267646485540367093843166908360119312,119.088951574586453499317749480243647809,88.96493716711410025537591169861181007468,91.11906017785988813221088826573580880177,91.63465764682982959326910507498547624299,93.8177264288834760543001923574888514997,92.24509174974196948522925054798258913286,95.1772511784773079368315593127091821035,97.10310361798236016474888654315891082541,101.543945845953660244332304142258997574,102.872705984663818641741730304607327851,107.136317575205691052664572339310868132,110.396899577574893670372654911093027116,112.187181944737361363765890594094576653,112.883728323478998103235958400055590787,116.203483043447218259051016141826089235,118.812650449946066940592535315437230843,120.427598753434810159125685953866367969,123.825398800906954284044734353034009254,91.68030673758552307601713462558841413674,92.65015068131062550893128359051099271652,93.38698769511689454725223993995515520709,93.82119399424074323913926695594411853534,93.88291771365041871415092191204114514951,94.81533824209147952082559849836988452727,97.78344233532403790469355886964304969645,101.72455746876029157139254359743463448,105.096836180191075472075440417698604206,108.822591813435840538237040343653720407,110.348041289396444873419361723159039815,114.815677634430549832269693636276333031,115.785554651989922887545226140269819828,117.534763449597880539814970853634860083,122.10207733929892478378865465320974102,123.008283438266208148434502426471221908,127.294314792459132681443743414816594862,92.75511108704142058659045976232962856243,94.04333651369627040556541015026789459376,94.45321126669071378989462514843264830854,94.18326934344483041223206361207459672822,94.77684815589295872766164053129567129759,96.71906095591397335099673672613365033023,99.77556859554977024977012070657958738722,104.442985062121828324112940970523458675,105.750730241475580714917378613052343686,109.337671946915613271338498670046336328,112.395508346682086661683557706116532558,115.443359983202854882761929511197737727,119.404867836723488325813030970900997314,122.81715668373474286896324626133108168,125.259287568284651565665787923220966886,127.440644520007431698219041532430011429,131.92271335259160368726475748700144464,94.01768909362818869768179502016473407543,94.75431612456680028702763893003823064505,94.12027809254597295563042177422882994085,95.49343396384641630851203428430368278541,96.89548797429155919970467963436695144724,100.529196733352206666037190390150141416,102.370524250418201402913899244726566131,106.794320261857936172451185188148291789,107.873248452675423934349036544059194736,111.287267029686082417389370074791905493,115.255636039661697177936338759197065352,118.15234236549474786127599172888885498,121.397693429781146952270662372676960028,125.718790798177190626746857247260158425,127.181940031594583926807801489760181042,129.479632886676778312343819949173276667,135.275597530848404785583776425913268154,93.76376867086547236601536815108967093703,94.66540269681031393966081151826743815095,95.62463770704205320848183023474417281046,95.54508789280714201752413330072806572014,98.13548608537188316284881065560141820915,100.094941350444445276833130630843686579,103.805987830606653972442148663553366694,106.550987022917532629894599660958349534,110.619778132815866493103914715128138053,115.213353365579505528321941732400933311,119.348798447644836491299659678093713075,122.985558879357843722306691746818196345,123.136419674349772628602058076427154254,125.720940241093133252773157658678716222,129.298721298107323540649173670936786347,132.786932620603626987517434732609389439,138.434058785682198237060014558765302744,95.16607539630355143010784319375204514776,95.78502118884095538825857184264500807111,96.76664580956687395346638019937698195124,98.85977935402520656579926112836066981314,99.16382499321878055172924668416425834548,102.120032944465399970199076774480891911,105.024355419277787808647326785415031805,108.293384106072005884832943244124137533,111.279455038088424071300362224699989955,115.812845260624133647350251637783784213,120.932068011215465718305380327963208433,124.447067437280238306846751244693417096,126.305489635063517293829428228727552765,128.065298157812177693186737479830722807,132.615118299174114315374065990138350401,135.659745246910240669768780573340626806,141.332439967456235129255884057233800172,95.19055477240923232508384826120947073693,98.72866029326857159308829334724616265744,101.948900463881293761139463908092639496,104.596239555708462915518695110423806081,106.597633714846611029454761350189119851,109.095292541106871294976923946415361022,109.915987747109472936636821690790055407,112.588882863707525831109466796226494193,113.832062535931759628980843153962077262,117.484654259606500431997977100599215176,120.377063597535429365103357021778892649,125.008996083630814778646937108205559234,128.620534451138667464135444510456736441,132.25263104374714088115578079631118923,134.442685353478666018369916918047814311,137.282462475108326857850176513335894515,144.30314273138455514575156671599241095,96.01530712013501025677033743932056037037,99.77528748818048439885865274303096450961,102.690212762177242029246209677886214553,104.486138493876197965784992640563632696,108.100532521306503946568854903905852899,111.293051998938632668282624007590641497,110.874546287440781073299698563542538704,113.86919504127178540498208045120851684,116.615843760188222384282443623436237659,120.766372830575278227071760675956869394,122.462080013386852912406826829902302201,127.896516998794114744915487319890085599,131.439581263910311974970738372494900037,135.36324614056671820571339136997664233,137.588902893454428514064878870471826654,140.66517468988439684531945191890573484,148.040550787724184873898601702298445236,98.4379129743400416813323732289535431125,101.616533980365641450100862565301901859,103.301522195177162266327618644581161717,106.843051916869489516928300685864389434,110.027564514973317412912521836724804416,111.753683033169194056317424581101877656,113.653368280728279362708659525742198069,117.571633403454258501530622511908677152,119.513823476513884235489802233851024736,123.17386910793182707059413454730404287,125.182112123779825196001390105350915607,129.864117337618358473061998501342294693,135.091553950179811853810722190960437699,139.585905682923261814762984440541735225,142.490876898794975926275824004503938392,146.013055097605092715992038007116755334,150.631529678562617091941358357835721063,99.92674308556486631526629375494796828586,103.899060812989732132664891584397014858,106.91311062005300270877456973697854085,108.364997544791501459103157686269262669,112.765001386876114607242391775250885635,