{"chunk_id":2750,"map_id":1,"chunk_size":100,"chunk_segments":16,"vertex_count":289,"x":400,"y":500,"vertices":[-50,-52.14716529556794696308990693963451439003,-52.80935522191989917011442381447425342381,-53.57291485596723272578584749194788937407,-53.29984696744965600639442783646230318972,-52.81564238158854665119461675942475364528,-52.5925582513373460874256418490104709758,-52.52123168732894806371262559533578183503,-53.27812799788343211260533256306465483186,-53.61548923163183135655360419376590760201,-52.12687750714208469220300770733028403692,-51.10451117617412246030497184883855159523,-51.70311623351078006922068823916616831284,-50.97956129496093097679007266869354490523,-49.77079421663743254205284980026495103721,-49.22345769502105673229489154026574967064,-50,-48.20278497379672300074898662456697193832,-48.76247768670311226275058247228926612261,-49.85198527580218919734130495824159290275,-50.302639898745898636119665199697002272,-50.59164870715260042188182775992932800357,-49.98403821932538138302648628640530358708,-48.95029261426845923122831442259822854377,-51.58104897358527062839148130620335943558,-51.14095826978912979061413787693356121372,-50.75232921331143973166739737983403692789,-51.08555290117944591544510428583395280392,-50.53662183330626773280760569466321003575,-50.51025026972797892416077283196213142148,-51.21157256625573650701638074388841703321,-50.73113938422791992400481985407675192984,-49.52299858815992335289839222689560607213,-51.83049255904000485460526782128642486881,-48.13304819186403360259515679688501380219,-48.55756710790254967850485564818848428755,-46.75853206277495669238819922792643869789,-47.528608598229115104533328026791655509,-48.70453603077550920158260613945711560468,-47.99235717570200904956578848841103730338,-47.76657308168406452562924770010904128699,-49.07335152476136527196665916889117674794,-48.00568937177384011175465489557209357677,-48.95107447703253135347411188868133189102,-49.88473854325220033363343317294431409235,-50.45877998657286099796062626884974999241,-50.90802885055768663659762385305561835841,-50.10700886148572419693438440451232483483,-48.97154715267371966145549003884790277762,-51.67995012900975820173096480992869476866,-52.4550534384979811636679584859123843197,-47.89812475984390712109340799756840534399,-47.9790150834347825772938422058714741411,-46.96949588793936194409003140892888308861,-47.978992016824865120703641787473232027,-46.50207667646017053840818377918678998997,-45.98129940448264906072870559250037976181,-47.15765898942403211609092720647436622481,-48.97613219582494488853454777634297871756,-46.77455125742030346476992505871980386829,-47.89175406266046247115639376367465821114,-49.48740353049521864851269545784867819876,-49.36591488064966954967953366531020490574,-51.06686435109621095798105345059262405863,-52.93211312674736845485130198361284782941,-50.50606985451057759038646484475022325151,-53.3094420611362073192326112456144574304,-51.73648509827752090630911447668043622796,-46.17086331916251439252354291570686594654,-47.55825095197805413685758539842624712257,-46.0523472548231800949014855052518767079,-45.66366886972702588228402420002667305739,-45.63634161080377295218537346691966047386,-47.65782592188410730368931547568927590537,-48.0289162158623976158008127008066674529,-47.8382759893950399151480125194130490255,-45.82499354913197516529311531281810715712,-47.00643196437872544957529834915247800752,-49.55576903572586652337421930959074973674,-51.56109373071481164341011993225223158197,-52.04138040868668658484125111265937850908,-52.53278213293513019180155715998854626651,-51.85178948183781425824977905942521196924,-51.58338320230960740918702571458439006983,-52.21162553828110414588284863330864021935,-46.31186936927124310094218636921658653142,-46.35063415013427352609514593726753616078,-46.4345879584413159640688215022635639726,-47.47948461143136047088233342988955359161,-46.11388065014352878638447177452873583586,-46.14623909101193713188191935460820527157,-47.93886376836470479144456633852507046807,-47.68106463636892222749359278222205652319,-45.36133633943773811410764248631710549231,-48.04410721653995801607907915423972498012,-46.9429814438006252551741809875277256453,-48.94484098617853953965043980135105987876,-50.99058621513918697827367719749266247193,-52.11740118121917911352815403598705148966,-50.78941400297441631046270455818925726356,-51.93545776437477684024913867474665478758,-51.89418263398560047302501542226619647746,-46.33332563747001116034049246239917715182,-46.6733435921291444526430546873709897742,-46.21627129305614644664807039798446614692,-46.74013409390349131150067570611194852696,-45.09889889965969760399560648501846263097,-45.69506141885386553295307796260432487567,-47.24344398808824647371108233128773160953,-47.44272700535367431762908312177722080099,-44.62877745420313213464641595276268476823,-44.24993655133718638390233747765864770498,-45.76179425573656076506347769599291525342,-46.72004397883010356749534475161287510781,-48.58888163624918383972711506675247920478,-49.31159814545668565206210201409347683535,-51.04678958847072337213820126472198558348,-51.79108447095111172028989587886698692419,-52.55334900210065432408683948707080948282,-46.50029289843008340725405785457002192877,-46.46728088938129924702698811605961790714,-47.22145714918014456675314747317739919816,-44.32414710478548878408612146500533092325,-44.55843639764140543556821749303913493057,-43.47174556941144073599363891265215549877,-45.15644862549337166172549875784616559899,-45.09944184386340681206269782773835311486,-43.74780892426292762424032199744537659775,-46.11403285091011938575128367954182979354,-44.79836958209624809968259901068414968101,-47.40961993161028098870545211336506010099,-47.91943747359485214775988399973247741668,-49.98000337017626158299520063644929149677,-50.16965952496093467511795595975396478229,-51.51721820339124800940745514819562799509,-52.25239482837916309937137617088436493819,-46.45940877944627769144466356371122845725,-46.4486098418423331362543149009349366628,-46.8479973800155987820612972394384365127,-46.83148077819132558059866207907227311508,-47.21044292530733882233959160011378323091,-46.80272551742376959023748225860231592058,-45.51649673683224072702697391846315631419,-43.49797387410998989666814432747179828546,-43.0341806602836707955042686074733697509,-43.54220460569558912241448727783558722586,-45.5080310054003305647156625452427486603,-46.43841271263519166218040066337251329122,-47.40575966843319307661491945819715477555,-48.90361472073517619207558614398926887156,-48.65617563594556461298932757851367291751,-49.76471484670735033818531746076735367374,-51.79106310803718438088793289822433096721,-46.32065684991526530315254433158700472703,-49.68113651952003339379675007045497407748,-48.03024364181830269551755046833071168327,-47.75117381927751903400107206583348869205,-45.37630408524675136441883758408973786785,-46.19691887301367313237625483614920753436,-44.43473644049845771184100988103319984045,-42.47159014472673792803141409079394702801,-45.34675008949219811200333573191382211791,-46.27384546798984130719307093164774805743,-48.43982284021615315378121057136805006542,-48.54102526778442439425595056634795489649,-47.74987393245223471842672427448025970751,-49.15650639633220523299893055346838132352,-49.87078791746958560700367776399548669833,-49.39461265981263539695235252998863829306,-51.95453639187005538284656216321115177603,-46.92578064290035617410456682903435098715,-50.495980401093102697859066392993252193,-49.59673892298188697282171499131627260275,-46.79351724133325151292379246366367834915,-44.9712588851372045855796073818855268886,-45.45752356153794946808585373567872659606,-44.55839678173507797588747408335908206362,-43.49860313162723044670295541144810828462,-47.20494740002451202866231408777773722082,-47.94586314622126904042035440903146358612,-49.82621780298553193263396834227090429002,-49.35902675224788022053428188702494694795,-49.00477369166195207302794112159615789788,-49.3214748641482195929420308072382958568,-49.22439416792878678941502943887440110738,