{"chunk_id":3188,"map_id":1,"chunk_size":100,"chunk_segments":16,"vertex_count":289,"x":-1700,"y":1100,"vertices":[-50,-51.20379777912238146583547769604845483667,-50.62360938746352112119040448422221051806,-51.73482501253878309970940379852148971818,-52.26870275434128483611915586109254828458,-52.48657272582336838794064602359973943878,-52.92066900308914151885138949551623873069,-52.1040923507150799000365910891777804235,-52.55662837728586846617756387080732637338,-51.13775593422804639956490430843258203866,-51.28056331730554177030465861008954135152,-50.16531191080708914892081396664540853528,-50.24614531417271094446993420491938928188,-50.02480890644219037772311894495423026898,-51.61047561392678492874183259446137830534,-50.947297600871469079193251446838351174,-50,-48.97614726733015816274612985087824464489,-49.13129887646102087066760792699273545218,-51.71533046918264426438821970025163166218,-52.24795726337511851776728548852724859082,-51.89267153779386836118581109415111789269,-53.7603358503854924115406118818263101809,-52.00786185179983541593057800864213798047,-51.29608887381876453287303390303944357051,-51.94827692214277891844114828659063402531,-51.10515338256633410718194195588294082016,-50.34854803041689381658347055095589031967,-51.8756785066289822510147533890472750498,-49.90486691949721235559569642965413362396,-50.22818416914447424689731593203881953593,-47.87327030490636044096968157031684560687,-48.30798691960473368457271988704587667777,-49.19398982939555527188007362215741367901,-48.88431250935954574732810951554564487322,-50.8024613552418899065583633042796817994,-50.90652619109395730905095674093940573096,-52.59147527347552414262846798517936561,-52.69817617428810173591033555739539340728,-51.86871290066579253423723343785653879034,-51.55814187437659529676667342593108605552,-51.68973593633009774451241928104412029377,-52.41369978646488214121556562345130514827,-52.65401047806350065102315888652957849197,-51.28890311612132680727054556273881237511,-49.97728117937615352533561355214395935737,-48.00139921151329730923605581362667629673,-46.11002349135320133266448082442229395224,-45.9914524022487132725517271811956301414,-46.15051778238595226711411158038282517313,-48.74123668523466131858590963331911279814,-49.79309274919703173651718448025111561103,-48.85210596395153295927100095149528885962,-50.24797989104805894820832980261963955386,-51.52671470614878469109750028344841031894,-52.95377813840006437921635276270653766545,-52.9947969953507109694396951034610750243,-52.63809328544471327422660811933061215452,-51.97111522925685643939583253911952867983,-50.86986956226628264370961523474130455107,-50.98785904299629217069142558249284300011,-50.13689945053196319324133998517607450946,-47.91077139490603243776467553363057435441,-47.60642099520920825715850124437186780579,-47.92137339966930914867834791371653431313,-46.0489689586962507537382823430772729503,-47.17265248806506269855814307720608653215,-47.63181279460074327876584581441451348204,-49.42810172153255995565270583265515019674,-50.12945333679741462519215887116774611291,-49.94297667924807932707552545048624970778,-52.53588079404093601631010750691870857201,-53.61010265941849701750967069926547600718,-52.77190764887100832333225922643248732889,-52.6214050608313091643114241492181075339,-51.07854339186111814432457652929902733261,-50.41929899706968380408195409972543782688,-49.78925421216417460554115691055561212861,-49.149377893489622931783745205906442491,-49.20130491049459328597202255948646517613,-47.35193251321996391773579959691253027334,-46.95432387950538554853068775667726850006,-46.09389700766948129230293453694949623008,-45.41620520546963217927835295583555508937,-46.95024895429878920380077737422554048847,-50.42375565325888651696338413685235814699,-51.67016079399057598353884289095093437454,-51.69990248987955827263113288456890349657,-53.30150097644191178100095902372096788016,-53.54924165257612234034571593754082426474,-52.26442816728720151188245491171123691759,-52.52886316384218674051995871614089344635,-50.41839604401307222670379787149720172978,-51.40838926142253582990300444220098702556,-48.75242002854701493853558887388668925583,-48.94745458130017999796721054033802665896,-49.80624347907701113664233969456006890191,-47.70257734147333220206504232223799078995,-46.52316240327055076665896163940040283676,-46.62853658311559772991479758759474018663,-45.79091636979150766030171745059711782454,-47.94789695455202846112962128082415705006,-49.86149148194261631362831896650832068537,-52.19773620897132214394402777102573996824,-52.66107258099395621911184344185002100614,-52.51854018130294811890456254797329646003,-53.72520309831683368367344982172539108189,-51.39327980276619865547306481735645366739,-50.78602884708052419873027605405529294422,-51.00457937365080595671046186936313079859,-51.4457126584223453006128482284526081691,-50.74268700262203827973395662206421523229,-49.68230870379104495242703770531928134733,-49.85149663252801162929915055802028823664,-46.74987524633258974758461632320564135455,-46.86896056889761718365808254378407141879,-47.53515531148425523482464328199843853453,-46.51014361988035084377061410825904161129,-48.16669221246443014224270464508882400647,-50.80260642691353456496611675997314557168,-51.14312129389869540601309929892874965126,-51.52868840559375990725194961615796346238,-51.55001257936099605349623959967375028419,-51.89688923304152301758989781191538905897,-52.72153207555324585302862075096157282205,-50.07188252399818342333284011589858127369,-51.73199949310817859842152249871327842675,-50.60833663831980207581720851154563725468,-49.63978208971530866811914786576949622125,-48.65223620108451455320826020772324943637,-48.16231907086211873482789212885331553119,-46.46969321719596067189562558939973375214,-48.11127022494120359932757403160459173303,-47.16133040409311370855822556819583991425,-47.39663606683418892249441484386968421227,-49.3069985683585053996010685545189217004,-53.0563086910214929027246075660643276399,-52.94025042047896235531683748805482766678,-51.3618237558546154704360970490053322685,-51.23409360870862546715299861327317310288,-51.82269757062742476302946935392437190368,-51.04923011683388413710733472273900022283,-49.79038363907893774868934145078759180422,-48.68677301621897661427072737589778741353,-49.41521140299418656578516156633991538535,-48.59550515768480965595545665085843474499,-48.83723218158617206527249795541864726503,-47.48951971319779237694522916563522494872,-46.10927106565134293978323055931273328306,-46.57820328912586776747875544399603324722,-46.38061039384343423855797835595864450623,-46.89218880574052623172916813956300350313,-48.99667911968165677182565343268229455548,-52.62854927474321555643658444371022469141,-53.43160455204617281543410613042738828269,-50.88724347442534853682737267458409956116,-51.11434946183207512155995971530698305424,-52.30995157684401840385387765927317032341,-53.37526735171263115254710026382506478413,-50.3618037132838669686355322530982097856,-51.78353254646943920033494124515309071943,-50.83463952198720570985428150645073967678,-48.76151290254041457681169672974501880176,-49.06380105558120733835208184281272438074,-49.45391918407567588039135094624764142922,-48.37538559510451391335411816227445261759,-48.757918623803605227249017412999853974,-47.27932432391036058666649428454490440489,-45.48939220591002788319603272316851962484,-49.0382221378336613302757158532085388425,-52.73020475299056976801471338563968319143,-51.29272457631697537205303511180692569441,-50.97454918446689577968950796334194826601,-51.46437450857777897782478451509511405101,-54.73107390963031334079774693345097979518,-53.5894590613194237937415701010042072046,-51.78683454632952091840673533812728673241,-50.05493816883316283714678309922919559341,-51.06599945828060842614470392109770666611,-49.36950038313300460898438462878602928425,-49.33025551331148634846038452295201923,-49.98020134226494889207459133287578693645,-51.66119745755973034933350217651881972768,-49.20563983322404024373993400272899951362,-47.08830400740373510999040903766730283314,