{"chunk_id":2895,"map_id":1,"chunk_size":100,"chunk_segments":16,"vertex_count":289,"x":-300,"y":800,"vertices":[-50,-48.89024813852413318660379431991310490456,-48.77916757950904309893725028844416592477,-47.04366824545824569800255048780365097498,-46.73262209532740313954675103144539246563,-47.53067106270497072475661743338704556709,-48.5923816530910036613210576580769410488,-49.45727269322924534550644719664728425661,-48.74259734297846597075824261110335221877,-48.97714094811779319572545851876481286928,-48.94664891471961008362596954839388270596,-50.58644946180148843615685212597808855602,-50.99794915760872373304656658998556362506,-51.10021856726642481913214046749265147964,-51.3771484748057594241294161293266029939,-49.92874076980334456275444546290281750038,-50,-47.84875857703345304920214388401951894548,-47.66311713947630004963867631044761083069,-46.09633974983917000177244566869646851584,-45.30375177365682448886677468018341468901,-45.00431614588431485680651437712792423686,-44.80270867231624113754031890429962170835,-45.7418946912062708884778618826634064553,-48.00188653561540751333259342900366433035,-48.06165194039557484202755056586007233619,-47.51739514333734134852778569779582139809,-48.18612596209698964028713622294133243731,-47.06504906471284929856609473340139446415,-49.82662793878662492388261341334681515469,-49.08734191293689263813766136434044082954,-51.87232111432425359182241589466943179539,-51.01024313903911876859693058098128722538,-51.25010241529835273908673547080513798896,-44.24979302471676382470144010843356702393,-44.64864031953277445413821392961671486232,-43.22523577301513993969518216026098003562,-42.76656755144927642771706968856887277873,-43.94696642846089127289653374579169729687,-43.54568940976971983799467942932261609696,-43.43520622482176607818107740256549096805,-45.06144344306309443119602311627839981902,-46.65468351398673278461896401232774561054,-45.51014212496413023306655937270309913785,-45.92077351719169172542888630213621975993,-46.69722226085160664983750837559313643862,-47.35371790476520790843711867545903188434,-48.74121870874497130952483081105375028707,-50.88170426319747863571340165845348398893,-49.93388270377535968992067970076439686753,-51.13270686573493933365099302761003540606,-40.84628936780815608071203037601720896792,-41.02184561859066675421433815280765978156,-41.14227398618732296183726059196299822599,-40.85165702426960494100379072520908874276,-41.45477780436471492881725106767947283213,-41.24940686596608672500736449500830556945,-41.9356551470051914331866896335815364092,-43.86797782892018814492944192052290738834,-45.77652725541512588397651204763064865437,-46.42243138326827987531932984272737457476,-45.44934768286178882742494025621515714941,-44.94788200679711845985528047679098118442,-46.72245496399180544324578743660178038753,-47.9110050120241052672961081417533661505,-49.62754470512329182700133928011126749704,-46.86218090562049194976766007605936055456,-51.44117665925240799482446563441647585165,-37.94586033110880566920895304198045753096,-39.03605835222458385393401327189361683356,-38.39491282952208439121440096788643442531,-38.18293932333825267844931934156578984327,-38.07453963334602757194914263006741186056,-38.60402462870618518419974342123132218931,-40.24534128780588800071910373526603046148,-41.9810767032472472458077488336625014021,-44.02577760755558445470247761012842224889,-44.37398806401313590544513385304256161918,-46.18080182824235403493645767623589215842,-46.31087765291328955929750478490754551771,-45.51026348363559449122460429430568381531,-46.04084108580385183589303173982567759976,-46.1851801945991194657753854115835775358,-47.24640157910505892870002972134206895601,-53.07091153659567205450186998664839267627,-34.07701933338895547896639018820619073784,-33.75712664384360036241568259214727002719,-34.89239408660534979422296894268810545214,-34.87200194903578790372095459385706717971,-35.98862063898343453830424636164712386715,-37.54128842394094855208669514557864015515,-38.43642621987958050417486408398027231779,-39.64677808743838543295932726239416874463,-42.7806147928540269874061489852949643758,-42.83735510402581491408774118353034442638,-44.62527378800630008876812646903763599039,-46.92380062477681385207305330132999866694,-44.33191675133240171138657037313545954615,-45.45410383161866383796057432873272541253,-46.92811691949475886647875637418977786785,-48.41001151047149857710832783311323204235,-53.3878050321074236749959133669738501025,-31.00880160168694026038204698156707168666,-30.61721607349813526224555706220676791649,-32.31191573086500797818787102344962048781,-31.9825309004865935460141294397685865886,-33.43676362673274157644608646939711081461,-34.94613588916150615106346561928415116357,-37.35075729984551422089531530916812838014,-37.61391201178676336567871315826680674818,-42.10104805648714336471613627720669103297,-43.54462130261234917426651502610226899178,-44.46238322182592873283360253787719663901,-45.38438138182782230039169212392176797337,-44.48269857888143290161919650316653852841,-44.34650698135913453518208998615227277284,-45.88406813696274673964925335582613456887,-46.89080343815693012010379290193245629077,-51.8322565159753911507249742851714403309,-26.32798760414329096464698761079242118395,-28.75355730344596544136931959972643887106,-29.2744999515982453088731402172972036516,-31.50833242385765270253418583586671887559,-32.02256817510882694658783422133994178409,-31.59772662211420985939472545196703007496,-35.59118114473967923882854346675708190999,-38.28144225101546413973771243282071087096,-40.63490796267766655588358406509380680044,-40.53000048859677433799855907776060693076,-42.06556400991474690507219788540907029257,-45.36611852540782340852054526819504146664,-44.4688938900924412210587441322912345164,-44.91889439143200489119268836099647880434,-46.14488484747124570336626330621102486662,-46.86626450381841547818725907516159397717,-52.1429584821864308831827524960957149846,-22.25991857758986259267653725861136347293,-26.88451661157662317216832796034732692748,-28.20616845115065280800071373040924655063,-30.87812175403255668571286648759108454992,-32.83929633362513978613642793096906767691,-34.03338051520426179169009357975893316768,-35.29540526621805872406634316948623704062,-35.74958181488033900159545366782797924598,-37.2396053117845825741521404611493281524,-40.232738398364346590676629161591572769,-42.6570842840402280927805533422494093719,-43.51367448269516157133998787385708924469,-45.9479021857085554560742908400709176175,-47.16912118501784039209337640190182581705,-47.09911851445187525917108023392423456307,-49.32144277226478624873007156585674072514,-51.1685777649519549376106150078696880077,-18.96004799597062365105235428401211535783,-24.77794724973057470674449106485172320538,-26.88296917128087674036318538016964595921,-26.82715310661942467626397356802006989613,-29.02946867478497104608863743269801131215,-32.39682043082198158827867659099557458309,-32.91172868660679643189986663981775079253,-35.68040627958964985997181534505216406967,-35.4985426471494389606242974377394456928,-39.71893486566020315746670048502101059777,-40.70420295653441949935174503385500586709,-44.81246856279069156532549964945366607089,-45.60018237550149625218159058299304974725,-46.44459827893708324859458984327355724178,-48.59822701209077212685207815579653047955,-49.09421306696177881079740324837400548151,-52.39939867238765138509043435949312148987,-16.28104483201040465109853914253186986294,-22.54961415516389147741045732396466454319,-24.86524495275074206112247890049277315621,-26.00535433215647091757176707312820392215,-25.55166919462464579159997873504854793199,-27.44820707895417213555069913365995435289,-30.27340842762082076487702638444392192204,-33.6462817102035141465010844747928934233,-34.71214930437672090836699722492429006773,-37.52040488219611465417702950071548861614,-38.84073618533301982380526518490036184156,-42.66295677687243677901176826927468237051,-44.74211130677863366229289386328588279668,-46.58070470012477847116447033157363313057,-49.25738943834417267914556017052292407936,