{"chunk_id":3561,"map_id":1,"chunk_size":100,"chunk_segments":16,"vertex_count":289,"x":-1800,"y":100,"vertices":[-50,-50.44758687598051937195811442060672479029,-48.9788303755033722309704289945894741234,-50.08062834498263619124812845719559068922,-50.89513945735349107418350425388634237251,-50.97258152867349725126660538074489094551,-50.86620862529998629516671508117613575533,-50.95114123345334955894350481289035046556,-49.90209288592401034228209886829685945176,-49.5809792368270705767347557527214741058,-49.17964462488727044902035601576374112527,-49.84547603862387657424181548031706641904,-49.01103849552561910487253566929429348855,-49.45369453751839737125116121295257959265,-48.17448382982875688668527330793209854654,-49.57695174081835444122559543708197795905,-50,-49.30690208820073423442753812792179623349,-49.39597993326310598564489670066648923982,-49.82323280245096026833762495952458947881,-49.70923406231706130112798379675085141695,-50.43939505509480398778114149767599747481,-50.2083911834586733341470502830536765604,-51.08847914344397109957077791143913819318,-51.29630353738561694128382053731919997214,-49.97049020732157998006903465313010573185,-50.40030154340576990811821604294702343472,-49.6196348251320838529840599686909710184,-49.27496513171538967268842618643911936671,-50.3785230841143595218699980780248247233,-48.42592596510544507284190581906601224562,-49.99972663862521351526988246356716959011,-48.6990280943145203238290483048810767415,-50.18923116039533165021348796752740516235,-48.76251926385985419130272205532576128643,-48.06415121223238514200629992974802073017,-49.08853769416072867836193427232290593547,-48.13540377956287224721676732048554176687,-50.42011098269240700081108565738167493687,-51.41056703496482010101480006028346698258,-52.41994980632641347095769734148789172988,-52.05177838067306687079986884094123717518,-50.40102496171861499226721607415455656952,-51.56504168186407771405152358118746340447,-51.9502284891529020044780525234351706941,-51.83600683040098231211498829860503701337,-50.64621403017522935186419267275278129136,-50.27260232751706025753490335195040412934,-50.88621199623590361607217071093629385947,-52.34654490091444013312772405021419804749,-51.9376620147688796174947153237655382568,-48.10897699411987713214868028115037538895,-48.73859793072982106660721755655393873883,-47.77578473147154737969227348987669460139,-49.99406783147651777647459804853182051348,-50.06067244188858480711023934391855484022,-50.64632618921507545738736043259518370769,-51.99046030316709890783887986013852693657,-52.82817082097805899004682204776371151048,-52.9161629745973990700279216014105997973,-52.10092324539484059916751736219582425969,-53.02361705359636161438659856226749792176,-53.44199249967864538679076214228088436327,-51.25984473634462556766903706478501399438,-51.98249737778567775116086745489493754755,-52.24639226365973540845332917893130914576,-50.81951271143061980413863212313970520019,-51.62845971282046729312899261602219974536,-49.20978633220851190306441973836435257652,-49.11805077752858587221444464879655577206,-48.69212691528426774332044993802023800319,-47.94044027047981257342833719141690669671,-48.34676349056897224194966495870480149906,-49.56458204880619467444867119319948637838,-51.40736291179490347185615624549168057177,-52.37104946794207492431847377369494706659,-54.00942688855127511062817922525209046425,-53.75243824375317424171811697054663959271,-52.12904813790767898514771453272953990062,-52.6447061243293256705781228618172938774,-52.64041649531123059427943929491812568059,-52.04962047890784523837613728210644025618,-52.38774358495105830739443726855798056088,-52.99936250229670164543846614847628021947,-53.25613332714872300331063184203358274456,-49.211190168452621765886589271971688157,-49.51429335316053319212770478669033697447,-50.18317149613723766134254721342588753873,-49.58551128475201004475008541593733236226,-48.84261579757380347340987562971151078969,-51.66225905261363658096602052644820057577,-52.46784643818527780103313252780920157932,-54.72696161230630427646201103833982564343,-52.92265111072198020607592241802731798976,-53.40548231119027802677291626052058918071,-51.87508039257619891372761061351961174344,-51.74426663446088454643277960113371291441,-53.54935981597898021515324666881901889999,-52.15244768683991096830306842711754817063,-52.48588569559405774824536510757162372555,-54.1240901726429733549974974431404300305,-53.71243706481735559090347635773274070053,-47.37257833546776572432828880978260785136,-50.20983086327035016681441697885315961937,-50.60577462899207976933330844983903445867,-51.35617992046130430182076516021926249718,-49.85036918304571098839846498307744299976,-51.58647913364142144118633754064530719236,-54.61379347623274596459484452324312344749,-55.46091179318078135224167430815256067343,-53.35479974503638178145036661000450541919,-53.57188919668018659716727746523491876358,-52.20538333056176546577423888182212099313,-52.4533907998396288501731638603328064869,-54.16476755976685307404852148677070787725,-54.00360455927941143311013276093672715842,-52.06183270266179221443268494947104340266,-52.08841470059384976700555654674103076287,-53.98113305720899571752618254675652247888,-47.567043686562172487190575746542425562,-47.80984316539720575614295143998993325559,-50.26656089199144443894366461228628075733,-51.17456694458503090211634214300564482513,-51.67607572124940801687540298886622169725,-54.29123818458809875222196856792916326638,-55.78466675686929102604139060599910545429,-56.72961639326069228033948364776689298223,-54.99788432140913222675280943986719946117,-55.04598773172779772087757536836404139121,-53.08068391201317787306909759581019905664,-52.66744512155276384689886231683235276329,-53.665051096751644454577070016427774623,-54.34380059766968104463689917147363001939,-51.26974922845020032920209749564142310597,-53.27052467702482364734118895952418514116,-52.66750185436004667794737448094160502051,-47.29028627558682835085387985547355498993,-47.51957875478094759193984302458958483537,-48.61858616379026474701048695623487402127,-49.1868911340860665067117145848374192136,-49.73639308336172925148603436773026495162,-51.27241769341099618135482733881363492998,-52.9087749890657165437281415186797666492,-53.84301675311055362788698664274461584495,-55.60815270974993542381962330531500591375,-55.11084709983055208271450006734847178463,-56.5282137222200677698487488706381208961,-56.78654103492330136425439709253904561661,-56.66791091961601805574789755108348698259,-55.80780673576826989369142250031970627108,-54.89075188433031169623143970290535015343,-53.83274526105434473411869306191450307314,-52.4972661246018716050283719116215822513,-47.60446694119553865629955108980604325108,-48.70819522326577618760338968225781951846,-48.83860432609030544686971002526578164289,-48.9906539826160624880065641465588737343,-49.10675635093789236378335295979446670309,-51.58562165065526128232394113866445874827,-52.581120957448222981758554346942911942,-53.00933798618564498657097112883687791352,-53.81160647681367150395257578154707415879,-54.11576313852825515991521076779550338738,-53.99131028330959212337249342063296731369,-53.09385555777156141829804777939905314844,-54.20786112150357869247594197892835042096,-53.20962901313050726892032462055432782514,-52.74678164200687896858237332797319887155,-53.08251353646983559147511786228658952603,-51.2966629578420997846720601069351026328,-48.13970258446856489732561622165872397912,-48.65124594444916656187417754187659664334,-47.34404507921377079002380209544812953767,-48.9825990312140997763850804900591889036,-50.3021129530970724551561962873899421259,-50.85213736411515617644038786078156384066,-51.15836123980745715254786178235448437923,-52.78698925180924253388208845779816754944,-52.18272046924425592580921527219611738942,-51.48493320407970515341546859330758297933,-50.36946172868306700255881873498732166801,-51.20976632523166982539531850247790540126,-51.06152157261252161877364069905811157096,-51.46018168215340834267489249340688789568,-52.23776782421356554042800468327354713647,