{"chunk_id":3024,"map_id":1,"chunk_size":100,"chunk_segments":16,"vertex_count":289,"x":-800,"y":800,"vertices":[-50,-50.49062977716164844359473623138415856885,-50.26507322646956395010608946304606820453,-49.89709606824445346726870454537333706967,-50.96023068084456793065022258311766345749,-50.36512810958932286886801746250219448302,-50.32723832119927566463450127509675830667,-50.30708216137365039828343726704356123806,-50.42796284896957403498027504034590314838,-50.40147661236477509596456970751355736414,-51.15668172229695243002537022094389772681,-52.25845709048920586293563883002392628736,-52.69184247714819014784646442247207525029,-51.19140959796576697806717938049114324019,-50.74110478389443033898103075836444780146,-50.71026540651695349600573632515373389657,-50,-50.06727077174485311723732580193612234549,-49.72618820336916114458700507397040271924,-51.36020371502606035190294773684244285207,-50.64064206548428841534469267214048161403,-52.91285680443861030330920858932741271841,-51.04344725950932712409781442228507462293,-51.35100265278542118398865355752534039891,-51.06378801452082054213648921011104680411,-49.39150185335903350616713964350672557792,-51.57356484415770077211457977850133892691,-49.73889473603728856930527652280500041033,-51.58395783900353552343037324892260984508,-52.83816913032747710759470523020237741998,-52.82584301989914924020335837209499475501,-53.31649718043027033545797620444070572428,-50.33124781477746941061902661631756188659,-50.29214346041247138465751878306691107745,-51.57213572772167245160934209380324934744,-50.57732995786976089395323871764239191967,-50.53851351553342392003550458114719658085,-51.09225084699628287020086774869642094335,-53.80194669267971596729956963032760315986,-52.0508804890480645990414443078290609413,-51.6031345294707591833857182637325959387,-51.08627036548455478107598571146599123791,-49.07767034553774479220090425818102605145,-50.17216731522556502147382811354009752403,-49.52467078898713206124127018017267629998,-52.3480365299170683905528955103827757284,-52.82631114467588843349962580051868116623,-52.62061865288605059257050893457331122821,-53.97583350658382135931772684173354184816,-51.37692121175851986088285664098219275025,-49.42206576155116888397107642752959406341,-51.98421023485845172791895347174319597298,-52.57257941640904297618602722471095553043,-51.76530089800263191614099244458465168067,-53.21207187198560452191154022824119720845,-55.09773566692990179279045513145261247716,-55.1524358762310135240573998232823558606,-53.7033445221398054556452150865076633236,-50.72236773861491851356161488666319202186,-48.35091585329237209859486540033513950459,-49.14235872456017196565833699112946921776,-51.43917153714787094125526303341837403828,-52.12720405822483648361182741812117617945,-53.26988632636188193721260991723627123842,-52.4217235572338375872678060144469283175,-52.95201354742037650854331533868106034141,-52.97364992407582671538662382777741149851,-50.12014875006711996359499632277959893711,-51.13719005193602981744085470170282322448,-52.71720177185310349422854244582546420123,-52.6630023102038486339911545001115560528,-54.72437872279137576692766519697283366066,-54.88119716337227303765441911305215904689,-52.94981105698174828707939518600368313203,-52.50507314803551002100107191804886054853,-51.86344969944991491639898825190492102032,-49.09688488392803985247034437955726408804,-49.68133698569400692128203215559847838951,-51.31009484843250188778465706060536709473,-53.52488432584548726490901678712437688624,-54.25688109960716891075930666031870293859,-53.70324813534367828758658516712033611642,-53.49741451000705783267854213625578770359,-52.92026480747151248487304378943617963532,-49.40125317376836724843415658621855342006,-51.17715475525335485489272422613742197146,-51.80099802925567071437588619124316072426,-52.8020193232821642387156237671609733175,-52.01872049098662472631443865190297493883,-52.6219227176266572627755471456962069641,-52.91819131817180150613554232522715696526,-53.72686272455468200293281688409927382165,-52.35952259011197362196692348629094207525,-50.71705108338790471244054203572049685682,-50.51573367893330262495066771403517383981,-50.29650609021233034381210281451616089868,-50.50259647883808864648034702608919350929,-52.89617471349257879034611342447300945078,-51.13205235642803347208274645284974758665,-53.087555790845106560546759706561331103,-52.69458932842722275677116617313434333761,-48.79024475134418400577921980201697324934,-52.3971007489156452226947931029918454317,-53.13316775185108567025759153670443236344,-52.99184330345764391812347245735142803615,-51.67687286707480330398392280660477089818,-51.66459850413585026038775552836814669095,-53.24949801239090731073034961913381638471,-54.19490488415458873917086119510357914936,-52.848456113562435390397927485086461311,-51.94070125355664183617066797745430649346,-51.31455755160944561715248306474352503506,-49.1116748848924971453795849997946693187,-50.00466128322014236631104820258325569271,-50.80927487182226097749303402887850517938,-51.82352411108242247612213068800969960824,-51.6198181938248075522625941684185504835,-51.37846565449874335019053777157368547493,-47.66621514350319585446789480679997909966,-51.85688494349134899944342368193447747513,-52.49967871977250580821708203293042431791,-52.48618895020494946228015309986181001228,-50.95218583456784940033782018327463367718,-50.93716166327119053685490179678396203406,-50.66654198184250979091660973884323823446,-52.7838735707736111432093855829315117626,-52.04788128779007351804172031102253786595,-52.46553376016722449342967298812880212489,-49.84557020323080345761853017420680966921,-48.86038941525826013679321592925081763533,-49.08097050690726345925667110663342349475,-51.24333138838604362005165631309432005552,-49.76790742416828739330505147694102346031,-51.10418107287864224813838261372315628048,-50.11212564250828488771703598561271247647,-47.27580062767809031099839653368314211562,-51.48488529743946884557565461274102757836,-51.36065319789546193062278058214312683925,-52.03328063418873132881959103525266729163,-51.43850570811329791932476921859576701505,-50.47779769606551699958766492491144816353,-51.23258826858137843655213244775197729566,-51.97043797774538279793374783323784024977,-52.60920290925739871978991021615373797095,-51.5705032768478378503143234623668509704,-52.52894424202343225384533873839671628054,-52.10763002786767384681619785607811666736,-51.8305731120583228187046427319295732867,-53.14861403415117256059791547862324573598,-53.56448884763233202454085956763894306508,-53.23892009842290091068869192740773130132,-53.35215512273821250182368030364104838382,-46.87301212042927417228215932936454102227,-51.08366523585037509999564755949827575224,-49.91839726509675000422451722244437882254,-49.69238336466539673998134184340618060751,-50.55677445491306425286269639619029985862,-49.35577085022469999393209002149369523093,-51.61468045171427141227768092905140639127,-50.03468425437540884130692643072054825725,-50.30148833979751665967083592589877367181,-50.18173457427029397635338279750313067732,-51.45861311189118986297733366094331899009,-51.38292438773650850769337727282166905962,-50.88356905975582093483814959216308559917,-53.65485698784784022722265915749992252905,-53.7773658840545384485512256047721044217,-52.37572518749288095468411314856717329201,-53.5880174431018524203236869596155487411,-47.86212073898048839395081476259651310548,-52.57772848389702378644024725415991920355,-49.36799869237977646513385947509702793215,-48.04929805967642809397704057116291860164,-47.77821930558491301015311112558288021709,-48.18922358390466920835111143861541621003,-49.08313976699428605565401676299306627833,-49.7819111889843634616774064034623734374,-49.70552183617539405725262116323551763728,-50.6173560840508204798875633399685911116,-49.48323377370893186384379637252027638507,-49.74027778528625098918791173699198663347,-52.12415430713762259659553199417599793664,-52.36510530858686494662267075910362381963,-51.02901307395716901937706911330265390887,-50.72937686656108969423813438467697950323,