{"chunk_id":3218,"map_id":1,"chunk_size":100,"chunk_segments":16,"vertex_count":289,"x":-1400,"y":1900,"vertices":[-50,-49.16551719178577465726819702170934405398,-49.52715883414402859747103753122139926549,-48.67968761657745680219741119299730287977,-48.71296808296754211700713071649645944759,-49.81632632320599869225844528445971039065,-50.38001154533858875032400614373351999658,-50.01487557187658029748157740998463632361,-49.22821337964173327052842536636538774351,-48.4983002792747809077336280589103632826,-47.83111844102198451203084384698554728052,-47.92975524277128332615684240936861661569,-49.03244358752315057252628189073936944597,-49.99141546056101587906890219239070305477,-49.84782418693634164179174364382674604152,-50.1119252840091015597250910476225198837,-50,-51.17926736191342796633413812455363479493,-50.64136017714764575888302376180753571903,-49.38727267415848377237884684336078601282,-48.81302594986095381866095587639992991786,-49.90009516408003076603145505012624962214,-50.95712246964037478221068530620057715868,-51.53530630790182969597932721949817490726,-49.4786385842259660945098007996380576678,-50.0247610875898102126916999727162016956,-48.29168274442034576565195364912961799932,-48.66128977091889751762663012907670813791,-50.24413400309215896748411826671391520567,-49.86878332667940695959588494016989179041,-48.18365571948539275345597508531857296066,-49.40269831856299494128944580114032984166,-50.28392422705503333541037197736255369169,-50.4228759744394664610804727887804612168,-50.59701648910496501827398459947249408772,-50.55913415738955304148462515752356562144,-49.80449151289010390599667948396726730125,-51.37427983218613900701042478962296199493,-49.85853995687087307888927225798060342151,-50.37429151895097854261871710255741485952,-51.47960978769688172201799309157523992851,-50.80868871482738369130583623490717973725,-50.25698512628477737745360135721165700062,-51.43545966488105042663612220186457027206,-51.07797513548158306520185831477855570943,-50.70593933935155181476792702460394990744,-49.33812402150413914571401313351821542435,-48.78463239718713397433691357023757004046,-48.62608162892216233402517688202736204812,-49.61878951988982005713967053266048526036,-49.71979339337197425197555225384575895195,-50.36924799091623301001581225438760702197,-49.56835657674615383715768891971347063918,-50.18759928547419351214690062414453684654,-50.21927965230039497442696364559026614688,-51.00731011617478944415243216064837317768,-50.23938436935597075885214309580757320111,-51.7637183380691699118176180953523169771,-51.99758122871130711191383795433424015017,-50.10943034417219239553569780688861612956,-49.01760910550828582656939685603606625291,-50.42896831172679921520006113297341627001,-49.32144147687902371294088473436709321679,-49.31836616369327709589673082696274137938,-51.37883775198175863429010056246497971125,-50.8984133492904088584226942387372751725,-50.79028442965176856329174036201674248242,-48.82751622954664865271131361155683113845,-49.93446789332200151646056090756193836542,-50.17395026414325336515237684482782577817,-51.24789283990450967615671573591238951313,-52.79965771841609889637972198642154394768,-52.58433889579388336135607002022846378824,-51.63312787789258049151764208832076671691,-52.56463721851166622419775963215065656548,-51.46578635095767860900233587612008913145,-49.05375034765108002352468150548835295614,-49.13975055404489696740783482412861776857,-49.83086420065054366640001152405373158082,-50.84588131971805534934878994243871456647,-51.21258486498298980345957601900512634593,-51.04012035792733749993010500372906788932,-52.06289194639806881338483225275606102741,-50.98058064505019509181062058578424517889,-49.75963911395629153629935874839079363772,-50.52865314736827188589555624761220075262,-51.51684173831261766681608362372392203298,-50.59411181222325217139532797883479933299,-49.72846142679884778394194816019296238868,-53.11609318443412931049135510115313001778,-51.22899164571975011723163425673539967259,-51.01181179168848091503836569812980105826,-50.48874863752950553400078775298752781943,-49.2542652432241602145057578331206582149,-50.53713436136728130051050207599095818395,-49.94456514248362548183709385973111645105,-48.71249629375526979849297296939180491145,-50.8839794877296792261490183286065227589,-51.33535746588486579947494518803189891937,-49.19796857268445597235192123993929856766,-49.77383537143302211534972657149369480569,-49.37613706205594293803326527253041642457,-50.61979437364104387541063289006951757281,-50.21303428601747810838608495839423454076,-49.58313953171423723505389486343299231422,-50.42926483166742500718600970987369096526,-52.66579637767030216727935358811539995932,-52.35913232675340483699837697497076869667,-51.00876428148365373202498759215218549816,-51.00270211760896640839043669309200348703,-49.66165335182147590234005341706274591048,-50.90979019345843099015217058016900939266,-50.33537926840105797605302412333785205252,-50.52022978999133602817321716395784731816,-49.91540644297487539608370030966436782223,-48.93144082323890455399238877756251989084,-47.51515959485114868547655875232518639723,-47.53539190468963860273207418512914707441,-48.03247159884378560149761859194242492723,-53.45981234635614519199549588176436775451,-50.86105924988837057700137178484242168476,-51.83034437528491982722447369524377670299,-51.44090221451391409444566821574561335444,-52.03895495392980981230880942814181810294,-50.13141063607141452582104528866545920101,-50.66230116448615601343328234848255064505,-49.34260809345500817091609162535805350515,-49.44293393195362464994382305367062955744,-51.02412574402223211453318229680474474084,-49.15317678891650356055035825007752219225,-51.0948164227260758897226483424453388492,-49.79328684260632819468401300618027104781,-49.2768916800314720900924930490493844003,-48.44418020678392349824893007984323791745,-48.16204827873966083387801307930701502907,-48.25383441655913979986899516772228815379,-54.49140909901557289317965889205594757021,-53.21537517725682218796466422787040502641,-53.09783859141018708801015891945665525656,-52.05862125577838118504089177908149990154,-51.79753657683915990581147091471967937023,-51.90135116454427711663630239630951119689,-51.39657139650214476436968953470509481538,-49.56017720233347150560963519146727949364,-48.49070216566968446186859614247090619265,-48.92919725664876212572107300805291984433,-48.69089214058952463235552292418018781113,-48.88163230967097576082102656617486289501,-48.52894216619728963442982738712782810759,-49.65060661569246877781078698377872968279,-48.9085399579749089233535785409737167135,-48.14830444367896807574460682841820614935,-47.54859049230218264041819626237477508616,-54.73805591101980544786786366007837908541,-54.63526484885338027814401087280061967639,-53.97542663399401187734065955423438192194,-51.1906598198976440523666864566175047148,-52.06030722101894958175281948896529590483,-51.6617161301826023132855935289137676496,-50.72679489974384899257678946253069821975,-49.44934036330348277303186427202746365452,-49.75756613216073480253472433762441627955,-49.99573295209775075632763217076004697572,-48.4429291154913936170685981442044828363,-49.14087393411108843759538529224897395183,-49.25769246359452927677499622121500124706,-49.09871553237812704851816396092805479354,-47.40287339564649562363035942660656439902,-45.42717093372125425783692930303290513768,-46.9262881070476121753838829363945923899,-54.44281203157465711639348594871364463198,-53.91257994819395158310413159214572518169,-53.04749763091615751151295794651982362547,-52.49659467929696731773637095182488028806,-53.68307129351786117872189491538475094597,-52.42866324756287136879151407719715257603,-50.45363013477797438020192727133074468801,-50.32336440493176480894785305616161164163,-49.8413525282783787597954819107755754429,-50.38940812495254795136271459308306623499,-50.02846007559370162784421999987961440199,-47.08855354141492289533992811921970940151,-48.48348586463640244784157320873936186543,-45.62106037655247581883917194006845743669,-44.53802801695154823776834196004037268129,