{"chunk_id":2707,"map_id":1,"chunk_size":100,"chunk_segments":16,"vertex_count":289,"x":100,"y":-100,"vertices":[131.48308105,128.053961516603737994956973460704800054,125.880905584161126028171911827770498039,124.304484396590186342387650423617605028,121.698774997557953071847146620662791992,118.976696494991562274955014268145259819,114.412883265529088617672550293363076679,110.222252140080318222294324025328005045,107.301685150820947732948759945447172926,103.459289685911133067371184601002891258,101.240568192817830588702427228217747531,99.04876614089125808177009330430249557885,95.66997503893845670252473521480522639333,93.66663522878022408761621672066011696719,92.29349938124443929847657378988018586505,89.93092908417678326857056956806509065732,86.42003785,127.481125121696675833303629841605874513,126.231524807509305773936484411040174544,122.475520505574421506821040854726213149,121.214827950673093344807738673158695943,117.949432532854694283894201621633294312,113.10242780572127019121932221333774702,111.673988087819737452193146284754698554,106.577387703092270218923255053502024651,106.894499721440927507688490937289571363,102.490146471986537233360578969017280019,98.4004147778467476100714629228834146154,98.08645661757649321859731045332870382638,93.51039295865830569896013761918583300008,91.79918773692622381541187059851022013961,89.66877832334358044638331589277195249647,86.24041661550330034761667757684161016096,83.62923064756295375972485087657886738738,124.779725406346276294037315743252353002,122.899778990210888912990008405770908268,118.992448575740713122672239583053537241,115.50012411152035650763939297183284743,114.723201697687662770431022681844153425,110.444495802407039826034405803754355265,107.80078930232256061391628620377168627,105.532059041399541407130348773785141917,105.871562488872770545713637844268457475,101.773668815355739330506504403619725894,96.6443148284346776691397107490585661715,94.71298448193925770658388808610540649549,91.43521860710820407139395848831432956065,88.18227736250110021593922905012727946894,85.29553650981825685040196184729791402535,82.388443261253065663446063835677662511,81.07171423917466710327389440188466666394,122.247673423010460557348414580232703728,118.716994821012555293849620425062360089,116.177363906495315912724760191282394405,113.014208437466720207827806765943911445,110.976050335804302351911902041073774033,109.761987558928404822432830221246243791,105.954592889286969708156587288098230576,102.702001307272917008262270090974621075,103.548279062344310633058923213855661264,100.886923879226286370638417789929144527,96.56699357927270593199412068808343684239,94.63978773164349784975196655975774806743,91.1628042274897464948058766431187929383,88.2758376744282510557990706118267647491,84.51932994237418126682350485525684157999,83.20892385474478532975185573539890030871,79.83494703629721027024742082701995375956,118.334628256854862573471531415974445602,115.832412732057632356780683106806126817,112.562356454743634874754725588655760268,109.048089320530637010299867685556011674,106.713667199334944476799889772704377099,104.607528186815830592027010528144206131,103.531320016461453489877442786684795289,102.289930222082876106796472515079861097,102.435952034558716776720731398347247524,99.87567971224012969528798542467885027442,97.33938595971995675454281987963716818737,94.07970530707832288667563618715785830186,89.74894220307453970406219455021471894379,85.86179363098558873144207127356274865074,82.6973445873741027430488108459790765532,79.85642264388557748273955257230757917407,78.64132587683874313861200654826378080771,115.868119902872988900201706564634248597,114.084675143159781739300549581493135468,112.572102700030327887941162746172970473,108.637506382219071824754023086824000056,105.523404224905292967141968986996953671,104.099590751573341243253251280133432553,102.001128466823503594510203863594238891,100.74584078231083631127122873074635183,100.224232342170816764500216603543501501,97.84875124367258068149321083027649385588,95.2361548549308170808363128077721463105,89.2930626563047258347281529314978369568,87.90692968012993841003971198875274534731,84.20589799417661616269707412476521300758,81.895082867006203194673227712671233586,79.83402719215575681461152572625613773286,75.00499249311192329089587824400426687827,112.147648018749293655746566335512343525,113.467338451655208922974157800429998609,111.255486779885184458410043348726507808,108.615090513579553649497346817608598004,106.067234696731444878641282243747277643,102.54569888633777581695277106942374156,99.0427421897445767683460508204787394476,98.25080380364688444055597431606417345229,97.25502845023313766656798378292117157708,93.83282847718405323827969462170154073533,91.20337590957598849618409721440879043335,86.91202355383026401345797338875659535691,84.15367856477929585731500881389812153648,82.62475355885589914791723174821864802979,79.25720744516676716298364347273799573498,76.29800988573517033290300611422396394426,72.79544343743897127914467514741705794402,109.297652345251857809798238662545236005,110.523957834189531319137554257894667704,109.725027250113215131068699697282216905,107.872651522240891098812959264981937,105.63295587983003908401298605977661505,103.08011249654539564110310649566393611,98.05561241722471036374976537012813892919,98.53563854200497692592131990407713336524,95.08605624708941481831870232951046361772,91.53278288769275955347259608784920343703,88.9471160674228269266669141890095670899,85.10356141169169327488778913680094987832,82.19967911281973182785468537733581278683,78.58184890578418025535316883839209098221,75.10595062703926160868006132866167369512,73.77856290124761780445421328256296577145,70.53593343019766071605613029509080257058,104.580317252823150269081929241248937359,107.55091683859779572881097196173589459,106.527461740156652840002012682895565449,105.322138081260349865475974381542991962,103.206295744460564695806588068538597035,101.180596372252080593334894426365176035,100.600405054730861883050084508369521724,98.58464055004249194845063565586595212948,94.79681657239557776910406766135924468095,90.97949008600399189763811139688897590497,87.66221085881603787904312396292187771811,85.08222745968428938711644163917023409809,81.10954359082304401026553773159323284202,77.22927973556133174006963676601920308624,73.53792983718685544911346974759753169528,69.9677159203984428928283292180363422566,68.12740091320603556083102007050792425595,100.502402197482156966719180484862938509,106.612052586160182804029510312048300413,103.678485614010689483629619532820287208,104.013354418546443411920744389222805167,99.63520267615422298139243330350633712172,97.66537229964415228969243493731234835341,95.71084647565834990646691121498034841277,94.07754072940766885425017889329734495462,91.1584687898952060504515736307957794728,86.83009372983532104965176293800322320043,84.01210391833473020003088392834671334739,81.90151147267461709971661034602880045091,78.72264506472412875654023516614482350228,74.93382470018727338580965321959466027775,72.71898256375087494784633229808143918542,69.68827338933598664241798803911722026172,65.03064665637388073621291501808451383411,96.92665108614877537112414128481846857597,102.836113078680053235341056086694856853,102.469786823740728132493230110874373978,99.23617737137999729090827631272492520823,96.33914922629649041973394756133010094497,95.34770255295873336467226863460531256915,92.60772701201918783224372559872321360073,89.28345262956904962316593699137433665992,86.59637346473636700765734301221429876274,84.00519916461420788389403459539109534488,82.29393190621720730680712227529772529955,79.61524218269565246943633045575960518069,75.39322948430166009114475666952619544191,73.36885744025887497623981811550146923745,70.71913827294562985376156222998347997522,67.9860829694500572952000678128009000433,63.50586308829008257670968802901491962582,95.01120293288613057554421916461813693712,98.88216023696699291982460202493587884876,98.26283016356508166292957711949808126516,97.64804156752858746085483669005038439206,