{"chunk_id":2788,"map_id":1,"chunk_size":100,"chunk_segments":16,"vertex_count":289,"x":0,"y":-200,"vertices":[150.11138915,147.836171079692376762565256502332253131,144.016379852484221593663137058347299022,140.067151492452731442535292362833378932,135.126291481603748928537486687327735049,132.682659406588199318709247980167482773,128.388692474569617068872887317833513844,124.785656393428129780404398662472566127,120.921468367304282788708224584635138286,116.543805987923753646683895461852861583,111.653243644866717794723596121808495071,105.802901751970191209689934424147287518,101.749818812910743085889840565536723244,97.2184710751868965076440731096320886556,92.86947325401794592057791344883002234558,88.32988299388486345008111901936050834413,83.04310915,146.300558547624248158100785691836472052,141.200179532559226414966955429855301468,138.382520627380285924043042400758299584,133.527347731613228178069293568346567684,128.617492115932332139737912484535065264,125.591019579344139320407200127989108393,121.122993423912204794806169382384754588,118.958554390892706443517684128365136202,114.059228833482235297444220085058595136,109.350599226026957173722090875523990599,103.489668460906823256353800220732881684,98.60348377966448293552262806274974186682,95.62869508927959457153006033615691623959,90.30224262674453975506170104771314824348,88.30221894983444071484695926346003531038,82.72204379056500347808359361519799553633,79.89541464981102732259777436709635528241,144.04439144433662456997964156254385988,140.417117992922670491492055753284935038,135.951973612815298222055639158750781315,131.129318313265073501247573491559168785,124.795059695522431417961386422195388282,121.005600013545733597489546132571171784,118.274420638826499173325165052534424416,115.797563653915036310687655940909296754,113.372965915391385212135177920231826678,108.826986381461014662078550489533348448,102.450743422313029440071867369538730663,99.13571683610650236308124110804825271231,93.05111902088476346350386324130228370895,89.4421716127212164630263327386914915445,84.72182854952370813324843666294548055171,81.41579746468936095663162024710170937045,77.09467645604024390674975921792174898296,139.884807842155498160991543733726263505,133.666847160531558222494141912935351307,130.782599753229187640098888318810228004,127.303913826218980310597914433445464738,120.989441538706269672504963050180511614,117.02190949219626402756245103855161943,116.218186813909739233796273869971002834,114.082343708581062028473394027711792147,110.253828362018067682965860603005211998,105.686528530881185958647496160928855072,99.92768481551544449913904673962709327561,97.85095709935637570628387474165800577776,93.49503180916153495244393423200197602938,86.99359011460645859909021276894849125932,81.33431772247326801505056050672620882797,75.76084014238653726879105815269169926183,74.58916066239205773741446944168882797275,137.064189417599703515525330436936809374,130.267109290764269660521312112963436048,125.929842293106907431088416423596767153,121.408737917624403248621063728573363936,117.898733269767639486202331420000519953,114.823782255143011144562736181743542239,113.037667875505766721206115899413274398,110.938548927132835263017468666151537946,108.089673970994268349060274009436541713,104.838544533724108911713684744006452692,101.035689398469058073245861882214844232,96.55799893230308906237353660966876863385,92.2579143508408179275024861137248623289,87.80120188189515155715563825771929673929,81.91162786057243039836912128179286120001,74.39533684081098821164117626172808361644,73.95298991828237965247597977147221987714,135.213220818298766354975787069500760871,125.129700518437534147997903478025600133,120.937467815138189805427324202678196432,117.713531099482707396921772673525236148,114.227693124944535136700981752182989949,112.763066745394884366210326357971140217,110.740904045005122929551874641330545215,109.146532508817363564778377931466891167,105.292729470084761133084278416467879345,101.32907780905861937636496672612184234,96.43340993605925598031443165165383520744,92.44077847138793807836498861535504668663,89.3259279753060728181287197348813740715,83.78460144913095821539000790506706682572,78.76679865462584421897355372831284985376,71.30760085546008903050860732896542418459,70.63453577113682074268489675305467252207,131.652219902557758996400053388674591856,121.541526357368169543096415776147632155,116.547759766030514322096260796647593835,112.972617548152112907990581689143374474,110.26130436417025190284226537370219648,109.375095270398784985279853090924280549,107.855929134212048304861652034520800704,104.740663193596794256537869354031885886,102.770723493297714445756996274834274919,96.96746039486886127168893901241094831022,91.59927682685136793662074991648042622503,87.09370329073550000348304140863952866754,85.33141420711454692597361017141479593293,81.38207247882478852066996406623671841417,75.84520777129037852369912718323594334268,70.29276972060651064876608964176563870625,67.52463968212803747848973353251718316893,126.884810610961117460351634490967307998,116.433506046803728461560252314855896958,114.205522677786675579581388937709374048,110.846665542730014312609003202354274007,108.504300623882004964379028578487822619,104.359775340351839390604975969994999301,102.648155473208211316630806277244899095,102.177932633438844057944875457707749932,98.47153297368461167917018609059050500824,92.61069677133673427163154869535228735442,88.34669690399089473324281766295810573722,85.55099399042635039335617006079945026492,80.50474575498194646820410252355493783823,75.47305599043161315339396458276164667045,71.2684427902268281828637019197312744251,66.23184930914838835303256014116357261479,63.84035138431994988690922239069126986295,123.633220040174899498260468070682157538,114.450897318317796071912745840008976717,112.806931739201885914759701513074574608,110.106081707351334790850137381891583407,106.873399616635879709318764902574064742,104.31466657562385714096974732232543978,100.464404554201172549442300342997070657,97.28721072774648572624175420663325983989,94.41143958211989555277354774861611044445,89.3354150531528636353814587736334328916,85.86862508082893723511301252703803513734,83.19731871551335405684862710031570542962,78.59945440492264766597466360834607838444,73.3644598719455384645896914280405336839,66.81760554222729856997582453244047224097,61.9821793386163027962459105877850932728,60.62789979604470711111467147656402316049,119.374690181187211705630192777850338516,112.257374714499540393417112028016739157,110.825372986492523533021901661252515288,108.773215911388922344118701993079728987,103.153262813626024743933315864710864538,101.668741596669144422129976557019875283,97.66795201445119781124830664339478723762,94.62016053003349921614216087375308922207,91.38450029562938785495681606621733623007,85.70720565097440393426490668472097383702,82.61419292291063685113194723168614907369,78.96193210972715999976269065982230738639,73.72054506099570303459086099726751172257,69.70278990330213406977102944279874719888,66.20942687133438363388354867399482850091,60.87269342497364661740930361737418138121,59.22885440386212734041730985274582990496,116.565627067143041334173212678551881693,110.968370746404186669832046978690661495,108.126646204185316378962498055494485842,105.497230557725377720748341085132827903,99.59999913136092398493005107381067459202,97.84195749150214379545902824039151773619,94.6053396173157544302495142948041478669,89.63341586059622085999226457330611425748,87.91809474003750049464735044255156705785,84.50015039859869785994829956759763685091,79.67967325658927665560596920060305118905,75.17746383290034638791696375802915748401,68.70833408712491589383232093868363530503,66.02391073228671042865738770678026040008,63.71585259273226782281510947312274218731,57.83001614161829767351232094248187161003,56.55879587687491051430568300351802917208,112.591006333774560788406748569672213126,106.180231647480035488691152542950738503,104.532190932374776051494966760469891517,98.80713203065314626122214352852723946133,96.92202805777200911542428919269738805229,