{"chunk_id":3249,"map_id":1,"chunk_size":100,"chunk_segments":16,"vertex_count":289,"x":-2100,"y":1900,"vertices":[-50,-51.25382218342506747316108888777216196341,-51.01643927831852088376468979490428238383,-51.09527225431556157705681224610062085911,-50.46180487555730939235678402391610193113,-51.71010703881243527136938876444870433191,-53.46544013380387690712914265471483827555,-52.56603933817916758732251118957598684449,-53.33731751251449861229240467557041549625,-52.63240432069781532748631421388185211735,-51.39401874401123413212915133671351583549,-52.55765461514504983504471000245052170147,-52.67159691825070886260429667067734713283,-51.21489911648519933437567513993576682861,-50.39877555752683687129161558146852446516,-50.1646602799479109071232609294807438189,-50,-50.22425042342350112088371574577937745001,-49.35352315992496136014521634974728030635,-52.49257576287843413624674913101694583912,-51.17046934625237420077227030632487128583,-51.40802152856655303412367496842872306084,-50.13894867456108305880653243753912792448,-50.42432791820708297204633413047030380222,-51.20236660145268076861336574378371808471,-53.18008427143329624238531833695313623084,-52.31221997533423802717899700388735343519,-49.91697158770507024037389054151817768947,-51.1609536766712767438297614980249141128,-51.27350660793971232469176825868081505587,-50.81414735203905535051334440557455073937,-51.21672270716166219806629190878210922098,-50.25719097247854986189532823372770934843,-48.38911896750541430203919592534390849972,-49.15995790490508335088301681937142517195,-51.78541592721517347374076039889078724602,-52.84441438898921139660301539950516412302,-52.26444416781782225111907614042625278678,-52.22037106660441250059878139789941133521,-51.1565373893066667521883164106093985342,-48.61218586992773731963040221123211735867,-49.59051666250671760542368540559517341566,-52.69882690522853940148820330178746182931,-51.06072085450849229437252386685453146506,-50.16729418515317096951409735139960335354,-52.26098179706274095224339508865910298246,-50.54927185797457631406482364954266863028,-52.96752969488514568368367404152249147777,-53.92831882350611035415063018596520875489,-52.03780291756016641026381912270552536976,-48.71819996220277002101498983243248026095,-48.77454704440411121290064424141706727578,-49.16277900749837820804375914864904819054,-50.40380509385782123096636947524559592446,-50.07745611291488329659627471162896821187,-50.97117333383545210065330257958589522398,-51.77371672799324080044473925479304326782,-48.04722928194135778278661980890936336077,-48.57267465977582278738176035499175417138,-52.14937407433579626527252199081384395735,-50.17218030370438124207877902507463971923,-50.42715996349415396564128022726952982799,-50.64023526468933332407470343575128655133,-50.07338322897392629639291603671533319765,-51.60683616268364461785229730608350658151,-53.15935228652938026343291713048430747713,-51.26551012531142603007038546836215338773,-47.19996550140836281573158374293099615581,-49.22385674853811578332566302756487694737,-50.19064906495865956217437830442318760535,-49.83042984793010825617561246167271879975,-49.63775534678533841153584855708378488745,-51.15907793140365566968529083313659659285,-49.92159822375137809485522723133460175215,-49.69678455546034408586481526565689128803,-49.61553596253115969044315078056778190522,-51.90231737729906307714362627038059294082,-53.43340621565665850806770586280147314263,-53.06227310612916113797177686006280265397,-52.87155082564705536866328597398091136352,-51.49076828502565498882111921202591097762,-50.16199191891514569900355059915890548548,-49.91562657263783947123685724594478262167,-50.36381564289090432156933282632053669885,-47.51295421524601346090552693602633640837,-47.42429182651298782181347430104180141552,-48.07631976001624796512587864504657917004,-47.93986683457062869106439587960964652633,-49.25135397111455491633740957263861869825,-49.60176395076854656210477434056664078924,-50.59606196464888600551802252782472693577,-49.088699853021351869043645739706873305,-49.57177802483198555670890830029068569986,-51.44687792647970047406345236699456509369,-49.14245419665203208432864086013025025541,-50.67257225740833339983610027834639550465,-50.06280070513724843822318095739887753356,-51.24774418962784749563081269671524808665,-50.03062752041969404848960759987188815575,-49.51663506916835954047517686488203190126,-49.33702579538423180884819967750759250621,-46.73194479200116650257704769397110192185,-46.23203674000306182347160524184604637131,-47.63939723090153867752892627459808852075,-47.21179181100554599181591377509277606803,-48.72140857678408741448952363591275274085,-48.72977936483365445542680244716263206207,-48.96875042232521462603697965961862156064,-48.96373650216188039208321057910614300273,-48.13151735419128132936700509440452688908,-50.07705460519244867487169237367836703509,-49.1716344701988441669607159071275502875,-46.65542152637109825585495697235593116045,-47.58441645543691968987073082398898837168,-49.2601366566662042104306823889438768716,-48.69675707519032760365618331140713921756,-49.83327717815964733597907169151811614183,-49.83026006182424591818565679276510803436,-45.95211584223071732506194354397075273817,-47.01558774263591883644408271600423174952,-45.89240879597678906003510915927663921047,-46.44617020678569424380320459912342086366,-47.88971224703067646702154097572965882671,-47.52932009586806750109225775289584702848,-47.19465259371280554019683060992309992155,-46.64684207551125420868243939054846931024,-46.10994451576406929078175676368907625399,-48.48322028985506173995311652348923419037,-48.50226977580606207918553413040726036887,-45.81705100615819001512325194018167205185,-45.68388595326020216770366490578730870733,-48.77675643899569264984021601334234970499,-48.01131085823369730261467038780344195423,-49.85672726511981255091294885273315404798,-49.81283113394594358472209021266450821665,-45.84449278833322162995732121116444981654,-46.40151985677968020206729207367125203951,-46.09228810074696266846618297946173817474,-45.9380239800723232775978553317762138167,-45.08282692214894121955296227887728582817,-45.68095762728192169760056661607178160124,-45.02841608589192027722156728338492321347,-44.75053899009345271476931310226671968574,-45.05454169426388913029485105177393319581,-46.7422107259029544829751020008839019829,-45.38450019102317068957465560401395726842,-45.90751816533453192265760341220576709377,-45.45382961897900771333336545118682506801,-45.83274452322279413720512393679964796403,-46.50524859774596131836185308386969200975,-45.89840021077332380071096845654143699172,-47.25737803958554772549814272026538466199,-45.74682701466885830608050163781391341288,-47.63383878027537022063804336637649889186,-46.93574831851775381154749683835077725473,-45.52485652115187926764514194030573763071,-47.03227900997914364463410966598948511154,-47.56144700843010940171247346545360254166,-45.80127266359134882476743968095991976927,-47.13010714073468174857787197610019480554,-47.24075859583308092472784243370865420635,-45.6503301828212133528101095213550967833,-45.52264118359654803702793322607802133226,-46.02502853157478462365980664338953648785,-46.57782996696924951719302658510082602476,-44.81985736179099850794958191447737732025,-47.20667216270203103536675428674644321126,-46.27844612015276675095484850002365714206,-47.98690645527853758514019434495828942184,-45.14122245109283105405885785335284409988,-47.09018485313637410514808382880445816086,-45.86201398289117362643697401609629184997,-45.66298837123726775954977050762255002113,-47.16715345968696066281098099963663443976,-49.7652106663646345204978453380890787622,-49.49604904214435068254396271888942190129,-48.43627653919475665138478750415649439306,-48.53037829482059996976591794609899021323,-45.74299601268011978212772649788169978904,-44.98193986779069668199954163332065103774,-46.08755006277007974511496395548328403378,-45.84778364227126277550969758737954773237,-44.52561440722103784468348033101283615291,-46.58888307677010364595326177854758097462,-46.91291379849149596013220099087004547788,