{"chunk_id":2777,"map_id":1,"chunk_size":100,"chunk_segments":16,"vertex_count":289,"x":-400,"y":-200,"vertices":[0,3.50547839565333998737773273457347848064,6.48828658519335125255921256681434176581,11.47983218974988042584117509519826901055,14.97304673598286917162649857006495195486,16.57215217140906044182232763457879018611,20.10357885932345020164837918876495864094,24.41059207989155244710557228621046641562,27.53329497907671818783645228126047524045,30.06266525835956142124670234834621342097,32.81819333636642964969686354660200778652,36.59928448275914526222733568117486286032,40.80545773964116936288383731257634602923,43.09194177525351272688683927622056092321,46.71830975203515044713127520319876913049,49.96290697457397826210027461104688389169,54.815271,1.01466143289497140996305029925571900489,2.64960966228950949310544558295248798523,5.64303011451227403356152523186923104916,8.97414459799038248946725090935243129021,12.60202290883357434821320818401159330976,15.04580233090554185053949699412636885006,20.04892159569547268270443822390692729965,22.58813959558131286676755745178872949825,26.73358024307630312299870439084039541376,31.5284189852528697772443846000319424366,34.61711982247472757622196376210763731303,37.7097315135250367559278225885027012939,41.74559712542982704323972906340803399598,47.461872812158655656924567565598299088,48.7667892168547221552054264034821636838,53.48809797103519947515694960159977105829,55.3500797713140662704508005934232419957,0.51498026529020899930886687670150181493,1.7161296141599260737691037557381319802,4.7850511633973637200156078654316175112,7.98013611167544037019004058393094218761,11.29792305757716439318215695602562343344,14.89848633520132485736357736020081050506,18.72065676142512523794381682299745267392,22.88803650691665798775607901459616928636,26.33743658808767640071515240108640877569,32.22904651991906313392768301382487739354,37.17324390361760042762269213687255815232,40.80344344306973914030486162789279739451,44.08824899154292185314628126157430745553,47.9969099106859787565389795640716824274,52.70911519286981245484705775909427438433,54.25815090339533530668036208151073904088,55.78077782722266182971494532733102732476,-1.36821545088249942873636960034537623607,2.73473648064122629136218730089027022117,4.67141981309364652181021797660550513973,6.90172172882337881188071951660303925283,11.71806706126398378877874810986556701822,15.78787934534861478127160991203584950586,20.18789600829784436921408482499842569386,22.98497675628898311220135955861756301016,25.98981656313001123052846390893403355461,32.10021799708332062546651381431490592815,36.54427414768616007287180699463927650493,41.83118009411862231326232692474774549173,46.14876130156602726094494200515722273757,48.45742849923300973963555190318106383927,52.58616845925096414880644927477989958407,54.86473804136046639575547985853466611285,54.62603741133450581926080133602768011097,-2.08577178828370551065801820960947239512,1.47131922529528769588868259363219783685,5.62917497545288963058071326296513926221,8.46164214540930410717250312905947118912,10.30103793645832234224089916122544131145,14.19482704652288643883030335774430768124,18.98211623107010080983963914845944690658,24.10040733338359292491444686333271851538,25.66645649370519518036037858438511952341,29.55983777100958262382269375670055564539,35.20841156685963132781784099358963646219,40.53191920621397593760721672789669555438,46.36767677252867498952955797558896102571,49.22036761132147597136110118506249148548,53.44681362756748936030752893420241628843,56.81387287619237295484008675033109970521,54.57774107662281228449000063380203161837,-2.6914094617097628303593750349643041148,1.03184838336300259454657404396268247401,5.37591088344015292793292475526450698266,7.73981858229204653508197272900529092534,9.91502129338662711091882492414480900387,13.37770213138939733080100322101497335153,18.73164729036540444119967097412633166673,24.25312937149080968409559676199225112949,26.23021412312221466429851554036724016473,32.17599506571946531752103341960430646893,37.07205543898737304759819676769774111489,42.45583012186026158491250962891926361475,47.55558585933802299972728296746144568454,49.72744394570948066035574189320154230594,52.81957748654359556857033451548020681818,57.15501034218548981367892565342866481698,55.72311184108491327198358148574005603425,-1.84297612860668208192646755384931550139,0.1165425991011132674797802479267367874962,3.59662544341588089429812501542626873185,8.52742627691330993248269114728045481487,11.2540975030483520583514736340190787711,14.11883590391546750407279957823974609956,18.20486706213220166908727182395187638905,22.80525507721972735124561813059476839139,26.47536427184569156946934027814031179448,31.75962328605299626257166849021848782952,38.73515433329619746617418240580593226952,41.93990414045416478294385842120632243646,47.16786294310653590615006036202083020455,50.93664298394311929147005017421770362454,53.40604634438980016691663260866622753513,55.96016877108759339474733616051133095872,57.16120144831854521159049945352124895141,-1.15998417608716329374691504424356501596,3.18173374266589972374238698707279218377,5.6675862504748827051058844209404395336,8.03188486302976231352409128606997447153,12.78898987572193648451658109108181116277,16.27451362165342498262150593039960460792,18.23438690706951465187494204739514955809,24.11460255135056328546865691000985910093,26.68260450206304630979734647054042092765,33.43350500200948419917965622422427762108,38.52424969007005493381618697331638627294,42.16356222901131999510251520011048029375,45.92652526560162668450155157651228252757,49.11215276247195023054282524865928928625,51.73278932749035374386434293103933212647,54.93484302739313093190222221875222997642,58.64035515793575973644935474970417348144,0.26997497461558589515809433147418369832,4.45785833563367738275035412028737328547,8.90052138662380346531968966597588731652,11.02929743069289189135278673553991687483,14.73869218533047446363241133737116892309,17.3453016819095777219547675237221030842,19.47752449492686965168697309964836261296,24.22383198422858254480890173465269814332,27.3108091302021698979317068033048227202,31.32118306912666370928919950402659447351,34.37199513378694660656805283062472405757,38.55528789444973382442802654686508876963,42.06651056207329398875965026218878178872,47.63025526648161855124598540334727494955,52.0277033408383589905841798033041760097,56.09930712470000097819844779871084343315,58.83357785841610897710875252509496180945,-0.340122735291214094319122057981429031955,1.85247702596582741871918368062719248477,7.10322882116672371840146321608564110351,10.53954142752481140096803972217727133039,14.53196976207297776138035315948114733207,16.36219687932656177500371584348730018979,20.06890352364403382529070938425723174731,22.89726410099713891165829761382916341266,28.12246845787376601817798849183440283254,29.25041352303202271185624294759214832743,33.50792093717013959598617743422839106551,37.87035554052715887256032936751915968692,42.11286398390782187627379197169123890667,46.92074770132901646815777709003187709166,50.94446249479131845016437084469548990343,55.39408070727168851406861754849554223688,58.17964263353922708490111580554564711994,-1.83907274843834425544876612597969643061,1.86780771395309750141425447661510814608,5.65969713990867730864158316858060695802,8.97062700799810359089580254779784959142,13.01818996779371801224402318641417239525,16.259055840556467041618292540730319185,20.1847672412033309839550139376496555132,23.08783564312458107621473458462225866369,27.06768750469488701989369375767161521763,28.5894379602242651420481870205977196691,31.49852280623973488956114788401543454364,36.31157956482956139220196888709808313031,40.96753453728765123032050594422086916821,45.86042277322386066813544537815654233057,51.11205223885462069020653040465385320913,54.972564975340411775555263888575477608,57.72769926202335720759782350176242495977,-2.66047817650879980171703671429543017482,0.29074900837358136617040508231858698109,5.77924203404223859676130774589166777191,