{"chunk_id":2848,"map_id":1,"chunk_size":100,"chunk_segments":16,"vertex_count":289,"x":500,"y":-400,"vertices":[-50,-49.62249547379918809436398971102695138866,-50.04930523477462776045262301397083774001,-49.33084822886168700543024170033842876677,-47.76120828066447900600481304531185647732,-48.164761118923851011826611128821595294,-49.10313561996141561057741121810945808754,-49.08104255661871865866423567380966536353,-50.45382489494918159849915701259407301975,-51.40539214224534354674316066130557672918,-50.47405969120379771754564494479110032214,-52.17246285397538349264262942139727068701,-52.24938326128697341452589659919560116634,-52.68010832063422476025494016857445899883,-51.75785183793328731784755929642971813206,-51.47351844585325434425091953859032891236,-50,-50.02926633067807050239068912494728513721,-48.70463213924682025990577719491825265121,-49.18491792740601641655336917799739224758,-47.47593843243406477286316878065196830424,-45.36871545872873834838103601483963011609,-48.44016586254128681654437266661246379022,-48.02477150924611263658538907765389645803,-49.9998778423474491983959157610940171984,-49.62156200070276321887255492505867211197,-51.39534934615891131663984771708571238782,-51.92521563701313094018030964333476310384,-52.17385694369943064695010231404173311018,-51.83222786686471348320427608460138751524,-50.68289822121429771405594044510233084835,-51.53505975796214284179067220883087246535,-51.13827873298662811153535337958451392736,-50.68492214650572411515882277895729410072,-48.61368120412791773040904703875730635379,-47.53988179334481087858933624139017994545,-50.05874750885132292404379140650526663417,-48.27969901017500973630811761297946674836,-44.90762537055792523094121871740416832782,-46.89604507531083329277867478405045376728,-47.65529854444136582393392172476460368791,-48.96854488151099326253622680246377347522,-48.51857357826830634097692574096683834187,-50.13806260634226566718836449788323809856,-51.8011903085032801037459990899495858453,-50.58073617773071416369831167398007316025,-49.9475010035887986300811384870710943715,-51.79920195947499351443194484768009944687,-51.83561772397018906421111251940225757587,-51.07460983231332246588535420602515934891,-50.26036480645675353752105195005803466751,-48.84175587360116750983314085306745549938,-46.94794696148446890733056686432698008937,-48.8276772566702055974824316023132901613,-47.29977395124164350464048318056739497037,-44.80119782416274223370988930581796669403,-46.04738079262024358294587912141372079838,-46.67931361274540952671349337525798923439,-48.69964819886830019179312263971852098698,-48.84142804730025536252393855275211188687,-51.06727397492970327664103552442878922013,-50.8774560754628375811967240259394071173,-50.94509540121615477299762583952735077267,-48.16255470156654047660914722639149972883,-48.9118714992745648542629766932921880119,-50.68666138284179355241525775309257555093,-49.71074671362817348426155210240131446125,-50.48646040742969039744087490424671284704,-50.18254589124930118956296916832608246001,-46.23024625866848800421650782184674453873,-46.36688223035192450018402389359129498022,-45.08387041719388409460241767891193455199,-45.24915420085010678232941726789157851247,-46.42408386256425545499044535540340750756,-45.73083414280485534821927302340926313943,-47.17514045074666006767236218764141621214,-49.65045090999763740680732114533696776651,-48.65271417632893753196158861467214587904,-49.24146469050122218911276140924230928936,-47.58802424653570920999714824804541174911,-46.91331238680910572457259925812933844826,-46.91950203109551393411684039831832076225,-48.42563253760029810518696035030426603919,-49.0367531299888903906936057412899537085,-50.34329737858383703572732695312020831596,-48.11998773822770083159349083736935321596,-47.05557229437749150725165277802891223266,-47.22032891581957404341191072771927199141,-44.09589913114791704914734148760810504372,-46.2283928332477289294236057295590405315,-46.42815322607422784895829577712880818073,-45.99552326516820834285377277515504146336,-47.65820168477542400030780851282633552687,-49.99631621774113696659151949747139863428,-48.85811328636811840246203673022412183398,-48.16553008372160386365275876459707817683,-48.58168543869537703231737173233221545811,-46.64499527445139333617288390433243547256,-48.89783348820653657710020347797056919929,-49.50041353012043152532046375981575896404,-49.10474175427890684982899130232786484162,-51.20529263390911344159285763589822860131,-47.77653239080300772382083903008806064787,-46.9954062178246800287510128592860128574,-46.38765470722793704648760286665697304795,-45.32172360308147838705987413203992326849,-46.63100673249456040795601887496593893301,-46.0561963805823324708822706660144537692,-46.72246213184845981340711929029703068096,-47.40606523116182685291289450684663071355,-49.47866646578299958768576065900594690453,-48.38791089851231922532764473271000794646,-47.40988840670575825178730458187181550232,-47.86786841844111785438331089152454051579,-46.72979469612734932702753843143419560145,-47.87497925853962733524467678455359981367,-48.75011030162789455564935541162615769422,-49.17605870265725294231914766810779491975,-50.48990777222236769598692749751273118774,-47.74723013689229595443061758125716914235,-48.48718488397200597418704535660692114678,-46.67349881091032853207828879392355535501,-47.99624286948560802994520105665971891433,-46.44266893570104810207863968022099674883,-47.83890178177136584772168725763136989163,-46.90915343230848162557066930379536984976,-47.38817588420671559141913791417095448548,-48.39498099042123983813868429163437653824,-46.75274777574399834120410087395285751425,-46.47856589052033555099815652967177064519,-46.0513600903401502681549784472007356912,-47.75532502382961188206730152497515725352,-48.93544527632860885337065700357748008261,-48.74389213822856334512394563485085290433,-49.60648690902100486930350981248111394983,-49.18545511526573742618094562740810036438,-46.0082955998458053363300572654662155953,-48.31238596565344814239234714031800930231,-47.17800531487964738165942486239328139656,-47.70485494198171366686367045453656267294,-47.74342744519832044372936171893623934988,-47.73273116206579633248451688807764692176,-48.49412409953338870138190052869128704161,-48.45463785151458645916266197899548632049,-46.49092918696707465886835289158302643855,-45.64262488253601750591641141533202264377,-46.40108256669683238665414007360182526925,-47.4486243950373400810032862272481458147,-46.87566073878890672262056765798232201157,-47.48896691656707807391465109607128154501,-49.07350375422647210457381844484481939322,-49.05134691505890881105585979988332386144,-48.48520264171703011165197596238529583063,-46.66917183958137360362988760786448291097,-47.52451388607615537349999459966525317499,-47.14593283537859273180073479168821066232,-46.23946246563835573286126538471147109027,-49.17119451939232787405415778109639827658,-49.82629421870009113750069476604124885744,-48.77671485223193826951335198090571496931,-47.74142197610230147780766699818262347584,-45.79003254691565298995436978765513219065,-44.92080888992890334363728322111776505026,-46.88476889054727868821705646822254423425,-46.85462800874304491281113642897942095434,-46.44231956262339674326763879405857555581,-48.72345827913318234402829268063240280885,-48.47113070623482062774861276396540498219,-47.12264848765972212724517029776791059037,-47.83481020529589906849977901716914844011,-48.15229060068302777603860502916568352045,-46.14895212479141853409315677205541859747,-46.18557694184766515506366900374767530426,-47.57619762402476139292163290959742113108,-49.6350334099252894056793508838617623229,-48.85366622548890402636654655314326447733,-47.38896342256035240104778886253753829588,-49.10092277772805832419438554672737377946,-46.33726574546607811014247837437807677897,-45.75860873660060403661587651326705758536,-46.43782324731996427118265094342191009844,-46.30634903463450597641657577928982292477,-47.1865393244322581633596934364007885141,-47.37528783451185576893414798706516435521,-48.3216501302565587067204588313284987647,