{"chunk_id":3530,"map_id":1,"chunk_size":100,"chunk_segments":16,"vertex_count":289,"x":-1900,"y":400,"vertices":[-50,-49.99652527568363103760101410861602353339,-50.13856549103373687808025638950076135486,-48.69043203973492683089870203933120070371,-48.7301376932941658329549563818350988872,-49.05785044456501112438929479297276162564,-49.37502644980833263570418748753767933147,-51.16463744778070054695895419010356960097,-52.5732274470152511010444317369539613215,-53.88678590768241879862809434844010012475,-53.35705120387172293522210594900181015134,-54.14773125867299087112721068340703096933,-53.12818489606030231414949875998510801973,-52.65632420833640229306264231701639603649,-50.74078247822171717800364674123960208657,-50.97526382757565922213380395315643371141,-50,-49.74694021392152835502072749724264474797,-50.3598009120810252448675960644884301388,-50.56515870663611907755954123980478243295,-51.55419061210788273472914766974581800172,-49.17070947002022240255530167741941765152,-51.29601988216511856138454787700992173906,-50.59577510798665527399796030057393252619,-52.37221988706767286628226104914571068849,-51.55255523552135233761226034330910657751,-51.98136704633184454307500485218731107218,-52.68741926571410908695354732297404032735,-50.30981615041167449833978840012279749522,-50.62672805301949109015680719371168532448,-50.57162188238316294284972107692699539955,-48.6391163811412361102332049101362501526,-47.46801065640880531798205131401585828287,-48.38310623201249700272009985225825184802,-51.11910933362184780502103584658792122358,-52.66396187385960217334374463401420536828,-52.79858300123028679413039728453217862964,-51.30715911403645307831579365177175880807,-50.81206957151783925218411394545590814839,-51.41073276398321050314402237194560193597,-50.39839854184623674258380251663750060844,-50.66203698540508276420986059823310852356,-51.88489526650931728491120220656733005867,-52.10138637920572934588314706892983005295,-50.41139206855580800680929620118134798086,-50.5778297474617079494175373145674297845,-49.88878047880895456841449552311088840536,-48.55763123501864020280200865629456877249,-46.68400140106682845238070960099174064185,-47.00268988469692671265482936707231381156,-48.10519385540490315072475601343558447261,-52.03177624003686789018171274619446544434,-52.07037724882177646124911013532016136503,-51.23627724299487099539716686292799142729,-52.31002952000303859933567115314861317835,-51.84972612298587325641455643827837913327,-49.70883140072558960523319880227189970743,-50.2439733945479122384683451798277642905,-50.74010856362207947441273388391139653075,-49.36995458008622393226634992513131670621,-48.81838550457232530681480000307266665645,-47.932989957407815746450209060348250171,-47.47374361586774733375890917381408709723,-46.87390788754262646101771835643935828716,-46.54112513961390050361942466093809297661,-47.01785466280741841648677377650914828362,-48.09655965741510272374394954547572057987,-48.32127684636635810352399245321906371474,-51.60857691555125169863179874588909528769,-51.25385241251015111943496219218392392392,-52.50968322192602387563504861529953434657,-52.23989186025184008558764914067526012358,-52.29908125658596116378513848534765019456,-49.92037595301566988410682361429297324351,-48.55299774594979768561679227838471227792,-47.32025426671252943224228317437600938496,-48.25755741362241652409915673155222593342,-47.55908863507790867264767793268894189974,-45.77468873973286924141386383728037038103,-45.53753389968754656960687885359182773689,-44.84766441255190555927508275426466358269,-45.55179202263018282895245854248763699763,-46.7104860706286662142882259677271236761,-47.3537132500928633715078870331109310704,-46.90283919565623867703066546801409703091,-50.91990974813477960089690261321231790573,-52.10472766012121446705591853726818868517,-50.6664528139779034780170945358707670663,-52.10343408269590518534747092936303646055,-51.39018541393501797287133258595111443848,-50.86593221260203854913018904766357857963,-48.95794668139451846578700308918618187145,-48.03758080611849541298080273098702255226,-46.49733529958989006584176093815878409001,-47.47596964775025622072984413455646707608,-44.28628712984425150032485097292249019307,-44.14982607719119959071235086223927182833,-45.03289894703690338075958455379881699424,-47.75310772511879331449654719267463480583,-47.95892989860170552144394476209076047321,-46.3419720109747953526117926515067519056,-47.70577163479565114159225199426500366585,-50.39289584171066617431172756544038012553,-49.64976492001322031996714234743587290962,-48.51690166414611346149351413123690416654,-50.01085440311669434170799387056776165924,-50.90841287891508495735807542286593503556,-50.1702096687664716948337549032939058453,-49.40873989832317621686481143287092266469,-48.96905515117893955222883183380911560327,-45.90568174589890421566239874449180083732,-44.36287217532105241589287775254875132345,-44.65121672004671237599481223265960626308,-45.10305292838472167072044771293619314719,-47.01461310014363060452934772090345653325,-48.34098844433940111032100041471681733191,-47.94095187860448795106770815558173556134,-47.79350228989184687816026895245760341563,-47.52659159768489065688857551141588159489,-51.17550777443470549833511586600503339058,-49.16992927485448238513108036487587024874,-48.67856481182415684460041544789995795118,-48.05714878139679094055974806388562050597,-48.36973780226362043135022974938196167645,-49.46627152466491958668250959736251573888,-48.16170412309654342040589284863050120202,-48.1539290603406129631831077848172365597,-45.48236893242388508738400641786404865062,-46.67811499016273321558178743090114435896,-46.31693227874646837375590174228699166029,-45.65071953185580259308640108072384886732,-47.26307098436114980409059863815047281811,-49.58410003021368505550243024406637151438,-47.60405111159387877509646529783289207904,-47.90912132065509108811035874306024545536,-48.46823006912643386814774504022245673895,-50.48621296235466228613972967301468066137,-51.96850947265767591275316905714855579756,-51.24250054890093465602693254910568649267,-50.29499820477026097846346022341588794144,-48.06467542315179958902357813110101695233,-47.19314874409130303322124024457540849366,-46.42500459388981431803558419213697985714,-46.06518719830282867514002750269739840195,-44.1869156830185774609659604303981086054,-45.18910240076623994650571063979691587953,-45.72161532486403193142066253086129648911,-47.33211809712076512781814002020312113329,-48.60557314231651670654141444109507715602,-49.03285727901152882865611125904474170442,-48.34353233432916521882806217467069424772,-48.74301865565013045153292547777439446357,-49.0866139900196747844951802337076878438,-49.88250283215586314872036588205848395808,-49.06541950766436800537855383717680201556,-50.40055508907493259512568295846474543145,-48.14265856120228335769698853598370819237,-50.83176838860662738464107147016822757548,-47.8104041847064501681140052962505442658,-46.88673486640628751615261957484499070918,-45.12854490019574842955753443896294567144,-46.35441437017435602703679851942021551814,-46.03911271808187827409079163698879523714,-45.33777861838937345438130559790619413822,-48.80960130232030738145114117919902625475,-48.28654983612945749772912432602219486849,-48.49793894012852253766273854666049072068,-49.88920267244750011299493620706599889518,-48.95241810372017123668463181244823019636,-48.3703115391495929047629556869950735237,-50.67472475479217991112149165618476455475,-49.91055098365827426865473500053303153996,-48.37383959543918729928652486143815919445,-50.37756126541800651986000281870512737022,-52.12092915672310717535524780672751249979,-50.70374897825962270532934005899712945984,-47.53449754258802737830761700846858440613,-47.26276604103226410904425867726193438556,-49.06610582940572865879613519663831851147,-47.69088556123117834826140677034455354681,-46.29162512507369319654351515817544140849,-48.74133644853530485876552443964161322412,-48.78269808357302273177969857464074807743,-50.52133369478776425752395829625496744705,-51.04578231066146202006552592511251936812,