{"chunk_id":2803,"map_id":1,"chunk_size":100,"chunk_segments":16,"vertex_count":289,"x":-400,"y":-500,"vertices":[0,-0.1264189339319421002850729558370348843753,-0.0221466244945816479290037242275696712734,0.9132794387645799797832275468425615874413,1.82920013891868439538629577436923245825,4.56854848415609825369240566978113195681,5.57344729061345391910119570629177371797,7.50588957821315866480402999631308301283,8.95904489105573920724994237498523910439,10.80761114792745065386785099159406934755,12.70008267402661707042466209418859038521,14.20309723847152090671650804925031117283,14.50523620516001646099923318035020220486,16.87009037885376851616737889887477921432,18.75987004460123271051406248737522945656,22.2314603488264997654580779717687372834,23.7993225,0.5422653540963627043574234913864805235725,1.38767771354452464899853445307793196495,4.18668410114533780168572048592153853692,4.12946706212765611298653081713931523201,5.96676762382773262229452589328587659216,9.49920816193372435804772325914206708573,9.7306942000173715378860831964949149783,9.51052089560002068958829057018325115742,8.70061487236500230476511100331965795357,11.48787096789396007937449778260978918409,12.03934018353074258549619534131064307511,13.00004500157169409337836046966496357434,15.30339500086319091607949886114402409425,17.12422576797956413967895524609364526408,20.75592099262754544170374865879200543158,21.35473872983310606279471838972194208667,22.02292781843307407692329956096482244185,0.416591451741737934235356011763370633065,3.27917268407998811213449945272412279201,6.03059042286135676869391567585391117089,6.83249815883813092892508817321192473849,6.03775278310986968690465201074988282779,8.57092017949786503786996779591339539795,9.38860048246702988576310402587570103233,9.94915428145032430978414791812101787158,7.76755926974638826167817300357871029473,9.06915861755097271783541042485556171322,10.96828072556133209012904187506386047753,14.11117912594072227964039859116453445417,15.76426178078850008720758491017753065237,16.82143767405237703411744400139217039205,19.65215695416663615867501400002962189475,20.66745346211873622227513727872020578082,22.11342785802094955694257596909291035214,0.90482065013573966164765794362403407682,2.65044654921278133597468355491766984199,3.2053261451576803500597421168145465382,6.03433276344435697714240956909803723273,6.70215430811594151282872837139870458426,6.81979896681633745313260180030196846046,7.94788384209639086014326567250343869433,7.5612146854601548162325333346369207465,8.30925997424848284642319665208899093682,10.76355151838510874044961978222576911032,11.45753468335722208931508595427554067307,15.84825729887124403136966586990755042332,15.18279443377310026886153480673216468489,16.70850191440091379301814389408368367275,18.4237303982547894677940105835284499886,18.59612835875272531833086085121929259049,19.75100561794703879144438652013928889705,0.73835801184795785474845445925408861751,1.75198434824873858984665136699451665662,4.00387156515504563378687903675123246211,4.4017098944460662376098448630763556203,6.6528613819128485354031800528301664714,5.82460424584369995023368438041393311868,6.73820990146615798424869236546250990976,7.86593714337147842634537398506953501746,7.25374069572262436975685592984767233521,10.06204270422310581653078644184112961935,11.20568909038107376866255593090612594877,13.43998889979687705595209866487846114832,16.0381098508423287235257175282722660621,16.92983153810314084639783826103001395058,18.01839843520593219147880089126831390955,18.87849407902470096274372330237214847245,17.90827666283401628662085982161481335714,0.716597107462500014887450415273042782606,2.55575271840689136760477287290176124701,2.99031571854766160144283639623751247242,4.00592859924220566270943559355737727364,7.57125867306364119876613341249389945479,5.54158838203892002680048495925541515415,6.88393790113255480554645561252243298665,7.63518072604820420710355449498091612946,6.56896787789764236841812943224546447169,9.64154812069902271236145787718474808337,10.94791538188187013390164307157791945483,11.58811147320526952989273514553702825885,14.67024439042286047573519823446413576262,15.53882120443328153727282214797682465941,14.91716127642213732817733614049033439517,15.7865132948978943311856989100381649806,17.83724256371630986385965894488751879358,1.29655972607080958338028239708409357695,2.06883922709051365689073894030213882622,2.47869069584657626711109920471322698921,5.48992946128023422399571160665823946775,7.04249255740281917853077592111550079705,8.01246085394890536389915171308540839927,7.29537322626236695449957929079436309103,7.61789649345202858008996899850480638905,7.63680599100186187867666387572370251194,9.52956878954687187273262041261899340692,10.00030918443518948384323902717222885923,11.3520337125062420902132153524882807138,12.44361814490291141935695931735106483218,13.05927074385696829239917889346701326675,13.67141364412234510590142221160691741455,16.17709368963095493189309336850950647522,17.07148308309355664760104914953280398458,3.58452369442808640770238653452859594142,3.45592878023938916376644108870407202591,3.53111537438567673824947929780349482848,4.55308450509968756912645436567057070545,6.10390852201308226433908126343889362255,6.59321236120761787358453776297185859063,5.32953574198005684881931829190480462925,6.36980812097198966415842823978147953649,7.41197874726042857732208089885334783268,8.40433502254658701999549456209914719897,8.6703401716830627476707190628812566995,8.5838053023092165444457614039928859738,9.57607164793636160243872899794405609015,11.02747832442173145038898520072548374432,14.28242970327543614799158637005432312842,15.35193337430108694812027935698318297993,17.03949681137712676460730599210390306308,4.01832360399003476538107451548245197267,5.12527397351148565866788748611178062833,5.91644529789254044466402284079002740349,6.40619574349290042767417673984424092016,6.37282292442219066302620769848098077408,7.79575577021802527313937605856375225298,7.53011142486779156434753404018545839946,6.54799416984320059738350406771866070106,5.60475022234129729662277543256548265115,6.4698680430517567414372057553301221177,8.06454472910363846075628572418604189133,9.63334694116398295742533467890472399324,10.33664786772733125094009112064811821435,11.39599675763294170670043657782138960709,13.84369422373998382104439712536462039809,14.53652516085703398407952625104308608803,15.4974570586592097912523089443184859536,3.64910094135797183098882821292985114923,4.00952050377552005382404913756068562031,4.53059538283951166375066923000499687202,3.41685250252384570532425887341159083687,4.19538343868761189812865181142925105994,4.98003184704502074813892423715467920088,5.21094167282708191136606730353671370068,6.48145148279261558794240421368039412933,4.28551229232003215330476718722425532076,5.04220108366153515547403999813442024601,7.10740199273357079768261225571598599534,6.88876808143923347361525411228923365124,8.31382418703770026047716527650533924673,9.52343453657924529295023662150998536903,11.41616180665310604402911838861695089099,12.00985504725027954239230365345834875153,12.64109435154120202431697165972140637868,3.28533441949708963040268474893824830008,2.17541624482720481128075983232946858684,2.56859991882955242015203854228131256068,3.18053782554248059557480068980309438508,2.23813672742883904809091822050260747869,2.53846360495137362829584773413697168283,2.48748240212997879211947377283144965516,4.17892523249011072703952883936059586361,3.72433523532450971457963156462092516326,4.0400522657152144142526533485406934817,5.7783010854128844143299423048402817695,8.52221290975497455052245593084463260691,7.37921449190244600023202955428614544136,6.79348728173872269279468637333165790932,7.50034749279789034676861405533842777587,8.49219821226903167219572852948810328479,10.04593842056668315306239793888383939677,2.1070296068461453504634788285210246396,3.03808734198065144696361664271617494939,2.35815009356464244893798066538120098183,1.67510200189786970478426101940560813548,1.017283010516942170403914103101541458,