{"chunk_id":2885,"map_id":1,"chunk_size":100,"chunk_segments":16,"vertex_count":289,"x":-600,"y":-100,"vertices":[-50,-50.32612948956013365991251121658171157717,-50.61597392845449993428879270843097791983,-49.80891785273377200650820655752339796204,-50.42977869463322554577796842962399074456,-49.0903620661124166470350037607943218511,-48.10007162039569630417897246484832126822,-47.70140139997424359193219676265102364229,-47.34343009046441097825506762215181865188,-47.77981762042306811461084219375378893671,-47.43406378380629984279299641636105375624,-47.08635284430983889716317000871119129553,-46.04057876170049787804540103960858473913,-47.52901072685286573079987730699325824589,-48.25783213881317791464068150401157821345,-48.91731630935169304747041588940757679567,-50,-49.39282107679344198372855048847313345485,-47.01225453788883961275496609260268630518,-48.49147358144349523532350253852605212571,-47.75917581950456127411416591999727913383,-48.10373732695765107447505606474242660286,-45.39032824160757406127914961574489190459,-45.88118449995696560176357656917793846384,-48.0038376526765279806444608616017034478,-47.85061419798518258013357110793917197976,-49.21012467025840728860552157761401437311,-48.01154517608948633456721462047125703652,-50.46941538069781036319786444107666138215,-51.89250581973202962229763231767578171082,-50.35173274478174043108822122845225226672,-50.79949137530986489751062426023936404748,-49.94664453725047078234700836027440966765,-50.93478781193241292045835613736062948559,-47.72398482213836793624475710542462623377,-47.3176759644775175407278368163493790075,-46.24125212511278153856345537587338936172,-46.54919099435356230860079241495057640025,-47.31613105032844062357937850549177218203,-46.66953179056142771726950608478771746027,-45.060855050170486213118688123866275959,-47.72926692386265547692540360136353904244,-47.67138012096123234685981027032974779979,-49.01018541463513075215415646540542981091,-49.02554276430513330848895972278494427981,-50.15954514963853286226094556548953360556,-51.86271972578957503653534668568078348337,-52.36076229986196557233578283982529587277,-51.25591681019524413655910392886424396104,-50.60424882378537436113987459172871187086,-51.70767668623155445098302340826049050247,-48.89770700790684530077800863224622233294,-47.589641045150478973375289834487895244,-46.85892915991508023722904848162776707358,-47.37065233852280231633417196350100239886,-46.89829736515799415756628828890810735479,-44.9193461138920338111910506231086234695,-44.93672219110200181660370783487505806275,-45.41271147625619668839562974924748519936,-46.79458648182189961464703087452403076994,-49.48844212135377652411083258877196977801,-49.79024861967562722969376726640976051375,-51.26405466965707070163338394839497422872,-51.20203031348641171336740743450975308013,-50.06672113579752685952174918220467121286,-51.50946846560107780360109740514910836487,-51.78167000308337287613652216903144666989,-53.59196743290418718118397364899841169119,-48.27648867510502489521066840111110248745,-48.84203246194576070741767052317158305822,-48.25481087079053913724929771942478751894,-48.04971299413702037766068835749278019605,-45.97171524984779433338911370152666630711,-46.19927405944732216236425692333444599993,-47.57503525767514714405199516241217524312,-46.82094029269119584938652506406007410187,-47.34206199261732430344256490098567041991,-49.30713221533147556708219916865551450699,-49.56318443190488442625749171399260430514,-49.63292437032859024561952585899916872906,-51.56043841387526317930329281516823104356,-50.85161887013166186660610158916469512679,-50.86779775101904011907382753581215034542,-50.7809085166872137571631597875242570925,-54.13324174893169010479299072312046502083,-48.93185529687299742905408920552166166583,-50.03602649997674777970461442693217892549,-48.64416035236081476582321463871796254704,-46.65429750757567176464745275351635328984,-48.68999917657227068882387557383951342899,-49.79018113307220659281536620768821539452,-48.56046489412485087972246847245933319148,-48.58608773145418887139339388132284592182,-47.44834536716417088316705156397258735974,-47.90422739986301030226978785621807740113,-48.97340356717288160777900188628931810653,-49.4746094542714832432088421019426209099,-49.86978521848315425338889227235274960316,-51.08628118175196967970794695116203831775,-50.46734035225291025059131197505993452879,-47.46127160777926473960223537517891675938,-53.62203370518271593897150875379446980209,-50.65458335800148260137611226333918787342,-48.51509730638662909303482071458365834562,-47.30840519503980416940053776830231602873,-49.11534280191389855213769934064528601835,-51.16525632559421517050527468127033612106,-49.38442041801469645256353927038395579993,-48.72270558692486187772635193690477759003,-48.69081688191734988823302481588918566211,-49.36556558020929029044852620746691695991,-49.10977842454144525554187694502631360545,-50.10108581298908816301115610994992887869,-50.43332160283239297294058723446673464832,-49.02108843448674769000895302203546953982,-48.31494076874010731290460201865684711099,-48.9317032143521259706784984978258298496,-48.10128323091810461118862956526976585097,-52.41163283528950671725303639251436729682,-51.9843648973381097668940003315201413752,-49.66109781077513787765007626620067799476,-50.50624067846550615139386131099544975508,-52.29627093960156814326729092567516501877,-52.14467396128134573623211962476158092257,-51.59935101496323538446494166842439927561,-51.26183022194439698421071459480834265526,-50.06087915700508338322926294443765134419,-50.15775353779916374083553616234813655239,-50.14739615642406698439603323906784965128,-48.64370306582334090123215873411923745176,-47.30705414671256728081666477715082862976,-47.98654298986549866123752225685384993117,-47.04919919511839279196953647831239394655,-47.14256737748849993736270032167887971869,-47.58134805046033494426259449605369201372,-53.12740929301179724509714293390332261754,-51.67529451011981021031565374456124944593,-51.58781956050451764703531435858797419176,-50.54609753076607215136046847014000290066,-50.41818180247400932514505450716586730144,-52.12908031204687954587917273281139453966,-51.49971258978397612903195907431892764254,-52.37368811048897282281559275039480317844,-50.04994480233753119353396549060178408843,-49.41121747457395237512293343055947523145,-48.71792889137350063863168888057654964988,-47.29032526211768488974220685623171625771,-47.86991112886315709373634576283978175481,-46.56634685530462966293555624576941595287,-47.38977078595603999353038913922718045316,-47.01232777352029890462675782401807000455,-46.19707638446590380748865910092471258029,-53.75698926320715755745597240286634134289,-51.20082320730943387664595726016945311162,-51.04569904442724876148455219478199683247,-52.47671154126618346928001462200628925361,-51.49636058870948835980054850679849017275,-51.01881024225929617556964949696822716926,-50.69098217294109159191143144929925376931,-52.45786067599431805184833434216599594455,-52.53218178990639375603942432965561447828,-49.81704164477647363487390948928764145261,-48.59719362400878799795223529192562042025,-49.28977272914736096808409813977385273384,-49.54804944854663325457050825674693258504,-46.78494110231375377811355571878937226387,-47.2804789831951658095455636127561981498,-48.4834938562043835257716709836544590395,-47.23544234650052506761544351295318717066,-51.98595823340042495704574903284687642504,-51.31828716762830993569816592893606057315,-52.21644369280686425427725244915035207458,-53.16518441035446753565382785818029625674,-53.07731100864400057400078608070164337386,-50.43380444024814243987892127587884408602,-51.37357204019941008830452618377919855198,-52.39660642224185593705627151498060381123,-52.13026705729724935698894081311484492539,-50.47061243979366316538914820006930945215,-50.48773814595204756001468244264565949969,-51.26033277999263439414100529051125111871,-49.48158954074958309582036357752774813446,-48.8097732564388894326258023090241464288,-49.40994427275870174819949269328449065564,-48.4560528773535856740917255302503471499,