{"chunk_id":3498,"map_id":1,"chunk_size":100,"chunk_segments":16,"vertex_count":289,"x":-2000,"y":500,"vertices":[-50,-50.79605838372905720029838901110888759483,-52.52760834092338457174006795276196251924,-52.10803171004824132941682529000385544844,-52.3417977915559068802136863537702135692,-51.26948519958111003198955194537782005532,-50.91067057679674078661623432142030127062,-52.23993095210859161394687155619723304748,-52.14393181032360399447594423043350942455,-50.47731824538394932559744923798924943938,-50.28713302521386226770350752564065217943,-50.79490936003705111354334867561681063422,-50.74172501489406145324255352123798122692,-50.87440299990001283680132094125128157742,-50.0478381576409627713107051351718261836,-50.18241929097226756772718481455899897891,-50,-49.9296026148200174936225140639227655794,-50.23924854376575766506010423516673928307,-51.74527281012815452711695407104130313635,-51.78927268964138964774688550226846093837,-51.75498651365774970922517609484270427252,-51.58279954831349809211789601022506251298,-53.56747632741557529751448186273304796248,-51.34289850144167710944121967190169805244,-52.47940421546973489243294262439346769817,-50.87352972713512578604970066896049156288,-49.73814677687515136285997632942072862418,-49.90567424222316204340033672593681329098,-50.88327066671658731880765119482296971297,-52.02395291409644046609776116186276758832,-49.68975587081373959211980099412187305754,-50.31129663965731143423974167328140239046,-51.3146866464190949488805174771267708367,-48.6869421201736388447288383764967645918,-49.50789740950470015952995938269723725048,-49.53420483496902562422428012580817393032,-51.61564970565619891993472278734740247304,-52.48531331963084973327963436567459218087,-53.37017995297517094487470900042162207172,-54.42579095341679397730232076596322430914,-52.72564585205826502277445261576748828743,-51.19337315462509048501127933086069529958,-51.13068452031874446799817303179886975428,-50.49159327267125162309071410882331536036,-50.87514692403422639286234262142274303187,-51.7231553389417657010527243691788517045,-51.96560188700010428914551867018626449143,-50.71742548132060290121841456230572358225,-52.05638023341369471112587137174203244539,-52.21370155802349086038445839674722937906,-50.19572771160699466555734083381487810365,-50.7721205944933116777739871614423658893,-49.88463699548872795487884816605543493287,-51.1031271804983241634632680582239026613,-50.83272909215443817474659389608275057513,-51.8985128583215105770560177671992323015,-53.63754792215075017703016394129409415659,-51.79774891723774347162469564625592001855,-50.75375642691789700120061757884175523832,-52.11488116896397098441181177058742039749,-50.25238444219939979368533382589902309469,-49.04498789932633741313414646028636664293,-50.09826283372146165784524013524589678281,-51.75753062730073370997314858815445652912,-50.97325438053891521269367971209848390807,-50.74827093905223128885803518335492477059,-52.38537031835075902907257734850589454965,-50.52181048116312686809930917243487391181,-51.39621700320212066336904823724044234064,-50.07458257648596337744365244256237015182,-50.04680550794189999976703510752848481862,-50.16023234730699649591579523281721119775,-51.46766963533684521869969718673629672048,-53.39555755771380330755946434332782684596,-52.71793567324795966745996061568199674078,-50.96151904690686892051422343795044016318,-51.04807581825904325812235867170231550713,-50.75148425265478912008691029824689669158,-51.41093931939412768579221977760811781468,-50.14312243182652315121208841919799536666,-51.4286479048136113733625638882644044754,-52.35020762233788802890781743961929306271,-52.40353668228839774714711473624460326881,-52.95161669061519909469416504522355143166,-49.70383596266242865410474867285818642773,-51.56866600833569386939573054095221237977,-49.00198254922360362547165811606495693342,-50.67762496140497181778590621104963768652,-49.75251865707180900384002315241214094461,-51.00816023652623208167403529302690052716,-52.27645922206122828407995124666573045566,-51.58403275119323395227421846001146044492,-50.54710286411910308524583499891896765366,-50.3042719210769601724538211072247834234,-50.12571110978713241079443105913359888039,-51.60790640915576556775889958823130389603,-50.25351910381175695262132871728471646345,-51.9780826600174519962656436964894234037,-52.4149708925785904782366360576713370081,-52.32781008892011809604634280197629313627,-53.29406326318118250443758782098233737354,-48.02759763177067930789805216973631421408,-50.44939930378518449250003602199120419016,-49.73538939668761897054239001511108758422,-50.0045858728794972274975925630328486815,-50.60030952236530948105733695254385242085,-51.99881132609078945538367364825243860149,-53.01068443897317213790540257914177499152,-52.4205642532847173334678860908405935209,-49.00753862988679396333069791442162785333,-47.98377869600496408887942885244083974691,-48.86319167366369894707390690643481465301,-49.54808870493663450720946413483578525709,-50.53204162115351097437157969301118675947,-50.76853911625277706197147996625883607158,-50.85092484626551696860184656928698029903,-51.3446233271831444404287882961067771698,-52.38127023459485951686475517306184322409,-48.23347051029253184891575460327391453077,-50.88444296395997290762682582657251034662,-51.93934212537551359062332868852198624629,-49.90823695441736301502888545710131349476,-50.81811556850657622704796884593902484959,-50.26443902040795564506424012219574148529,-52.47095692241037025909121128728875952929,-52.47780009514611796648954175348483058973,-49.77309663432787328635775702740366511256,-49.55910827678942388270040448029522944654,-49.42331119607607166607377102293416034161,-50.70717200551925584858452883288854211368,-50.26103614764019796581651046112731599772,-50.49188117366121786177699777256866727206,-50.63529024678529306561528942530647512955,-51.30724803218878852244769908956266674277,-52.08616312533035816406669577554030611628,-46.64263100158590334849846656609574754777,-51.5940660955925405772650814458436368378,-52.02386653481523491912111760663515288255,-51.02099823999042054316425307276609648839,-49.80169170229856043438691160691164516416,-49.6734096179731721145746710058837792675,-50.39419386194130419846798040093244390836,-50.21463562366666755535132918001193369128,-49.5800869586001914103154206220620408896,-48.93207642305771878627229302506202533625,-49.22159080786162481402085432882385984713,-49.90394025582715889873943031868666631682,-50.75347129610286928610303572543205721778,-51.2346838799636043819353952082617253347,-52.82637437984591405319184023558817461143,-51.94749492454118928836829875829767307224,-51.9384254558389301691251947499499772385,-47.26198972092214327525195196457452979169,-51.5475836898329156002137272777334743414,-51.5637584538814384887286975139338606384,-53.46400171498431342045600268007733249963,-51.07262205700608305899799688208683696528,-51.87325969891212093472451205878629376298,-48.9538083331819628605659699960898961801,-49.93967375977570396387430098101523270082,-48.52850964803504213057113295644438156788,-48.62341701393734197029419891418728502526,-49.56715261375223540165456993662667265432,-51.07539382668998660890073291374869737006,-51.15013553444835724774230422801004562773,-51.62982624138157841037020131366558439741,-50.65124444614812383478336209477716891716,-51.16885021615929684634401949605595038182,-52.70993490008065219773322577897341301483,-47.62794183885802358886099837152404225606,-52.57511186479241496429802906114026710453,-52.90565502806815693321598552000071993408,-53.49085119855278173424192894631324791077,-52.81663768699148452234171199812187472147,-50.48648414847596571612948125641641371386,-48.17865491536650642946599507815098220003,-48.56662253475721035933921721045819499631,-48.07894535675957207000002034840547571744,-48.69052220562666014290782041793853686262,-49.55876185183836235490342504116058691263,-50.12466948350631525824391899425117355748,-50.5217966307500852196366291959755188154,-50.27939954487620006715940794617791926767,-48.09636467348034284942121503826624581249,