{"chunk_id":3666,"map_id":1,"chunk_size":100,"chunk_segments":16,"vertex_count":289,"x":-1100,"y":2100,"vertices":[-50,-49.8425415442174832433953428897681648449,-51.14746659289597692099647010026960033544,-49.79005794663643037352177489213756541851,-49.74590913193673407973501663903433064505,-50.15895049327677374811408953225465494929,-51.5132065426374767257273004568465468044,-51.31737406743130330826687259648722480149,-51.60814859524734152144510014639028779142,-50.70947180417539590622887763869810377008,-51.07525818268939667005544875208403040031,-50.94260488228758351087299461455317040266,-52.59210059308925153543284356956986794084,-52.57048109713703302918061043917875479937,-51.08877214925853121964463301161494889178,-51.34888388489573888566677413991828601244,-50,-50.02724447938319765630299893774324506114,-51.34458414556010591204467493454129894121,-51.28062478488281363306764983462905491665,-49.01645909067688812939598601707042885137,-51.37156542696329766558582621653623353209,-51.53521725341562357558549438159388931665,-50.53774681391921664866887438249354503349,-50.18994088398036304890501152482456613234,-50.82467681229165744499941943469410183303,-50.10781269985656121543610898952886921032,-51.43831667968809344285528953883275857182,-50.76414926697621503731462884104123587652,-52.92165041658812292819789772571079404277,-52.78192806783157418795599345871478800352,-51.54869282141484966612267778740774002183,-51.25408845298287846360909532893724606692,-50.19466280601820124627350110638106156056,-49.06271644484452822562551315736195379015,-49.65919589772010139101154231853878465339,-49.95037798019826438520645395739796578531,-50.76527797262961285266037989075945179706,-51.51563700460410663096635132848278326491,-50.95261160422175849063406301259510696035,-49.61752680588596873042472306235777437976,-50.59680240830198902934284229563389635758,-49.62953809943810855532360475581038126688,-51.43439538344637302733329477948913238657,-53.45077218012070253545572064027032970466,-52.97870743906519490561100050310946703193,-54.0640481302677821189408494406195696341,-53.31002227107677476811191695201639333054,-53.43068138632393768071391130135910767793,-51.35310403347973677563840134484728501431,-51.15783779662090207434588630398605847418,-47.9517636662687639390859664571188867518,-49.22418158291491041469511844104490424376,-49.99483352686384396071256976056763115194,-50.35750291502299391657584788911345221567,-52.2293064443493713198053299096612186149,-50.70186931441984981456694153128466494963,-49.18488005398673092141396750760774675365,-48.96001175982787513295817995351865575626,-49.4680057813137924634503564716757169,-51.01548191085105437787841621596864044862,-52.73721605519860060423318316320390087982,-52.29516696719894031766192419977821028083,-53.31834075241813705829631892470931114644,-52.5336898355988739545755902704049607221,-52.66282584254316710948228612607074740393,-52.67992662599655203474896115515935408923,-52.17765968065661187598658472334439099111,-46.70751274326311324761740138158687520801,-49.47602079699932071749426244686242730267,-51.1485704448836946535461268091546760089,-52.73859660901312095786920373895604879829,-52.72242941902409525575148917759445558119,-51.59864128641103547505622566460936140428,-52.29075693702278769025414745366209475903,-52.37623368078308611336725058666586200135,-49.39904836230159875574997741843961946438,-50.97130950921170122659019706097407951107,-50.71343876886301236043106011939361589754,-52.09121867766581878714168110811253895594,-52.80382875233853333376757476440087530499,-52.01448540532199965812090380235583782914,-51.98189586862428488693310783014052119686,-52.21967262636827077821436973916722881584,-52.12695408301534825887975847596468402707,-46.53232726660118997336675345277634384241,-50.83854504955532854801438029798740845151,-50.10930400402817385496965095922951316098,-52.07598506819006961167495925517230100681,-50.47286909085417157302634267860461111919,-50.10508778428660371117406355216626944126,-52.48245623298818455333127534874521793275,-50.01373631027303698133120312633371467387,-48.61537349298829971951907461956374377896,-50.32230939732691617544756422920075605545,-50.9589772946530911652720111660588814854,-51.22619087909779170214506769442293261701,-51.93350283757339071885212630448312803348,-53.93070300202023738417345627649409592964,-51.92741454690696416208756170754449030635,-51.51488579875100830867093571435742348408,-51.3778330278775188399424585228336400483,-48.14261900443333808309825734234471741502,-50.93019437169179618987739955897311651247,-50.04017006456030325404331219314668210361,-49.98740948023738693193841947181520910442,-49.7503169590903558582188660113073591879,-49.78435215922473187511553746999472025923,-50.88776025212040460547879836090880698095,-50.56227647830521476702925297941552004583,-47.18530485562194804090303918041733702133,-49.21281701347796578733970262293517997601,-51.27675943861902185359908394836391969927,-51.77446093453446313200644293829126779618,-51.83347651989204490392116868263630093321,-51.99115778298960719541989197497335850165,-52.79964922811163989822055655960138524527,-51.86688393000469069767398470287680997543,-50.00681182609313920934457896838904209328,-47.8933412598185587903769010880034137055,-52.31859812764070464846686849432244571014,-50.38280368119586246136166553421542159199,-51.62276264318268469462046036129191040778,-49.3944698655656648637513486208273148523,-51.01584363465229710280795674979752613374,-48.62781485107316993440722806348900164536,-47.97192158616523731075513664064876918719,-47.88074167187994434120802845353826298533,-48.38564026419973218525856701494554700298,-50.56738859455593656942843549251518687791,-50.44905633637087340349729173010369674411,-50.63724637496516763994208922949226193077,-50.08071369845630078380435299815076379614,-52.26089790461740116916734480770840299665,-51.6538670824758340545922111131572366703,-50.1127648245534466127315158455692861682,-48.23907260761265028276825514834802114432,-53.25227311206895290514188913956016979386,-51.30043252265083967102609697431197139444,-50.41279618899077697610851273618928912359,-51.06072036445273610671447885863580173179,-50.53999118487537344095810846722002246266,-49.85900052058538466822345992740982279294,-49.11471081879416391134943934520306122317,-46.6725798710389064096246927731264087778,-48.62715945626465250144894986837283950655,-49.03112991932842222980624921259211108116,-49.62864586680396561516939291994582582892,-50.13252044686137198513536448432709559227,-50.26051136059460906594088177498423998954,-51.15938468985404409550745311516227225077,-51.4601262324879796176110431930873692394,-50.91606333753467741660926350227326953686,-49.9712212538432463950401436909012297614,-51.26738538757281862209414955763300073535,-49.80863742717718763594690645945813962374,-50.71255113454478231101538065764916571255,-51.13783169064454287920256022922760217725,-51.73455159367347935869103031977393685023,-50.49645407384857337128432594820388791671,-48.89093937603685352935014371468121587267,-46.27978727483647929232272023053036159146,-47.10106507670621877237883890670594668543,-49.93376748166215185280657835903771580861,-50.00381832133015527005417597232433497348,-50.39857001629469116434157254492293166834,-49.03375958753175627911239005407695362273,-50.0979481039501292297783712000773389341,-49.63054795648006932009026942777440759681,-52.2191165639948697845436214293896633313,-50.80987870684377495427575294080482237679,-51.69453919046619349360909062838052857985,-50.00259064878247907373796450801482807106,-50.61132230531184079866930969400037069201,-51.17323179890714501933424310785799069208,-52.23965719687197568931361619152728368838,-52.22730325104063324416895117877676489842,-50.62418146710364645866518362729027007606,-46.91955402954815783874698517048689816403,-47.35940422035863756259746135604296963152,-48.98153700771892345476786959930338756319,-49.26910403280040265994488221611627994342,-51.57665679032420363878086604401324592181,-49.5074906293900691018815269796984269311,-48.74985368090709874619963226198714102509,