{"chunk_id":3669,"map_id":1,"chunk_size":100,"chunk_segments":16,"vertex_count":289,"x":-1000,"y":-700,"vertices":[-50,-49.42088200864600408950664772916140221473,-48.10289171252734529235082308157985571094,-48.76619196537148683112517437439885429869,-49.10963991042386733164499265619047836245,-49.62861010123900174413529761132267829984,-49.92154258393415043163388817339430499891,-49.50862583113053734995690518634459384852,-50.9071311035961208664055919455667501238,-50.97095812298251907303597249658092094444,-51.70552694287130705111618342790825467777,-52.37280957196069028566328094513168413066,-52.05782564986416229145025403975819580122,-51.52692841905330810690318302290596793194,-50.98129858307020626328437497404266535707,-49.7740110614547862851323096476249535549,-50,-50.52230939190481741155639596817208889236,-48.11490124652793466917189011039551610304,-48.34752709481010955989278001617736832029,-47.74307062765606180062041281669320950204,-49.09238787851236713671537573888012813061,-47.9485486135965691372230473357569540431,-49.64985481353195331898430565041132183146,-49.89392632189461399002604733301236389443,-50.31091610323484462034834861283529045254,-52.32514957058827232991267917010825839246,-50.4196944796053138676258466088270287813,-51.95522666448206576591184370438808621315,-50.57417341910200703744017037172848647951,-51.10175345395638740213048101724643532449,-49.2438626159542613528600217017718874487,-50.4517119642247995737506727212085439198,-49.75990932837279480225650283737774482705,-50.29340820233092643672633358705975066475,-51.15451704314906419347788776241917179722,-50.40974989244425136549698130885362266341,-48.972525163428186182245690476040248957,-48.48704096095106572904209126098327621555,-49.06986578184089131307375045829144700812,-47.93997120691898737254370360324899647271,-49.2954845695231219924770169220461213758,-51.4562367579682743468922182813366007617,-49.83215584130468230306822450599055111269,-49.92384569226160143251035277200839957156,-49.16582660030772167435796959080408952042,-48.27521494965140084744702751213658023005,-47.84672422152995189931348201213066959688,-48.04929703102099160163338407359196027567,-48.81417752071724199944157261931436022089,-48.54155156751671161609827829664659690794,-50.9599703256894983500632056668254183991,-49.38102170408537936859937198199158025794,-50.13782337483533996918994160106489186553,-48.47532199978883609532110807732507392097,-47.7301112431954723228584183636500684897,-47.06244179470204844777824614777566473632,-47.96112789799916719258599531791613136163,-46.3419908479683582234428080690904132583,-50.89482781732468109361960056156177310076,-50.29377506760044326944585566183722387047,-49.58464034011309366329508076621527967096,-49.3676037412464713797427653422122535933,-46.76395844859473233910702661074171745177,-48.14738365126705812135951031092781263954,-48.28161928454662655357110540611167726761,-48.36511338136033616350859986476127501171,-48.57525926043912740131200038958626961445,-50.92978814148739650593768159843149500925,-48.60656098181084732727006053783015784778,-48.6520146008269611999867445136457694017,-48.92644186765511269320519509038683448429,-47.61719689207113959455291919562172281163,-48.19395261839960143976393228808775531984,-47.05425382648948721687514867030590785479,-46.88790618752119352376424328926127489361,-50.24786932600313233488518580184870812442,-49.92749390703669104155075324290477107759,-48.02947944378491750877125473739796188661,-46.03215912083871174753932234449305940415,-45.13656731772925917634515529106441794463,-46.0859931027471254137905707828656950362,-47.89889933249454096893921875626936199659,-47.55046974414406551102464010558274005347,-48.52512424029091342307616349539003799054,-49.67300758430780694311815378734052394533,-49.87155326028071414648846139810805567337,-48.25952308583867615044577474053416637855,-48.12965775354583184864993150524888007142,-47.83997534752993871539758221401694237958,-50.04769681517748382383302865485270511234,-47.76004186026491770800356839168154238199,-48.88642109287960127059314847863932830615,-48.02035788583913007892482168710825177393,-48.91856642820754591988592361042267990694,-48.44174130918141470409571575371004816928,-47.61140322292202403574309319207960501892,-44.46756789078623641124386605562250870134,-45.50386525835676960116586966964207974807,-47.47902710715986086838413981157421346549,-48.36351603356476027306543643204231102662,-48.51912196605143737265212927143581483344,-49.98440395624139341579008211264112431728,-49.34813240200693264930632625589958708473,-49.51938145091530246944198119480849326446,-48.16468222149529668045061929429211255151,-49.45910584366968546688509856314490307782,-49.78381165534442434770734154213430714223,-50.28195847572063358687987337683486473138,-47.60895260134938494299454894998582776312,-46.73949968410700038639716473821686851031,-47.84249133119033423615141898111175098054,-48.63680622450037021294955273924382972699,-47.51127233522991952180801397041116968715,-45.72423295851511940609608837498059280701,-46.93699554408871395935754142439623136968,-46.61020959885139759240093572875399586222,-46.70209086710686372130478840085279533768,-47.3359573647591302906236962185079889373,-47.49348203148177395540468532322202323123,-50.02924952176823238393895995437202654435,-50.02034611496599414005395081517443601779,-50.81050994990134238962649653802343326003,-50.58353195176537611728121323820887177077,-50.36159118787467029957629340028134585566,-48.79126111728133531743498547139651236762,-45.57510254143691718213699609045244011311,-45.73447102855290541606314286209850433536,-45.43832422229070839331827166071020869734,-48.79332650749364056064962184151174161472,-48.64855890996071347253165706707176968367,-46.92870255221735958508107332254973055461,-45.50597326811069323122541881044606314887,-46.15832783604120973814963587144325283843,-45.84443869149869203299910357033555013102,-45.91618991528302364961602169184181839412,-46.56396800045414418704137350192679144763,-49.52973441255513030659944592729315733641,-48.93806738801120349249849448806643707341,-49.96538971449783381722947598577881790325,-49.22527848146229968683170336419310195988,-48.11638265065053303029374176229937043752,-47.42121500211612595019151863854161171179,-46.08038233674917179087553838272295367564,-45.008702509081724887123719647035495094,-45.18682612255145526222786398086000278365,-45.32634646329022355060401795969870864555,-44.84630151401517789149329899989459716396,-43.57097098742398180063437458131889019606,-44.88064433125519376997872526268012569536,-45.11517419929588921085848840872964208245,-45.50073016949077257416075191564988835264,-45.87125177057983202733951831370903364396,-46.0721672661387396255878733287930944915,-48.90820981747747979653809338514891835923,-49.21490655446416133908716694972496318091,-49.962792896097158698594023108142134982,-49.74217193993766414980570538778502837407,-47.76632931098127589484308694175302052364,-47.34422992369538041642697571927833845417,-45.41107593750525787589502309937690389905,-46.34496803413594646005261114716586594839,-46.28942845584396650568144428021318193604,-46.9609766977760398072565665862507745944,-46.10790438024018320827498270140277892787,-44.82720481273637617689096169425893297031,-46.13886445632037863884301178342756300149,-47.01317169684424705215493998757457254709,-45.98239078249334568885065216575626203357,-46.34841369613639480500647509437126706205,-47.3326511600217043097791468284912855205,-49.40463053393154460962716028651277133928,-48.65363285533690086917131742109910444364,-48.43647973093065360755589951661588969388,-51.94667422338648789562847195603729702959,-49.33615963711467585608864180413577530913,-46.24699497026449108952461755707713886555,-47.21232983279874740845450989656626501718,-47.48267318979795252972269224259387872251,-47.41472492870698384305835007059103351494,-47.01417840535123317533838493152812992417,-45.75077137699446576861820302762211699781,-45.57331310924875821419373957541999949531,-46.88765974490525002020233102664016919913,-47.95423722705040253422693598332054925565,