{"chunk_id":3791,"map_id":1,"chunk_size":100,"chunk_segments":16,"vertex_count":289,"x":200,"y":1600,"vertices":[-50,-49.90273346236049139176504198813315727468,-50.37140456580771784134125945307912908485,-50.75955592014391074083885481842112177067,-49.29957742318632451333523789031728960582,-47.77533990009966942421623882381492670537,-47.6707268281740496247138889377728426976,-46.21931905639522600699505154227801814963,-46.00880452422908127299363790159346882838,-45.051120936789469800859343190012973472,-46.02783214423329166601160390593804778387,-46.71761469905254082100857452226121416063,-48.54586203358772302639245559153898839001,-49.03081173578583664362893501641617389279,-48.12260347330559931553976187355991853994,-49.98347622846006921146486709770904724561,-50,-49.80090813266195365754508146002595643466,-48.42817786003407260670953683074690903171,-48.94003274653503288519090399286232542397,-50.06696968418585649754980688990669212152,-49.35249603277096757841599726472395003094,-48.64889068342939737287713077684335179117,-48.8262887083700157580281776857489079466,-46.61656134177653734285358349278975543802,-46.55725003328384577421465096703386561261,-46.16816503419046546195781006964139818408,-48.13918614535252653100172156015593322964,-47.7836504715629950712023205514831515229,-46.83085984393067279679594699233201617768,-46.8760821419196780030418875952789350027,-48.51799817780398791950243948730348519663,-49.07174951596108192762018799507164087323,-49.56289514149260502326132818270641398825,-49.94909492503518874877106391128157518238,-48.89140694641374640019729111585527100135,-49.25928199400036785689858337838585121429,-50.99251754680584985873758067405516704445,-50.57169245645977913307443688503052116739,-50.86410764051230378748598911357298280225,-49.60222169037397068093296842052228991401,-47.26520324964555647484382206767812901941,-46.69153238354868156975861017755869576982,-48.97652959646985893399532913145830509598,-49.59424200860029796646182335230009276773,-49.04482177431068728400619361672064001493,-46.54460351356228461610912653544120389879,-48.60309311131890904421787517767243622876,-48.84028681871938755255562249165336435899,-48.85358442204943485241952769597128980588,-49.57441641706791718243731594408712258593,-50.50998139500758333327512896142787242817,-49.4890811372153973275869027662465385313,-49.99572898362922315325352988028510765222,-52.95572086017785968284662649658016747976,-51.2411432986878712896214414005966823001,-51.47585354661258614693975618957861447017,-49.72391335944293991911009861910726128089,-48.31919091974284994849446450537128857875,-47.80067255125422939806263969745087296662,-47.40301542676835303072576140653382212475,-48.92512564715168816628627683741305337358,-48.7772979959431638234078050280753671004,-46.28808598819253389981614232380545970175,-47.19254337012479558490861314445770604048,-48.14348327491778815104173206158124609936,-49.7809937214081905901926897889212970234,-49.59569527084163697900669377172851560178,-52.2229586597072740860329776767482970052,-51.55947452542366005027983207879568848146,-52.62576664870455560409018202263418042873,-53.06216062589602686483684590950141663813,-52.88508894351719352155908798106232824946,-51.71841184230469654603246315247854488661,-48.95309889528899012254887490906583002516,-49.07122882577437409431898362524767207089,-47.9869065758349788282701114410942130566,-47.47899476550399064917890672588576444045,-46.63554254946510940727973172544546088068,-45.72868912895459586997025010061594306837,-46.17693868477640041947614873661531547748,-47.22161870607616462434381065875826345633,-48.41310812902374898204133731976999206353,-50.19929274624967396474312992589277391152,-51.24422562696883985754443178298319837997,-52.77208390349680780682359689159772492202,-51.02548617163562023681424342892322588129,-51.77111000180036764304945297321079538115,-50.93012237253316478450231147474484718791,-50.69993864047053396091884994472990828397,-50.95214556098115833653956338696829194544,-49.09305310764243602377946633138302862041,-49.17075256124247953381259200231743590935,-48.2085772810989319150131218018045390078,-48.72844643311788418097664566812863566118,-47.12449610117399629103228752734887601917,-46.46473975714941305219007132099241669739,-47.95036421575943492407878890395453396338,-47.31736943864223417530512922503883542092,-48.59504023395428176432644020704069287812,-49.69188389750768937034313687838245658944,-51.00792280308413455106401134183928818524,-52.56145245423335231739774175304082460479,-48.91960647481073221426271619282903927513,-49.31142947779410254808701090121927410096,-51.13272212209885746468312191488668197676,-50.38813283510240386877056864195983126127,-49.79202987305368034762829636778012154955,-49.16950646152945961681400771680097005307,-48.59301631112451683725419361058806408969,-48.23422883832881781599180866170852995228,-48.35739999722645769368572530832652658853,-47.75012852941460352378213690660328367502,-47.10252699605003319655615605839193376694,-49.29560205849489821678371786174805415486,-48.32752571626825220623455196402201037156,-47.92617779246558353271326095139569868252,-48.70597291885420032327952952753313499822,-51.05121831695781762405129017943771869679,-51.01916808024520145902187406677049213682,-47.32887442616555704884919523019067676352,-47.81100625737078044232394991875038864852,-47.91612010895497454072036742325518620123,-48.18587476827985349035582649974438712755,-49.31185460755156813260499031219161355243,-49.04521185440968423905681133140839287986,-50.42073203784445079489764156176873871339,-49.42434126773166137412440933925967144097,-47.79379537396950216343730656790523873499,-49.24625099447606043010479978079541358279,-49.48337568187742948389400023317964081133,-50.34161246207734387546739789145013393445,-50.46699184527733432378407074572677427004,-49.66972634708511769533958576295487414649,-49.80107270509595256508972824160431931325,-52.12504054239717933727478832980077319171,-51.2688895483197209157793336570917349811,-48.55800938863333670276621383793594547437,-47.35155117491086283695228123130409901963,-47.2798089615973401755243860379610648163,-46.57932800723170535540520292146395527397,-46.46445191729408618212987880081540920491,-47.5933129162715215708906972001804370386,-48.80539257542748738297041840408586970842,-50.0578065756485023953370218328789110707,-48.89904342737081109506494191008762602433,-49.13982940864886160362040217689805739311,-48.28318371884199430565862685390361946632,-48.68611522226710739461307560545811170802,-49.2948332754967431126680211437971695225,-50.91131742529596549181328009514448595108,-50.8854029146861341654943914117518359282,-51.79491829782212550052284732068087461925,-52.19610839051003937565131229310672086096,-50.19538529672747821591661757545515189483,-48.571162879100517854840831487445900269,-49.20391463375227789152090419736457908156,-48.08693448425786777472685134821829012886,-49.29736785671131207307112009889634246493,-50.6131117534923917642811361950164547721,-49.56560531936068703694371296233601493746,-49.99645060648727666486757464145867416269,-48.63518655628509866249295152308379873682,-48.91936293474164909071416830488896343221,-50.63637008992333079373147728504935073272,-51.01661723420318339693223599507498988927,-49.68326995541237650741970979544667964024,-52.17414926489430538247304414261167817916,-51.19121223651916779478467931331412346364,-51.6080323046131913890096690368001335843,-51.59223466224712596720718292259864728396,-50.21929863533988387783543007453841887675,-51.13020172331513413182618457190633665616,-51.25224132391877379323166063481492782168,-51.18466778930570229547738917082921258663,-52.97919190188789321977695024132741871226,-53.20928031164364621590350715251703816084,-52.41146002016081228388498093498615029944,-51.25778229274865205099424827339532385099,-49.37547732561702634893153899749208476643,-49.27265544733644642174077148155880653757,-49.15538851970930753090300854437380365462,-51.90078811276185843450092784536842974512,-53.31459699471499516866389430300855156751,-53.01839803480165823651625968675746191403,