{"chunk_id":3025,"map_id":1,"chunk_size":100,"chunk_segments":16,"vertex_count":289,"x":-800,"y":900,"vertices":[0,-2.67260616037218940869601364253104089869,-7.00710901940132650986439416480221552952,-8.67804427662793293391176990478123091238,-12.13801886757605942160269709808806561869,-15.37001794448599784469260956687216599111,-18.37781201819866433847458293907711709748,-19.99754751922275598387339104179520506074,-22.50675120141294113609362143802374391618,-25.21194285658760443830533531162596291648,-29.80922325915616692313394591211197715593,-34.19514860661200216576117223158156897227,-38.43201594382089040028987322838956790883,-40.70124678974953443302086116122073820521,-43.29894075565067118342637810254087424438,-46.54395274217234409037933748315079977293,-50,-3.58622978916934897106480229849981202589,-8.19872633654237327028036417740168862635,-10.68485216361338669515423690746094290661,-13.60184276098298075240471171393295745147,-15.70971050398899559102025447421301857569,-16.57404271834199813137862820475233924883,-20.64268129367260362529601765913374889926,-23.93831104022951374743015818977756714348,-27.01306117163805181421437340112996011495,-30.59669333301548590138518083126302825157,-34.51057470316309073578665987895979486814,-36.48218178885964270700173501227338824434,-40.83414064107614535644587113848686996816,-43.15175538784733253964427538797654386792,-44.26920200815834887284174471096052992499,-47.72076981704060741673118661555259439953,-50.8586051003491389177709348004413332335,-6.83321696517740845828178833908969821036,-10.64216959610754918524845965899900642039,-14.47783925179106640324333508899946618772,-17.0450391671988108054499019854745037902,-18.16888592044474662772047823496732136632,-19.65382504498991555057556734658821040051,-21.3919901920393180729516409588773287749,-24.53734935793937102406728990266210979425,-30.44758851741356076776991380689067246667,-33.66448417427930456550864235794435079082,-37.54036685257016813193407252151194462438,-41.19634614182209469271180250057899061845,-41.51669018241710541843935442956776788092,-43.54731473322235878696968446471814415404,-44.74441358708208138042230269026026401133,-46.75495072973414611094341421808817552671,-50.61098006657887987188691077194260507865,-10.28447398138095357326021643290610083588,-12.70610826082745438498851433375759554781,-17.65881745246576071285532929079800648012,-21.40424402538073539018077946149799230078,-22.25579112975356399104580753114511955938,-25.66972453034333934074315916541317352643,-25.42033568375320004601218276027377941146,-27.04479191767289679979174842505253934123,-32.33149308723799111225523858038381855822,-35.48828216723264822397330447958115204428,-39.25713046002500302020610762884130259051,-40.59926284531371811086047458961113051764,-44.15059804564629849448958887385593741855,-46.26560880750327883692221708155293604396,-46.63411499745375093110091946814992277463,-48.72827642697636601381204513197138416887,-51.37361780872213932203638756932223394671,-14.27784096251694593303589580040990405614,-18.03539751468142582343358210292739499546,-20.51833186582524648209689666481181926772,-23.1462112954342779256794560208633415141,-26.62614826116749584230484818025514025124,-28.23781601040376741644107355339056021532,-29.67736929633815672768040430106762654716,-32.5276430999437113868101264679992717911,-35.23174178114786246487571845194316900386,-38.65220659922880627808031588156112763394,-42.17556905175847520745264803681966653302,-44.79195684336782837697691430939496018145,-45.97194505764550619631831937850973864102,-48.00803424528996619662768764797828544365,-48.25966500356993394046115349688584231935,-49.77411598516299920439470298026336623882,-51.25767774073542103151321986001906047312,-17.5871920462632433728123749540737746671,-20.33826728646808920067991899749720971778,-23.6437226236860536758901543953963514588,-26.20702238801705931571839269288686201557,-29.77442075894194614199946515421274588131,-30.52391067276524574536421298383380959908,-33.81670514380199497565619909948317757094,-34.34114923549250362491902951224415298471,-37.10344518121699946380846010607776919518,-39.02553017213792544768820107231924563535,-42.89078651529396852695010584804011016498,-45.95807473146584241021541730503250602405,-46.66270502895600713387488199424971248541,-47.21998460577409499034279287425635739282,-48.91226436254126389946425118874689664981,-50.12230405982502978175017138373538213761,-51.19959269405636258654862431730453630596,-21.94087496886182135092053717585049506328,-25.94970354399873321893434664144659261312,-28.14966576518829945652765677149180854242,-30.59811867848733484791902970909750353998,-32.35492572464920293346220580384033285691,-34.92809814799173190706400849002969353016,-37.51290257028798885918028854189501176131,-38.92047783458189560029433682410713946301,-40.12561880943807452206117933990840183057,-42.00131935946993893375591391540633251459,-44.80668447435235283955688111040401569269,-45.23672193558256203689711945938673448862,-48.23134262341167047504237991273609354991,-48.60823974790243253161891196072871924958,-49.8921862000470240804725689872321271027,-51.53188306532904486685852377139838228354,-49.47289516845273896465051379350915637668,-25.51308643643566186300010401384634549036,-27.22399563112041320978537795020409833912,-30.66252894855220149541990487857100455051,-32.94453755470009075646273923990468419769,-34.95154040106632044131295330362781984188,-37.08347788713019830486773050889525096021,-39.23896296856081992123939259406639457375,-39.8616153951141443894053436851209626353,-42.00623225359992325062311631710800938728,-43.04000253338115780854321631697584443756,-46.62259703627454653398236173005361759044,-45.20791977968901768766505379571252423431,-48.32204093791487624565589441804289316704,-48.71475097890193499727488119410302647142,-50.43224604647614470232214587757017548787,-50.34914601354083049045889944681506684196,-47.93661565139757029534185362593771213463,-28.14601002914121540470034858423244271365,-30.43245918270813262506451807404549172287,-31.9203661091971013808733973730006326136,-33.03959675522804658906825541678172914562,-34.89051287437998339028166807917688696155,-36.13758790367732476790014231159032076917,-38.06255919408239530598768413160581869569,-41.86520817169915229337628253680940231217,-44.37032167446790856534745510625122368655,-45.14644812932248134669593671158095239627,-46.41391715460892197719148550089886078575,-48.00570644821633117841057100748174234719,-48.62228555218237809800851703120669202785,-49.20754421808137365597856285842536537363,-50.99053988036870042110858630835096198231,-50.67386172431454481630335628572962422097,-47.50678042486614778189607976787401790391,-31.55660076808037645510141901546898526672,-32.84283200291807653923847026010337055457,-34.36911714428591503666578123256726495276,-34.7944765012938112696839165020578910414,-37.15031256367689455276787775035404129374,-38.94975743635403192018645419641149380866,-39.82513761658398790492985406562025651698,-42.96879758837477955982056219228564339693,-45.38741764600981448209573210003676843485,-46.99254337380127653425852615480980600594,-45.52089105956184897003567079801173061005,-47.88589222356468783300498699819363466801,-49.1593569952569015691369454801300596299,-48.50268278406080027657182726874961331793,-50.37095406802234543630029448096220284093,-48.76063500330023442008821273582306981938,-47.7224976214892482645218253827000196191,-36.27720330580698330834656460584057033692,-36.68561560475314577101167296720846514141,-36.33025982331363137620009834670580608606,-37.73936583713124311900418353945207249726,-37.86146428719516573880615587472244151485,-40.65473284368301068089281367695501562509,-43.0604962905420622613219539154009623422,-43.43863200972621749906183161546379474303,-45.53332053602078480530269616032899179383,-45.94209090949304159727855595017608642081,-46.49877832350137491561556103757174965216,-46.76991200399885875085331423064338362172,-50.90855751597678923761333924228691744429,-49.79623460778046189153227029668190799464,-49.10028792935394033181702596478615136845,