{"chunk_id":2694,"map_id":1,"chunk_size":100,"chunk_segments":16,"vertex_count":289,"x":100,"y":300,"vertices":[106.31671145,103.623552109185424092402796293000541195,102.114139966506113494280378985089834284,99.93439716495716572328951610483956317324,96.69294248866084925092995307343103067841,95.52100327544817700489600845665076442619,94.78097018613786669013398932304563033917,93.70742479772114799069439238486821213602,91.67694417985931095044075359752929529456,90.79024229151915246890153622285958760047,89.82680533212188123299111408591653358392,89.29022491735638982877889127857137662125,87.91337547938379496458626382417724199024,85.90761641919051803682456468472673295609,84.47335482770938416421304692799815630784,83.02509218561548754279072529399393856749,83.2515747,110.247487651895875356753288292373001778,106.314790027009397637236961016369805844,104.337422380030673284941322751500857566,103.271694376778254186714654697149580501,99.97353434281784902089436624471773386326,99.85223076326265674870511525133106997602,96.72599564029888131617018977958782031868,94.70908799733409458684273220466812218075,93.92653713759524799193707613745068164287,93.77396292652457070535415707161427562399,91.96131521838895506338148901210507642705,88.95950935710831633060232416584526596879,90.1102970770816318791357072947659260701,89.27160817836309300608387677251768990529,85.81246028718655599886321461969981178761,84.4699293590776101692639311124397300128,85.14749059203655740134239883241170725515,114.495103554053931173085214405500826366,109.992093188044217767464818113024255433,106.715074076183900906725677106218489443,104.928202134906629518317703910643132434,105.147721759475063112785473808176658585,102.218257413649074114273693771893424698,98.32413995810523981736792291126359829605,96.85375279839363398077996867249968454529,97.18512210916047294014707483444054798476,95.70830422492408574631379122922668611293,93.12432035901612514293669439096641341066,90.93456431438854050721590861171866830306,91.18824362292486383871304267406626921384,89.08457099987737152739724012354497145475,87.13377679177033209455263782233040732725,86.86813604749934378112098529977601233124,87.21923940848099170472253691501823059635,119.443748708071141984154560620317478214,113.890152701499388449756890776926469054,112.538332488992479095887506057159705006,108.288693743171450032653229782281071829,108.155306555792574193004086573042295352,105.788612132535034803644494998882720244,102.428281161869610682134563083490893001,101.228770214915341604545576027420967979,99.98830399528110023971539156203468280072,97.53051606665962435735605478685717119033,96.49040057960101174847171588723491214906,94.54963109586883401376952480258831467932,92.02203118445906725177925474474585296809,92.04986938474805844764652509157978936992,90.09302923172794064692247606000465116913,87.97356247149263103854926198871899881697,89.26646147493855814882059564074622591314,124.45573272410218654283828500606819268,120.578214717092390825028712123567998533,116.260000241724562560144581239533236805,112.55036240910980532825917705313382092,110.629527176428830968767622699000948326,107.127948036034735912791672809337394184,105.561194199575752166250843520044987248,101.906193418266718754858513851698954367,102.675447061439610402716319812775777015,100.57059426861826090802710880714131773,97.68493289462232950810895571518794489421,95.59422187477196765179087995284374349779,93.45747118636529395242044467577659034354,93.15471148326842285264698814799625185186,91.34314131937259452438732111282074759682,91.72900088436442532546588392023406675366,90.58583036703119515756042258801782131062,130.156679437398762288985653445351343277,126.164244332001570461170011895271868934,120.477913421680096587098328139007487264,117.371212176798643785109558386269116784,113.13234771717612306583191087021360405,110.64846044285065720473773231135322258,108.365457627002745935046196697658890809,105.16686700096658371313345947839176022,104.080801015476728228337157719540445732,102.107814144019546250870400996807866553,100.367587015480074786207778187379447825,98.30287607185602846200084201305416355177,94.01058675373855691381946659456695869093,94.75377208494694975955791255390976410899,92.13509459745277147904433361775722128671,90.99874148371613900953240597281396879446,91.54187526164459759248891260199418618792,135.291931521406211226317423203099689504,129.08131368457633690342351506027578319,124.952778781735170018115011737862959025,121.636437805830523520170635799792316191,116.498167809069204138497217400213836768,112.548153926404163742312992382343534039,109.284667170593456719252010148475080751,107.730936099544236913354069392103488287,104.862387497679647319371851852068057877,104.536959326135460809796482766901018214,102.686730618879251026170458199361363136,100.664080004126175631551194418857248032,96.36214944818758382231817423935598992416,94.93860955189781224424541304480848900465,92.97126424250376157350029594508644049077,91.81939401877920523107429751788988202413,91.26650176747910761441605564141419026098,141.16927684848042559606764412547721638,134.114171964028870415606592686419621755,129.644812614726054848970102334191346746,125.348665443774382261557562188650239688,121.070176727221991662994167288278418903,117.941038287206589020320858711756744107,114.14728721069112986934231175271329207,109.724006178228924801825736558292308231,107.595060479466854583383499569125316785,106.482631107609150231933112278558275438,104.447660995316368424460199541113072707,103.060737042485504320019015122237278833,97.5162965048007086277248515468561539309,96.17263627687312830166135499439969957614,94.87740498862802468168051936061275119887,95.18846665491728529790896128373918147278,91.84724115999247764029674114909904530651,145.147161011246142298244540572759731433,140.556275578453396469325041239082613381,135.909181025132335560859734964270996286,131.642223140018425008185744994008852137,126.036757114804833461979736927848753573,121.875252316245004551674072770515567001,117.484012445799418725387234508545941335,112.916798420716708049452268166275667007,109.086973872092567175191574078865649007,108.210773693173561609445862082544813323,106.484094776368354328089256702465246226,104.877504392653770054116350079099143867,102.314520557903267224343792798807176928,101.500511662223093030275243632345706429,98.76779979261782684661154524809176721909,96.64105211750365187909430482821260348101,92.61642552389517441363920865240842384327,148.082572471935169987667002922185795438,143.567678585946120947051859811187393375,139.481035388734480316710345577271139106,133.756635208177204071248052948204528089,129.984001387225202935872274271055944531,125.428644044345395223947490108243294873,119.767060473909347638418963630427742521,115.446355249995445720501124031132433307,113.119291210438987986944728355714198592,109.819695807245127043982841350161119158,108.453084803673539268093963021114680681,105.890414881206651415725680875834650044,104.35087172700477215286098608296673484,103.24502275177468887319864343171539355,99.24980923534099527846424208109310822239,95.46515440531978388696300447090241578276,92.11394572071695865007538252341508806306,151.592447316024947696733252029174784386,146.607729230605697197138302263115668508,143.104349152552995065440789590432129703,137.60955252434920375179697101715355534,133.258075570000817314748526232723173277,129.429585700718272943061323044157965984,123.737197644807938236339076215603589249,121.023932059938561041300487251337234061,115.917689398211011128229570678561276494,112.066764890209567134533966981331239423,109.52837727896775499571813413830471483,107.247230314234490432918678552146108871,107.163331443107413443061566099103076608,104.492953702184035256759245824295988503,100.569409134605412491679184643016484501,97.2173873236258770154109318428786627007,93.46251156047775954069357127227566685395,155.853264734892569938964911956858262049,150.500394235521251174304046476697034875,146.064363727101287670080567868689746727,141.484483485136322744416325643675740219,137.166507558373191460590306872208926261,