{"chunk_id":2797,"map_id":1,"chunk_size":100,"chunk_segments":16,"vertex_count":289,"x":100,"y":-300,"vertices":[39.8485901,40.41238547529584659864121397093927629764,40.72168428949195718474427972137485887638,41.47138798677266372300894182042505560837,41.87558977458691053182428628565433805588,42.1914641662607236218595871440560714135,41.07352656059571990064152214643484402197,42.10978970537709725559784310730628526379,42.17299276440190564260170952599802299776,41.7919569804133430822495757771862722357,41.27501072070895409372522470765209326178,42.65769845110264138510859594898789612252,43.27616472177291587752824877112271283962,41.95197388431893506564768664744228591622,41.63378119135290974216991837572845432735,40.60820473294527961254560673632291611357,39.33826905,37.76636972622491846613628020567555252686,38.75705697185237649265496127798564093546,37.02968136012094915394971995141891050745,35.63911960939517334211797398848759075863,36.35245564665192174597875665950163387569,36.41191189636111600907794336314365432182,33.7708720710628369019335191294681175749,33.31562404422795226411282497727720467695,33.70623573274542881921723697519815203825,32.87277452685643253285822301264693449392,34.67867002030954032971849960231657788768,33.2004765867775929139655165242253259259,34.09886273734763859297340212970344776632,34.58030359402345943125840708745036852702,36.4353997549306854373210199912941093786,36.40236149859248633835645413937386158296,38.00925615884681690342318987800205910117,37.18672889674349157836188487772757424786,36.12383258642489028901210525009018126603,35.13036354240095677275493187292475146874,34.91312441538150372820009988168405077212,33.37112678580245528676409266219247957826,32.70266213986140829975398293623161451416,31.7544099576458981437693174902205312426,30.47384378274470815391773956643576658838,31.74866313374348271961980119942122944709,32.98861946445035520101143764941613527652,32.68056499181883279287304351007859238097,34.39279433735062125679989882480215428256,32.58895716523610189566954281918110108647,34.71658881251436884941780676821205468922,36.458390165823630123452032503453041432,36.43805471078166486522030721985232065517,36.87353550697807954837759763026474903878,34.80650904423245215961807744096891006369,33.93102261888348590014477147187758781011,33.98991535785539990356237288419996288194,33.84829700079959988540676302782275973055,30.67856066887182285836356922272398178485,30.14578964898298012007882031166793997122,27.74276091729744267856933010620377117431,28.56334089303872693973006766585913549873,28.92647074009950046151849686460417852471,30.54005571046988325810907360542612452021,30.54013471236514469625736387729511657088,30.19350628473833036657702696338686556749,32.85931543718139717823122768751145072574,32.65697335431832145554050893446426456877,34.8346936177713123112854398157707977266,34.65039629257427938387068740830820277527,34.26750761535251504545282673114794907282,32.33535386781204998779441441295035859971,34.29999945802579548459984937679159091617,31.42513221169308213084709310557639321415,30.68388850832344223164801034235089734924,28.15467040745905467155820611649203226571,27.31159184604911151792065799375559675552,26.38153753341533185987111565219841604646,25.16404930596624803193163285161950973846,24.8636039778964787397351800135066748958,25.28600466620834881299092659194316481205,27.36187012059979850515630724784292889402,29.62331033272914885191438615423380297466,31.29197820160326590930475038689514489651,30.98425052250547898143112649628989459567,31.49772920364789548746798931733784352458,32.87694093459068995527448176427950168131,32.99417594886163211346633400513755843473,31.85179772487056164879088778987903419916,32.45255767718625863717958424920165120301,31.3636079841710058413960821665382667258,30.71876572228401306155881966100094091524,26.63076864802910423680919151061150668535,26.38518624057755853475847623784989910856,26.64380867514112735939026569088276491935,25.44975698753647364467731931876958872768,21.33503272356914108392490366769241525344,23.71372922231553304336710063812472050574,24.47628668716928507327831275032020678528,27.0121491186936643493234005949631844713,28.03537438855990668844594096117382612438,29.84356573978633556965526436890717830608,29.23962110522903308779142255654206391098,30.96255889095840292108776794292299215599,31.65651140295371343726459479454137454183,31.80792625989574166655514862915064609484,31.1234939272038751962378249063631272137,30.68943199985417991979761045228414080273,28.1516922893658322384364661052542564569,26.71484194862361841114254855003788744346,26.04871763059842676106296709562029787277,25.06456421845409898927330146948139528512,22.74941502397425651783808642079209698473,19.16103864234788404538103673725052478531,19.24122760156541279307601636403858392701,21.15968087409516072577174162224946901429,23.33401473883527226124622185430415230959,25.01308671144945208247881927057961875597,25.18901350941328119745197781491245602422,27.1668305472208729515403940049467116286,28.00638811990885906445427360458339021094,28.4496174621663395677456951379777179792,29.87101763820554239505803486616069791849,30.54985194016044040519224107765825229187,28.11764245018210465956776051058458140563,28.08298259646185141071392733944283237346,23.89975965898755154859550085428147358878,23.31199177716877906965692170567858337109,23.26594874824169599514203599304237703294,20.75774037161615300009862274185370696985,17.2880347463432858221830057490401769503,17.32129278617293581857963351508037125797,19.94887299451384243406843367504200211932,21.80035388299845080958528537387970948812,22.30745467363631410795159528793121821665,22.9390919907579664937510022710971913553,25.2326440959241094036131705889832303041,23.86253153874541834041763222519287268164,25.41006496335025040902026270946760717974,28.42522571133740848740218518381699533637,28.28350994175396780124746886217375680935,26.88883175473514883644412716597044237021,25.31165496588764493770004423741304572862,23.96314111320384628034904884323847581116,21.8923726038367621441799544150342090636,19.19152669318056400191586703063837769297,18.18877761023306724078662708819324930737,16.3538980543058864045019478615494290606,15.84383325805128779502396038491538920538,17.07011860183652225167313449886519924475,17.42411250843010920930889810935883729819,18.69407079037573779775561677131940879875,20.14584085441689887829195484420707349074,20.36532240335003538965808712956302904908,22.18406803940704928214400979583400137097,23.25334154119953528563203741686201049206,27.5530130005411680387925504851668745641,26.37867852651753695665367575753604769071,24.45310818288141675174814597747865562358,24.32911696573992724878799540571392702463,23.19864253479725912477515846170472296071,19.9182470410278086875952318697699920606,18.9151266900648968601441441113791387645,18.89633783109463719585437199698988926003,15.11927631946125323597086575984147744971,14.047172012720010886729874963148673916,15.28611091239709054265286084706660804546,13.7990903855894913105139325569851376279,17.64964140663938124783815481913867723804,18.03095911912412576802939973779832980402,17.3286286995589133059998060467495131192,16.85509711279691462591784743305161268861,20.23025514264795536672473376438814261817,25.58562074682545372207091192752089886013,22.34317984967204510480930237351779293872,22.26838551471222144180894795235525181138,22.24513151539779036280834281416760740788,23.56350349833483152693646049432435240963,21.66819802686505172014540179777825480362,19.15611750487235484635886213002278300748,17.38407997458174445735806853293418861492,15.45178424162208134593876370875184195202,13.49348754422201616851152127619324392441,12.68631028206535927166022419683655772945,12.41764624138553622002067134867827260661,14.7246463234660645794838896372552749367,14.03247188592230460118836720228385069865,13.53718249821822581886553430685382696536,14.43700901530487081137579397201185043833,16.12651369804908649861187582523163419619,22.69579015253030795438970612161594242065,19.50021802842730511173142026090600137487,