{"chunk_id":3725,"map_id":1,"chunk_size":100,"chunk_segments":16,"vertex_count":289,"x":-700,"y":2100,"vertices":[-50,-51.23911501707246777091625263376390141626,-52.19677530934667111584959631375007040785,-52.51641641622612814661647383771430636777,-51.81207252030497753242800806832215260938,-52.64724197467666613695360711727977872552,-53.56995455161844294707993196672437568393,-52.4304373014300521307301032725768940986,-52.43149085744621969256377750077502303216,-52.21801355773002721374161052676041179108,-50.10206074992395829865469819909175694328,-49.20193196787481927405994826226656860921,-49.41003193122220477939176562074615537307,-50.96507221534642809420154932444711191591,-50.61161104407709031199813037138820135574,-49.50924477035310409437976253454507046644,-50,-51.73408063403134684330352269850182858361,-51.56694594932103058807544146133765550528,-52.80448166284209560828769393890960759093,-51.28155193617830063250941176213658887301,-52.67655935603852643913266161688333282947,-52.36242641069642274693191991196487679053,-52.78591541352488720519327687280459723099,-52.49288255381900221574686826659296603498,-51.92867076929836760371554822778129497658,-50.2427284444567047225531827389302560103,-49.74074062018927825352526390619500955774,-51.79184769908000897977575681771279018058,-50.64662331863499784302894616253283292475,-49.33634418590047097851491070206857482674,-50.96463859177071426601007294699860402017,-49.20631194002219896560138717772872858588,-50.41449027378534772067597588442054835372,-52.13812116733065227430764628550820836194,-51.29834524400952303290167852147677664556,-52.94895190339998225763121631371746510766,-51.96516723054523951297203237518337973834,-52.78997311409180361902740928743796796673,-51.19928341478965134422059445506653129921,-51.47164631267098838883027028097269046178,-53.01401075570595529450354484020889429746,-51.75950958116935470089142915851330772859,-50.99597928952679889720036806703905944874,-49.61483428314968559567460930211798642767,-50.67649622873698866763842450502684633368,-51.7821268960779303075350314582763281359,-51.13774450369333131198363278939432793177,-49.96069204093516512051477987677657085017,-50.95923492871738155315990460195554890499,-50.74993364673033151106233154122498027903,-51.10075080369758452112982369687286120562,-51.48526888368433465224054204187531031561,-53.11746047680730856401325025885218152414,-53.32322034045613603706158486333926555547,-52.57308552641119335171465179994998312391,-51.91497661521333993032253712490649086134,-50.7235126746906477635380829765077794386,-54.40713771222028797293454906237196641062,-53.08798027507720178899853312742014078074,-54.21084540301326764258618453354244083201,-52.66389584126744082061699104230307035076,-51.25614027435409516131810301085994561705,-53.03827756054719741676290897358278394779,-50.39504336827032637849155880022487698911,-49.99496037960155784160609535496298463415,-48.10976749661860101831524649498228182736,-50.02412163851035195886495850431375482871,-51.98017864889886997916400420800019515126,-51.57354664784660305067385903531504293213,-51.75387622705277485605917185079807349024,-50.71156275604023247499815447621828352078,-51.38997681699958211784561013454006499483,-52.78179640441474485570956825035440676599,-52.34494759780467402544970144718322755244,-54.41904212446838153123350915588297329406,-54.26914279670396030045243133568760866626,-53.93128184036656830497524474716843844228,-52.79331557522991484822367129142533266504,-52.06561003616558865411193630429447366737,-52.7051545396245380053494753191834579852,-52.33443750716243892566316367139048151732,-50.03773333611673476605721310169653367782,-48.6390207067612071921202865201968408394,-48.62454790349632777475079578258481301735,-52.49237774952311358699129911024862517524,-51.8290809379976868301353927315124498704,-51.3559993031841631511601132426220745167,-51.50297710912724483998951459408556793929,-51.68257482393595833499807836509826048428,-54.101514698148079527388292873904214567,-54.6977181669928458803055426030185945181,-53.31953508259945939686590567879393997858,-55.63814219832727404276277446095472833627,-52.57887417183226934847327168769034937691,-52.14440225836779260832405602280052309299,-52.35021605817331477179504059303487332581,-51.48348707603162525331760590215029341337,-51.4448697516118241934735550270056868632,-50.81415385064194203997083326465007435803,-49.42157025615450212196455794279946182953,-49.52851598408088058510068242495835667349,-51.91964806375115356009699917573118774324,-51.9795607584254196958945870781883944014,-50.4815091767984765295727639824008544023,-51.56193114658572106642348545431846113581,-52.83564424761016922823176331561067492216,-54.65613862944999970594639510745977009872,-55.65199014574172107191889346667556925614,-55.71499393986133229922754073569450834649,-55.88419620087828463305043082466530934782,-53.6177585750582856181041519534798350168,-51.86464638613094845743534830114158722585,-53.56286618375297823145765449336274487216,-52.16897893117444296870118174235554388559,-52.37348549577419391982382940370314800652,-52.63338124639802725347897131433649714425,-51.85594695059402723077049080079684856125,-49.37966594989906464680723360598872499581,-51.82741576365385238846813765412418362332,-54.48723070200304549226877266087550943913,-53.17800143779668615260653016461917296928,-51.86341935719908125669932920911804458431,-53.74726741915458635341029427255492317926,-54.26227657151063459623049036227568652339,-56.66363702670809209692837989191172046682,-55.85326707764406307363455492152587433811,-55.4011887156708553617837019391093643097,-53.00262185660636586610914545858964367505,-51.32614874664056055923235575547739488101,-53.68107530544259315507661420303664727963,-52.96415665546639918633507525481048799604,-50.88885647637195488824612347170662081302,-51.98889334217849335751707249387601201709,-50.27412944369201084511681733467351866297,-49.04846091330833039495691054066244548142,-52.40476708445997821317700286157871920181,-53.14698528220053298930419856962736639975,-53.73149889933615293424535890450642971569,-54.61891770330215630701043302938551312684,-55.82630077317907901109557576630705630849,-54.64411815075023806285449002099999197872,-54.1399974648363493111040088415646462068,-53.69946013386619767571853299404824557271,-54.80271652652939560103435804467120395065,-52.99148271607434060663502577878914858624,-51.99872223703554848228503063529140010339,-52.15815544162829993305821400359175520338,-52.10667927906955186353962226048682010851,-51.18380030017622243011081205265584821361,-50.22155452385287312611827227298680951824,-50.20707592877947626650047882507009301649,-50.61732508193108532482704591100137351631,-50.22885997673834071095343145634811529616,-55.044876139179114272130930754491630853,-53.7754143767539583659418929431541783203,-54.10216327167888455551946296364294251394,-54.46413954060815074020990136080942354648,-54.28506741193962509528881274346289526864,-53.21635934235711001924236049061916591328,-54.78035740803193420693734271305460781056,-53.46854381172614337002056621060938311891,-53.70456442801482062752651926359412317359,-53.16775664583720138523499788060798879789,-50.70721585724156711947119192694446287386,-50.94504066419709539453740279848136082471,-49.86797384963004937339436748329808148431,-51.54138377180625876633292673279486703573,-51.9689467975771522333747337706688303132,-50.76810457944932290576666309381389067537,-49.37146210615472923315027863394242977256,-53.05446446985767693526230004615004166582,-53.62872712488769004321677037265546564675,-53.69858921775983326460881850672923036479,-54.62477765367236809170044965396021581678,-54.52750510375302946847280465850776636444,-53.06515350636942107160862957004741774376,-52.70537826219962871074668178930825990182,-53.79068086489656604905118156725286724744,-53.53912371725027187982836769457925461107,-52.81422278984787375692173583410391495393,-50.39968094588374987526769444178188166516,-50.83387768964816946008476719591535731256,-52.46637347506951903756245377914908747041,-52.37642380204467748389361558742309961169,