{"chunk_id":3192,"map_id":1,"chunk_size":100,"chunk_segments":16,"vertex_count":289,"x":-1700,"y":1400,"vertices":[-50,-49.05548662305363360920352241343144029859,-49.6612548219725865513512730610687385693,-50.55314727261395771832206869903957931039,-51.68766680050936595146319965475565254193,-51.55411478696689872773542168324084566406,-52.19271969934188530217052368679288929321,-51.37946827521498373566163848816549878208,-51.06932760037383805774921607915580818633,-51.14336859854969223260600357978048315229,-50.61052653437244545196635777129077975929,-49.27230219945342838725870034843876508445,-49.66155600405965608173909702251256745468,-51.40990839291071216951191011518652906856,-51.247984704774333874364660206003363216,-49.69017908859746562712866472041871358897,-50,-49.78013484447637357806755667231222696538,-49.26224766722938750665330608946100631714,-48.14427971954415481999557336925647518767,-49.60289915607217216292742569484828927877,-49.25197518963229586393877835140993125196,-48.64265879744884653671741752441568112179,-49.01642906226449951883703861965097494274,-50.02960300748585605721229500134297806101,-51.49459757693062788011586877070963055704,-52.59100686115151763580476529516501161949,-50.27115797982390440297581879959763317707,-49.95871555763138251242308329467513672593,-49.05803999049855459208240610200537886733,-48.67053119811840610967309225067119711717,-49.56685557985961349344453353082447124124,-48.83636975984831783598975148990351906052,-50.49346808691199856052394154027341900835,-49.31321016710678653580411667241619798368,-47.19232353936097503115589577162532773154,-45.70636033251918069738043750154233727853,-47.08949110285892532564192151381687249756,-48.09045682509247636762160428855275313873,-47.54756749811534148786925167383224743975,-47.57631198366019173481959670265115710133,-48.18935597758658592950634040245274168399,-50.58149344090269226485778668702495297467,-50.5974548608924946303636127413961549967,-52.30720006001739855551660188018408425252,-51.02243345261078028500023229206363055171,-48.66716368296582579434077503621161604352,-49.09947508847763029288106584438771945387,-48.34824257400386625396594341714119432731,-50.64249699562214892281810321184745490087,-50.61320703681080828318542921537514457665,-46.82294791916624227290827727503906592354,-47.39006876721323945804112268199597481914,-46.23387530241464759774310649407737477324,-47.4826409443437956893050024935555569449,-48.34924421517836132496294724042810313086,-47.55448399083894942124267302399954013066,-47.50077202345471023808435212039803168563,-48.64681292194715838585348232283522023319,-50.8720466141418724112902321760375604943,-50.04383200724122797182642259914332653722,-50.70664879700775309170790176195349410748,-49.25322269826820005262199063502791358711,-47.67295267270285928088583935397998674611,-49.7373573610656875589670284327401997414,-49.06087637231918173930136138002231305712,-51.42793555267948231495148597160154018368,-49.60583813799683305156387468749711522874,-46.14372892944020972983384237145259509528,-47.40753081963039080432955795849564426025,-47.48620721247552210500696289060893403117,-48.10992625045235023975287733440522025667,-48.20303095423880978231285084764973871302,-49.79341631853658386839419425761487331963,-50.23363567454829552983842759768418773595,-50.53280602670189886813495979325765455356,-50.20118209281846547052214196517840913989,-48.61331232723858732103950855279727792003,-48.01252058751615497214898835850158481815,-47.76591979131699126268595995971088863736,-47.78312990476457760957532640335821769739,-48.63926996590862899036209859693485062245,-50.24281506880297830893937235945751685504,-50.67575769403012356056820940573979758852,-50.36877651086710648230447288909939803272,-46.96938587842882755040017456515346602371,-48.33914155258922828099815846410955351616,-48.26477702980483137060188685571037026394,-49.74213292439555298583665893021434928474,-50.38170746970506573650834013182839272344,-50.19923195212674570553190168457576198419,-50.9816226216749894544346065894163054824,-52.46196096742860098487179355831556648357,-51.61531254176614076427908691749024540285,-51.93557089514003673835196335536814463298,-48.69446153433946995936109287540346501687,-49.94700181974728301361396598717699714485,-49.04663122155589642314626037944187044261,-48.82694998343535969643881906378115761793,-48.36595993039683383162363271500825385134,-50.5566868865227092665250404184840720349,-49.32797465699449664754292350075299862987,-46.14422132988138329555873637819649909333,-48.13587475014552231119164092890838405454,-49.40879278830818704964681948000925481369,-50.08657081204722002320537979166902982141,-50.64399774813145141012652404899047369766,-50.57032511368198391964783421842523701995,-50.72455069276956876145860385849523456129,-51.70542158963650161202484370487305152913,-53.48533351693423106529744875010478067572,-51.85681806792416306113240133621814966602,-49.74681044394010283957553815660831767844,-50.46574697729979270448708870627344844351,-50.59244589933916074433151400986352726552,-48.93580785615487097899790011300483529979,-47.38571542675310178773990056227351792601,-49.19072564244044408753970260535393924914,-49.11814885594694811914510880435850345269,-45.47750186225542741640169488847306949549,-46.2912277671152865386735960680383433156,-48.67875767588695442185207292263187022137,-49.46982218731057604355223684378154572317,-51.65070415241070910106463516028990819274,-50.96079777881638789183602686505906050454,-50.85596689294067900615293259608286169,-51.29156633557772920283652312601808158448,-53.98224735978584089793932702121104797418,-54.07920799740988598668810048260477446712,-51.56942938893714668519533923199222021826,-51.86948676505556076502763743738048962789,-50.87713105432054226002830174782597629983,-50.91688490992916658773995547938461621468,-49.65710470277037150362873040388009369547,-48.59036611053348009207139983033111818701,-47.07702915107058494992173133005306070144,-45.56546648652983211775465822824264680495,-47.06451968585943177502903277370669017886,-47.81554282082199113234477166120461645242,-49.02019302304815584114908446803976746386,-51.15709205526702302489386559064841044714,-50.79527835450072797135846807017079915825,-51.03288962876078719377576860804267323336,-52.29791865028813618681398266312291119199,-53.70355733436037655131543067636942236325,-52.98265679737956090398181445591643610393,-52.58132473489585201217859449783702111973,-51.36417567002384917557865471218594408755,-49.07996806920737229701974463625324611637,-48.63254241835537811880959969425699706814,-48.46304090290364326955466338040314790746,-48.59187350244708707742333205398363200764,-45.52987253474155498522315320564443997266,-46.62099599614761827235334453597247339754,-47.23459142607541815185761444114631904679,-45.48901169015017157364926056183373426131,-47.71449331910814572734462989647236759167,-50.72091004813691091642285275921643315047,-49.2656369906180931308686740720209019707,-50.23963843506217401322457974025569775595,-50.40383336097122389378958894010634137414,-51.45113093875832595636908200665215551916,-51.33885946369948990007019277449499477305,-52.23672842473088868664314978396512477388,-51.32031013799658589823857830722290565999,-49.18913344416018697217013911530237468845,-50.42509487192991457047824577341905947361,-50.2170539146699026786544175574842181349,-50.94639654428623263328612534735241880113,-45.52259658546266101956397059564416655381,-46.93582107373611737200394929295103230797,-45.77434198041396471463726906634086309052,-44.81535290904975451924419058429860917901,-46.26362229917989201256606566046727618585,-49.27792514209046804234154788001155453972,-49.12005434559537011290997325038761346577,-47.65096781175893296614676270621713225658,-50.28938069079266313996105143441309279109,-49.33915532072762265450355060242718862267,-50.10597752642635006028425800414352281549,-52.48580394304701325443569702374997724111,-51.14248917512184248705335292692475157864,-49.27424162538663487502033947070225653747,-51.14739244645082344641453995099623971968,-51.63158303398613286487923556025898242224,