{"chunk_id":3039,"map_id":1,"chunk_size":100,"chunk_segments":16,"vertex_count":289,"x":-900,"y":1200,"vertices":[3.5507271,5.3485091438541611202853373942209225968,5.87648589444170723377747202108438344653,7.81130215189626563737105633210431905746,9.77919151210920747297799794871100049339,11.63959669845862365869087738132497692033,12.46881888169578886631719842283356089955,13.47221396361624783657764961208055019358,14.63816414407563424238222417970216283123,16.21501634085433124706428690094053660679,18.62729535593662253474632888386693687046,19.2248930916934861509277691756621877386,20.38470293462417918094417836578044635437,21.19397407333257443883314819146120636627,23.47445832957012673499989967375592588382,26.29936115088347979741419814072743746505,29.31822815,3.07838522079864327209435777914756960439,4.11431853702322439841045561822965243527,6.09883728124690746231966645139532128641,6.45430026460443696603625187109756613722,10.14128655447505140012588069732456759705,9.46196906975073774070263477803429296391,12.42226279294953354572739971819533876656,13.28469905000143248449330649894622871121,13.9002685929560052731317833864487955745,17.01004153396321074212023671135417477807,18.88225476450455231544273305667088136118,19.49140295035996294861389692513721117606,20.7927036811598557297650948513763968117,25.09109312293046811311206264994530069852,27.59450314164725528774038594225182174555,28.59479786343466017007250635644286364998,30.16599782187065347108197556417487133002,2.43359525671296108487465420844611190334,3.06693574106471230277763957723167646598,5.05914899707462149385160020674331705396,5.57759685419366606793926809876183500066,8.59259658325002453126287005680808846724,10.66339777183063999328080384214543089948,11.60246438304651421713238151427714137961,14.12622179628152715632759896671320456395,13.80407546099679698307391882675921986525,17.28748040942242774234435690788494115875,20.27902816564016120107197182103690070465,20.25016336533268270895770289898530318677,20.42220861786641973805728615190631289692,24.50628386702576690903543177898410607215,30.32581771160739724881015265215488048418,32.00890853848132423799811443581724729423,32.37114679035278278244230484346987651484,1.42750623193661068530994357338814548631,1.78367876332001198642072119095380893779,3.4239298090468207710827038887755489768,5.91612454742704132643754324063730049835,7.71550774804351652362971101438002087218,10.0959940937254597742454253356804838979,12.71323760199943222431585923974369350688,16.33432266485641939528337679045902637635,15.02250083154589880535670057565660585618,16.84649972183263138875556644198555335296,20.7594958017335164480096053735685369699,19.86576136252976014513438994316224636502,21.08493799493431835545468460851805797109,24.93718297924489493155019524084871974235,31.36798096480106981896348242220851553625,34.58719094808368960170578570007530250487,35.70274683819344484265946369514991778359,1.23833555180171060397383193305104353057,2.41197830916829783638870985708938774076,3.27224901970517499014378234997691457318,5.96534658401887197418980327883058758383,6.82319737939552918890659408947458466268,10.10843922908429128309441731872453363048,14.39442947923204260630460750219535739609,17.4544218344001090643568265736827358885,14.3175480673906321563611862948856379583,16.79331720702911706155359822362373596776,18.33219183866863745001871230927852990488,20.43465543943170532063117776020437708816,23.58939038908224260935260234596315960712,26.47261681278087591392611479328435428585,30.19595392149892874162795084181635225888,34.31507860833655392941503093174235360392,37.90225454934293261426550220364503403734,0.4182268017396964305465006402014644957906,1.61094752052270432438517834394884540773,4.0287202467474622458724158178717895775,4.83524601543749021667419982325556137064,8.39113865403550242510044980074190141472,11.48538387923590566135201055244291333927,14.08610322483130004745304789487340133206,16.05513388501478862833237148995347134053,14.99843998061884253056824736486908102963,16.0110648915512568689993624893985358154,19.15349640028768123781816487272571851582,23.36829012976223665300726988454477204549,25.80875836827643702372602447559902503693,29.16416047947002713596532580160004413963,33.59381056690088979319440132246966449572,36.66696817399822082041203641413323655307,41.8097847279481601273026622664739968921,1.18307207037911370728937862669480221067,3.9689915911447505532675960523220036507,5.52556038579317306420042954481224482866,6.44082310096548258519535991206081383028,8.57561829875042210846533346029394252786,11.44856588551310421610414083032227967237,13.49761991000997661393078946727058165678,16.64066502157929262801083642865067128675,16.19627732282101179089927953845529748842,18.29583600592998972187041737393344949992,20.14371649859630274308797532635065817988,24.30557581969121613979446800944445890537,28.70746486773614074601459006336852122071,32.46452338827119502437509969503523163936,37.22027689447477378750482877497363828811,39.58305945635695316417150839001844146276,44.0156667825206294440039779274928116369,1.28386441509149333545806750096028201593,4.77886644913422189425522230797626071208,4.1573204056529876853783106407707057779,6.99693664194146677545097700879220428269,8.77281542001337884985487192397155610042,11.84924699731632671497192213165832092423,12.89736513929438502399480266450240663663,16.71847858477137194581003656678860951527,17.49926847095592086904766138513845374912,19.81832558083170042497294094898636546599,21.30128325077266252472883228655259453416,26.00533770134635756027270176966348429391,28.93052350395555923518397482980333490147,34.34826535815285134226876194687125257347,37.61832939681232387461331468596542406148,40.54571057740564579994237465143455025249,45.05644365605815574656921092038286776205,2.22917218736531420216061907863744309249,3.15879584302133909852448490951517739428,6.01245823715199268035265354322605606867,8.98331738663961698848334432785716117757,11.59447248104254349102160019754891015267,13.91473479244469339859893950795520877916,15.83002035041237108570160072118240303118,17.23606532497543165106911220943818057389,18.1940377894616761923003812156847358163,21.61561853627077334286446742214524313519,24.25609732210202580890469873836690563093,27.21105896657691431088446385833340393585,30.04683861188542290908306621496956818086,34.75075151858721140228079317051487981475,38.81841296216069460019106417142792837894,41.82849982629159199081458839698961338987,47.3301372757524524612870205025255221859,3.04771413972569623611968833342783048748,4.28628023593982536430447134848118083586,7.00888636387809764079202305763219737862,10.18561256430571868091924291515584410149,12.95266087141328368482407139546391682026,14.55018441306119646404509694259244467546,14.79084373570413200029881291786948144521,18.51837758208533980722812757020521048562,19.11815321978071542641833298595873062805,22.88211691451919909119513289587590152445,27.40625794524197747198462137858395652022,30.14886173336698623255071870188107106955,30.7677732130828200460192659241601093564,37.16884872093818991428405234855800683118,39.83689411039874241474011329793560866794,43.7403925052126365567214125844493115269,49.40414060363909211432090796595385752577,3.27931220607945667933105229303179456422,4.87030334951343231213183114145803775078,7.24108539320440435629044317224284332831,9.87958798240344358333471981323965532822,14.12542469851185658602783336535309890653,14.84007596854044880339681326744343005567,13.9603155416424445431043048892403657874,17.30546670249778250680741483656854182947,20.86650129970651358999866344656622142489,25.29049196455498020168999366525884263524,28.7576209819803722299204268204997079534,31.94273769320764455960808068176883460833,32.62564691035435195719831624381991245168,35.89077829837613810513906999843262595389,40.93783925289627638349392531727737244822,44.16883715542240500935186425384023388058,52.43138678337900103592520949586792002175,4.34193184660657907685474659800423049315,7.19591066215855449245378533644775897833,8.72585823395845509638653812996779643687,