{"chunk_id":2971,"map_id":1,"chunk_size":100,"chunk_segments":16,"vertex_count":289,"x":-700,"y":1000,"vertices":[0,-0.174460251151099660223985966165082489215,-1.56105163071320693985062857524324210615,-2.48729129498818301092110435467803805599,-2.53865205534965533918891617120519563449,-2.0584151579928190210993727716470545905,-2.75253501775909701526161218276114141842,-2.67836944966670725675121786589123909949,-1.26973576544081472660754692986766860277,-1.25661749905644860498774453986875257791,-0.815375304489076368128906276233866973485,-0.9401716152807659032748889156426885006817,-0.644863355808039263004392901040874759815,-1.28589802270854553072058969377505936867,-1.58384966520857805521467296490396733694,-1.68293555631146125229102306251159949518,0,-3.39300592147694132094099119797455655784,-4.36833876062642034275524371406373226958,-4.88421882968692242869578564950270743121,-4.34839510213291355579677710110612862365,-3.8075755662323328672091645392739385367,-5.71005819838989625872712013502296026471,-5.30349254138391757948081030248471193799,-3.84257127001527205037964699326532896284,-4.57582200620285967378936894966088287754,-3.46360421164832856106046558482814481191,-4.35429988097032424746229129069821232779,-5.07742418775186204472329342917508716778,-4.69952882200349073779090426772494405608,-3.00568327921965817339835875779213228608,-2.99805110634117851154147930648428364282,-3.91032477963779507827610705088166138109,-3.05738031686170535395823070520125826281,-6.25391128520639475776042966019133913379,-6.33076384455380379641069541033178232882,-7.14655004680243298376896800294778930789,-7.02126004629056895874256066648251643856,-6.6260719908267858799606377127933301732,-7.06272211744267790329469688648621479237,-8.78341551192554775576630044863946427434,-8.28188646560887735694489856624103025679,-7.66426296783850385805550841794535819589,-8.41892106679155503147530440771708587622,-7.63767080927717684076423341118268120104,-8.18968490452974947212935514608540279874,-9.55285089150094117810216375914421886611,-8.02956829999593260737194508729986871246,-6.18031267378524345904477994565055820605,-5.90660758151192130693245358228887524032,-7.63850933835401000101619622008113671094,-9.02181957673005511017548168537663121648,-9.56564043143560987088276772072958758204,-8.48600957653921730246323871822300262756,-10.94526524361234454616139030337287538383,-9.84303668430345730197407889001979322753,-8.9004654015602832912467203794945039164,-10.04119675333381662698003155301054913204,-9.24161052086042725036724835592822986857,-11.62704804184689560966735744969902489589,-13.20258499463529023655834149269519950818,-12.22868420605764418875172754134724996483,-10.93211634104102995171515228427178016726,-13.28451400116562243464374069052293241488,-10.65765803022975148332497442286585600231,-8.40616343019381624669186725436170076508,-6.82681118814653904181800311346909758781,-10.07327184098310029032058729551869533178,-12.08873021879891022172217914308756047985,-12.1905669466036494128586035580084280353,-12.93901481519108372567933333870057469337,-13.54388486715809724473698204780088523146,-12.77501858222656866977798319240646002974,-11.69027645808869809291136091348723319471,-11.65735379462938870824432094810598923562,-12.92127037795658759381423569053957135549,-15.53532421483661536506153352208772735491,-16.3798500164323495588303951921408360412,-15.92114129362422415531492667168815521746,-16.33141191578206726292033680664012728109,-16.15130165058415503381848342982745677256,-15.55797952540102123301733398630481004501,-13.34950510276711559058356349418050206948,-11.31061055599396799540782732121091884674,-14.25478128405373804063403738259172409797,-15.29806029559050762701970142420136818796,-16.18419936745904526869755488552218978671,-17.17033170175369062984549944263154828497,-14.92043802469686170837709782565215324291,-17.00121378995825735600799749329629233142,-15.95178381201677496491655481740535244816,-16.88286294391543276898897577805600757726,-18.22601720591715619674421861272627078493,-17.51975940570953811412443001983698543589,-18.21161262583656231645873724030498105324,-16.99721923358923923865831757065307316728,-17.60631868318276273465177900064877821672,-17.94115983369786493496043855916384972726,-17.56519694674343078934805659918284741191,-15.22395024731975377278599863903556435581,-14.58209645868515940890509158007258849185,-16.515734658661242442729509852210581278,-19.18192563257714307720195884026845406369,-20.12215091719212834047386355792648915037,-20.0999047876919239621418956214769757666,-19.69735702753436496163436088763183317067,-19.91175649362952425575028355185684449752,-21.90975872217621799135593297524085543407,-22.36055614769594743614916077922795375582,-22.86562246922459729175328468328478295357,-20.82041343857724418006719286996481530797,-19.79150504862341435691719113918042391628,-19.45656887002737981586391239650397552008,-20.56684195399639379183131157853679608684,-20.19590191774915525342362114117150317759,-18.76295704132282307545850613215817697359,-18.5378174707705313232288517181200426459,-18.17458372591976159492348650065530794046,-18.81363283301461560713888748635540534081,-23.93859835741154653616759678673861412025,-23.92273335499334787272775278426719710311,-23.6243680330922255948557039612379297701,-22.82557560307347402204644413881820580029,-23.20173978986960339984125756856798486806,-23.69455553951939689911266227320102453778,-25.37375560174069861638762562434187372186,-24.28024771685936041696642316508033147444,-24.91498151914306143689454370255067249599,-25.63019589437944263447036719247584345388,-22.7468178125497430240648270001835773563,-25.54842698496882773423496598562278291256,-24.21114135944407874377666883381389389358,-21.31001467368089356436995863174945295129,-20.34698306290784244044788030462129270963,-19.60753940171190759058424964153697752825,-21.56257056059073561852370103714120642529,-28.24396698425424228972798339324072255064,-28.98290069022217304743654847709183393325,-29.75472137825541442095947138640759031119,-28.33477431275466128930102938465089395293,-28.81110834403700941747896509935798961794,-28.90032419624936046312129673103633918913,-30.45667296921777600179425532761430579956,-30.3416531887708516108446269565774283102,-28.91597450412013895832307848103742154955,-27.79394292958892667572881526740184878359,-25.84249075597632079591339677374044613584,-25.62121300404123705846770110141547396656,-25.9360010718558672439622954481341330369,-24.5652623354984036591960268913806678426,-23.56941943592093746785462794115207844862,-23.86694833557055861127325993535816246603,-24.57858700592575638710178411827804917762,-30.29713532944030653389484637689933989519,-31.65675654640701507764632768841431782445,-30.78457543480904521506392944953797857817,-32.86194854957854199447861890427683364963,-31.22548433964815937461735503067850045107,-31.54454726201861385579990695759291335697,-32.57631986429882113962010306365077734995,-32.13222536237288948096930769490576989921,-32.54394280281300051427128230537108365087,-32.75882264182481081243535536004091067805,-30.10288030696737201705406894698288713783,-28.97754088921385892140419017883234183505,-27.8514806899376448893156291279589996101,-28.83142477623398648399341112892057033002,-26.51147710680816633771170007470988048893,-27.30557616406619835150153273198634710462,-27.23172469089885915500103244567025159037,-33.99537021917038225330895466433486778286,-33.15061276167469591955598977218256744195,-32.52071735755109203495026286765649936379,-33.6537588910206213743745871947338099408,-34.57612377926514346824977584654039070755,-33.62636734411694839294815144506902534776,-34.22427582034331626150072655938130989944,-34.33896769299660546829132141709707788172,-37.38516677449795637695552352473010245173,-36.06426890513330262903423798425515622091,-35.5179204923158344480650529608062566411,-33.57483644299206078078027829976857790981,-31.12193019037411381717755574002525908788,-31.57709397902697562771257833790019158613,-30.82926682565377364278204678050403257259,-29.90223397528556258026015656671332818165,