{"chunk_id":3264,"map_id":1,"chunk_size":100,"chunk_segments":16,"vertex_count":289,"x":-1600,"y":2000,"vertices":[-50,-50.17599873998923960634107934822159487366,-50.32656089396196743179851203896300187525,-49.45712998650702347897498495647548250323,-48.62625896314188461165580638967189889278,-47.4616917764532129654096394150927452985,-47.35238769268212224087384550550419924226,-46.33081154114019238889832074303560569587,-47.02014055609532712789075722927847308072,-46.69928091148166817777669117521558494905,-47.3262690556310581964079223163953206652,-49.50103794409667749092277435978044970744,-50.25895242352354500720275012664589308408,-49.73142146424721767101837588757918486208,-50.50610329520392272025785457452643677864,-51.22015720792865483812840440291961278553,-50,-49.68083632949955586810459469088144671587,-50.59419288557960483041616954311805363394,-48.33797026017821499407412111711071423743,-49.62839264071603090276792001638315494304,-48.34867639922115998491556050079662145975,-47.84497099335581704582525576733476854952,-47.56794142510519406573806349435878713826,-47.99449301240699790127825429488394879208,-48.8206832079107194137880678795708474668,-48.93290067173797182702062869355425964252,-48.72696214327430052554836484833573021434,-50.57724475269928819121310122279140189774,-49.78348915804739484651321619238628662986,-50.027044458589305293902077875171636262,-47.51690596069147034078908409875713968633,-47.71485147420037505624109411916762539324,-48.91066854796964635951761808573037773538,-51.04523623375399640609908676581651448409,-49.83708414279273059528490465177471534482,-48.2037858667048740102607821344272143663,-48.4658875410753129175504187093305722104,-48.64745334899015491944036041056968565867,-49.45087756696479853270067406222482813066,-48.98616154392156892116229002079716918103,-46.99096387661118926928756654096992973245,-48.74035795987039521993129942584808741996,-48.59937112013920703921548278258215194097,-49.83209332503319501495837256832009752541,-49.91269789897759928114477550220789410965,-48.91406759652345808175363634873368370662,-47.58297520746424775179973364250856446409,-46.29669126912770721606845707685677795139,-47.17144064760865858820914794995239961839,-48.59510691501314668189228472907084145125,-52.58654656126419111835217651370319076711,-52.02474366962473966760479823422873528893,-49.49706732674797502108711107402767857349,-49.58866996972645674479524373754416192102,-48.64904433552196786152120913436135847901,-48.42838661858444370983920641029651461919,-49.1003532623424338400545382811132648599,-48.77237179483156125493210855346422292776,-48.79636502717277629523925483715671385006,-50.04357650045931020353973651250933855427,-48.93338785956689107184934825992222308097,-47.27691666829230049855767242032408007799,-49.1715211607817355137222569299531250853,-46.99573879287782561694295366504758908201,-47.04017284374404767196071304244962602551,-48.63988911937253260048752495490358451647,-47.77108146399672274621644684648254755204,-53.86408841103667162003887356265832550723,-52.13487899045584361171041087100367581021,-50.65044491037093632811974863932699599122,-50.80065839092366122328478882032494843612,-49.65114855805361309051556612100387664192,-48.61075072463592047049532370199558498794,-47.94834094492152373133725859559179688436,-47.52895002278453533057897230249778344478,-48.46879880115176400222310054437979872253,-48.49756225108367436269203613154887785895,-49.77046970650491171266510228887478054195,-48.01669714085361517954961799886346672908,-47.91506338897179117008174689191765070592,-48.50066941832595726412144535926829797621,-47.84074298394736798759710364774423771954,-47.477288506845641780724626251279697978,-45.9694775111003457099756253792890604934,-53.83838293005879869521452365492374852616,-50.5492139430606443762107043472529769359,-49.92397344988177285331308081338511276586,-50.55531518242314315866182374703157429059,-50.83845307499949657193710718608523592682,-51.74539467726229097826379239054467298622,-51.15850187474173233965320412943532659322,-48.24407038406791451491142551692386383748,-48.63192416880067028278879075988091472095,-49.41020707251474313864289532437109834026,-48.51971123505922088241332900542857102287,-49.23689193457597560820011536720172494754,-48.25554557183375900983077460815630819825,-47.22829472023670480023009171787177507678,-49.15575428271393217576334190080719639503,-49.10761040751565699985514343998031771179,-45.64913450647136979304689159579960791705,-53.49782149552191340977391733056953356135,-51.01893850170512899096843574973616832011,-49.9923286670650749701066834364874581303,-51.95823797223845756828796272453468964699,-51.99986637488354000392200470789336384189,-52.65327436688099532554856176088216095429,-53.24579765874758123397199592190516781148,-51.34870440556924757980164702525283766621,-49.0920310988227767175174609151151006134,-47.91881724354469576780370038224045355315,-48.6342976539908459578313295439811872097,-49.76028054649687161867477685484082214497,-48.85330979263301790603092263218140452335,-49.02807501552814268551503142334744668827,-49.37695129092203674936366481463398214807,-47.88319027450203882281119368240565383237,-46.86105371329154253063160112172263415751,-52.26932546046329706416204724245417069603,-52.66135292035979589341125317754786184242,-51.67178656748398885236764501294484560592,-53.42844735684202805086036958924247348374,-51.85302334382297733215538624045780460273,-51.52181470583115616723174616623466634413,-53.12180114284653158942490976719343628732,-53.72146855308851810209691987993122694026,-50.88378901641734541182858720336429701256,-51.59703032266836928692904535086767353026,-49.12190057096667541386202718671486316189,-50.79679121414495610082912699826347217262,-49.76548263935643298652192068373558408345,-51.51042430782261130552096288326926004456,-50.33439153941233070986896204525418819581,-47.21356705182710350900189708536149621233,-46.15280314834705059940060274024965380233,-52.66214083221215676342919034221905652886,-53.05248223520761732714901344545727502873,-54.26483421635062326401888845334936951241,-53.52510694861580210839074272351782297487,-54.46685365541005296985443653779236732896,-53.21193771237793133077569571048538894483,-51.9712495463640117628858650759676218764,-51.29016091432232752045006250046657375637,-52.38977390747417931041032444834466238185,-52.16361867078154586896817429600829804794,-50.05189677061831761522925899378235575881,-50.4484850947205860064828062249337265694,-50.71399733506950335099310043401200732055,-49.35065519661906536778352377459039354066,-48.86497579541532514442024075627309898969,-47.07779224547934765905158014708237028195,-46.52316491350877179955930199765434223128,-53.01819149626726941094505325394438812046,-52.89185351407090977986869056325232327349,-54.76439370308263122988387948373677074208,-52.50458156516378402059472192350558885986,-53.35082326362473674192703621701939603715,-54.47267946205634168793907202478193102774,-51.51529828205783419101583568108489698145,-53.78345242428659954379753693028554963,-53.06180838286506358798728820393482642044,-50.40554732088340123892163935391403064555,-50.12013582335270420762198812550249227917,-50.54688260285248222525479500258360557014,-50.71266345671501477759248801934474237124,-50.04653965268136726472921165882282548844,-49.64032495465302530605100499948689036804,-48.44865939428827196292613750144712691213,-48.15062907303922219952339870254260906514,-54.36969125896282684205985592652808207879,-54.87307595050030247294640410067519027574,-53.54094156154838523754212086059689993507,-53.83928133883188460986827160680032657739,-53.59567054272928949359826618802047447843,-53.17465239616037262219743953321436582087,-52.73154330534074237772994285161987514723,-52.1735278532928462842081125129314509481,-51.79057852058985327596899715335854369908,-50.34115027959238507170462101126744002619,-49.77199230397424285146334055129543950896,-50.50187312142373392878699032448141805961,-50.23839974137233366124426011937091448984,-49.97418366195758485101962815392628785359,-50.82715408823777966406065632657063591396,