{"chunk_id":3841,"map_id":1,"chunk_size":100,"chunk_segments":16,"vertex_count":289,"x":600,"y":1100,"vertices":[-50,-51.05615369550338787424982272344875580162,-50.25668548464432677991506423950594577721,-49.39740209895282913497874611898355431961,-47.35036609244867112263457209848600506192,-46.42711778912560386470631691914523563751,-46.74447167576198328560689663263395206273,-47.40149752430281380808974593999258691442,-47.32286633637903833163036073408316697647,-47.96688398828445553233682244484532046253,-46.79947139832067073366894048618277349105,-47.5864315960725286205772115661161390412,-48.49412469660427265952867373418751980663,-48.90831208849157944953802091394276809588,-50.63096828928901938167320856885339334892,-49.63400132144330699214551211728811150152,-50,-50.18840240752466301873433859164195759151,-50.06128519056960393409348759338804869402,-49.04613814568071584249725953657269624035,-49.80707074595853124715270902376770557294,-48.43084407942028442874792075311810413826,-47.46697653345264472364229444081031081069,-49.73161394579790059176549270596780334988,-47.05065885924992841974204846540273462321,-48.03013051378668494395374893438917930316,-47.35100170155010973719399425823257072114,-47.2405086314456019664278279803919915317,-46.52570602217493729832419532326985918117,-47.91373025873507603363556739011855632341,-47.48026893312285617637677088013862198423,-49.28200151471331301645489898967160526489,-50.28653700376237534971851961701884184819,-49.54143991938280922440514517470338673367,-49.58444372163596431191172447700602749938,-49.81554693095665621210816453643005104036,-49.52527353106994317258104700946980755758,-49.98147056856337666231056885306288898933,-49.57003309730622236320603563904218479124,-49.7330205113991621089958578570566169517,-51.71789141076911810144745368758658020335,-49.92695125587449012626033637093290209174,-50.62209250166756767101577159104788807134,-48.41040850258246059671685723565607106814,-47.47670791359247318416041441661603610449,-48.19057083609065191595218039580750186289,-47.74744608793280918029678959744573748632,-47.97150725864645790054598560335161823101,-48.72195380025940057611467453522525903411,-48.25807679076913845995309822851905440047,-48.40902384434248292022106168132596787297,-48.99547409564728751817517975154878130075,-51.86390429409897898833416823593229859919,-51.56219070429075697516848197587389764817,-53.47612652657305825404058642076917157652,-51.93750318168084091318023374052563638694,-52.52899509097026163112835752155445423993,-51.78901195064108593785503530859720752648,-51.35312477621939587646139424394704451836,-51.71441546753405210889924685855340455905,-50.22354292323682855461418887461883190948,-48.74274353092844611251047539151646550819,-46.54138838127057270305518130193683424234,-47.49864642617570520233079906509597957535,-49.72939428731288566735569602850700720963,-48.7107305861152878582160424578473982754,-49.35125344258056703875184024346029314915,-48.074671582522814506140637672515915953,-48.78002283848387893053341195258211902348,-52.62222893338148104862712798596467005492,-52.09840482744027298766270533677698832698,-52.46252344271701673238471558079655439518,-54.56947699437393630201987870577679830013,-54.30194982452386467938008758267228247546,-52.49633293807958476581103974620224954597,-51.90746256061951287201351248338957607228,-50.99150485345229296872197905762413995543,-50.68385338668858748942269797064603572323,-49.49463410604908507747896884778948636691,-47.88629450197701367703297552639840029268,-48.11254979851396340484451741012984028262,-48.48932473423787534845695896072414184102,-47.93178635636440509360505128697888039999,-48.13531153711201878930427328815326019398,-46.79004761880281820154583958868629268604,-48.5900603199766762687077586005924173346,-52.52335765754485810972633527063025566618,-52.68759417368200102936559353080476676865,-53.03008951150452238553783035004588872078,-53.65810067398967145033881811445086431223,-52.75159830244338760915221655487247243484,-53.4681664290276096179052386507993770331,-51.76381911490613079268705527427403929522,-52.27690969036554013600339391555915508009,-52.23168704301349636475573741050331158453,-50.77707228133479329941910051820454510735,-48.80527627503819949357851945873622221564,-49.20823965184659346506113531633898591581,-48.09190335882336061312528817183166146095,-47.19796771824532701605441304571146990984,-45.78760682878904208079714711360992506505,-46.40998201484129839708502072832197298594,-47.02787308668483410950566490886131164643,-52.69563305002869747620836452264847781577,-52.55411932567105695016984939107007592446,-53.14480378510309679948331531958519957827,-53.77400567886715465691939397697799108966,-53.87580708433513044889568052876586253829,-55.09634922196663039425186634955664683105,-53.12071608579545665501712218524297036874,-52.08773910999224521598664069714952854377,-52.17347195378190469921334841697020736138,-53.30867707600387077822370712012767725316,-50.3283351451657773778022871827273897601,-49.09587076065164587871065565550866712151,-48.12553524525501629683723582740682827978,-47.94069153331738177841365531996175894134,-47.25952575456478202466180160440481346652,-46.56803890146394896952553121789365325482,-46.55839890537368667691253443855621424161,-51.78127387261090475309278777513346568889,-50.81924606629984510677865078787683175083,-52.58737252418832584465265062810320555082,-52.81279103213118676826879471295629013252,-52.33516118972062119541308844889374316659,-53.72216708820798611651076484236354399771,-54.89145736752402556509445169304322049481,-53.74993249320656654428344429882280757695,-52.63326078075542287370920152103122952509,-53.92743858303736922882112618145720555834,-51.75608836783259570000428232762715083467,-50.57808348335929399894555368573188650978,-49.91632104844945297885264748832741065712,-48.22201521520344000574877006036846017134,-45.97812974684951480349122685678333274446,-45.89897141208086408798946652150138606117,-45.95582626923079332587741027706118832873,-52.03204362059735780066849120586079434855,-53.83531557783183537650842923659541494463,-52.87336081703112713982626257360522942264,-53.62604208527715574737207780346183547165,-53.40696313616258569135512359248664773416,-52.78958310262636428182291570421165313535,-54.37798590843348799747658309838749893656,-54.6262535718452332549361311767880834883,-52.15614168355516484894986895814496346794,-50.95449815802907108751288081911012603455,-50.09193346104132082621851937369793093533,-49.19266275971764245589456112364483016769,-48.4996660422703315576279821150299721339,-49.18094214183722923696890082317742196221,-47.83354281929849417192751864361694595961,-46.0730713601505489311234715449494189028,-46.88802888900716031374098659987273693535,-54.38667385713256193503962107334337839682,-52.88054847725326671831288405611094893681,-51.35899108648486596471610605313896962021,-53.39833361015267167481193527630797396252,-53.58555036083971970206633590947240082902,-51.17757560249374877266076214197494527672,-52.12126436846398428874323289775131080777,-54.58718617468978432462584814185776120894,-52.64775987842450878883684137210740949655,-48.65522398565144388856457475148698282735,-48.38321137342572190139545003474706105309,-47.5323313022592774438589902741628791384,-49.53843244354196271727425914226431889758,-47.52322085032523123581374153079154595915,-47.55479644111447619860640735218498018442,-47.64477487726330080069244197993502785462,-47.15219655120567126261303170444176816998,-53.8707253323042235693129120679986435052,-53.57015889700125303352415810649320903247,-51.47023360519085021157099119563821951682,-52.3829265604006625941613807211713387144,-51.04651584212065877313323563071929881583,-50.37452824574265528168585915495324208602,-49.89803368277219802793606129469742356538,-52.77104701537674458870189467462006082044,-51.12550923617610191152046338573854025638,-48.22727699376394364756520802472783641307,-47.44192646394764862626936716770659353524,-47.26879566204598707806047030445022146068,-47.43841404385009073849345240926750270055,-47.5712918632725443666523219666625204644,