{"chunk_id":3699,"map_id":1,"chunk_size":100,"chunk_segments":16,"vertex_count":289,"x":600,"y":2100,"vertices":[-50,-51.18257943808608224657733042434425604408,-50.46579501676860093327671167033034848112,-51.16161332934288521236411015593232999995,-49.92548958965856667392289331258244239696,-49.85374542673634339156638697493997336258,-49.47927673160125890953307695614941251263,-48.67485000444400604542630483007585345485,-46.00668223655747479266093146970649146947,-45.1716311920219297367962207281067336886,-45.63120942173857855210416362736628731179,-46.50303261566913126832608499186988180895,-48.32369600291401557397016412884924816433,-48.22994555726749257354776908629688611207,-49.67700724850467207653468829193402142162,-49.66578621354797880301457837721578273806,-50,-49.29091008414883718431339341591163283476,-50.4134213831486720166335013521028180474,-50.44599093612949682729690492651917584517,-50.87886734282292551703886684401830760469,-49.13401490918033183590728255633483654037,-49.78577804438429144622597061682954341465,-48.57557746435857423412544214344524435755,-47.5538469927811817760560205634508541835,-46.02880358646611492920868212926013786116,-48.0162133082330585636772709836010139258,-46.80690454694941259367901580451498302463,-48.22438395101516468636774871898495639648,-50.46549217485202246224017420611239375455,-48.92481488699200227469230291353242101625,-48.66865239613954246198737630002405503806,-50.70889894068150123326133647544686963052,-50.45679132259438399289300279732261889835,-50.52219703428636670809616856957125222354,-48.24250006254357593184019313241889108309,-50.04488378639328636045351567207161807416,-49.43762303226728277464193701084038983453,-50.23851712962608696152019142958459271959,-49.96389070310622981316005596803614757644,-48.13607417136402492740328731974844499228,-47.1907300705980380171678816315221290717,-47.70634486568173276737689470449634275931,-47.50824912312318469373448655866131065254,-46.44401508608061672519896252770021903367,-48.17906081183269607303200578077004109114,-50.9522278517597645464013036359357750717,-49.51359678564529508025803841786412415563,-47.8517015921663538091669290816630749282,-49.2117236060501980368512397527993837982,-49.94042875308851158471871902231969532695,-52.3222926484504939899936868905350046369,-48.53414339426755558553120294885645430256,-49.03575868446199396852435734571506585088,-47.30132813569560221825934566170722833388,-49.68806545680010592076000458241177317847,-48.61565439370257901528826708015452079306,-47.32787918854113458226144463655300578373,-45.25326073067308991888803900636245206017,-47.24964625576766422207361182124149892926,-47.44332970383020866881045095367478387868,-47.07433308909913946428651929263043059519,-49.86048455574846786339472961826030770718,-50.38784491069177440992599074701385218621,-48.37562055309503045142259784134256101183,-49.43459233591703261690477580539428309868,-47.55458556787371683235235703677092995112,-49.64636826339998608082500057036662917064,-52.43867182864823643822351489008294283098,-47.07352160205332999554169417952985240087,-46.83116403075933783818589583625594408685,-47.76352766091730887334271946724832571989,-48.33140106508554785486426388510655943448,-49.26607330206115099399287810597974280633,-48.57674342119560128331130807692471435352,-47.03224300782556345039133639040469185905,-47.35597560879254265190559865090259884019,-47.59316987246301963451176102500957620072,-48.92163109440047247278774643348271700452,-50.05569889356587935367348357689429848707,-50.87200791119651917792303640644092202997,-50.2106649288516667410171861970219872868,-50.96045160743272430081416782924762464389,-50.48658678105022580235581082211496926753,-48.84716534716807991930874928065248750275,-53.22548461813443799707929496738928340436,-50.63999127054445413169540540078568319907,-49.40022131704234614522814297618305241381,-50.49919088139216658407590685840234793633,-49.47394194439192904953796575389767713127,-50.52856747874175950547534312003453713495,-49.37510936072921003732848930947172229429,-48.47662980299471519223921661460014645729,-47.30691162908224234156103978643796118061,-48.87405594805122853273830381845215032728,-48.49657477398525780885658998735215558916,-49.14159410211117784780396351526505851728,-49.69346075611433251000082800528878265863,-51.63907065970417770501580052475048148565,-50.39611949778375013985022566426184582589,-50.10552191458204681344666815211039773948,-49.74496577374899980311616941344533955003,-53.00369839013102735101245043636306579842,-51.61215902886301068082856797719549038255,-52.09027870897486064649951364310383055301,-51.9453197242594208063512932107808446648,-49.06464669107144548264912596895513154886,-50.57941234635433981994577709290770242504,-51.01425007440256588189988167470840510472,-48.07781116915817847408696825866418934017,-47.35363742130667602964459787593188958831,-47.69724259922150401448257633015548691285,-49.32375051976072334995520970509365004207,-50.57383977185282034387700880803316053782,-49.06449532609961936808486087641466743449,-50.46450793297503666927212619580151101241,-51.21199385137148703044722588620246617804,-50.89277210547000931224093136172839465636,-50.20422951544244011308000798968126714841,-53.02762707567751829790699698050786774314,-50.2396440801537849120238414764854309921,-50.22531760252409318654696631288244606661,-52.27169442250633443267409110833924288844,-50.81125366601186237514557229104971865356,-48.79372245322469297246668398089080808792,-49.40918027933868803119963813830056609041,-47.29221097684210000143167512793024507341,-47.84501330638992052987002658914147759462,-46.99947489871245612429948142711483695313,-49.57720159431384572673193587685266268392,-49.68423616877405356467236466097547763727,-48.8503166995889780105600383820909641328,-51.20397961916534854025157321120922522508,-50.34606120306571887199483449674623659236,-49.60610220768987065425149201597083810698,-50.84890760135657759295610190107421238089,-52.98019379184924231333612467002928703644,-49.12158947174714723686024733462432251786,-48.5670705819577127241603502784567562347,-47.58186695454672904121102663037980357482,-48.46343034452694153458456218164056932982,-49.08125122183656275048612610647395676243,-49.43880381917414686088893609303853391238,-49.52714701175548981143089545708792717099,-49.08723942680224959054608138589006184265,-49.60615278544420532286387474208917406411,-49.00567198804204353496867144529908049034,-50.348349194741929445424909404460968616,-50.78862188474815570564497150212271234187,-51.05438541249752856461457820794441309401,-51.30662883116491985699362266023337842507,-50.74669100216537796677945320678759322923,-51.61416209522600021443959994125899450339,-53.04280314929514883666253257871149053906,-51.47761617533183790010377211252124604018,-50.78734088420216738149724068945568753071,-48.25175946205044707179947594927442067188,-49.20235728860174054467510916191342198217,-48.78065139314818730436107155759611670943,-49.93390711826231077254028678343680169573,-51.32149679987623319649326979397534180837,-48.10469056386963786797390344375124999209,-49.58154667914434660327738187725070275819,-49.01128280626026340296312046955721954841,-49.36996633725347512807460581470153015908,-51.34424887866905375803101211943359408737,-51.64005852320100169518821060555016617062,-51.93880668819680409572824358871508753984,-50.38359503792960900331138932258397606559,-51.42353024985203130908944456757724328488,-51.30959661121123917428870309618897816072,-51.76854481119806115890552438354875834285,-51.15028664513765485927520272999684830657,-52.07263229658525894763118187333850100254,-50.17074454830411232596529084627004002639,-51.21498044760499907767316319628689542704,-51.56628365603925330858422956491875839532,-49.63536665475777693676324555513953615547,-48.8042638130814812738992139168794810607,-49.17972424201491871159372953522062499249,-48.63973626617133684813288366719009942515,-49.51933298932743402855128447537175686112,-50.7493488753708802149722693361097720207,-50.5235738496685401557448027828781891329,-50.66411205697974939438664241268552703175,