{"chunk_id":2799,"map_id":1,"chunk_size":100,"chunk_segments":16,"vertex_count":289,"x":-200,"y":-400,"vertices":[100.3383728,98.2215078809972220697251146235621465834,96.56965460919679835719890328354058575969,94.81140672104805142493493668708485966408,94.23513728467119107097428873820718735114,93.85878356806768562707448289810950568979,93.25680239860046573759851495325198791729,91.2448722211469894235390493750626495012,89.93059216701212142153690880630052323743,89.50805848986620691250142471556406082425,89.95378904979470295084753608192685871259,87.70609318546069355808789620946241853172,87.14244075237275626819044064969386352316,86.4791759979864945627360702186176953256,86.74276540056483002054474900031052799137,87.54850766259905514937672075421203700306,87.1145752,96.57359451103896515613385368048245301694,98.03581064898391324346733613589606736465,96.20386223046607249697077751519036948271,96.75679731789396380662710233131642286262,93.53623637305569453106113956432492442313,93.19680132229667157285974882981105260606,92.28101022780054526447866070733438011589,92.08025732536742218642573930246321233466,92.23544291096696303194973033663176099946,91.74438875386384112283332176432031280871,89.51424123175230113570274591158230692272,87.56256922316909883916534925441378194736,89.01293594111508512013839582060731922983,88.37456159337038205361217960295328886289,85.05862928214512039365282232295550035376,85.30321027759780826389524392880901452924,85.08025886218256117322135870886586315681,93.83092784891693254995126692615739813243,92.65469877308523135229013923984657164846,93.07943492478375692060730073479792370403,91.79259697048032999778456572038041333296,91.54911064373470058951004939482705898809,92.16001251005026462407622886849781771787,91.5945059697556486344174469291483030148,91.01604427980553643118354486207210827481,89.82063627011682398011136818289611629026,87.72974555753503222045373737966570494809,84.72439948462737570221893886395056142427,85.98847477279929966336017521192144432264,86.42953554769411443122130881150873061068,83.82873101645145644843612814637384713573,82.00739536120418992790503552277770069434,82.63755644406484395828457102278553650168,83.27788641740022319493355351256717642306,90.03002019654476898123333989620076431162,91.34255393129381121116129299245583754949,90.86913864658688148002485418607650808689,90.87959237741767626560427106460664347913,89.9084027906479967817542551054896346044,88.42569676494478035138770857987561452943,87.79619251741972495993544318205077893903,87.1786546308474017863182885445976615335,87.51704397576627054867650687344361168488,83.87471830130971141108480526126215245338,82.6534480241010626317762946204989323455,81.36906694276536213123440459410828227481,81.64377490711842498268950628205505803449,80.3102226479026946084018716353492812789,79.23460939266862097770741713877663136235,78.59197669672802146517900898999297281521,80.35191478895317720018986135025964887726,86.99244289959921666290890802721018042801,86.97536765782862871029231591325609720518,86.21140476290586199492472846607514264002,87.21944369568522054530700461986851328258,86.51906615970373832730505757660096557597,86.56341393464992533444527278055830036458,85.65784368743292602807210107151622546986,85.80732169460718845830732828432524227487,85.43187630330332577348092901965322352769,85.0616257339632828213464301667512398578,83.10294886855061052638431655029122912932,81.43218906115585403521171092310491267644,78.14825271949956584622146451507225238887,76.64210587762100671654709516890424768112,76.26044854984770819703256026671419893194,76.82819766333121430100026124396515298031,77.00240426737923901869008992987267154337,83.10908454000295378434966686079572090538,81.38861119411612002409220475218365920043,83.61436414967205195098615177896108737185,82.45412788250894459251867377430954688867,84.02093939083390542810727758919276800396,82.82383163078008089124146018820534362762,83.39746358643160540585415373235779174781,81.50266891845891288225182212897309111283,82.34257476610545883724345261861493475957,82.7443167504459849253469079099218822564,80.24856182365811380013050189102212145758,80.02260153173870044956175298553427202186,77.9399449599710964648139181844434214689,76.15295156388580495080147594413565578486,74.75294548937886703652026999244398309613,74.80334347324258383220351859226540458715,74.7092379423334554749246737354608566735,77.60431484933263677444068472824542322491,79.29633374761801609211545432132017012036,79.39832740121009785373206005133355826862,80.09001956521324196478678799321165636022,80.26478690420822262350764805586202035767,79.31823173987384391797322749104952834321,79.55657979458276622395376462433773837767,78.9997326383471624762422504234476444725,80.45013187007275186166018163396401273265,79.33571836663903183852552237640874652027,77.66999684926928515745719107077542273082,75.89290457248768230481302621958722130063,76.22731232962013081717303673929693122164,75.18206592114402795054838652255409023391,73.59405877045083939635671627451592464824,73.55348719669599933781759200275520926956,71.57243503029786272486544003080572321449,73.99090997083836732113818633041105777517,76.0572210152336327599387669745423842908,76.307852190860068581330914125877613067,76.97278255976106547907196486330420419915,78.67227719473893495193918784037219015247,78.84036754329669195463441405879573927997,78.45470556684124136183704366380849370076,77.04307184739665106572107034399398136503,77.59971072598567659280147006285715999487,77.4066505924540221548548254684257430644,76.28628785022542770556241651361719113361,74.09404655615695208788855564536012612371,74.5628565011548452829566331071138566037,72.45492299709989235580646449656864775646,72.31761735166075385415451864444045033876,70.94453188678202825820367566444979324148,70.59712680549607164871509251817387650734,71.35502649518840551256001369013810672486,71.92848373149191476531286061040306032407,72.74299450588530201131145497282699208031,73.84195614174146873773204224771419779018,75.03653306083769796877420838160912966137,74.73351315077825066002044170841966000071,75.01849863391517646112093730268223358035,75.67877021067413960573605603923820063892,74.9635030726138545059171965762120314114,73.61750031274060461499279579472526252661,72.38712034787097248775739289245903622822,70.93043404998512509814448544117180293102,69.3298397554592065277246716222661215183,68.5990573365034544383830311542137750072,67.86443461716200653861405325313486258042,67.56896684303907023440862370616436383471,69.08399115550011940658951219497493680811,69.03779298456502886070245918788381684419,68.20559350569806397755201191324987882676,67.8749198263555173634163857541959580624,71.00952737847742123995858559152775023121,71.09618699820539889232515625080415070529,70.39815275399942784643088921356145444377,70.45745908385383071067730398081635340619,70.1483180308357642851110901351412444479,70.35727291777273311153887743393054343202,69.25984218077079904483134436378834674988,68.66338609858165809729129102907026230193,68.81924886411574624363823896867025611527,65.41102311611031005902184768599206281254,66.48570208744619847444350949373350457925,64.31132396855928069546463107643242424527,64.10202202406128292324437310601811242532,64.92013581430516728502860561465184953206,67.09790762921207277965894454599484966359,65.12659468279599906877269101051730187674,64.83312470789391941282394808324389750364,66.59120501702662972139048673624247479142,68.13885839130390322486955628113746375716,66.15972217583347390900906219084312363734,64.54208941342317647382815465745160877645,65.09791281792168969641403863966618215269,66.9723674630158620221514560377782367826,66.69767152636787878160339591545228483398,65.06646987401375000994585301068550062173,64.13306369482356228672273729643857002362,63.13661388798858598607889475025977404458,63.14308079126211322171152105878992532702,62.10894107659086295732366440854541071551,61.31791258383723185032706764524686994541,60.79507248112354474317779761888179548556,63.60405958345235517946679906706689912578,62.24488197680102295369018146372737478722,