{"chunk_id":3006,"map_id":1,"chunk_size":100,"chunk_segments":16,"vertex_count":289,"x":-800,"y":-100,"vertices":[-50,-48.95333819379806265267961577849137036301,-48.90076476607826575410902463317539812633,-49.44367009361306116989385369045673337428,-48.1953855044600725240467185133370572313,-48.11422915975821871927309469596353369282,-47.74824016377126071944811725830862166092,-48.52679563521596583222006308813808381327,-48.9576692167658171614566512612713174343,-49.86594715514838417687317701757336477566,-49.81689992274287752784615081624635645631,-50.34084142638787019391114725866409659604,-51.55192143559613099863293330772490036009,-50.12737645244241955109716166078191480941,-50.2763881273605313940868048773957962139,-49.31497190647871443619759361505564203156,-50,-48.83552960438899805510082395660622652471,-50.31059980608857722222875227944195639626,-49.03926380260110741111141731721066367982,-46.36564680019408451474151474274978885706,-46.64189383260875687945670514050456771479,-47.83112652634957626334101895174195918959,-48.5630645231409324398246466117286531953,-47.77883092585355119696780788786954721953,-49.77023706756489382177087911330011392037,-50.30057767918764914043332532768833896696,-49.6684807433895274050998605231620233436,-49.23978809632067724041315178547148166193,-51.57002250542066998618101205032332501309,-51.05334048877403908866850917217138762688,-51.29055189466650049273509533893733879858,-50.98210807780546888871728843907918573733,-48.87538595765908493843189843827255824595,-48.95742697888582281687573097930992768839,-47.72512586217375665109821457124339125327,-47.49404182169086681881437121437652051937,-47.51446759923864638085137272774377379549,-46.96119026949910227295680273965138816339,-47.07012961251529059435176299814944836036,-49.11019939194847370978464087726900676657,-48.00521728658436544838953930573486638003,-50.20387714494442244069646166259501767878,-48.11711599944871763146209761786398665427,-47.69476948227018934245240661105422139757,-48.14148595189820938719609239403452226821,-51.46666230062844695109107816500221822304,-51.88137258347724115453706528548418137696,-51.32722524578969681567724801809920087158,-50.00469285513394245336785936021305784098,-47.1294042586792813932222777613637282833,-48.51005976078387427448189399065044607893,-48.70745564222862694564763600207283289609,-46.75328135304013539347490735872175635913,-48.07479485113381515451179023589773179997,-47.82624887407335698434520110969411162019,-49.44910601676025816224389897089132199176,-49.72977971748625973098578310662179706767,-48.66379557468775957938233915466771068602,-50.22682364617129070199598675061990503298,-49.11511926155349259633190744009355850014,-46.720682530094911808620071123692223769,-48.71095869391092757251911178349308692189,-50.22689317366089871052057048993298059473,-50.49384949100534767676276532564575164564,-48.98224117689734244227228985771555569583,-48.58273085494595413929816186918780395748,-46.66322112740197187132224725284503639931,-48.46162995455107565563893970234200243277,-49.90919260824640258134769785754738113746,-49.46380190780536935770375921602282502554,-48.88196603877627348008985962750034227636,-47.5573713155134993030874141896499880469,-49.80164630748514326144664854238532282485,-50.3449832917595602173204697913587978353,-49.99246062970559726289079802016997690644,-48.99731010130827875653398132046989244241,-48.39765744366848264085351642834644714809,-49.06224028536408937459431053005744932801,-48.30836455866468897819771283406239629378,-48.6638142074608098588017714842992571473,-48.4419020685105073516675152362229187299,-49.38974383412586478659707670208446357873,-48.66400333901026508968740003999987523005,-45.80014343300941405430466985867238216735,-48.0335188158369671944427708907050661242,-49.15961548049867024445593578680913331654,-50.07128188643749546398845298522756310693,-49.96071006860386560386772041252785270849,-46.77464281344180946684904996138440405221,-49.24420107546288768820220076742630478242,-48.4226901451330318826734104125891337176,-50.36463238773497503148512796724254579867,-47.49595403700188888474548751505542766141,-48.21660746438749396909130682678105219983,-50.15865822074785988380437280167978128768,-48.4870608652346225085643504487626047882,-48.62056037342684509127054076141277556577,-47.27882706335809453143222568764592892786,-48.72779318084585258808725912275176495113,-49.07606836313871057113799832606568445145,-44.26045147417016518847586561180043781946,-46.98341791140053769434336988009609685548,-47.77237089593812732928766323730777339381,-49.73629698389234408189587620024838733387,-49.2074055193626593848288092589491206043,-47.28897855262764174533430334329718568551,-47.46713372225069517801240131348764656672,-48.42423175311180443676376520906884474843,-49.63551822121614087245687705686781231855,-47.06642009813169056119121339533165235123,-47.90383954927540508429744599615464910264,-50.50570504078390564215120463412508747486,-49.92837788154456221210026797507490106062,-48.61273940729745441657911816253067718101,-47.68208314810470913362121593747638827628,-47.26461675228448121636068790933398235459,-49.08185363192272580421217948098682511231,-44.16569866904992992603633167050680729114,-47.89736810805321088571998392349455326152,-48.91666854748731410278552868966613678518,-48.85429175965002571005560820438279061506,-50.75054485095497737342878390061618566882,-48.19306396081057426972932722598796474273,-49.55823231141544723044685116953285948827,-48.98384223911121620782597081084769771312,-48.20450480285228317178900523960857757225,-46.26182813962109769618669712330354306736,-47.09711699418697794065099219798106910612,-49.08139480681712748599539476389958273853,-48.13829831274061901562018585032772220192,-49.96618037774797416053558073148630158164,-48.45289932467931736785228507545296440917,-48.83070063528945042620201354758917143457,-48.94312120520436188937754820536691332531,-44.23915259384967480612483832415509302905,-48.7239153973779480442618015233273724223,-48.62512718695932422514133132183191276268,-49.29125626019697290122504556647029994245,-49.51683478140694551605512991778188480621,-48.26857576968239474365889698032605370329,-48.2528527497187735123941937478046590045,-48.15137807114160292989674274345430771547,-47.26637085623804596943054617534484459534,-47.22238841374761941297263487953647710105,-48.01576104183567442513190507408371176338,-50.31705698721764847675478752871320892278,-49.77577765972299922780738241877614505767,-50.4976213974816318770930526024739395288,-49.10350909918131544022507179823867594878,-48.97355829102847053981401466721061737109,-49.29679274949363152170987153857977166586,-45.65728776514343903062491443237608593317,-49.85896221453506772630517632121625117897,-50.90321426347375373246641491063791791354,-48.36828936572695074835042959693684148766,-47.81834891664846472102134454335045723489,-49.41114403284333157616892380307394559699,-50.00023093358419581616560009321680294117,-46.17790951810943305727228439823753489871,-46.63698003322585123388986891250417783414,-47.19163762400576663902669923328566914388,-47.35112289819123585975273502376770039754,-49.36605595991465606532940053394465150312,-51.17853136589199536568589960903177784486,-49.22122605082298679253236715088730845555,-50.54491989327778149634673506155229413791,-49.1827741844772514469347992343224327593,-48.26359359556132961249878853498362321748,-46.3214801416619144192771311295985427402,-51.29158506169403889864658851873370267229,-50.06503998469045222419038242359758191724,-49.09908171439242367256964282364118605489,-49.4048452652592994015813881993306602111,-51.57913235190868069280112317225391643189,-48.64292798936568666333258390925833376782,-46.1121324734521765066352568650695249524,-46.8830140472353043180892795718953712864,-48.54625382832078909499922970772726250408,-49.25168260552625642380534547189651940531,-48.8313406094547053873180116766891706017,-49.10118390069111880588134847049119017248,-48.50051839637802018619028248643631412953,-49.9943362999834724694596530134831629984,-50.74319445089648764419608023697902642683,