{"chunk_id":3766,"map_id":1,"chunk_size":100,"chunk_segments":16,"vertex_count":289,"x":0,"y":1300,"vertices":[-50,-49.35815667084095128556516031307001483921,-50.6139350323442974799914595169615939076,-50.54812180339231472613938504373318044466,-51.33299815557181446645305873331733442036,-51.34813287579146774672460561965022331523,-49.68537718516150476579953989648078832222,-48.31919681769386998103702270249023043588,-48.22199599868634696256375232776772192258,-49.52923849496042771495741782574866674582,-50.86687293502953086340921944594825154295,-51.24886305572941565323651652250950080065,-51.18759007410202293653766388535465996701,-51.77418056429645645192053335819422833585,-50.64231980941958605523458773178048245656,-50.07048395828082195079856097149831835035,-50,-49.34264277447211111506784506570652123839,-52.54773732572740845867062352824055972756,-51.25709585539904887203167166166421544524,-52.78164003857679286867708838005344946372,-49.33758272821858067645403953062122394122,-47.30127653378759221984412471496477312323,-47.31668801344327334856084608035254267401,-49.17797831371936632678518602230067758327,-48.25443513329166292737924926639721370738,-48.01604486577517634607318240036341701062,-50.44432179065099074517968800099090653849,-50.76251596531183009098244115067448465434,-50.75631181769534838813453296475909446096,-51.27163955202234913679333080780321677345,-49.0639106019186608262420168154622237752,-50.1225074302778480515239074181568240637,-50.01785991263709395386350654124199409319,-49.46545627263978285896110584616350672399,-52.42128165164897801958068122312887832469,-52.80696292343725219171153155634414449906,-51.98932721177155568827536143532752596855,-47.69919414183671606316350640115728058906,-47.96206097577395302302828264021434999736,-46.67160964852794354671871514893721021846,-47.58196941879143070615534974930249638443,-48.60480345148655303598934114339196386365,-48.6721190546805839645853092369740032898,-49.506409667385568261865611009857573847,-48.9686667957608470058102142636193067442,-50.28766323558894545731179308205443117017,-49.44917339855155493191369180999125277362,-47.70508940167440871536078776010985596504,-49.77968422090101977863257052914687369302,-50.14774896177563954887376765825749836993,-50.06531250022691649403549076186646503715,-51.29273886329146656599207256192530034867,-51.18014227303323060298287001651516778131,-50.55035866960851896555990088224708457492,-47.42675305522276786867108856298631660883,-48.88068634581619236538203849708300201664,-48.47483941149498913180745012051717353263,-47.38074870583214297938290579714327257442,-49.41525774082102005084849261043879325292,-50.84026538189263202977778461007160006782,-48.7336512148650728311726419845545289548,-48.66145750995716122478670322624163452242,-50.80378364599725755072488833024081054547,-50.73882288476329524989931244622919064701,-49.52499830283621845875663142814501454971,-48.62477424274921771935922629886086394008,-49.09145855784394167004489414777582736898,-49.44097867480983084888830320057476609418,-51.44375183963793215713989647727162623734,-50.26139075344058875544686367489724298987,-47.82421493393738440978104091458853898097,-47.19588270388085796180385344111145551876,-48.51752685534270929696414322853350731253,-49.71002599439933124475147708437994426244,-49.12909321818113778635503797084153413858,-50.06547817605895080490922263628728324123,-50.2724064322223311397897052987919381117,-48.9007752925341303867760401413529511616,-49.51332370262915482811674164348198800857,-50.52109535032787165069703203625563356899,-50.84270448712926235219534074598011456508,-49.73787869112907423374536189194501460195,-49.19109390929095709989994991509992098071,-48.88909708510570698940882060394485753057,-50.50818582521641186827035160316255957417,-50.61403372720948992096781124079212992441,-49.60838143204929078529517774433137598557,-51.05285215298198074928155908348934976329,-49.29663104779278189990258251949472217532,-50.9259856390373585450023256239277610502,-50.81655062439433455649252429758208068269,-50.68118684836213458258168121737797550267,-51.77859155498052238606047962056837151838,-50.59574131924097408531004481057573400126,-49.85097213400539613793304869287993337361,-51.23328020101077348711415423413263433056,-50.39786772811023834035662668014238508976,-49.72633612299972970450796473833155134934,-50.09877417718457031527984243141204734024,-49.51607200290974073593746357976085278536,-48.54249309913982309804775852316255741715,-49.9014473270334161104115149618354924032,-50.25542568540252395224971895269117243457,-49.47943001575935641828203877645922847805,-50.79280319462517514980396494154522845008,-50.81050494436739255221191624303336376474,-49.71334795487924054861300475150426402776,-50.16827131785098859028677724953146800023,-52.15237563292707244601725820975241368349,-52.13619557012311948014940526428832328938,-51.28928352545892823673966900913355546457,-51.34464691399493212081583708351885970913,-51.62299852170569486799700874243692496342,-50.68166924263494424281539181243220401985,-51.60616673143112390774982292431904641934,-50.78773994168875692650056618882634047329,-48.74213463730165065095768183843680748804,-47.71736522665601066793162431381107820674,-47.86618439497987565056958408823665663419,-50.76914707978769738286674014934675159941,-51.3740144761937971398621782201541535963,-51.17669234970596376815188486745757543438,-52.01622358796718160033237606985524601882,-51.77995723689634734125226389153622374317,-53.28563037445062596536295650404244191298,-53.57972118822526074784317328997309254221,-52.68422928128207148015843722226626144584,-53.30854444294358625623535923941194272719,-52.49949491055642042013181591739867740649,-52.65287808339466922687350607964521538357,-52.41973909392411931900785871409608997417,-50.58867349918863501301243020113282961737,-50.6947076847309817357118336845433140008,-47.77719667951415682814452000568142397527,-45.70430991901953916927556271722575856398,-47.30349784856000472413153144905856511695,-52.89708642126077610448464726627367206228,-54.08497138804736540076000202326591015197,-54.55025729302525368333916528932448859904,-53.18710431548901010930887304987283966086,-54.06062586863438843504644058838410816591,-52.99121770640583621463640135228404862195,-53.68548504292858643313382672261549335947,-55.16225390641208326872038942285205767165,-54.05126194327678529554484146443457640706,-53.07505688584474017990735243006896987011,-51.76546099809857486125227214110779356609,-48.89804896880831370733543140214984610599,-48.46212984570510064995714805786860757426,-48.75819543511742321893219209172944342972,-47.42978553175160815385184297870272052493,-45.55778806402392856057111306667337262124,-47.00707499932991417300294556498119712733,-53.52629328816392700830046950581649853428,-52.65756332590447150802822440806221048907,-50.70945442471805396918900997658261886378,-52.56970946827611114607249252113823716655,-53.18201304864763704929942420223089575375,-52.56696094589642127826152076010186612302,-54.85541191582677312340819209271321157685,-55.58551385586232875689822176955694480432,-54.48612542997336336038996236087824108399,-53.03140781463829067412863133139362625468,-52.45093564724338831533301359813256780567,-50.71623048294175346273443769747827047198,-48.97351035057739312311200901785912194616,-49.58735039450008242717270194695935369044,-47.23948121954552356763466377065064184506,-47.16267977340023835325385389556991759849,-47.80475431397002246820512111236297189466,-51.6207039786245322762350318547406684137,-50.07442115993271487037650929766048512075,-51.03489574666991231189087122332069895204,-53.06657288869639349492845943211792669547,-53.2954684308946288693896789659477420828,-51.73912668811863425439668345876319837815,-52.34185061398745831677329842458376744887,-54.62279700993315402009524845173000866386,-54.17692293184497585078988953575212088458,-52.40970410955887352218643192034014658924,-51.42875264149819531023965195807682636361,-52.44958319264104848198828973774892931333,-51.70320383949899412966194299829011779012,-49.58958780051843088235161921226565889478,