{"chunk_id":2904,"map_id":1,"chunk_size":100,"chunk_segments":16,"vertex_count":289,"x":-600,"y":700,"vertices":[-50,-50.47728222146625189848789213006817965498,-50.00372741714101470975290383698909962857,-48.38673524452194995680178012640439478836,-47.58124659410088562441339571888124063662,-47.57020122797080162274888063512990527853,-47.3512188540582926971995717373183678688,-47.51517644717875023958357866915188835823,-46.86937355428115598974931580600350508625,-48.13553947218300352775417411102926392713,-47.62557611739463210102981480616870355104,-47.32955420760062672441815120509970252982,-47.78514353020396122508083448729194032,-47.81511683832641703210789375288112797361,-47.93460462442894980820757175525422871699,-49.48993853054760533140735877740035968248,-50,-50.63015049529175439866301011585175819157,-51.59313883124615005159142290022175834203,-51.26138081492507657456667989471835044558,-50.07018484706741368112123208878849467445,-49.60152748719028539557257460861249222233,-46.92337321584713697873517398198767264379,-46.98799877297299253016949427075565802056,-47.25585727004019702545624602986900882613,-46.49890426669995484208053233888966979228,-46.60509110801710934240370937976907216713,-49.58176622371776432683034002407464761537,-50.29862899949429509535824880990174899368,-48.77447209818696239223561471615108098748,-49.03386820539906081120843900017101047047,-49.32139469792900794821906683731326025354,-49.60016119711943533795463806282582310668,-50.91575603150624109140221950490474779451,-49.86308273377702427209222720239466007176,-51.145203431218966266452024265090423116,-50.7885396315860577862089535571704847164,-50.64823718607011678772036005590209721666,-50.56412707591457434107497493280450488965,-49.65589725772632552852419789787725246091,-47.98066794887943841911742345235176961418,-46.73453964584297047634145889334775102232,-45.07027013899795139983519895073969753566,-48.32821967971076917290838949343377813192,-49.91390155015702739431175768147258262868,-51.23789616621543329768831751487112766981,-51.61601752890320155152404696376870647747,-51.45604623333666565713616515356946084325,-52.13393074038379589276033058562172851687,-51.27846388826790432636404851553946142802,-50.42364377832738959391040180436504814714,-49.04783436201929452051068868180280390268,-49.18814651909966976827106375159258554756,-50.94003590513026041193350154774108956894,-50.30423067946213202349219006985213242925,-50.89938749665979476075276675414097060672,-49.82570372505006626474258226120314400377,-49.21956043586354529358217095074216452826,-48.25731768944686715368874414247963975326,-44.87793745481539468162487291796728584699,-48.18493730306392660059645345838510490682,-49.8585785800303450800076313760836281184,-51.3418262512136112865844772653642611206,-51.88408228685871402926312521918520374477,-50.87813526395985505001063975397418454931,-51.88452055146918538123490969371098549355,-53.53390123759881013583836521219309914673,-51.42874914247333141813656991291628678907,-49.61356934735078036652654728487862276443,-50.01535927690452547651678637119189396088,-50.78870575246833018142279029918016001985,-51.6528344902386348330034232434484900234,-51.35725648508684334742057673859111807574,-50.05667193943492866924367306033307878299,-47.91657076162489887122682290283651496388,-46.7009146364808799586880190683232569175,-46.26243227007395433106227629804570144016,-48.17756484862637328180589167985285405987,-51.05418767488257339761559871910800309179,-51.49299532907845454780709277425730648911,-53.09994079128121630309107755689605931447,-52.95671470878884601823400528310739526428,-53.74378670537766387498794162937272501083,-54.08440517957035724329982614724573613828,-50.79202878291978544473022296490526542522,-49.97146098048902751870129895100710580214,-52.13216631569743467547284653872309816855,-50.33583587466074883531244443055784487401,-51.82364619759431503493550848708078203032,-51.76524320056237574820297462825726933449,-51.22506359348830214402201923261496889949,-49.58337102463342679690093014121076944107,-48.08635474970233932977782079241132172191,-45.59178875358470340953550125387912279362,-46.40186567489304814250785056898615354495,-48.90826921212228110111504260967718907629,-50.94866396631317041453946678467427718608,-53.40202482408122905931796088820340257296,-52.07632081149875108621427223661248207815,-52.89541123859988422854779133294543889213,-54.67361257056045089377172968635404060224,-50.81765991607789338082195623108634311061,-52.054704405664587496139447175337976404,-51.74380178082750486137113579677188513609,-50.22181073226425804008351171856647136548,-50.91970254949694816414661743550909153636,-52.43942786895363433345671212810708243285,-52.35919591582914450612661709035900735279,-52.50804652928690349183402365572077986244,-49.45368663079308286524581078908396867916,-45.92146513371861396589285731732452075175,-46.87945546237825048340869559056694224314,-47.73770038722126347911055531599415118792,-50.75906945334726865318927002109529614647,-52.5923370420425207739724289395365505817,-52.29148761703932853629190364213208846292,-52.91674288225912373930738471272463400834,-52.02159330610156499664767785519883313713,-52.28015315162025001462418018655872299536,-52.95379526263218757325356759218750093929,-53.23374641412695301781866032234906975814,-52.42545881255446779930721044197956977207,-51.14985760128547219186200554158376336276,-53.91122098752962201775313123224791087147,-51.06341167669175117691599194057543290576,-51.13311895927389777785205355928929290931,-49.14410035473768608743144505038842408133,-47.72666738671432625657589034787008659312,-49.20239357838854173409430632700484574746,-49.1500872405805971100552583794976738288,-50.36293832867785475955492717131830153731,-52.15310719326308471285205578485763357965,-52.12679174791281255652044183923461570567,-53.01265185224777009121628650585217045657,-52.24956234721855276081632622812547596247,-53.49375893353669799987310174590602328882,-53.25663105245865520497791581877800516748,-52.28445424851301820079599512218376313603,-51.54402494476081846563068925066152969767,-50.39578049274492101666753351681669877675,-50.87833418100244841363885835548009473847,-51.14593971306711688618724075439756783547,-51.18459916334071729861915803347546426748,-50.59516585811117124514370020511160262334,-48.8065424231599085343326700183611527355,-50.67466833162914023621246983684294253815,-52.25711157613147764899470518547219362564,-52.7278137696340689797158024036384248757,-52.56349860077410023020258849558112759334,-52.92171218330180837108325459197342584512,-53.19253837602997597435818344576963165276,-54.00575728202738563670028577100242551175,-53.14398567161101576627248478137624105218,-52.46523633282429244536966193931009310744,-50.7789336466641585751469806392793330882,-51.35363910378511317033964171375586221421,-52.51294766757301225730677673904401105572,-50.66870705809969088525004365996513920727,-52.57335488766586564247576024206553022191,-51.99262305547780575572370683172667022415,-50.68684558981572917798134193518434432621,-50.84426076267870816980390975597970223165,-51.39030256608847692779265504939117377524,-50.79502723496210753485458507603583139822,-51.04904750113526317724704356536153271417,-51.54080929218984224867684627613395038258,-50.78800455865416916853533296109546680722,-53.42980260469584370844539136692457224711,-53.18160964176109127392038434876375600746,-53.52259303184362399511979456046690641384,-51.66045958889427930525654778750815144875,-51.62066711778109765349857601562691174111,-49.95061420854602329971224734174021263548,-50.12658287703714014187824970941173897522,-51.91945732672189232770205108823701273288,-51.4645033968783599632960445058631523469,-51.95810155824535063904461413125636600824,-49.97868543395538948783428491658234231475,-51.27274812452594451343837512283596910897,-49.6587264379298970665701954810052816384,-47.81567267000766757268325708921597089784,-49.11886363682025027495695614836363702834,-50.22311495004230305171099277142190835555,-50.23050600167536899679908933283860944711,-51.96861291772774668342535144654979688237,