{"chunk_id":3823,"map_id":1,"chunk_size":100,"chunk_segments":16,"vertex_count":289,"x":400,"y":1800,"vertices":[-50,-51.05838552753131872310848432125331417675,-50.71942265215303685547678288720652926799,-50.54918982446861489877862971305300793156,-49.38320117233451398024311341221078610746,-50.30501889964796905179882685176307631329,-50.32770213634316767764905014845802340423,-52.9051223391979381274412156239204070142,-54.14279997062713996620430580348229934067,-54.18145220138381705695473928527887033755,-52.63912742235356105161851702039131454478,-53.10046348467452023077287371192643391326,-52.68480675804164135345700898371864701915,-51.82203075732932540900464380377191043499,-50.78599218198745092864142724129170513677,-50.14032572877607894062223725511633521425,-50,-52.04420254578635767923436046167539601039,-48.76467046836869728361737463535492899042,-49.84603612638971675850305311161238180171,-50.2588865250555783020639212855152527798,-50.2610921832450003954929944743110181877,-49.83530103317992481168584256259236433751,-51.41646277501079103282783047698554502981,-52.78589167524695038311927301808748470832,-54.28346380788837210495061056724462236534,-53.58380935231547993737325740329488803758,-52.49859629365225800450784120799116669766,-53.47647968794284235608560447846620406119,-52.80546475663721992194990065260055078461,-50.15114000424610121045171022576643412365,-50.1259712369879354087847574775283903689,-51.3263790051666877678620153950587057793,-50.15091816302864387334292582685558616524,-53.1300390853159689884638339760872404941,-47.76481898121265965681506954530260542658,-48.49530743404783897892830665647276552335,-48.7539756949221723449753512250203736675,-49.46006410641096451733213467841058236113,-52.00108881799355185706628987465169722212,-53.66439780085562863309184932348844459445,-53.4091756252822593574225851557200354034,-56.17138950306568867512434237412228380963,-54.30550212008810795768795776064097369322,-54.29434874273886858623059901478631402072,-52.76188186387847265537380544949717516688,-53.06440304698458287704268785909897796987,-52.24345568267119477282833836959847511725,-49.97135818833841384559985535634330979341,-50.97700873269028422781229087386003580289,-50.23734508697359229775534669828795433343,-53.17963882473401013173040455538384400974,-48.48342853955938446560035315299856545628,-48.21754664316923410144786492521608271024,-48.057590147468825798962263265778390336,-49.57801790719056521081841032500569018327,-53.2981839878537482085142099096677596787,-54.93469351485166593072065297471284167545,-54.82047625640425030037904203039744087819,-55.96762195426921964651316746850953218542,-54.95987426090998501987728194147443537357,-53.73316328792486658568138855410189035878,-53.01262086803185655140599795838035772176,-50.76766445921541058643842756612920275627,-50.36810076367615013565846059874110058255,-48.94753999288697011056549731402329874717,-50.42050631252098282660491144350967977026,-50.22557352190844565466689301036583574461,-54.60241277252367266010222576030642221281,-49.74234725279372415425503007328654799233,-49.29578073073485958937179793940719445742,-49.6562869048838131547616262135084879562,-51.61169300109053879788310192596919610424,-52.55921282586621193022701267043078802919,-52.16234782414099448235893183563244179808,-52.73856762803424901482834799777394074311,-55.70801558317781782030880611067338164507,-54.58666083998449153157387018590346538673,-53.1017236241730474572261355979990871782,-52.60205398908853093330669079660922840489,-50.34800739172738656218083180975131386904,-50.54093153765847635252590204905905077025,-50.23773877726099120258741848302638324006,-49.52398851701508506448982970590053498473,-50.46820969805622015860954112642854321502,-54.47450533053797971138244038704280305413,-50.97359841882045186075678402774473313394,-52.37744044764442544145510941614880911155,-51.11290506287897256052382776179270490214,-51.47034452268039541731279926943981753024,-51.78837278468100843829542284963705248709,-52.26840567347845943409980453374174762535,-54.30597579559747368930922980878943959427,-54.99216544259870120224097922404789803834,-54.41428816348987415716263812588948881565,-53.27521025341002113147468733097178170583,-52.34856596122703491721544690052029605502,-52.04420940070638294899636577457788916075,-51.84958775101971685158802311745355949721,-50.15230089676752247725119723511959635683,-52.40572774358795666505460744425271554212,-50.67844716283122549629392468478211176666,-55.71157439827622885079973789270675840223,-52.5009584135799015714522147191462568055,-53.87577148676361343388032216090748209766,-54.31168577014849950322785855903803399514,-52.48166520564504089348782370267597201368,-51.61863385944434941802500940028341263468,-52.51684842895285143859910062111341443493,-53.8634231685555613892233647680730811781,-55.39283066706377654363630133765022449894,-54.3488828954806617505908835836065164284,-53.07869616593352070123981472452634593887,-53.68513155957420058748627671323099520354,-53.73836167910076231356579881922358011546,-53.23504829296851623855892041573569019827,-51.78556083540772035290207286169487094277,-51.64737357966594877676727705730978968095,-52.00036529372385353839359800612116852833,-55.73802756866756101508980199272157789113,-53.60422437143973917594371726583390668421,-53.61495914332621436946559028778786953719,-53.38300927643750045113785694635890065477,-52.95166224484157268287088779968446455701,-54.95377111938480680515725164093221173377,-53.60033150196301963932718913399573308578,-56.4202058771166927905891869802172568919,-54.95272452540261138315845433227043112642,-54.98054316375580822100620753410888609976,-54.53825929351967979900117801039441112817,-53.45609025378045205584698983600115656897,-54.31311836625520353608496270348693203979,-53.92337081913057438668694587114911526052,-53.13520666957179296485294247018981286067,-54.65359982259585206288076282443435743528,-54.11446535093033341119460830047529676112,-54.38656940891129994630343621175104676306,-52.8730735631901530828632098604911332765,-53.58397919955347651532770155728699958746,-53.21634467856983704579203668331961330026,-51.49902228433865730673221783396220237792,-52.35460151501626519596545599878989881543,-52.51168155126988322276496351464402570341,-54.47509963738635312523619611325106491751,-55.01024268596465289891099367714496763275,-54.31666923223660906497237561115065272184,-54.88627100281980117325756968725072023798,-53.49769273904941526713429343729272925121,-52.02298949875917587236465262221194269625,-53.20547097640393689016547051744675287228,-54.14235438369834957854515113199996467396,-53.48704771594315856850830239830146289926,-54.32468332005327909038369295469603133858,-54.98495442262288244349661675276488815662,-53.96767682169743353287581304193974556523,-52.49188361965980155395294793528977482656,-52.31700533622483386569522207963501759499,-52.57823626240250914420819113148899160842,-51.02073681453032841032079874972059570934,-51.58630982397817670218965599202366501684,-51.92896661953019425307245000589463005693,-55.07122665174197789948451986330221845873,-54.71012673054800319885734811283145431919,-54.60591927980435845000150738246141092551,-53.53784693862716909043766949137147834869,-51.23161964566228235150625484001380140913,-52.89849906385628984891432294163725709914,-54.61160209324040852018782443356448004069,-55.52574604300358576542118162965641123467,-54.13544046578359349601383199082806334909,-55.1027770813183533550706078217255953973,-51.76199296847940724556365223189981720665,-50.74375876433969372031207017152827625643,-52.30078920946535629478172339772020710781,-54.21162729584123238843482935150304526541,-52.31920247979464921302902505081329010281,-51.6294487470274169044538555319154769028,-52.67572323848936803770136862170977586988,-54.70078788757357374969482546851199592804,-53.24989770236614466931853247747535518534,-52.40413130515080762113334615323419073632,-52.79716842398374831284826974694278746643,-52.31844890345665174836558860346177308996,-53.48020644436585077438483727843672344493,-55.42261967894075638500344410554705418724,