{"chunk_id":2779,"map_id":1,"chunk_size":100,"chunk_segments":16,"vertex_count":289,"x":-400,"y":200,"vertices":[13.01609495,15.13501789325029196774408056070823414721,17.70477674184857167525343185565293291074,19.42046230237935424389272500959784369325,20.50301718120038252564147284303058803141,22.46206265677342751671193817658430734136,24.44429354740193182143343136773239774918,26.00754681051007968740353875730439896297,27.30488592228433668277330427354048843541,28.73455967074310336407203183296050709609,29.96873827437334133708113941592177419652,29.34979142180253845606020360886073109793,29.67919328041536794854638340561139055999,31.22982506797322403721092151168938039394,34.6631326614454038964250816639147879767,35.7631795050481990094664960523188896745,36.72714235,16.5206879784791439062314917822370290662,19.78034553311611422110537279916260529891,19.8724392116255828264001627565490122626,20.64954375660931319085110448904440015602,22.37885103649564461694175627745732456876,24.41920687943353764881618492090711202746,27.23901240201937715721140548939279795744,27.04859370970379509013955221077509928785,31.11305107453092667483876820717419003658,33.48988001467853668826458258677562295615,33.27561382168670193604544276192653558103,32.97990226352720105465221702311437972931,34.88276918194685245161689922156127434168,37.54212202249001940951991581740436659481,38.67278210873016550163794445735295968852,38.69398989880163859367518930723843587713,40.03806031524469948544431279429428493743,18.81788722448112858571188693563626769404,20.49890998275936372544628145127591414744,23.25753875564297021531250271284512226539,24.57852548623721523305026809853528634241,24.88167088688091533869278459349976561134,26.91298205874785355600672246247970615636,28.24867066069599958535716307102111461606,31.24523808602414675302772568816484094032,34.79322217373766633297855078126966664157,36.59577827529074739272776806190275151875,38.28769162263308401497643666067388847541,37.73772115132621300718395452683378897749,39.83051964949609961906394796705184504302,40.55418299749148392084103402779101464712,41.03819265544058278822986363434454390071,40.01674034702270658775888970381915265083,44.81559222007190144084181406039534491697,20.99263694328416309504235855096070049991,24.43259445363412830280834612462679895511,25.76239712467039352629623495124435456489,27.68615072401745599795335351897840842792,27.35477836644462298449640415093052430738,30.77731368000897165537035798129577633543,33.1180546708760394447132024289107927145,34.70224845997837085133743809988057459781,37.29906122554650612263137431928859405235,39.47810130415628345926495856570619111076,41.35321557586213804491306335788531902733,41.42692363983448732252972297445428594287,43.157890542567135139230051037764646483,44.29698035629473522665148495399522329985,44.44467729118841138036314657757460240739,43.96246928007252501805849331511214161977,49.70922959942633958507405015170993297015,23.55351597035400678907478686425677245877,24.32138504321965964061962458889471322836,26.90152436524948825138239379192911355335,29.64644026004640520832227214147214814286,31.01843948772483350778545488274827271814,31.88287452295402688615388482164776427661,33.9074240170998068206772769765547200154,37.32199633676041067680048563356031541506,41.21728410961312448520647823366437114481,42.85945532688075834163094365278104054538,44.24017241998466892969352398535530970154,46.07126770076223806076090875270634392552,48.16363288376249146779435756399015691978,49.03405826601099677369497162890949101282,48.2636092109903847365826073827313616952,48.58834520244367840686862937363075755661,52.73910813039483330138613650940539104977,27.00094474428219922691145124454628455058,28.26104613455102077130819347331897276366,30.35034797450768084965484431947228148949,33.67323317042758721117611993647515568683,35.07884484691751618672456364692178886047,36.52990327258596206195685749137013735245,37.84095143264983355146785025380920767561,39.92422082806029721742941117665789643151,43.37279083907252702698858751293557328461,47.00483833682996254992136187461912839809,48.16010618708129565853268848765677047855,48.8385793240720146607049577737290733739,49.86584192074268922389602476743029921692,51.02398179408750308272612638283267902981,49.20853076234809393288645028770942976968,49.80847562237725580719887356116648921191,55.87813139649310241604159559934584794767,31.10426500625395477466747204929010746589,33.33909393654356259707043179944426747884,34.55896321634417353482722607577203008513,37.1703503700481360157284288750070872102,38.71146317975614835574576003225099356106,40.26016868142944991095792336451706109273,42.26973509245404467192709989107585939646,43.80903522606486584850620786240653548257,45.08177516369994276340203740567517996662,49.23329054900992396609621254804204898635,51.8907217070523958239957936765674240082,51.53834937298884577495624675902855551627,52.96146636887804994309367168833550114762,53.02770579992424041300698037377758497539,51.58017275555984252520494103568578451941,52.9601222091619515634342713856799699117,60.07853179226132794764973531350620167902,34.99295553946127243868184425101210148696,37.90130828095786734710487873952697442895,37.89295185259683893570999384837509062965,39.66930953515726462508598460265829977464,42.4737645764582114156826299602054672667,44.46902113226688266889822401408191155331,46.22266415112187745349133594510163894446,46.33363035906874471624792938604641522412,48.57470477890487781311917145066812536482,51.57627849703357699174606822779799998233,53.18953932421930884259612711914658552741,53.67791081701228085918220981079385076649,54.35339121597521456413259573154036965367,56.2153940408591819040642240747556898389,55.67650076123675588461719947889642039855,55.13740072839033444404797720448843425818,63.96765380737270469687817350401443737518,37.88916899557507546986148363479821441764,39.32280593398729808238883792031174811419,41.50087496108802432908562876110650801515,43.73403167904092214903078823672056473938,45.0801786742379948472081498819298431099,46.70180515744422023779834286073286096905,47.31152334222031373286366349990951241079,50.4158277383944259364548748124095777564,51.6927526490918402202950856076806709006,51.76273755198206627240970599527397660682,53.68535986975358664897622476037785128644,54.878332767907451207138331928773785127,54.99252978896043668001651927877464893827,57.72260682148743515925063663846878250986,58.89343002662818668370856273816706987484,59.86810091243356025131692101609209353112,66.11920442341253069571097954444430388295,41.13218915766861873836131556775779866618,41.5038982222617111133196071035140479636,45.03031140838957097001618107760178689577,46.75872944386481608453992330782510200854,47.51958965621738102471647827954360142499,47.78503567844299782910125518730624166284,51.25340972571449804217370786594656932865,51.70792017110771456727571424220357508421,53.11729312670170312354980609716631545692,54.4503083231522390180797594590035318616,56.10584594717663985751776672601581861529,57.08286311589699028046773262435733754653,58.57984318715395560627769537428877757545,60.79318536997405492749606868646106932479,60.68524868197821390086796620887128827174,64.25492075113343104436039209620465704822,69.20667233201079863406820255911597904899,44.23181247766105785847950980308832404627,47.07916216563492857576034424365837879239,48.57628543038899935890401186768940764643,48.40178874704946126517016466168785348475,49.38897469793414316065981199133144427158,52.48304230668366472673512004893440563236,55.42244863975122538166783663026313912612,56.24325317829476855547981614904032291536,55.85390120390966112386914965318784082691,57.28480750214711479390212997635676401092,59.85298486840303175380807473465917803437,60.77493037639150685708719155120769493332,60.56601413689137343985536437366916082858,61.6088926097950396101182618756268101929,64.41970285011552670024248192927204040852,66.77903453719451987654489608773714936498,72.99612831051638447444200837085059109752,46.53438028332192033382411733300823002218,48.66179241252559787796853062230126222226,