{"chunk_id":3855,"map_id":1,"chunk_size":100,"chunk_segments":16,"vertex_count":289,"x":700,"y":1800,"vertices":[-50,-50.78697072382388056047434750859217597107,-50.17361580398194078265614891070815361713,-49.81272151721381002933374452703777715904,-49.87822178041016055410750347799112115175,-51.48804694853815972269017927481950640112,-51.28762898409894077247037304201161783296,-50.83885982064164055458517171855653921319,-49.96205182426810070264479507258341900377,-50.38341862375501016117447976406494258325,-50.63186027300220524276608084352867448815,-50.15982240639956923226021468595065447659,-51.04172821581335723090387190958908728261,-51.22748867797449796961611116922256716478,-51.44494289625948637377496103282207612084,-49.98171715744889356495408911324154718258,-50,-50.2010566754198306355550591525910665416,-50.5040277558339598441381190091213147284,-51.10614368162804355120340370518422123293,-51.14609664371372380429521641967836303939,-49.0239591468599642380685301448097124418,-51.70951735122685365088399188875782767566,-51.26598337518481402122548502826289031972,-51.69611378067917689238915520068058392414,-51.9620510635586431700864052987703949499,-48.98819833701686878925371372278984545272,-47.97092498680543777857312630142580234912,-49.61932305726071145553032571374895082737,-50.2791368557468214506239118925711563982,-51.42088770432453198911703658454135817093,-50.56187333773880974120551275224362426073,-50.89209503870575864862166486510588611951,-49.86606133093367735510178351350027367852,-52.04682905215532709766836502273328266548,-51.48132629063835563409681938728125978943,-52.57389783813175552274259401151847936491,-50.94567132722749571714280716807685872842,-48.98469156718957084168574400187269214013,-50.17323139245765320583559938015200194054,-51.8373262226657902231559941068683191434,-51.650130832540461299556961247500784028,-52.16566134633196970360108943114111139413,-49.95190255210934074976857571066634602081,-47.24490207380275458217522738816880567653,-47.80804541445893912948308781441473373839,-47.74931314291868443061368104782890448647,-48.75269894014886418172993579431337640226,-51.2464654043686456558636812455450916561,-50.24881711645846875000342748928791309899,-50.55922216915673836620183880456937954674,-53.2703675073004340366235244158217340504,-52.89015585881531374446057942449862010848,-51.15631230242292541673645778791865691291,-50.51203908981106627715557893338330747138,-48.74437449229865489618852039760216958703,-51.98776126819850994749521842154585823518,-51.2784684111045059275303276855418646688,-52.18735837586293726643229978381998703698,-52.19270268013684483268017433470534210907,-51.40936521131941663092145771178474400843,-47.79747976643418074006547910588878059332,-47.22325547832465603429694917776754919842,-46.66492302631301141743754299369072952986,-47.75075756347619449548354075737080196779,-49.02439145481891612295184245495376820073,-50.76244284009284700989658958058081063039,-49.47928672582353473392978413149374095214,-52.69424087887999114126916787415962247606,-50.61312092664897038622802328753950847111,-49.20964772898245930600306700514077547004,-49.40122286826265217631709343536542705929,-48.681412108714139044703667881227612193,-50.58774252477125442872458388684173646413,-52.53228922042772277601007058989713243652,-54.4717233947986270206492490154441266854,-52.1235128703088160426158130668795601023,-49.91482232982367469051228296446349782974,-47.9387757475416452375251151172983380198,-47.02205519422645262935782874439545445401,-46.61607914329015936465887342876069727209,-47.46973558613615575047150914371305231006,-46.76166005161476596417620405906934846361,-48.36266918950524060652871807329619164508,-48.68698904590930730737230785595173805054,-52.11160720481918356044534072722346599017,-53.25774231359930469118661522757196975771,-50.07637910727507026699482494109901978738,-52.19617244946624919693069838145311300294,-49.59555299396429220367817362923694476143,-50.66457825702307545002635952089226055174,-53.07808270407376278614912087587690492298,-53.83777546640760848335064603926058229729,-53.78665155012862233136475417173202884979,-50.63932299400215034918861299012358220396,-48.71787831449306127656969109120700028205,-49.45889712536576499593476974221098725702,-47.77947015433468190195582358764563645214,-48.13833759576033740624531097911785113849,-46.44417820765979336508538916744562125576,-48.29053723337152663075727904258329541866,-47.41280354678258411525201485495374070808,-52.21651588428089756549025619717881316862,-53.37825013346302524177495144908731716267,-52.61201892820133277416655705284294644081,-51.93782295122687606456420205196250584093,-50.84242583000661565411250537245286191669,-52.23315369134545943132329164046870595245,-53.42046296311002972045387154775438833926,-53.99539172168007697776219536295953940688,-54.93744088507284571296112274925991241278,-52.6495538978094900052697022282774954287,-49.67628568105110904713395157526543211594,-49.57211044756141520151233931404963005653,-50.0115941204483040391886774487719097821,-47.40915765330395631316472511120043484435,-46.53610796914633142538066570334847548311,-47.68755915297299074568526363311541784099,-47.78529466307221065864328912144570132139,-51.06879879751324887978825393712345048156,-54.24822687359644487103693128157454381533,-52.95170611198954238399590259503874428108,-52.81391210988225596099935093837143289135,-51.20614333071031347810952780939405629749,-53.26280177797222680862021450729678357567,-53.53641772174426037582756409475128018514,-53.99215831660366240240053108501458074876,-54.89467905526953747300401361870592430336,-54.62025712372254309574025256471964255237,-52.88438938535757284343511144948914652305,-51.34159126352593505184448445845566762949,-50.90131850801778991996613462217921560479,-49.72727719557421520818547583836171726146,-49.23819604847115305394110022040873092741,-47.40976848493245398068496192431349815811,-47.43407965182118564818720369773026840423,-50.24345401244440770347322052829040160247,-53.46608121615074044389690912078112364969,-54.16249208215092705324912120635069418992,-54.48140442123905124473316628519828771006,-56.23743210158302742944854759215863210679,-56.88496461882615675102433474416769547562,-57.5937743369223820790299337480584557756,-57.7867037933784162378130660415161596728,-56.324338180022012744708742923336793416,-55.00181744133403187284297583680727795788,-52.2477059754495085777960559188162433273,-51.02834831260945412727159637488741903427,-49.61338316544511860576054049124383181801,-48.95911562080470348208214015205217535358,-49.85031909671684796621143098644187678537,-47.93895028354686895923011376269917629513,-47.07707798945789625443147932167965253677,-51.38835317348289895952390404260751298337,-53.48599300399991788040755639897071079533,-54.17068564211645424520886394230488183668,-56.2130244009835592059737894584101641823,-55.18801802635154617924238839257405987359,-54.8823186257297073123148068273660336427,-56.56305690592010771488447064993832476559,-54.37018337017592789255800926830391797487,-54.66268124388402536006474150319080526911,-53.17535174954951860497619790844479865986,-51.89605288457728389303976969375109965311,-49.71612483631606082960151605318441025732,-50.04714671274253991334065580062548844314,-50.23461769985731825278874229764374725389,-47.73206284806635385465133808125056924259,-49.05806628371751130095153940306333722377,-46.8106944347056750823102062405711456145,-50.92583361130719889863491186249078168815,-54.80487642572153589266291126224319203997,-55.02549472020220522717936695683754227889,-54.89735219472402863841241551006505810687,-54.50557061583254597325512338740886613041,-55.59294390577456173671394254654740587442,-55.38602230899991925976841425163938558781,-53.24287835546219340554104234083117510873,-54.78725477140286565247686813704120757529,-53.67027217504424684180268048955137671188,-53.28594200984099897777877090211205436079,-50.17090808107755838405187247152612904077,-49.2194055906181676527777570923847493047,-47.0749403272208641776170790250333956731,-46.54288316194369575442485796781211952225,