{"chunk_id":3130,"map_id":1,"chunk_size":100,"chunk_segments":16,"vertex_count":289,"x":-1200,"y":900,"vertices":[0,0.8657332065890998859061459775658358933151,2.71892960243717520481397563182195140148,2.09365217715289496594955642230964025213,3.24168765740593943308197255864239381831,2.66157642778326269506784884300426565401,3.43559025859294758494458980664911078491,4.70465681985363564966290059029577141529,4.47290902651628416307989924627794782149,3.35259859481016032503116693460680258067,2.89771206982495890469446207255348108985,3.01671194730358244983348884810364968846,2.22266805065012097223988775507147829515,3.12976370019397581152418860857631988705,3.20255338405486051531057332460042376448,3.51792208179211800157135244777406512617,3.2455124,-3.21882689944528865691438819088393683163,-3.30536500716269140114750929177772003496,-0.9861498978198680600400715151725791031038,0.1975436905131066217132962232162836647125,-2.16922312993968281926976212127348381387,-1.53200309579927949860039381553846993547,-1.93458228824867514454208855932573847754,-0.52836490796314733435622874097208401541,0.281923267899338335734357578558666493565,-1.21427893337355008908169196484229026798,-0.3454427234039336530632721106166673390486,0.1292921181673535426590577988821741889,-0.38766232817772084963988099533404232658,-2.89489405399249085765004031035943970482,-1.81040942359355154737614488409353697347,-1.05411590290935109535823664372693507574,-0.5163646322077141977194871048498655968686,-7.24770502014118619531613349818436327877,-5.25669391213479527216475484548374290905,-4.68402972350503529020813278934085558295,-4.50799587003582330479431380740450178434,-5.70092192139481161834910026882522029674,-6.46288920953066078076931954554862055455,-6.23250959090232943189219569095735829099,-4.37796270435896223687550422254123403693,-4.0243499908626162962532963681661389143,-3.65587133675024742384793325394129211722,-3.19178316051715160815690780375259530524,-5.4676124483202578296570853019452345325,-4.87519649364219313429386295385951168816,-6.03756658782874030559734884303935406911,-6.51546271377164700189072304463339104105,-4.57963847035253698782165273968161962702,-3.4539939414150759053852604490862244433,-10.69352089740176506863431532729569320619,-8.13376699842688932215156005239533679402,-7.80238515723864083945853166589345820822,-8.33791271596222271772917416750067806155,-8.6956655568055180661249006907698379341,-11.05026622271663401045688744286512290798,-9.97854968167832798344588072302043295423,-8.38168016978072633532841646387897083464,-7.7146536374523704468104724995807333942,-7.20710436583452656684721858427282215536,-8.98798184243334825584431247043411638599,-10.20909508839440006008593352686837591125,-9.47780801931819250609470337129101317059,-10.43008714971133595859471929703559842366,-8.84176228827191152310980638623526009712,-6.4479072224605659322128081435656596302,-7.45784544243008422314067682017155435819,-13.11887072517302414972663157814367728436,-14.12907834170607680894752376732798414288,-13.48801234338022873098069989034014923032,-12.90889442861123186279492457581592714239,-13.02475568851360037295141308430258371239,-12.41803763862874255776190675634172179221,-13.25858037799629954752150927329468555786,-13.51844306214089416862705059475189793316,-12.24120789423953401194026115131459253154,-12.72868419394915524451353568035819826656,-13.13172510449051484212322885352682566832,-14.07679389689972126562946572295109035855,-14.61619724960967383683386424597250385388,-13.60903922777340459945547053877972908536,-11.96008250245762409984391382239322092298,-10.27640017456086050345478923998549537489,-12.89411160351221205543050301918291364407,-14.53084594166318655731963302617571188286,-15.83977518355663058668911810414126736916,-15.40503556209205360879764483335294301854,-16.56705936012434908697835333892758418999,-15.75986577918098257872812994593032808529,-16.66926203230007713234047984479447023529,-16.53833616311723788447600160958457032961,-18.12033143175874338585009178507036242218,-18.11238667169354574322001576569185797377,-15.78413322889534612254455460344872019234,-16.66518305901647386208131746720330864642,-16.77846902319222692632886792155802538905,-16.28041031705500666843675825383754081613,-13.46493807988635642930475441183827579936,-13.78004533147777377690016917201094496891,-13.79996318958650666536845104480832028476,-15.36893619418145787261069756584920571414,-16.55484786904594296460563790829944487546,-17.61058474886561838262924498468634005828,-18.72198494162212574021108221349925312708,-18.58530704379634230861085277029287597146,-18.96827141899488764283757772942349956021,-18.9286209131562118879253364056403186416,-18.23160633748878203097038134733817218098,-19.22623982088903077261900859363240392741,-22.43348057122212786334078721776936508513,-21.48585182186959851365351424337852944946,-19.2042344793704118221794344973660534189,-18.31716559226509946414755057348656527953,-17.9428780724263463563600032257518461171,-17.6527192865076464146266765649479435364,-15.44877655796629228176705637387363942144,-13.55602472879715214498974311903881774036,-19.65346729701872062039755767200368260723,-19.76124846303204513622416476693310395096,-20.33149980546190496422691698799884115383,-21.39456592413147459085149317071243919545,-22.42710547532524234065498734592372687906,-21.84015602239622877326097617008163134022,-21.26051939436491864427720917761469826558,-23.16238950471220800981297068149042107154,-24.22977041207546368147352585809287602687,-27.22899877107095316679121956338122165337,-24.20903457760523501526229678794361120769,-23.25970264459925061847769817042476820257,-21.96475312090927133374095217576347240855,-20.25593436568279595828973698442480369583,-21.15883887356531690708193384824517328174,-18.62191578475434505296250686842089473212,-17.10655698039122670508745634869204952105,-21.91841114560211224090998872682637257309,-22.51726373704431082445801788040499322591,-24.40811484988949439859021333333720649353,-26.10298519244076959503457343658587356329,-27.60670564119667548787505822732423631339,-28.83552019279865874171084496648281033569,-30.04029758033578491043069811692449660059,-30.86848023221490000671190550141478773969,-30.37414576508800454184908379195832042556,-30.27148099433347935540968498990656424675,-29.63024733503638798825684437069066829886,-28.58407833124126764223929161812129211673,-26.87591451597895894392446349294057595118,-24.02593012880236474180999108063178456237,-23.04977537132134562787405308142692529159,-22.09948300741331792670090526175445098708,-20.45704897315450782930115890291012504347,-25.29130939791050719352031352782944021301,-25.94219513888617909946181132440933815438,-29.14995119841474561563335557438831081632,-29.30579738044085897011094126731888059705,-30.64801754442242782900421798983902208196,-29.55517515423524241212512975366333433614,-33.19058338536502667677277023974256588319,-33.30162579970290953702266346608118362033,-32.13776274644129799786677312949634859946,-32.333879636912603811531644445129840621,-33.12984972518889819660213153137798435836,-31.92810763338023841949061888025328535392,-29.70294826554382532764970614614923719385,-28.2945693980695507267526598914046555709,-25.21182610268865489699938089094393374525,-24.71877434479839321485519376920217810844,-26.13765825002930594400664689096256426925,-27.78625745147662888288680947544043579478,-29.11924295932310650107345859692019135812,-31.68550370213517095662544036564033863606,-33.51074354007425863564690164387347392001,-33.01244547067505813228235809344886916196,-31.70517293057469116451959508912276053632,-34.73830273002616107117254889945673549357,-37.33155899436537951745621793330900370971,-36.11908428941732663749837497835257319359,-36.09911322248629245911532680869238645255,-34.91290380522366515412359740356485482516,-35.2837629848944806330103663070684321136,-34.60037631759482259355724867496430816398,-31.72355646354785665233092643543659282324,-30.76836354815786462768696300172090233381,-27.9938146060311266166263998828284311545,-28.3344065013556373996760260758220344085,-31.17944213291610831788769140174300616971,