{"chunk_id":3730,"map_id":1,"chunk_size":100,"chunk_segments":16,"vertex_count":289,"x":-600,"y":2100,"vertices":[-50,-51.05420836022879834162128324552344148575,-51.18384758429351221498089028454593167518,-50.38222575901039009160803271759459249729,-49.67113405220093606179357177124511901766,-48.97475152865766130663096715768095565258,-47.69832789672867769748959148577581936457,-48.05696401887407756471730198610466142474,-48.25411604468768975877642392807801753579,-49.59718029146917367484735092784456262675,-50.11746077622152697605348037287261169877,-50.79402908058166583521297375707976191959,-51.05849982960957357438952486606427263196,-50.82617199045776399215239503706875215853,-49.83491556224426437573539908548295131144,-50.79053771076711997427309443817161741348,-50,-50.41449027378534772067597588442054835372,-51.19127870917389221556830366317505877019,-50.04943758457534294577239512449021828898,-52.3476378548659000537023003091305151182,-50.55488371216264566401177691754768723243,-49.69756242042935464418216887169954109309,-48.30567383575540917843118005590882236273,-49.93748777982054201591078740478637375656,-48.46351545408343735178548684249070359041,-50.34840015467981571695083870407413550382,-51.2959040421240968202709242833918309317,-51.63483537419707285837151073500286453903,-52.35928035448019063599649389620220714733,-52.50693308977315763138652711724175456679,-49.91539768396857192394329753728525223712,-51.34415677730902641628549479388674544141,-50.3158583803650733294807777104459028521,-50.74993364673033151106233154122498027903,-51.7474276965874287582769254233650623015,-50.32748123760862657506156447599386119901,-51.20252690812785011287449303988387467917,-53.11031342190136358488241384598296173369,-52.01008572765791753458672610818771931056,-50.41336007074977829887517503594863698341,-49.71428172282444545196165397266501484323,-48.20950631605725985994053520914958906536,-50.85649345201963195493015168984473519615,-52.47759692010677747899281960629294692798,-52.38798367283890155001296756981705693202,-52.49948155598504927828136463258740198742,-51.51463422889365528458756143773616382726,-51.54101822586970139169136601916635443495,-51.4365123686340163266006914143329111964,-49.60644389813198574470562122389982753954,-50.02412163851035195886495850431375482871,-51.29085838316725248099120721940286150603,-51.56669355392852605760715322175407465824,-53.42992113050493862458458509141308214337,-54.31136828250051561924052011167898294786,-51.72871679387528281835315827731161376509,-51.21745019537614451245091400867719486283,-49.36358557218319784737822220898251752278,-48.85661551638035441855132137462227516779,-51.52140533777194359887763503642696611554,-50.54827617652973144041123237392822907938,-50.11306168042658389756850260576746661312,-52.46383481494680254470010644429009305408,-52.41941365488349965206368891822018076143,-52.34872954214521032768792737009417943388,-52.43929951581885424843503747002404408987,-50.28101031383456435806023050802874001287,-48.62454790349632777475079578258481301735,-52.31529067885975387843677800428322389472,-53.13876370060991208239396053519945031298,-53.15097535669564820769714700063116582025,-54.81348360457630098463228025520824184931,-54.61294886121458937231992781535612748755,-53.39209791331214378419716344969497680682,-51.73251854354513276747345514156992397517,-49.97119781911898949848254713575582492606,-50.59429740959315509077401861668850034916,-51.9795400266636714757080673857191436778,-51.8325981753234468222388301399898839123,-51.27872740633887898227025917982231675693,-50.02692396504741690932773125443690669889,-50.67859045124388775152881528593426159341,-49.90016042735033858200898481371680560305,-50.33532585355160392125670480333287192624,-49.52851598408088058510068242495835667349,-52.58474743935064148708354665925117314101,-52.33834641398602041929676326671492217653,-52.5123065370618510537251598026225763529,-52.4489154179121376649273975974466593159,-52.44053971116120772026312337195548456593,-52.26009104744965214801288865307933933415,-51.98912976728684972518447784487821440547,-51.49878962356602627624505629986150689942,-51.96322192292981654711253797691388702195,-52.12787187475229397432033276098806846586,-52.3916222334626411129272563497122203088,-51.19902168223744603169466498535543968603,-49.06801489899189550714163552671327697212,-48.74805936416771602504018910072845181698,-50.85953691729773111034433274650811504825,-49.24834113098360369725996176174077468994,-49.37966594989906464680723360598872499581,-51.44147604233124916193362596589066613087,-52.58686243023841250530277849150156128349,-54.18640318147854197786171668761463746331,-51.42115131476969029726502381689409704448,-51.87832706628346402375362080785905144405,-51.55200636379311304623358144128099915227,-50.67667199702444493420052711735931464448,-52.99936339010098567018554186834700947727,-52.89180117934378219498503973179095791453,-52.9978665863573013538987174659129123001,-52.71672640765226877407188713999082167885,-49.84078153580134079877930658579954645964,-49.10225272993379981391823641535458246123,-48.36309198032213667187204190986787027054,-47.43278003360713722273171083403178764741,-48.31765178903736074475215577980978497298,-49.04846091330833039495691054066244548142,-50.07181805619943451196622772891109892496,-50.0654650400135500693804155695010857329,-50.74546205176881001123921321931921751877,-50.56966387233372202506353412978198959599,-51.05115643675676947455131362410153865346,-50.58667102411747438689938808769783343424,-52.35064566430151087307422995581031602885,-53.80450389189769350262743382712530979346,-54.02356991211450981369436017486971676982,-52.47465947282440631012737910143658954584,-52.75048437993992866705832017445161955761,-50.86165812675368127133203970491406544291,-49.30940140938817966131547283928221736638,-47.82146867849864034700637703439172147347,-49.3778557733293932963419298391652468044,-47.78405061501687235114656952005693653138,-50.61732508193108532482704591100137351631,-49.43304697893332074101661322147880447144,-49.72695454526995777600677187480212145848,-51.37020890156657251742359865191760905064,-52.82748806170806346675080775246848782437,-54.34446792226602299709046126750066078757,-54.45046367184417382829085093968028244352,-55.40809639069273490109006775423395730809,-54.8107341464845365767629874074252233575,-53.84855702036726583352064705188607278019,-53.80603192335284674376153604882372951391,-51.99249449429721589718331865454321218684,-50.31685692615624646704952076232871615057,-49.49379585939971415592791007762115260152,-47.7703457231634015691971941733678606881,-48.18673852783305693006434566283597294237,-47.31742301300041509648488975447758785026,-50.76810457944932290576666309381389067537,-50.12103047445091277846167142909198594981,-50.55911602212253434183530635830527691942,-50.28992986630527600742464306970614871282,-52.83340743249614342356785630273015693602,-53.27631681504326204869647325288920961316,-53.72196604294387698580417211534856564778,-53.05303430703686582593965462034420378044,-52.67617966543951197635326911268423304714,-52.7681249997436464804318012640235518735,-52.45535505781813160563407821514930528343,-51.24564552537680317055091851151467666608,-50.94919180477452084779188441543182467587,-48.84855355269299836786604314780841968477,-47.00745725646400213648406700430064753226,-46.82052711511725222156820620113765678713,-46.61023838157712607987647849068238146459,-50.85473901670719128355720055802299841224,-50.25778786201872823019781750572705168191,-51.38253581258631029739751063329787374051,-49.81162318465171529582850954853788883389,-51.11535294715921973774801671719618976577,-52.57881107606789777114950686645693993809,-52.57991467719212196204571382983131114586,-53.25243418160348330982142007838275320141,-52.09103861466520483069014655509019855172,-50.60772779460742319168674942049418581801,-50.30295865055289648953546001191148829007,-50.4489525435042507683389460401968773659,-50.11678454974084801641873469396109323102,-49.51794159026021055615900048238171970488,-47.9392818151134004215799541662152934797,