{"chunk_id":2988,"map_id":1,"chunk_size":100,"chunk_segments":16,"vertex_count":289,"x":-800,"y":-300,"vertices":[-50,-51.14578589014506852586488009218537273052,-50.82051738154810889585414791270073586053,-50.08730686583140940970822188511017634182,-48.573890737440642363144617133706108279,-48.14130686659041336887765340963812453765,-47.93398878864708439124948617900972753839,-47.19692479073981430182951110577776531105,-47.24078612766993841362273237938155086083,-47.98121868972794483022110145781312190037,-47.76084404442574201422891258279018671038,-48.42576377449970591310752488069548495751,-48.20278642417682910133056201130172538693,-48.26691428060128848487545737748258643156,-47.70195106520484728433347314844595884848,-48.24780788720530146422235262405585046694,-50,-50.99346651539098226416742195781269845705,-49.22658105381487800031547921495526489587,-50.73664617023455970103559697192081276963,-48.801239988563574447303987267435187509,-50.01815588527759906171990222624784948828,-51.52991423376079814326176559896884218452,-53.23288375884882589220047550676714087686,-53.87952653883371830376297893892301074001,-53.59320312876473227573346434908612100479,-52.01105118432645022691110662001924819409,-51.04672661305511663019375373446516591312,-51.42630200354275465295846000598033359525,-51.73175361650467925914739917947092468439,-50.89887340881891969154488616692585486497,-51.7874976852209616636333263676217395568,-51.72520127531099692696876500535939060207,-49.13714307638736581854497416324044852461,-50.30434027657786376552832741802732604484,-49.97309628996359796284648508641221280186,-50.3717575691465656146343731747194256313,-50.13431994712584165312112613986910058512,-50.62474278218531141709515399701268555344,-51.42044974042319090008122173328930444994,-52.36377781815025244637062243907243496893,-51.97451663321033381323931227871708728911,-52.03675154141671710132590954487892407714,-50.81155160179825312545004980608898892441,-50.71194011029585622948602246955964012373,-52.85247873612928651563916111939456079089,-53.06104044556233245768506099615571441059,-52.10272181305624469603732778892594555435,-51.67774534800799815913257556718684054234,-51.50804870564744410564442116195714387793,-48.99472920593308786439765532073817997389,-49.57231314386905739992295880438324478306,-49.41610117779014456529544462803311772481,-49.93699930064347328049477088958980240048,-51.67027936761758461449433583991741118956,-51.33695969250553280055269602597690788866,-51.73614707811847812997732327034680709519,-51.62858900036508231468335325520221249816,-52.87598366345234820525301650034445310945,-51.70113703741648832354151035511378987278,-50.81139566769847832080048085061556322641,-50.98924504635118139406953035418004538274,-52.55269767610500436016492058527339290618,-53.56862530922974045346780056510483925222,-52.87802689549634839991849050269394461179,-51.62136960558662590019061802474905838149,-49.83229149736892029895466456042290734213,-50.28308749315671428883155554260879590427,-50.1414227082448779822011641278953072526,-49.70141993657175954458389214392068262357,-49.33942867625599051240186509596122645138,-49.44667591025028532268760829817283702725,-50.47040274014827369616329869254842396741,-51.02505258657601050900128476895707723897,-51.55778408569036591081249431190699247709,-53.83865766190178314945339274538343145992,-52.87565336567764832639053133770621220654,-53.05796143907930127153573990310080572885,-51.67657295202445219749184345270015839912,-52.94265007911244929642787260646380257382,-52.44491109564098037895915708253074223799,-52.13658869052754565344211466772467359349,-50.39584159120167301700179868224668827861,-49.74200840764187508622364474953088284962,-51.04037532157361488264669111258952703318,-51.52919883584490443606485024545250060232,-51.75465879535785730868172013805229401578,-50.9627173832655319281677302560980850767,-51.02237859583392515067003713263304022734,-51.37868223291435833812616061079564504109,-50.71947206978822520852980122688037263553,-51.91819959355189859018180282139726057635,-53.04064894198047979554017198327862523769,-53.50404993470181804382604777001092360269,-52.27036022338099468360221238844424897369,-51.80215142755541262935259604782032254335,-53.67286826293765708451581959372634162213,-53.68186593941306940452708060221644248253,-51.6308094767080480647095326858247687894,-52.39228815959144448797578234546927528324,-50.75572181130168611694739591090576651666,-52.17608982608028008215761457453634745168,-53.40908391488653503486255450824310586805,-53.39080192827215154487552908527428876742,-53.2989970509984865826382470913723723561,-53.83262140403149663396908253569467985937,-51.30748099839195708842446099920932322515,-50.54569118375270244889337354622034356455,-51.45470447392792930033371326798611438325,-52.88136834386692488289397089159567077124,-52.8289499137498730197966212761040399632,-52.7332308232730724603434948990042511177,-51.90590545594344375613545736646926205246,-54.25666602733290503096298381715003047343,-53.17279142283850915173452265140534695478,-52.24988565054553002546444943563257635875,-52.5182736843805659745950845742265424607,-52.44549330796737905274582041172858331634,-51.619875631557999687612107955720568719,-52.90372911977920480657731245526945021073,-52.84949722838499543851763625311520091474,-53.3666669666899293025882684334297413565,-53.04213667720766362807554018857378687651,-51.74859603547439698887849571328411436121,-53.75243006985792887023994647342430082399,-53.46917324591032160800831402884428693758,-55.43702138113825552912110539116336531003,-54.26321483165980005430640045068307173275,-51.93733984982377288545684798252603146748,-52.76930185664554788128132615672850989013,-53.47437859564767297442125003784837216231,-53.96823385478942809385867728919923591462,-52.55708494542737267021482508533893622736,-52.92542686285526714407856499188685410742,-50.98588168683098637658057823748551182629,-52.94160507079920223880023732013616813222,-54.18170205211878186795406339989860061251,-53.98597498072723284587944869327845164954,-54.77312531504804268365145864499613526719,-53.76001938560109576018912659321368165547,-53.88498428568496727806144472019636365929,-54.26732745134253587046779129819933712925,-54.19730642191009260210971327608991488593,-53.6957913883314866914034530266025815365,-55.07506919456066039943318467704384288355,-54.43233204871398951847531087504983835153,-52.90466636856424905828809879580097905689,-52.70493631952826862862811464972306532136,-51.2914301056625080139436693488778756718,-51.21082832265034402774059377583766108244,-49.95018869184839435412258460522864978408,-50.02623997604672779803819386767203368385,-52.99841829062209303666540482155774395187,-53.86275104761158764006040001377207574517,-55.29593790008500965297348377461989076497,-54.72301844630819969280041999174377203197,-52.02787766788350583511228104586181853069,-53.83564139176817276704285272769490701374,-53.33576518625654920750154683268882955334,-53.59689247033104661285176928830210158228,-54.17966411735838085907716916504273887334,-54.64361871355100476482189636403314690041,-54.36978379542538541799410473692933899371,-54.76251213555040344114698709421836745289,-51.74677295686987051509798152029088432734,-52.34499002805588526576045743114475213643,-52.04035492056724353110147713553985012393,-51.74967670819370853317903692264698200584,-50.83234433627583867594523646046230142093,-52.49413070300193568233653460631801417784,-52.75187875891584075977852013076203917282,-54.35190873476944203378077167408908326187,-54.22076431731570692750803833753508866145,-51.92627983255452750903802840332222390901,-53.09653056212932724489133376275827083855,-53.01152530289319816204696494210295345401,-54.05289488086370949908576852438680103232,-55.09546870395166286136713666652051239842,-53.41200888933898082278983531736343137782,-54.69370926658971624557451222604205404896,-55.16975424235784862298956273389267491054,-53.59015793267363096749022654308397089083,-53.30703005866639730363647284015945866204,-52.20275948917653734172380577499596748358,-52.60484929280684955899763203200327252972,