{"chunk_id":2726,"map_id":1,"chunk_size":100,"chunk_segments":16,"vertex_count":289,"x":100,"y":500,"vertices":[0,-0.1978834185076470508891318764070626252075,-0.563330173981717961699510475514514257575,1.1553331908464626005921669843455891641,1.79129164214495892427683341738248996743,4.08744726524358627057929874911348598171,4.62896404940862187620527912781843218368,4.89120321476705844909234048016917396659,4.36145138308421190553975412641714457433,3.99874786294019276796206018333954145634,2.35353866930246235411568408861777204859,2.86962930743243459507832888052573673324,3.25742747210902373476036272019518505843,1.92264524450098448768544017301286639888,1.68996307903587139707153236013734737043,0.6227411682537757768626305228423315055572,0,3.57274304579007524235622407345153066055,3.60907253185760634513599986581963611588,2.06163215293164308099244194610278207842,1.74248850287649414667638093643076352314,3.68273864127149582026108033602442014386,6.08266857269367148164905893557888577893,6.88528867829444271085687282095868839251,7.84116531943383289913713839211670009956,5.2215288403731805139559542020694038973,5.24714173367987658325831494477719627034,5.39419372482730526711204806959215642418,3.52591175076852093787831440954017410602,3.68286291853497830154342885468755235848,1.81368956756150405440024569635733989529,2.32619499902175292872490552224112284785,3.22252751452357892625220276283502707069,1.46478359949788960430206590399764475949,5.7845277722555472897909214731777428974,5.32662481398211578989875530810609932031,3.29607046030752070327575467951964675643,2.95884872906299480667629439455974494888,5.28307668647230811577075476746678872283,6.97746209468405927496901351454831404655,7.62828004077920399973595346992918331327,8.93486363292666846054938687068114607017,6.82270795548710758231769750232117887649,6.99077403093982041702596121890638469921,7.64845618667383879628823765907204907512,6.38742172433023088208385028260263610111,3.52620751223346281892429002849989756974,3.14761176336577425156313021293599937731,4.09333603321140964699559268019374443147,2.5136684533019504880204805959704531224,1.71458946375098315929648994979235981497,7.9362661150887801423220992054554943575,7.25977167036688878861500551461171612139,5.32334976821306513502349960192841912074,5.31754618803629785756692947264686929707,6.42489420880838173614152349909171594063,8.51509661650543707379368041704206797987,7.20966707453878017597846055811988133556,7.91212936444809283219871168128834988463,9.58192486989264756185535164479233248917,10.31725164202377416357016854487477998804,9.49128963576302561801074779465343027413,6.70808734693392855978603641115114413833,4.70502278581368422260486162622206388843,3.46810753562990718628409458063774749243,5.18035695062903732639948772616199149296,3.74636366864147105243161225364624971307,1.74392587508602539039221243757817509936,9.0449638867542734932367532508519749718,9.63051720013326233014755763086292323751,9.03259425513546223041893064556644549663,7.85622143097526881187620773325500987854,6.95656670825777363023001361032759057473,7.796469141368120325361373154913986116,8.86703927111036188580171216850434170266,11.16413520018621325522458831176755028581,12.49730639002568772401308057999389549221,10.71254892026382182484436653156708453745,7.83495742887396555233839768014084463679,6.99337038772335631534533967381296767288,4.51893042098216121612883801691996887387,3.56993850698228077570751187498134316586,3.44798226153704008206122740184510338912,4.25711155065267888313475687556666115074,3.61968106430458178943481440240704453114,12.65556208428071087412053412230475460857,13.03067667319373156301996050640514235929,11.79477853316178007649064780655498029538,9.85294438927089513767881902067898812322,10.44186304387629343745885132313694370297,8.83751917188606762447624260725324490421,10.2660047621924563183236115882148528072,10.57698020453924513727187238516137200448,13.85176914362322536127544606331884962226,12.45453356178031882678044666697210629091,10.14467777109047694369760251201883017272,7.66521828837454151630537778668613154332,5.8715952756489827597895350598196911945,4.42815936256534181029417606916736929656,5.12314943718167250338205390129181261394,4.5204096123852221625165495298131934515,4.69564362501445316912690066624035581539,14.83259424300021184964087874935308985617,14.42856461575523980893316295950499316368,13.38536565292990298696435334079214685812,14.34515978954467801691111679620353499976,13.54198761681435663604423487364020342108,13.61284651774006356515368992101248375265,12.13438504097203721373150715541837630772,13.19863034575219714981039173284448373568,15.11673780292454224185865416765730733099,13.6361482771408068725480946205319758431,12.35359983327487295146336530280313099597,9.7766720350940696016908396706966030121,6.52241902344631059255367845276793384632,7.40605122905073200382051495016528914659,7.06739173847084450196342063705907080408,6.0322384925584882507687414505419402087,6.92819897906599197072390710007227148408,17.26987593054090651119985956483631859682,17.01449316518304981566887585211559985265,15.90086754836220962505353241326537476765,14.75066488975452304188912910893866407162,15.86899815622410911910393936693902939032,16.28566385605001379940492876083631322464,14.64260334402473959760744076082871758799,16.78117090019166523254015281678439984703,15.03732932900570871772421064570282676366,15.18772700627468635046245671115620052778,12.54016115307580669465784336606414936299,10.86492095060485055144265412731065216148,7.56074395463913696927958463989953112746,7.54209108916557485094424667753681386285,8.36714168716575575086922737565601116715,7.80132502641937662243468390952677015163,6.98247833916597699846955386278600717632,19.46864260150283463591055298601634450433,21.26462165242752625069252311762972806682,21.17699247997672423759637651582046260157,20.20165836677526260056586161529078537059,20.43195600613448600954705449083520122524,19.37882120560675655278571591164761799127,17.39953555551859829308464262057220191749,16.84821879888003053332405388239782429632,16.560009003936885653115864046706538831,17.24747558341675525370322070472227877038,16.43219200163885220289955749671756545477,14.8960041099881316724743903874228975603,13.69690995291746572576537085444454917309,13.30675483144611249619582297307537528679,12.26176641435049102177548856882633480347,9.98714035629361616764620561234609173451,8.22413604223133011455643965185590191139,23.82037552860907201811802677139133565094,23.44213651413885999327779799171414976825,23.07825030221929540311620214339022623934,24.14189637481371109993346781076140789351,22.81912125232533852448309220133838367772,21.20210844187199824543070262445976396738,19.5216156564087028387563165795124909852,18.02897722980195438746221056193000430797,19.50778620362603537479327402960229458778,17.85261063667971612839445502346235225505,18.39128239962806592247685179004646689458,17.48359962663770708768517985161057951675,15.22873903672884599238242165055252885292,12.82363895027468645395940838112515836614,11.8985941264636293000576962061535096035,10.57640825600197404296203734460744094628,9.22116756906977792507453551993627346174,26.9656500299737283904213848465822163075,26.4578900246509612563847727967924634175,25.3761500689660152902691137829851307832,26.78408324816832723498985965251919797405,24.97641358025702063068148892901645877725,23.59681425185828546933801813643490466104,21.97316265956785333381041404135067999048,20.31132399652558792342182430988813901992,21.07849899829218514969224191072493722872,21.05482220782341612591562928379299341757,19.90408309935780083277758434554122192469,17.12841558081206719802568777356930485459,15.92829554493924125969869509917777152806,13.50130669025978703013683093329561276908,11.20294996204957307546602808226174253354,11.9797737420881685826968594005062165438,11.58926028564677553508585242903397191209,29.90949889303940036190213467414915585715,28.59423135850675716719631754537457066641,29.38676023991182400571642919377118785489,29.49511449845577822412314761442736556198,27.82382899894992158773603064459340007079,