{"chunk_id":3250,"map_id":1,"chunk_size":100,"chunk_segments":16,"vertex_count":289,"x":-2000,"y":2000,"vertices":[-50,-51.84904873119068988940184524604928094166,-52.29705047886002850701483592049409719685,-53.03884463288848827299932016525490676251,-52.43002611893882943258513610548644088441,-52.69177086340297242936226742744954831468,-51.46818676113537111466778481618593627597,-52.83323678615528256583585994794158106431,-52.75922616188197200973476851539583056514,-52.56360579162527090461112312019416152159,-52.96867267609656039756775218847142214717,-52.3022420039065605827272705753720107409,-51.50045808170916287774062286158856180278,-50.40820034706656621487180516447425151992,-50.68674869660534675710873177969162582183,-49.71204939395238622454268641692878310802,-50,-49.93894588855502119924789682016590048206,-51.31829032317999920639722326325552435979,-52.07628106707313397287234224280843925881,-54.12223939619540992387938589722768622898,-54.3221745020822189907202054858721559402,-51.99464136877814546642110650439741730591,-52.5190775696397992140025360888466942082,-53.86755644126197544841836628491993123217,-52.9626744113513383388981655905207039317,-52.40857474568644550579746210910599993111,-53.21008721985476520385098280328867384095,-50.74861780698214244162313309976149762963,-49.74692827692360478263195873078207906455,-48.65274857981993497284660221665086760873,-50.60623797351864585343296433448876679146,-49.1496130672587922655522241614963864477,-49.80586795049991042080043761103454367203,-50.51446184166447628910629878428217543302,-51.75919441080216412658611669966569442852,-52.91961435535700971570741074275682836277,-53.74584005255947277172048542297119060568,-54.31506034248027012902401952443125154853,-54.44930135943630106285352931265868974097,-54.23150739917174056119565461827501175687,-53.0545950939282564409164753128854141983,-51.85305631674766605624273281322437880235,-51.28286115722955458368865703471771865371,-51.95184310657085305014603234651026969526,-51.95356701953780363364841799505977335161,-48.9643707289035721018071614805710594612,-49.24444373800339879686144380711694845593,-49.18947603931330185219501580367778354269,-50.16631111351720695461983774217920846276,-50.95559129015798830582317666912801100732,-51.52362284935675849917514302263435785983,-53.8273832051314890228337304877905922998,-54.06478834235155499951593006995322392482,-53.16635125151129343615813177221623788606,-55.0803644032419363666333260321494875993,-52.81657285245218958721106806709060094189,-53.52541063849852953637818293575253613265,-53.10868779460522129067105462424077048016,-51.07746559328830459481311295828696757732,-51.55695417048512403713781759198781010103,-51.83708476131142122014610383173367047225,-51.03992450799391794344771687142310796659,-49.62478515161945878694400386927094363421,-47.86826402599455783907237027385120943651,-49.60023191659586288808357836863133914516,-49.41812497859305826500096882402546653924,-51.58597985908420227049028562124807181603,-52.60332621012169681028007768302424809514,-54.08794585328561698408506482192835491691,-55.53488957334824188207885175357202729871,-54.69665993289467534886739944768159010581,-55.74124785290384635540354328422337959945,-54.5000222958750016277557142686196232033,-53.53736162356743622125796633881249063497,-53.19403153671794880665410802245370335421,-50.00949194054128940998844571109822515603,-50.09003790247984678091965886114122483383,-48.31125070396666002271185176125323782447,-48.37087429344068734246634196829160833791,-48.80620290581819836954064355648657657839,-50.36475490927081007321318392420049041649,-51.32546301715486145018743480737780590743,-51.84620677780335373739135825888516825185,-52.18131543253582120050988892667683879454,-52.4947953792638596695189176247858220649,-54.34785433707654601102381740973378828089,-53.62782325348660948335129647660785254224,-54.90595366109262201215286456065128777074,-55.33021446019666298566051038339178569264,-55.93217916763170624404777068708846125596,-54.33776727674218432730208254294233679861,-53.1305510594953867313034540122984475664,-49.98810019938719886191540503904075541981,-49.04392505588425858366565014574883174489,-49.5141128171929288814390387013468990084,-49.9685157328098788684670782370520893003,-49.18523979737063974805550428474532588515,-51.92701000121308623947350095081651565576,-52.35119722920532248729453001414134194563,-53.87510193068749529187388782874989421259,-51.79632249505129457451993994096605633781,-52.73863331961170459578884662832957371089,-53.38669332437121124728458587678687484671,-52.8159981514476666637626324103673327853,-53.60827779204380591341538212290725602591,-54.95274998941619657479741216313072607653,-55.0077047167758486528022991833499190517,-55.14523446407029873770374319798512907527,-54.02100841796719972109242213244209374494,-51.42444815268894751629890910833365064861,-50.54960816422695766997536307709763225632,-48.83071467052753633345314010135104628109,-49.09391121676906673992085281606679572585,-50.36294446981091199323376253421088251835,-53.28584479541798426620573011523724217175,-54.43257053756956480954647185156935443154,-53.98464744154883543113773803082961949369,-52.64234843211447206967462898674047742724,-52.73990549304558462440251357915155791812,-52.66562654615534437907413984304389103661,-52.29527812894395835171055704268728416881,-54.39280849891647075152920305073801119892,-53.89978953224826093624877979378540380501,-53.804661496117150736159821865416157719,-53.95549687453642084091151289800103608551,-51.34646490249013853984806841083307902634,-50.80098646153172839741288548042841355097,-51.31313691445306416166715965591711670102,-49.8491627975430397637814253186696911163,-50.94898370966554767201272311709465279997,-50.52879060068398686445382330858292708318,-51.32680415963352781029741258860995463297,-53.65793123077467747252391815567988757524,-54.89250343676485339090672933909044096983,-51.25474024176151425615096131950137067787,-54.3102197172570129227245761433061938802,-53.30929135719443160019976646136386731664,-51.55877211433046364792022921340412110943,-50.55521096930780799261985394284689462313,-51.16291180961189153988221605778060813088,-51.88554592093544729974470304081175571387,-53.04278680223418674601138393706934048274,-51.68725967256880050601127050590818279085,-51.88451602203296662656203972676158021915,-51.59350895056387840180261321775458758428,-50.68643687894551692602297018656841950713,-51.00079323512726088324662296913764025029,-52.54440934789923839020049573434593180571,-52.91477173074052131309452149289723131935,-53.99403297948740210799364050285370596155,-54.83516285103186442519548937796389473017,-50.45250311543582928214809828583194049496,-54.4598825212647698706046102883942176898,-53.66783672176483494737041802353867087517,-52.41873236020155196340599767925006490147,-51.50668742442431217830408457899512355595,-50.95349489759488606437816255669638678914,-50.93335788007565929180489112215492722196,-53.51313006813885321439148530254793678927,-51.80059285704340766604667841990525138465,-52.18114680428225880806018272191452932878,-52.26404227281971009555386252906642512707,-52.1237591135398619385110671571362697429,-51.43276153332084836082942238323522193535,-51.38452950423340876973793424682025592953,-50.54247919251991184311273843093793838141,-52.49556479516000261678703558226584568933,-52.85834523280751839351292413556867405057,-49.7869361889056338075063155063820200491,-53.52544112415980569424289969029600811803,-54.34780271714588455556377520738258265101,-53.48330000361857576162134874705042924642,-50.28741224791217860079973456255022056197,-51.01209814539049775559730684138610864867,-51.72309629363581853202170916989884258428,-52.34552154755591433816170573267358989983,-52.4802830868621062242683642447418453443,-51.77423729002855196800514314713331977499,-53.42615121647989218779932537225460957335,-53.89697556589997277997241323917640862096,-53.49825197147479102229311535255571722098,-52.11504209015115990948105441692307544354,-50.30851227359001070327283231050986192922,-49.57353247270562554859823622194423272649,