{"chunk_id":3667,"map_id":1,"chunk_size":100,"chunk_segments":16,"vertex_count":289,"x":-1000,"y":-900,"vertices":[-50,-48.96154593444844086768819221466984435763,-47.29463259127685507214001608754237491104,-45.90342660131806751945346252442657834195,-46.42875794787029870027113492639043058163,-46.58260728605359494120466332297044094836,-47.52938533857904082782501369258867292904,-47.91893633157573077243162264162021766377,-46.94855919715888566600710516069401965644,-48.0684870444716535625643664185783684472,-48.58501750770717555675853242861536892549,-47.72348530285941926307677161456739756537,-47.87706899264055936040267607057170961167,-47.85108024977737660517453017292984787073,-47.48506449128674119894721421291565780962,-48.21889375047328986286485860220722618076,-50,-50.50918311238550655787652901089718657121,-49.12711594283388413340101283495045408251,-48.00201752510945499568705853923601184665,-47.87506038216613152528785506329864308975,-46.59686808140682004717034340186297016726,-46.26362483355538079244332027655094664693,-46.58799891133813568245511380453808590587,-46.36084210792139714145413634577955869804,-46.80081824891061683546759392190543570016,-46.42715174834687608654915319567124999565,-48.77513142249438046245978729779117201184,-49.81678576226212382050538906420331018935,-48.12465918377261793234878768641864540281,-49.06828641012814698844980023766947267567,-48.11169294637217436550823114249726101843,-49.85926776175039805188586248737278343488,-49.02280626344394247443706239707056824862,-52.75164804250452237501639536539136130758,-50.64267224783331690426217903918486457435,-49.93441976026840286582653726674919448532,-49.62225325356655318012495308537709628579,-48.09114703179446109821806772812767863915,-47.03919280588536915077458490905170118414,-46.72325257567334794198016546081032474908,-45.80734059953954581213349030177579445286,-47.44822391743895700609302128516298877418,-48.23605761467208162563623819337178615733,-48.56856755869683982354530997877225513416,-47.58484326545485455252865465942994252541,-48.27462491910290658683522461218779155002,-47.98657287865153310613152520246569482872,-48.40972565039397892040342640046570696569,-48.89692810661013355920509663418312243095,-49.67199188730260516303018599254941192472,-53.50638009414207279261219688071869057323,-50.42538298698435984143993655856550230419,-48.29569407620479783581908491334641401046,-49.7100694730309750285711641779082128026,-47.69762370025044805397467248597020655231,-46.46972658609968880465721211728462887386,-45.52312791520205574010035080731377741738,-46.33819460310289380465310475305225389361,-46.66027592641747484983394100387011925575,-47.51950694444127044774214061893495359338,-47.94292303675380773974639580885999570113,-46.59871115481486796356654448925529784908,-46.88768050745836064288841360602318096319,-45.67825681840425236797134739421457838164,-46.37681951734878336885944394457389729057,-47.15333438077577822664491400227584768568,-49.06138363715334302753369358768709180087,-54.53304937009327543006323135631898096007,-48.09114680931732747946874883461660926871,-46.9336713459448437412650450579173555031,-48.59668955733674765892630145746128119369,-48.80266155901731253290751972572188917344,-48.35093721269985707214642976768596717497,-46.87894903855524157514828030617636859226,-44.59033032649687513280310183757959987622,-46.29228957378991029015110762921375301944,-46.51082479471441876504572945857110161541,-46.82845618649504743564329787526725012679,-46.44564895950315167766688615121303390365,-46.13544587230748945116418128295036193834,-45.598011490852776767513551793783959276,-46.23104206684393253283569128840438398023,-47.03497038746007361967927171670867575956,-47.19161143787822158097638582010634000828,-54.76905804922877111805231691967511477927,-48.4130219736597558383913109611496572114,-46.19051388983298242597386644662111129687,-47.21089244652478848143900047419306908744,-48.52683286815044758280948180999899474788,-49.02894797701022104580812714429358594833,-48.18976878251335984786936632557152307538,-45.02843492171713729473129744787384468978,-46.78366923935375661335675969353129754318,-44.63104121381110576248058571701251091778,-46.54735067956825494033190834046966451727,-46.17893502162332115482526833423013688273,-46.67379274210954839968191436950669705123,-45.55779580580045053634351617590775300834,-46.89441803615607927713823396249439591953,-47.56412152876219184616160897133399107162,-46.79278845850482211089627092143119899521,-55.04968858124506598844274397602618823773,-46.47634162905166131259267990720213952486,-45.75593002108052020471166545979683143073,-45.84231669805400330658783743787085255317,-47.61602381685075636751613937977731582811,-47.4462707559273735388944641201017420582,-47.8313901594850954112877259212008686094,-46.29039896207131890356765016931047936982,-46.08185347260037828045066247644215553887,-44.5305945285837903810890357774019334311,-44.77736477379061879518628734534588761789,-47.2498582615051245749414230897327943716,-46.89659247182133165295470823052869405664,-46.37892648311820656652500525500689987932,-45.61526572052257629968404853384541813032,-46.41674901125657688284008395565755233962,-46.7456939578284524583663984780530896964,-54.05455042920013831743476829582170518657,-47.71196252793123343683809286958302016892,-45.62567009060212387784567911405630100027,-45.82175272994230047840010305100926054181,-46.23421415464287683960067065899333917274,-45.87257531983960354008082593669787375662,-46.18813939190205147510002891538044704958,-46.63700432110973614129090932487341986272,-46.24254605582887930017960373280933231347,-44.75591820270672294908763003275082186968,-45.58950225781974968357664765346191976246,-47.63813814262586453558344591122610299414,-47.19662647235278704944379906677279336508,-45.88335067986317804459425349588514938106,-46.29876968150307298560725501375815189437,-46.76133088768276809531487795925491463685,-48.06941089050080936602681107438481267819,-54.16955783617363427214529467189470882051,-50.11069062398000653570234772614412175696,-48.82610849887273925463579014056404553025,-46.77648195124573835668588569584472821139,-45.40159766382229563637451457743893540893,-43.88005465420646710493766059824015228144,-44.0697430304106014035428429436989290182,-45.21839471094401921149645820348846473733,-45.10983785081279624851030980948299457215,-47.35245791317118472940871168424172290157,-48.47035746679241290759472065309711973918,-49.50661828309277736926677720755771304885,-49.39914526251831728727254496173375019896,-49.31579876188673207320475864533554543621,-49.28686075550245610108415715410235115074,-48.39192147599287802741922442749668003749,-48.49292132829096215727306002304162878798,-52.96425798456855060584908012972774005504,-49.73181570394049525063546999244957423584,-50.38333821423609379666188152226757523824,-48.68645795164693917731738008472570623829,-46.54503001874616644426057930028591679522,-45.16841429481219196765665936766094933902,-45.8169561013812005156514724679549345472,-44.49952343684063036603935811536101157258,-45.03187630619730131930623815361820705608,-47.35938166668519979867572268644693375431,-47.01310874774032815434233142938748289321,-47.06133985243147448289850712216446540173,-48.45659228344795487021201628755992587446,-47.83950761707973213740779500546205266924,-49.04165731852228485668526675644469541416,-49.10396976734665600782739495301224115091,-47.88034033815062731108485121848522315504,-53.01179060525617337627356887633936491468,-51.32964767543313488506033414186521726605,-51.74840026055061156330727511873828612538,-48.90571301346961008446326520343734366486,-48.17325430868472324307419814860047771542,-46.63870945273604115090082072575372276868,-46.51488593075032843908568986644010408461,-46.61686176936451743966209065024193239622,-45.13365473164287147437354628994085642979,-45.38614943695957317511369129657980093578,-45.82261773591717522829158519449707376658,-47.47460508532390090718753111006247636976,-48.2787315500253720404410713729846776878,-49.77899166417638201800016380961573015553,-49.98485576131425662718114995711551977625,