{"chunk_id":2888,"map_id":1,"chunk_size":100,"chunk_segments":16,"vertex_count":289,"x":-600,"y":-500,"vertices":[-50,-51.4223904885113053288809867946501192448,-52.21002552194231255135956945239815436917,-53.09620335537344082794143884102535076733,-52.51467233884192626530333850129728387523,-53.099157467234947052257161340408260725,-53.05760346122046095382315180873544979817,-51.96212363803560776621293399514317686042,-50.41411882389616086150735615881784423242,-50.86104445483079478154145409843607747762,-49.68238018267240265841340722667647944611,-48.9661783635940135794593532629837202207,-47.65604582428896872329919421054947875575,-47.64564243576648144149957659646189391391,-47.35180122154748894546971258588977970154,-48.63248642964828790158787175959993314955,-50,-48.87532536231172547112763110269965076902,-49.91591727708679758689153712351276514098,-50.1118759535948868405286974710882826822,-49.40811591184763961523288357818007549939,-49.92835446353326830821771919154049737114,-47.0539960782512974236772967287902146464,-46.58168882693492046674078468041930331069,-47.27211377584011831772894961212319335087,-45.96863264952108141582473982741690787025,-46.29089984198209781003318915169833061219,-47.32037918177936673179453705422906265031,-48.35654084496236573852161804562729122022,-46.75892741003516474286262246435445662511,-47.40879521395814004295713903125395514781,-48.02394197082453654115318974833456441648,-49.30218965952268638788475818803655957193,-50.89896511330655113763154226725380519253,-49.61678307266340697533449091018597429083,-50.01008616506735763514380308420115268207,-50.22677930912046871466452873965249654848,-48.43834484006030512504171040591605022288,-47.86783954758285998245939407636781079784,-48.15382778876379919562458238944347398092,-47.773124478323612868086614787277526949,-47.92625665029577247023450879910752920723,-47.29798517821020296399502455744784906728,-47.40200704722645133875643244939684944711,-48.61042028283117119205473137487644225341,-47.50446019340752024114158850485821623876,-46.18380770457896670233148311419847945214,-48.98189651029587640455768284960547243064,-50.40428048442303182824836033320931345649,-50.29227997191036946786973807492548594677,-50.62158824693155149483746378949032755058,-48.61646390638716603784237634840266239563,-49.33761052442389331639358947775042384147,-49.20337809706380586823264753952400819331,-46.89348392797730467914369986146292296085,-48.06115277872340944681698910206992489989,-49.4268624043216033938705115302139464035,-47.42560887716777772638371272068230485021,-50.03284457478162208513584897415186423025,-47.71486212477679911781350397595423764856,-49.81949269840571202690514770424098933549,-48.22005839564450974948626142772048220541,-46.98461087626308460176567873155194340491,-45.75389463223135839382292104104170629433,-47.96059743337221853083378037626675936206,-48.60913911409821573741972733576690527317,-49.84175803255588060567166510324193963205,-51.66495506743153848702988036724782753659,-48.77777880650007119048159776470737662504,-48.43003826966114433681687952121603283158,-49.51886285306267338568512975337110801952,-49.18696378231543828157069148543576244604,-47.11004114269380539594097482371486041517,-48.76159498327669698129417102779070264117,-50.35430106383580452744548703242190148003,-50.77776201864673023460543170485055620922,-49.54814629169379422489400423408025359597,-48.56319852232464772125655808503980856922,-47.71661409134701953909183642947953038895,-47.86228933306339795388337579177599741315,-47.23457147712802426138013308460025403519,-48.25971071488458573920615422934252282482,-50.20404902952124053506235491166944044977,-51.99578342065332231347736355573243060168,-52.87067649985679479059683424711820848967,-49.07056788946766011038101699942007036764,-47.28259715492110057737185848540530338207,-49.30719454420535369833641614608082969469,-49.70164012766419423407283912957896711832,-46.83271350264043587340161308452921368808,-47.41712457110650062851607345907496741232,-49.86869755151409809397903196244217722533,-52.50459095874090554396082803753860367635,-50.91051252816160023701937958485878528146,-49.32824402750181192372315519082105885244,-48.0527384778295548167935491456419273546,-47.54964163129322817055058298671494118676,-49.42427085995893941750896939663031675545,-49.01813867538971434410757539341530077391,-49.58161509168219709191665947258003271208,-52.49642209385836047479903204201234871009,-53.14218518330262774117423045923369034076,-48.80698709568504149894107955864635812769,-47.6229862469104035400267125043213874983,-48.3123195031945088989083035146924325794,-47.98643662946304545150953221766923569198,-47.553153629641488297162698112032835068,-50.09187623481317521407496705634966994912,-50.97327976777659226016241258655187503147,-51.65674663698633269050064055535555847442,-52.24972708539616092743740571819575024092,-50.13377033324949329797206563848204982115,-48.56950039083120855669176872973436387794,-49.09017520199429197208832465420180149056,-50.78338790670516242988673961425653882848,-49.63360945692228222875421078328963738819,-49.34674782917095201579051857252921495991,-51.29460919586689419955885099369653760099,-53.37365487216665102345267011647553705002,-48.67735190370700106962830879846630898071,-50.22325772218208626770450522706918226954,-49.98760068819876376794589256764749427811,-48.48449454780277903206041326985445109496,-47.48707096651978986722519354286675321231,-48.41196990865206743216923473461605640585,-51.14896930802266176545935460667091804363,-52.54890326448297040041120373769832613512,-52.31598130279404412516193727480871811337,-51.84462528692624682587932842540188335346,-51.30862522273345336817210563857803626375,-52.03253228373495845058073785845751860999,-52.6527945491487774462197683233670755215,-50.17759004326999968575053950817685901834,-50.06809746813580822880886739704916408431,-52.24823402876448666271410715273884953451,-52.74469197721019286127433179354773476707,-49.67744300428762946440238229202051699862,-50.4099160060689076317834854454717635853,-49.78561280853166068034414647522145057167,-50.10851752686492465264776630453988191278,-50.34486110413109545736847896830900468478,-50.2077723946225750392955910595177205669,-50.26907854591304330884377731373971979371,-51.21472307586827703299176329708752511125,-52.95778503205983802721256129648866443355,-53.521097822083427152040435505356850069,-53.29147980266751019775041438482398060307,-50.98033814350181026764863752472831200124,-50.4341114841336464209720610995616045136,-50.02662014625570546985743794828926018118,-50.95768771189049422516940509271803562243,-51.64942634712058288037752487387689587084,-52.24679755183593294039045037734791937746,-50.27042853187837592504095548108129249196,-49.70242854630596372934688180824856066737,-48.67160465155643390732149179893545125608,-50.39267890861483782334042346263897037673,-49.07220109401211260619120066140048247723,-50.30764231396114460826948284376313118829,-50.01993428758443732100271479135694644589,-52.58769631234330852440603943389933015315,-53.5135270620844120734413469225201505825,-51.84832171074541602770694509365817942083,-51.02252273678427201248285252388690895389,-51.11224034229011712995422174747933201913,-50.0066621487301160854769610419130425865,-49.65311004263805552261665132019095229111,-51.41217395583214323225282666909442417765,-51.87960054745942355937125074115876421928,-51.76066560306894308451184072808254957606,-49.81546145711597038200235899028515009469,-49.45142244795596582608034046687123394726,-48.7653927091717162951998060379022792338,-50.10874855692238369939816922616532827745,-49.18360584262167974791239724602009194625,-50.61695771774349719289686900265331519058,-50.74558050526510458136076468431120348287,-52.16893261590408344447635405484245807634,-53.85289125166207474560718252570364059902,-51.85419029770889415897312064061566033978,-49.1853690198536955831086827066948427925,-50.5243247357839692329220846724490556763,-50.93363581156054948217126712750235340851,-50.14555460517165501433422489330477156059,-51.24038864261704393476771845457373637947,