{"chunk_id":2905,"map_id":1,"chunk_size":100,"chunk_segments":16,"vertex_count":289,"x":-400,"y":800,"vertices":[-50,-51.6102214776864655345719517190476722881,-51.86214700233471897673316339676657014115,-52.79372650637166718037923190821460698886,-51.86443285897637087654039347735268327945,-51.19271483288395570034341814454469924768,-50.2171400017711083321522321254507595472,-50.0535827335089746228816532567172457878,-49.51783489076270042786752921536815651444,-48.36880758679697082113935796236241351396,-48.84692408161433993522300810588550402719,-48.70152234012969500910365665449578063736,-50.27341052441455836991542303838606759177,-50.61295749378587027472652642628134212688,-49.08006732242014760857083099029797528476,-50.045554068944912250606453444402309348,-50,-47.088315462519796533722565351823300936,-48.49211464114444456705758855863361992232,-50.2500652958052805980697983531592096736,-49.97701750504327652745341955562459955514,-47.950060051742640060394429673882988091,-48.41685282503146395515827311944176856059,-46.50580472306490266937177422721145614361,-45.30949315359838348582793967104103794448,-46.7219461129589056679731914950767627134,-47.50298225131208328174472281987790327745,-46.45252534796299335156732808959507657736,-47.44819692538156144422153241401634030076,-47.87227276963876902767060310242817143687,-46.25306093519092112050441481942641693802,-46.03853988172575192043858326562573106571,-48.02398635874136408257841776112090908711,-47.84875857703345304920214388401951894548,-45.70149103602612229368789615911569992704,-46.985236446025285205014273050746714788,-46.94915220614032585873667336471942899748,-45.82004473596969634135725724479981975148,-45.61890320665739211654718075741767113906,-45.68251933014156713833260043896189286919,-43.98433788537152326371170582009827024393,-43.27373538364689569432056371571180012484,-43.43147051820575915587733255220163886956,-43.24815314307999161663685705465114967336,-43.68369150708286691686264105061387862511,-42.43767722980962257073115886728064471252,-44.35776867673349933123893131808008385583,-44.28996701685706915479391910669260960023,-43.33060161272856257094377183733167429547,-43.41652416458810086294555882773961172513,-44.24979302471676382470144010843356702393,-42.73844107693242369112255204972958548064,-41.70374521858876290092574954865127912717,-43.66737590129797488736091258618705296102,-42.07315083828736157679126334877134361879,-42.80271447103347208093722488913136141332,-42.84107191731511793846009900926836341902,-41.42664194936531190255385184936754555435,-38.88995803579591692712172851548194698368,-39.04569544975495707115279228656038273058,-39.12869386890150778444569639249112919426,-39.81642183273835492345642065678652193967,-40.63592969871700958398388925384086032809,-40.77769121115757150465856461750084430342,-40.85697365833909159247976609338426759279,-39.00191180777842331301499752603522331459,-41.92948225436322891724769059445582047783,-40.84628936780815608071203037601720896792,-38.43870793949225008254505074984452843606,-37.77136766662980511926453352430489203445,-38.11525680453298490151091631161023133141,-38.98520883299162273822533041814292092067,-39.846085704207210113024530394112529065,-38.82123571173074731183231632680424180704,-38.51157073412281667727495091285275493734,-37.91674277904393313244471923401332858428,-35.16014501578013256722174596240640720961,-35.69118961494911737892077697787014472008,-35.73549361003865701982344999040861809876,-35.82558272385828051981536516736369787842,-36.20769695512092776021449111276465115427,-35.91055049123734380532385148684570559946,-36.21417063273252446717409562881600999836,-36.78762739860331890671653879025943720248,-37.94586033110880566920895304198045753096,-34.53417166546252761867041551384644598611,-35.40385733018425784154495340058738081002,-37.35529124420780701787448033139374762127,-36.45512483848858595131793978369743820415,-36.79852012787056909654368816024685528496,-37.74595483441284901194972369775423228071,-36.36859317917651226587899416160008919588,-35.00017661493826099974463542462461417528,-31.51531776370240559971158591182020101198,-31.78238769233666725945811308342722614752,-32.16583068718866021981757212917740692692,-31.55483003823340172855581844950773525807,-33.56999605251212723156611379083875982949,-32.81676731648771421179972065368201062419,-32.55450549754234043388335058700782574579,-33.99441448663561532070766465474342837852,-34.07701933338895547896639018820619073784,-31.36386355961492123595941040190783310509,-32.89241349831570579994699252230315484574,-35.87232898984872616848659912036040629781,-35.74612437200445338885433886550787731893,-33.32314986223530036947383245280106044768,-34.76298213364199070728784285203128074833,-34.87606099714431547230865231019677738951,-33.26722578997953738694584907215759303843,-29.77147936144802533386644853993083661881,-29.90098914243039442070399667933038826647,-28.17314380665227709664337422148382433505,-28.21750729836543158871326869126021234756,-31.47375007603866695618256963451949242516,-31.25729812924635979714330555585683208364,-29.23873342014323087560939569388418593529,-29.86038233917134288745358709694177882478,-31.00880160168694026038204698156707168666,-29.13776146018586784714477065749562202712,-32.13589943396541428708271803433063484947,-32.97071472629468260930719993409083344937,-33.64940044974080513815896524634062725737,-31.25476620981862622751091661778027722744,-29.90295159340967586569610060786292878272,-31.10176121812823572834444568528483949174,-29.84704094540734679916573719295869952491,-27.03259268714579752666406673600119116475,-27.00950833570756576848241280267205963046,-25.05472164673921474293446012075332697097,-27.79798598143023862453964691149530693996,-28.17898913632570466102069888816826860803,-27.64522919362719160855475976557152869564,-25.83581372819019579324532725155204365524,-26.07689413645387496882442281473698048695,-26.32798760414329096464698761079242118395,-26.79463740313715761191682579563541522663,-27.7884431891798435066524925822640161691,-26.91169291656843219418630220254424208467,-24.86980698445502150526540973653065322601,-24.59291858152334655361487785714514135492,-23.72114813733295485975775515031560810009,-23.91965420777291068506113838194682589074,-24.95099237036252673998012479930792358788,-24.85223009014511297577060201087413179705,-23.78361072953731528712029148431010843021,-23.22791044876666881784911392976290069397,-23.05125213612563845108474332470193142266,-21.04320943388530683193008442471272780979,-21.29445931355003073143226847207893512851,-21.80364962054515668495455117030853281289,-22.60637708559888611636482283369010377795,-22.25991857758986259267653725861136347293,-22.84791434283048297497192174258062593531,-23.096376011874611094247838563589496901,-24.33895616644066031763250947927690678155,-20.73744770241239673248077987976724008457,-19.86675366213495182296902890496664622014,-20.86827086126642537967625126016790342112,-21.34921445555491270167730593820225512174,-22.66964481519812759504061601728568758824,-22.83195270488062358423015667568058989032,-21.90923573181567908147851862548647912438,-21.01731067103089156995358236576408245002,-19.12629215666176584863776051785724798388,-18.0007490354934952747129853041281414228,-18.0815154335306555279678943129792942874,-17.4572945249280803133827202645898642206,-17.34055683988400126046853674357170309945,-18.96004799597062365105235428401211535783,-19.45894673772591965643292413611192840217,-20.394082039407490920406363834505093355,-19.98397162526119444086036779982479318276,-18.64353889949171860222921053547742672057,-16.16454575979608121188347266701001845314,-16.78424160072272956770822071363980275707,-19.1961117024738919861084064767938537679,-20.17813759913944410904001365396623012295,-19.83006530022623225736119853137301888115,-18.49261065141855446460816336868941351237,-17.89198308961710068231219535179427329017,-15.64148984823847747382203114011418792664,-15.09892340764993881813205775905980390378,-14.21867339992984979797935538286143337711,-14.34067325552296012452682507069228108905,