{"chunk_id":3661,"map_id":1,"chunk_size":100,"chunk_segments":16,"vertex_count":289,"x":-1100,"y":-700,"vertices":[-50,-50.93567979186059106497917810964439877691,-50.60185170142827488378975438793039280357,-52.00234363073471553365704659078378293157,-51.62990350255804441430792554629759045551,-50.90759031735205211410959651041754511283,-51.41334437131770208354761897912095487073,-52.48488882897317284385645541707380798028,-53.42919177890656454565900785294337245186,-52.00684155070306848577474653863783050123,-52.40029446901491665350409203115384488559,-50.71863283652749589473112325759606099399,-49.98937249792034821682857639329363906982,-49.07876249563607527083253608845493551973,-48.76660044009961829098857795002462563419,-50.3274424014023974899690448767342508249,-50,-48.82036879839860569567072458686857202823,-50.70310618458793812861443650240677695036,-50.7738271135165850133123955160129780453,-51.1468831524466257254514034871951984569,-50.89914082774778831293598937422968942362,-53.26638578036066453958208582886437671561,-53.29106386774089103129132192367081192404,-54.41139349520841888365150738734779400011,-53.04656618201437659990544463914233670264,-53.31029402684028412381243018788140451527,-52.74065320088107830791879132062540990832,-49.94437548401923947914902557276009542486,-49.45893031772563916805090171201160110317,-48.54969595607947001081025145245946132225,-50.22995083633088341142405680457912389431,-48.37480238833827427103168712903038077326,-50.52230939190481741155639596817208889236,-48.85071487464283160544825906856380792811,-49.78686220761548116084566830459787300233,-49.36568146820734149757241178703695990185,-49.86580325521354523017815168582468640801,-50.62892761804030927587609775284172226236,-52.86558729926982406143687409440305343696,-53.60361432957130375505698107817743775626,-53.00279465105193398267493265906912651729,-52.27636377275077549903299048770320346746,-52.63272853805718773788435909565926014614,-53.820512582812396630202010133309828453,-50.90750462688677655061538205742855002733,-50.71074962880683396947091570753002271043,-49.71999489686840279326177763556283296531,-50.59406497355531151596704271705740417974,-51.03346672207376396470691172181022131374,-50.29340820233092643672633358705975066475,-50.0846454987161958601769677037892889709,-48.04907272689939911808866026809432088223,-49.00985272329734396689562221850905242089,-47.96733820181183396054187910910362984012,-48.8563053579760912844675312138352390523,-51.23259983213221524737215681539104468565,-52.58727374421522832323764800890673395671,-53.02179041484671811664055628078064989041,-51.51822557488797554971460632926091768232,-53.39124669035956615950782803400317143529,-51.77186519488596661365500221424840545018,-51.85867835777386575449075636362957693212,-51.30826913708201460282464494621171450371,-51.6570402256632515199532034780576910535,-49.94122104771487069366687382307356601951,-49.6446918189216631875402924229275653857,-50.9599703256894983500632056668254183991,-49.42112797315915169574490342006432019243,-49.04829487934156016158567128420101573099,-49.43310604171473054980491028817377034371,-49.54545231964828804234001826174096261378,-48.5953647253023486998446084162438096785,-49.12334416387497092718103704160793509173,-50.2247725781346628665302664343932175667,-50.58033584935908960554479743656931099718,-50.97178219461717991216511846300131380196,-50.97885598167262212315777174394130842602,-51.87994277196561691248696302477550375641,-50.24006277149809917895467930778739268398,-50.2305870323651952580402344850411918371,-50.97086649016033774272791766870670484706,-49.77319273064552452389841366634864531443,-50.09848958040291873046326312178063582238,-50.92978814148739650593768159843149500925,-50.53650332351212197052451220659322535757,-48.91575852338707824181317916808160736226,-49.80003463395655746601637129027086876079,-49.22259972191565283751541322396156554342,-48.63687454726280822794753447472750413514,-49.41147331305213055632938031683851606506,-49.27017366617088631039550359417575607914,-49.35167269782314601523945486527604042112,-50.73417228565264875814662295961345514134,-49.51431411678601770379796334851998598202,-52.52761790797363972014564979759069362186,-51.94953126544504124952200491375180522129,-48.89516051620969402807461168767793661626,-49.16904727624182576900087944925224379003,-49.89394749617614612467760740397682084719,-48.91539113226707700373262890517355058509,-49.67300758430780694311815378734052394533,-52.08490888174420510471232447118433177661,-51.17158445488377827052007320331177655349,-48.51230418780577278899037754510008607459,-49.85928114812196047879256369739137449984,-49.34586065722092393296050909965406511493,-47.38566931159710771408867247669500573508,-47.34453534868492851075464100506052028235,-48.71449390021148049518460137319453237603,-49.9352132041341006608938669564951967526,-50.2612584349110325854972055625049686176,-51.44216417835806533883752779917617966563,-48.98993841701487132618956582075545811263,-47.24830037348800292680403270737445156279,-49.92848051286642661913270176652075826546,-50.74697675622022415399102781829965665928,-51.33660039576061456300820694405002062589,-49.98440395624139341579008211264112431728,-51.81567638518738439261450178439094914182,-52.84122447577867100851519480472290962801,-49.78288006616486566057505416445114911376,-48.83738146909187863351814352471859841389,-50.04700617803252541338567345764354549571,-48.77250751337743582225233111617460495692,-49.23968351307915276219833689999222800474,-48.2571574544986371338163031125804857882,-49.15762941023377444183449190145728413252,-50.84251956063578653504883337213709806981,-48.95913360810755077487917607574183309859,-46.82464846368965482721856106069808108095,-47.94925623267327904446455054670185270508,-46.63306703863313789722105494931951803289,-48.60124158278207752518745169224913065134,-49.61706127100663618624894777848808050305,-47.49348203148177395540468532322202323123,-51.68277953717303787953166422397073560263,-53.54377865953351075415787345477619068294,-53.67654975774934986529509624747295666903,-52.56407677525482099194415087164453253953,-52.869847170752775106617051262566034324,-50.21645014356942893561029777960379680802,-49.47740318577480896789213005309594357757,-48.55464956380201920338169471779565080761,-49.1752619036934282016941245661883490192,-48.16550210137145947146377820717129093385,-48.83093513128571064364847521055946159776,-48.84819619955614455934719036082306574628,-49.89044712387063433135260296976146348952,-47.76078540593286038323398404442513888711,-47.34872926066310148593671676110380320249,-46.15734911407196464641975838168938207345,-46.56396800045414418704137350192679144763,-52.42585682231701689315356297731883747252,-52.88331812211732439261785205605525955889,-51.25544028715975301155825206194788267274,-52.34319330665063694031458791970786678653,-53.05060650926882471819069144763800685092,-51.35145365197470143534653781459721374046,-50.29514296817668577767257496400234771803,-50.18226356668765480551342481344078871402,-48.92336557059071115341765980315383746907,-49.31494676320270632893319220661427127867,-48.66148070106887599540642687190905932114,-46.94990864806547465428004342500673442891,-49.06496376352815042674159740897233465358,-49.13765236911904474109367684453136277388,-47.23028574967503095627752110727389167616,-47.45558774953694481916302254260623732706,-46.0721672661387396255878733287930944915,-51.72791250986167992123042996539289034642,-50.64099791938881753639210529629864506213,-49.55120366227364253776416812641197353406,-51.53189798355816015873487133420076413027,-53.82870935489956009850123826593589201697,-51.71745886837801787777541926416063049749,-49.24803058465506473034284181551410390825,-47.2977789985034260854192205203388403681,-47.87308970470290246263278771473735975461,-46.85067316640581932974853894903790806747,-46.94709467483749729705177269546344152828,-47.67744747613503137247041407525514803345,-48.78242177212668245143438470311045127825,-48.3878477581059148585913477179075266323,-47.04660048668153365719680484276136898277,