{"chunk_id":2708,"map_id":1,"chunk_size":100,"chunk_segments":16,"vertex_count":289,"x":100,"y":0,"vertices":[108.902063,108.0083341312376515324065731179611283,107.722957729793439615128848126054791481,105.889140402640686644985349772969244054,105.645824269238009385133456327977411987,105.028668064534316329388671148637083289,103.868879700304258852881307969203808116,101.446944500595938793058062455269254812,100.008657650435834120080655302474321692,99.24085013409128279676877487790631458731,97.65623134348831403982105192049959576812,94.53987968422837752026085136416979260943,92.67492315150762949928112201133166049827,91.78816189348678845293855360259229731378,89.58213265330190449586145282662670539086,87.46557132623319745492370863956476594605,83.6246765,110.603988540201053760744446313036440081,109.29202476349552972270456862413301969,108.091814346764649706120735588359304388,108.261609822311456102815289523705899663,106.922284268228833793770715580482157399,104.053059762496527885528634034537252841,102.576149329578062803067183008045713344,100.651788083737182402587077350080297198,99.30354042689547032194417787420446281119,98.90274041476330666306522200308841990646,95.38708239017224782522132694288595404367,95.06941080530684041352972285898455248085,93.22216966077152501633629748248618240111,90.43554398655290163695581061590983624403,88.16921732601459887549861490259191364131,87.08039431495254212601377551622374761636,83.89145779323775991756621958827040732513,113.92447558751384596551350419774577136,110.62184726170830960639853205121589237,108.857638257446327788608305762928215801,108.5875306715152309060069640063053533,108.209754263147489426554699565272973455,106.553206622643165214794976183613212369,103.039184894906057844537556447696185832,102.490840426218470694666735979001428503,99.71365974187787115578707412780633864366,98.17206535734618862610844467849778582759,94.98960309406993876289899592959386933088,94.33181426256659323574821578432824799256,93.68385772683840029144764343680230666343,90.91035662124256553870282306920987610884,87.45727597167383663280001399454920981119,85.24172451943066851282442504860982242529,83.28052664655822211042216150165479209506,115.853219012284106121321141540146148061,109.479807171417315173563059182092458389,109.283636296756900445737569395328689909,108.152550819062522876439783135410592927,108.864714019109573301015916545871476995,105.932813713318652001322956564550410269,102.55180144653135611123883008747927092,101.610282274675681871758584446648401846,99.39281352681993869154293159613588554332,97.27999024763489227433808294914885104567,95.11005733799670302337071157096437224788,95.58821112905307499920548982694821547549,94.01947505956465609703801032176537143008,91.17110088225724299256246401312475547887,88.38000261305634277672122623794470959417,87.10571332096641353550754826582653807448,85.23247212122860444449408788421599457547,118.265312908341724894458373491089880851,111.440609636381742470400982485703610747,111.888389704525108592584429947541020974,110.443593838536149953122455616996253001,109.02857166314823905407392842818443032,105.831061894299574356936318811079052063,102.436162518534667617804758088740427356,99.64086999255805062324187300196573783393,98.33814678858539181743529432962464040604,96.6186854108259723044625764686150386315,96.26757237128452542009600197862338809485,94.07380336194761638758427076126127919378,93.50402714548533923290679395276161979411,90.8627084500588260277167204859818910016,89.24430397329569676859778101194812456724,88.21125133016113813192557345731850299104,85.59035191880166282553624716595843031832,117.993117424968526933997064941307379973,113.979522696982312423291109073340631857,113.509343695915210798186583390998365038,111.755981407606120216085218856986394084,108.121975464899386538425150116151135326,105.001135235888404634807885729921710644,101.686872830137591407113069453899054321,100.312797485332249763132116407882965938,97.52116299321865595395376406689482425391,94.82327452855615142325540037424960397777,94.25932468556203852691363342140523309347,95.1739543776126292667038234165218436215,91.89206335984241081828976441363186738687,89.30759099701630903373718514426013353884,88.47132188256017984611214141840328367861,86.92657424478013062693387710970416053454,85.04683916158394776991222416756434067901,119.341948377898182048574975906960988943,114.898735970089005072945828287744320505,113.865457894929179997950162031686226358,110.530671444572668646005781503480196238,106.7631499544734124570007382035953683,102.750477254927093126463607189864329974,100.511368388945476007721460367888480919,99.83654841564668591225440594981767604579,96.28107077795350257057224444490372881779,94.1949054270477245032296607714319633942,93.99104555619827335497610617883258406734,93.40394724357866229247390734321547214267,91.09505799509019141933836292387900556513,89.6106817163626404890972437442875436317,87.03712968684561531028881567903799638793,85.7900235018348325478186910446103494534,83.79481646351186755391886135918601470281,120.915540649086301293233051180180051935,117.870547585846670966629035727618936926,114.776511889402621730078111795402059358,111.898154146202865236133743682916137216,107.250240354240291280805961481331114289,104.642494241678411669490851207691025523,101.591151917741483313388559823659921052,98.86753691026652989991302537124356525303,97.50504134344093026873384566177113667122,93.63341779451713387981572044875338581859,93.52062401791131160614309496090003014516,93.04749066767069859016457236375251706951,91.1677468701765759183748995982528916116,88.10302158355231708726664225960547454564,88.02516670823753891316749327939802395578,86.11209650791361896255797271384632326181,83.33438025959574293632194998792826130427,123.317691309354696152554128628557658408,119.254902221520410314663994413117887135,117.626765166193917624435939429331288156,115.125223874096220745443654973291004761,111.691766893873451729467483959307348019,107.633326791756850334011205378756442858,103.720222704583745155100377931833984415,100.652881206878778566129365818427969856,96.93234806697762470518687639045727503485,93.70767213685187906790700308803464853441,92.0662502216215168261593244741958060997,90.10270097546801516325345824884285027016,88.09782208914712370053107125493647559095,86.54263715474817361131648780125106905583,84.81125432328944498684408679742948445554,84.9809700865452168851593201138596459581,83.34487526815896978579768536862924934434,124.97396875062554902998793989230503455,120.856814728728653964738573481411502252,118.49236261789497813412422923526371673,115.166975535123868404843612672212575407,111.62263206074449703021416020014669095,109.935968381706988387030311185868180106,105.28465580373520283404458978121699736,101.184394345520736160664327364917638984,98.18701946335577824557859613598550653468,96.8481112544510839614850952338055325264,92.9334879072142599005274266030829466678,90.05649865665156913805741470824047657371,89.64322904740919290842810139525786344208,88.83179392957749143663954490218681635129,87.22502720894467413060447877642345058844,83.93578589037022144902775883143473398855,82.9308903107866072002892180687955969017,124.82347850808180910370817860288093307,119.731343475029588891614893650152295594,117.566081857729843695340241619111200181,115.634892338811329431412324957519824235,113.016858020713835802395685549808768089,110.261664515228599621962085989716913212,108.651273579921067507112162752973378789,103.435184979332457487934545310085453506,97.79655614808108284492687407832034605609,96.02814456783125598754568943230345781442,94.55326461477744620064265248853636137319,92.50209746803917744043306792743064353486,91.0941277234362075011583752588901264226,89.32077896964774993047542769797724542424,87.9018866645403524948407783780243117485,84.51865728035945417138740919691545371892,82.94431872879822922338142836329843791442,124.912765407569343408711602539742308424,122.564247747727308385471045420639453644,118.819029389102292934963409778067916,116.866610669468356892339093928976890004,114.555909379907845970753983353928621957,