{"chunk_id":3492,"map_id":1,"chunk_size":100,"chunk_segments":16,"vertex_count":289,"x":-2100,"y":1200,"vertices":[-50,-49.63748693325403497342589499388366658046,-50.43971747462489316946688567267589986513,-49.06157006129343503168500600201303838975,-49.4821105809890323737055738406009607194,-49.42374818944373898752898800402173294836,-49.08331716503191065466855174267665448572,-49.93973481585281202292398304903143589071,-51.06848226661671555451843172684013154709,-52.51040312995768701284663169284832410568,-52.1269328441929212336629744393710081685,-51.16815491227736175216357016908638884546,-50.99246241609557716693620313366994214317,-50.40979176162887638819635152270294798355,-50.42803649253710518977102219447267465008,-50.26060218445316175190685829747260948717,-50,-51.03011284961913760618999608393771556023,-50.19495467077001638292063184101621596134,-48.91478154242660884247803536208876545994,-49.47352843838220026448600124191327632321,-47.35501122190774734186197189917369772026,-48.43666037974368751334649844080270157696,-49.5039898345918866477187529542046514895,-49.31839448851956496931417502355847163109,-46.82059545875982651149878752800573822893,-45.80877937001229259342144575584175721894,-46.60125158527874414858799450125616399901,-45.35135085271585004858455751920596739073,-48.57569523945326661868718687182039626661,-47.53076872401833553974487077980859455635,-49.30833395568581874336789652630247070267,-47.95214648010053805207532785121334718988,-49.16865405531181684154707685690522544505,-51.06380352300033093574255710590335103792,-49.74952835659581036411060255225505838333,-49.30137749631693483949588737546696948455,-48.03123180551361215980888925921289930394,-47.03892444044755398465443740321252131888,-49.4853875326147884390466065738954930989,-50.86283981050203342178165306966073567679,-50.75581276453952870656937613577624603793,-47.10259986260138378847448442349645645759,-46.82247933311030924548717583641305074321,-44.7041701215179439607288395845300711086,-46.39452603795211555242405950201190276348,-47.8932885758814474413988135030157814892,-47.81507837566270751177831128645206766862,-47.82890127370645820270842208357964853749,-47.98113570742957806304600328843046283287,-48.56753382833093092486449053028404267591,-51.11670253743990175682346224441441514428,-49.7660897544186350775646023992109049483,-49.60323647911382810569366066542162302086,-46.5809338799574377323840448554331574097,-46.59916494121155110526319007481337346118,-46.63220275374908184461382362125524076173,-48.15760178173083573225730830728453956802,-50.31486298063029619318875947323943407252,-46.87933486865449037823350282023141757079,-46.81171077858985966703771484101925522526,-46.45012506803923971839957028801487872804,-44.92629004537325991509107463441678142873,-47.09130436790047925424748371605028845997,-48.45288321229681223961820977377776926853,-47.62636194964920088690784188024690299796,-48.00498332189806945674055494842929909518,-48.70343312597105524497592890617479993869,-50.66979624461410215518306317185388029303,-49.75821405653719024377057749206049919043,-49.5605028557664663326447077036202812701,-48.62859576205325792425636877118586969955,-45.95869862507085962487063488816388125872,-47.74647880013801207250431002295675059854,-47.68848879378059604766317536949305664445,-49.29742550864366828086150550510298752055,-47.27231478956040833203327928659279913678,-46.41608155636430829244421417097453157967,-46.1308380487450634984085478786382949171,-46.5564649335912116566401602574779909271,-45.34435061383311122589281139553862569177,-45.52697733372074632556460905027640951307,-46.38187556754118013683514625679776751122,-45.67753864530296929704270599186095676385,-49.43843371245601776126567708772784423986,-49.95681127096741400833927632352616763704,-49.83034185376334987788419225337515797167,-50.10246846446249414796674133243563446699,-49.62093029367796000002481821816042741663,-46.55185162089099291030366604105619705574,-47.41525916889579636599921665768572028578,-48.82101880456514227131736944284518596468,-49.54183509276416172620673749629868547977,-46.11585847380983522082299069532266624442,-45.8107371652496741538504324018962194056,-46.62131730798498800022739101398785517745,-47.80556812306906331770562119137613415466,-44.98349681928651912075545033409974724506,-46.46982909797398680733080331182208229367,-45.56483455688730426977309386544752392069,-46.93038651097101746781653361023125695175,-50.54983867930582780200765606352912488315,-49.99263814077633853262545306287159890878,-48.88264889789486619676092164140114545752,-49.07734992546873572194883192257964772217,-49.04818924913816059916200616760946175516,-48.39577025417437683358272826330886963708,-49.32179976881414981212810433433645016327,-50.5085922927322394222726820601668280201,-49.71732247358870463983830172761481742858,-46.88954633587740000264795605101968168143,-47.85300349353245471098749043084364474712,-47.69372850689666642325972245958896526745,-47.71296806888317321739993389399607368445,-45.07179830184571871933769179268413777112,-45.89110765771278086292766907787350792794,-45.6005107293212417876173716090978507609,-44.95277434427276705117132521329148313996,-50.02523070835312260355608154359288349857,-51.83914341920556692517654830302496038391,-50.28312899259579722522788932893356683062,-49.31192858637230952143497676478489489458,-49.8842028330944976670903783847956119892,-48.77846206476297040128495930323270205557,-50.57427203693458827731427093898116789605,-50.41750547823336434483629148638216008215,-49.22328901626800815011256807267872958421,-47.17549812061584033640472110782138033543,-48.25710940422944635668724378326291201975,-47.66488997366885879783172503520345157025,-44.95180355923073467567995432110860397929,-45.61781969763727633726519712903688433566,-44.89438556927726648568662919822521264041,-45.9817390317215696194117829098840628096,-45.63286921347601749321467634388900173209,-50.15251490947947579293454562214782344661,-52.0971306032092900501691999580019449812,-52.15505417696679378662936798073946456568,-53.68373312249474416075087716880803081246,-53.57277928486397285034462430947968837576,-52.42045857691042542011974971201273860477,-50.53155956432044522871445590114918100871,-49.74706005694564786431009637247080838329,-47.99402900594197138875141482515836117249,-47.9610580886208744104437202430371419055,-49.27151934356245611201150564527582123536,-49.30546072338333672893504326411573568037,-48.46914890472241438421308900236990654225,-48.18346973865675395012178017819189855019,-47.77226772097092413047754250392546114608,-46.607295080464763999465042782865751244,-46.31964835452558123581627485452058579556,-50.29983359245080028209481508229756552347,-52.44823814203557677037933113656586482388,-54.414452526733992657769379771686533402,-53.85040302058461097882821989311668459791,-52.91832855132651572180408072807203140793,-51.54902552438301889845820876824818789229,-49.59412437432233527031102306010088337471,-49.68905909617959286043290750959187670631,-49.12355464597126405508885408960476190446,-48.84345385202460033385085176006385723837,-46.92055156154341864496723469806336972428,-48.15968258665689960468113162054311526813,-49.05964021965123304622761567284709409534,-47.75831369995416274420378098931518241556,-47.16601250158401805312350677653968148339,-48.18808269272386873969509093532932110939,-47.81127468885264183365364696287136315499,-50.86256387807287270433056868221630298244,-53.45776137261280009522345581388050717312,-52.91688606870216760043674654497721720397,-53.81293884201119393296171825898831642227,-52.13548422946621049861205153488928460028,-51.36082151003954036978858754394607932885,-50.39463429990935536044800665683665680409,-50.0105306902717978791233899470445621227,-49.04834138223623615192607978379089165515,-48.05005995078848944504262369169635582768,-46.59723084589470525149860987485375914021,-46.02762047454123278216984703010146929369,-46.47200428771714514658193551237762689502,-47.76425807997650695485749153688216136555,-47.51552666853894434147005408386922597983,-49.06744240518590524550012159678960548987,