{"chunk_id":2715,"map_id":1,"chunk_size":100,"chunk_segments":16,"vertex_count":289,"x":200,"y":300,"vertices":[83.2515747,81.09171610039745795731340505596106446468,77.04078969518482957463949958654793773779,74.90830190832418897370273829695495139655,72.42329807159487111976631945997144479876,69.93969005874990223888303563339249974248,66.43450286664785738767802729063024876889,64.46558962357707684511450978320978274567,60.92686483652651336692164886956242950489,58.29902145055177057293986224211160829039,54.84258065670642340239479794701791024693,52.14087160667477330041708977795495488459,48.31446597368443228378807696065621308906,45.26063261870522147787691646091313579753,43.38276755405751116001976540527132650506,42.41194028805509546591909206507507249685,40.79673155,85.14749059203655740134239883241170725515,80.64990891992076481966731037478268323251,76.99342647553528752547245541185687764037,75.55738263323375804847462710783353881409,73.98645350480546730096745636306626422053,69.5977117406575598852607164731888597071,66.29466547581105702541842015409262024223,65.34904041884415745501582149295858066271,61.50374615846897427496275980068618845393,59.14349062370736825666808626312885561781,56.61604850279005621582406698662667542857,53.11269759656772618162712513523591929563,50.6683158446237618755652045945144417883,49.45222977716689611955001386267938531485,46.23876466325737684221318996519652068107,45.86087881695272238846748582550851265335,43.39172846245360406774383540713927551017,87.21923940848099170472253691501823059635,81.41263510702462689003588483400996401717,78.1187049371533207536444482239642046901,76.16381122146123153071913957186105527866,74.55839634720394002020487990491696241454,70.78560921716370531890658461795888272312,67.77403427573191185465690616371737928875,64.18360919378841680338791485512121434636,63.85937945850035056833279038005161610231,59.91201821472700750910757926481629671398,57.4127370769403548355488158899600863485,55.96070317678847675191927707297864521175,51.98295349100006919895694045445673514071,52.12980875696857150780060629682702323794,50.57323804328757004532295277287772498466,48.74530182654475245410385674175982501735,45.20981806236416402516313459607036558879,89.26646147493855814882059564074622591314,84.49682784877102436373763546517593600609,79.1771063989188211404411772887254600061,78.05365490918058049855726559092116650361,76.11368593552892148796155496970796448572,70.94377026394406027926936558189230086118,68.98160725556614481588147653890122277686,63.8928073454247222095053176005681648424,64.06441209366194238504034451681845062021,61.03434253871083491370636511530521694457,58.58803690692296251212298284367117413021,55.60375995013625880621130377020489973949,53.63675273778173676518495003020706562046,54.03196532318811877260686827801328473956,52.76761938564091830196828913860079490843,48.49285679830692428133941454352285285825,46.75712668439261351653335465453288705005,90.58583036703119515756042258801782131062,86.03937589946923305372377568881089173129,84.30969111235287716930270792023599266737,80.91980677428680971223007765806540713964,78.42267001017515816754911694846480935378,74.39728411118139686012922237458688128444,69.61026312294563158056575128635558041625,64.99353165538557836689659174504651635608,63.69627155108649172748737539791572225095,61.36696642904824230510913279284317138487,59.19834573977875298409839126759921221518,57.9137002639787712091733912744663682438,56.67780916631678452065141765645398498179,54.13728295998849604654250578228117831594,50.94179703018667443540127748918538715916,50.17377735762738988082621141109164216476,48.07607178698184556471577824172791540155,91.54187526164459759248891260199418618792,86.16062668310386749533299042687731057335,84.04330770753504688514444937607740658898,81.87499505555259262925681604679418692724,78.11869718899802199391480433235058925734,73.27040938394376728484068176539493806293,70.49690223855388785498447453474284933832,66.08941931746228181802680903973898464308,63.1060812280554691887375738905256115054,62.4559055404879624248003917207963733808,59.6172674388261331317418538820303734049,58.03040677489847719235092168048855157615,57.41917530825397244818910950219769457383,54.99817619251465801677204087563636258034,51.33974147509720916375071667282305202217,49.8877260540304594476760355219291162177,48.98015832297967998706141426473540250687,91.26650176747910761441605564141419026098,86.85792939436409227540402190688006011122,83.58480636298981292305780183074527065705,80.54325008975509334312566554181192654772,78.98581044517900424434302198061074055377,75.45421439653345754359802625769040429417,71.74661503286307602688281369852900521677,66.39606871729482221633866723770121647282,64.00991483673347500288296617762858853789,62.64090442170829418365587178650661816225,61.04690940629392915276824558880447129294,60.10076644519223838192184230777417067647,58.01879588769926958760737588436221052122,56.33873033934157772560260011229602931066,52.80315812821348172508226516237337323487,52.29071218676579480810952133741812712036,50.53003443523609094779006171460927516694,91.84724115999247764029674114909904530651,87.08877144954922955966497139825615404442,84.09723119863610309943714911387305962489,83.44634032732623304983440116961020753183,79.58818852757813629425425151694088139287,76.19134520507815228468634589311172145944,71.78658319754800555600132881464951847044,67.92125403915151614314461596901419980946,63.86732782789393494375450918883279552039,63.9190465365383857519951126992562101662,61.49430214514826137907911289869458666015,60.3708509249160254921996341151365121782,58.77200111123089455849997664230576466251,57.35084321959322026774963264100595301788,54.86354779512967125398101872942520740821,51.39586095208117508710532643954295155938,50.84835832966597725454921199175512301114,92.61642552389517441363920865240842384327,88.62284428116792027482828858036963229752,85.9415048175791298821634603996848470971,83.01473368366387404064280187775777973347,79.03276407723548975021074188700501890738,75.92681835961369164738354358813788682605,71.34519717275040151849346227035631837673,67.08986921087664230084803910048688167061,64.0475800750683809191031133388828297524,62.7019428832371431143425376865689263313,60.88197062380117185729228049501388876416,60.63543798192829916505924863270998285721,60.199130739237850908250154692304948337,57.35966792239655471570869829537286356719,54.5977190785111923896652386087416514797,52.28972709458570523828599953386904006939,51.86994795737180112924552344917214550604,92.11394572071695865007538252341508806306,89.7977419061467672222527903511626395211,85.5137783866469779650963141619978425173,83.87730643467546652338663834434827286929,78.63859669968027361024787947998931474339,77.37337476233499464100857675012195222297,71.98263474194099747202367805753092774619,68.91814146430226351368495619917353002468,66.69118481834736874535611864948330615222,65.82264863148458883129307706952647554847,63.5686433152004062083679064936986443372,62.06053092399227146822307330023190380164,60.67691009813946626886397996598326020659,58.14240201500658995133764804961486108852,56.87691389727580129236808286481291597419,54.79094409522345508072680939386462290891,53.68974861756912139945354703268912852725,93.46251156047775954069357127227566685395,90.79095161413300345280634309081463860693,86.71108632604898215987672992538379286711,85.6041695193059461418728859971554836239,80.10265131101915121131000605067472828295,76.85580034596873836031674780668124687628,73.38088558481336482039975603739563683385,69.9251254582668335991917546579743697344,67.59947947415437246458604492417436771734,66.08373509655253886821152216459723703501,65.2672206909073506283381159194040218955,63.04361902626240053989115863943648563733,61.92573881007122613220498217804145839399,61.57121863242374349548031518671488820452,59.39564179208220948659648291457496041993,56.76687284536055005079241675285201697703,54.08369318807700686163012601170196053868,94.15102181601251486767444167832061587451,92.2027786338812780486054049397934345134,