{"chunk_id":3870,"map_id":1,"chunk_size":100,"chunk_segments":16,"vertex_count":289,"x":800,"y":-900,"vertices":[-50,-49.93343312582266795794387292091540773493,-51.09203096785712226049751502134080449597,-51.08447536158172562617291762598545170588,-50.2033854940909610958815124730955293281,-48.99169463078654396277026521964183163524,-48.63401950523761721141804825191129437761,-47.12090875767774722102536536601713107843,-47.35003554423301766980702466348079711422,-45.88634677868092579083687428903951306748,-45.64019299737570660149368612049253890058,-47.12957379222995592442617652442068445259,-46.74052648562814286207927022982997638608,-47.31039801314403660218875160440668297681,-48.78616006596676237534218374769599023461,-49.42330494044085904437149185866871631056,-50,-49.52867140817322328185118929740073681999,-50.13911283266043277006767981591016924699,-50.46721603276905884474343235334024024167,-49.75455393751575783045368208675766448384,-48.47146840183026473070824238448602341786,-48.67799472557156105949156566895139078179,-46.18237590785829360620249780691987085985,-46.44632772182403655724594669241907475212,-45.60312498305078949272955422587338811219,-47.31860573221576212533540401221479735705,-45.25089455777893736768158618121957015313,-45.51801024211632737034473572491756252523,-46.05491711862875959209151589025704669452,-48.42588989892416109920457807739057045347,-48.27487607298062339800450223988307857052,-48.70847683884344956084305826972642742887,-49.13423956394450343769642472106583223589,-49.78763298383445842409987966749629336171,-49.99586793587420956438463733468742680502,-51.25718487823809775386006250472565136556,-48.65844654390501519635171007028811581138,-46.66111068519412169197435981597721561469,-46.22821790149261367543493173197887131354,-45.06774689903788512652001437812109130945,-45.88959645153267588248356859309353933338,-45.07475766167356068359952708602676815015,-46.50829464854098792638609330854583297727,-46.59937863802296132036821632131876217937,-46.06110902391280771613383707361540674131,-46.98828694557274110319284215192512813206,-46.41066689401729957100488134939368070387,-47.10414027731007930405502195333945086278,-49.15886236676423455940498784042749822251,-49.5964547091263166236888053787356854377,-48.89085855053539095617494710830914720848,-48.96586670934981729953031844571940748196,-47.65767457257051007887578598677192837005,-48.491996850179002237544375462155765163,-46.17604927862042328101232899977412350318,-45.89818169641354628485997744611080857177,-45.55572564884782774763012895103003789554,-44.76750881709867585016774790367909659689,-45.99180428454180722493370033729717713545,-44.86215061406687162391231962071355120344,-45.30526980341409245484499821986574745516,-45.76328426769528650198646582860989057962,-45.20864206366367408620098607540822230872,-44.99391484969122761501575199970940371755,-47.37894398107645538707164450563435091766,-47.45112908902053425780331546428864842722,-49.32059730002057497807536337169982420816,-49.33895927990597560096757088269371109664,-50.12437085790641882316322571217978320398,-47.94286537344548467606837930464626699013,-45.10504754263551230977355101846649969262,-44.19267953241962855443679358478659167181,-44.80630663369207669085215719188228787904,-44.81648808319118070420314606575712611584,-45.68656958867375036339603445970096981651,-45.07912001655789275198972978919630153677,-45.42546820998722841413275735984660263607,-45.9744644980084841733696815215645020806,-44.42564837478941776490414437638333958552,-44.81303348945154842042087116906496611092,-46.13281423053782837952049625625829043932,-45.68973366199457416500328101665026472796,-47.99075245705373570457530884824516229893,-49.42157043152769093235629641264164387538,-49.27107427349145166395214222846834370988,-48.65831692706297856746190140786840351024,-47.21273126234399609358311100056741555262,-47.13751502254868762107000509487269909458,-44.99614920869338992308864323093721629476,-44.76748394823879918941489153465277439574,-45.35367720614892887082750801012477178761,-47.13847420727440024588541617592798936268,-46.65637548842445888333092282490624524315,-45.62787814483046209935160769145503089084,-45.32665769818563022368716289373029310214,-43.69265793315633054264506225945250329545,-45.18390911702942939620520487374740517193,-44.12695250932502200520225074639069529002,-46.38390115112782388349337754058394126756,-48.75983778126093474061857534849031026383,-49.28543771514380767971613270572327357059,-51.10215036648893374086680292430409324827,-48.13695181726596059494891093041996698917,-46.89781205973091574317542418824007035004,-46.1653416704528173591063204022168547646,-47.6764924578446676754902198869334346273,-47.36656210277223534251326382945795773041,-45.9578795421753992312131089698673915359,-45.96150642004852003650959268104970377515,-47.15833891497406931426767766965312391006,-45.87809868539796567831448965014091315674,-44.85928466347460767499603833236947383075,-45.45430999049868750191224596062048785274,-44.81091110096331951306095558453601406455,-46.10505262734696524989924407365500352754,-46.95569592879635848016645125682622728149,-46.8094499221706811875227479781202021138,-47.31340037740913562306684723988189773237,-51.71772697302062007279833579684255743162,-50.29662626660823216838591500716596036847,-48.13340220616508035347239838392275811885,-47.84055828958220249688407900494410770255,-48.00696498605477032213404739003669429683,-48.55577260250247517045501827198791141418,-46.03789630711964930856125981187109832926,-46.68554379216092036115840786749065302571,-46.99619055831775307968475959549383173156,-44.90256490856687394481429892929508472887,-44.45476334604823005283106296132885069631,-46.13854450850812669049436386021447260433,-46.1173717261832740529382967842661343286,-45.64618508730003372300669684873629448582,-46.39919772019822333255486830541675227277,-46.98672976014534485626785019669150251689,-47.32893799448141765141521343181958897601,-53.53756724503785602779149852728925963935,-49.32906379300513075341160407751393347342,-48.91365758984698576683078872760232981598,-49.81891935602422283334474046322870770469,-49.01869714248786303527652849632951238237,-48.40121449478651153854003897005060781056,-47.06360203802822600371689170355102475368,-46.6769330467260509397958180637962548762,-46.56737490658727431819977163106525794025,-45.14163311267254688639540581638433845046,-45.4936445542035751127811714602120482727,-46.09176104837848260610713445623828816249,-46.72301157366007065509364547251697912975,-45.3492201430478176124067054042947343736,-45.6083347963073687847516120006355472541,-46.70363890654189794470895905999767910753,-45.96408063003393496231185415893707839379,-52.88845549479887255593691575418028182432,-50.95435164939586790835371137589518697636,-49.02623790038579371334960129282359393088,-48.4481983700163251900802502997783026075,-48.05952069157167206720849458553337181434,-48.60134359247604782561199616517084985693,-47.04409831052939818937841052492949399688,-47.01242335964474573801172003911499621847,-46.5708304201836856614458720375731893003,-45.56447067664974250152702140320247087837,-44.65257745364693258169066499350786815085,-45.79428291964732282416546485242020855713,-47.35426226360471259936528142783603855339,-47.85902193459563545443396245033826312599,-46.75722885741973200700225797348378198208,-45.66674167956145616168020875363624893513,-47.1269155665879250322939614162859179159,-52.72962208775281041622292168601503147024,-51.87716227854302241675542487302863677287,-50.39305115545122674906876765731983175833,-48.8485877099356852071423584032736952407,-48.85425217504397090384429800408683839814,-47.88241254769982758985532152637787404351,-48.83333920932948911766956994213857836683,-47.0958954727610909705305668540533371366,-47.48829366044878555289176999710489592865,-46.44548989073996824076287066390618200667,-45.3899505215016726944679862044032048531,-47.39172346687334532738326319410394836364,-46.51054194354736558065330851231613035964,-47.3201242413593448728419603408521597505,-49.11598113104972479500604062316406613697,