{"chunk_id":3302,"map_id":1,"chunk_size":100,"chunk_segments":16,"vertex_count":289,"x":-900,"y":1700,"vertices":[-50,-51.08330082401430975716760923757140468364,-50.86356313494459800951218099795447819004,-51.02969630283765489545340280881164069177,-51.13372632450854653217642100882095666197,-50.43183478308494543771417400647052307163,-49.222942656033407600066478494822919072,-48.74435995291692744711296223560795767641,-48.418735056655534034358298486300463732,-49.39246736996381691741115513297025722812,-49.59177209732335053743022325357752785129,-49.55629113021763246942078771350011233881,-49.27844788568412410925811391129829940163,-50.10478477501600812127133864006556533196,-50.99162401059074347832395618915945760625,-50.23398230396993505077266861843016331016,-50,-50.01441647361372301511728636394991914825,-50.47634241092752098378016082554798735606,-50.53970393578412085756839024034657057853,-50.9473494117738544523297093921400713656,-49.85646710908460820726155378604494761968,-50.29176162260656893563841334851992218788,-49.75755478948869176143254730314533884852,-49.89500668299523936944378091686638879222,-48.34510830671766748204808929414935450321,-48.13936474022487860461093267714511150526,-48.14848655204782245517061878987237837889,-50.20933800714287454144548749428070195258,-48.78978836111810040526233196290180497331,-47.39752237386721837717460389720423993631,-49.57039354307627771304695014393343353756,-49.17460668221864523418882901493797051864,-49.20562052399031030508551254604502313127,-49.72296270126945803183878106310371039595,-50.33828328612945360127938457477866457659,-48.28729971858887197697348273577168130753,-49.41396152401688452406686029005408299127,-49.96555890455600531528246891373574231798,-51.08057923268398933548600489913828994208,-50.97163793001921285023479163949367724041,-48.99785742509711536386584521435380225786,-50.03776784883554491618531081246711218323,-49.22421844718391468512210167865173815607,-47.86525309882109687159779834671779001312,-47.35127199295334426788245165765879615112,-46.87321542136620580361049749375404504818,-47.43552799155331303198680254376514691962,-48.5517341152816885687208580265224231615,-47.93791123594393790712026886814463868384,-48.10424259804819466039396355756362078469,-47.80654198825126243364584636053256227986,-49.62637800745765484060414205971063007932,-50.20049539273656202027085105395925815498,-51.82932846027464876690815520011979743021,-50.90996164194524164858759982470469512578,-48.24811027716144337972712859936153485096,-47.86531552934377998487562116384659607829,-47.79118476790839923223573311633862203895,-49.86353265494240809954104136650995819827,-47.79834197082713078971109875459198516342,-46.55346044268453127817020226062322135972,-47.21634771917433526857416139321533474398,-44.65817581405309066797195250104404812678,-46.74036881243402639810160390983533256621,-48.41383393250078219786384942437933732625,-46.66426998069675059990445591635017959152,-47.60000930953608065107433074312315038558,-47.57581641472596229616352127668431924731,-51.47607726330603477312635320239085736203,-51.56452829018060164956030413846024760504,-50.40643044645130221514029880027433340557,-49.9273398870452502424592079837381699908,-49.98605370292347628061358611887061751381,-48.47902599701225712786840468010051390352,-45.71993439978507658256915491998487528834,-48.43926538796904046863592388354917083584,-46.86268463276278369789209193959187634328,-45.60330399079469980437931885249675539853,-45.02475210810897608070193183243471090506,-43.55925222071066962935525929588532318049,-43.78425250204056214978233753331673012357,-45.36353860533227676218718319651685003446,-46.72130265386038188101155920111150743069,-47.28599671374528629170049957999467611509,-48.56829698441840361610741259136930505828,-50.08433984675121980076641920119123716439,-49.54138936447026789015511581011393191367,-51.11924028277612188615092008769225698071,-47.50670038382658405581719008414948147713,-47.14308921234811399263389362077173000639,-48.75723505873275403344188090884186240079,-45.47668555615974725379436625948616038564,-47.65087514971366576111616510217081107868,-45.11606958309227349544061639297509444841,-45.26194975574132692842680115828300111466,-43.76637293004964318757750977021444908876,-44.49919114471039297157727992723295484114,-47.12597106712421377045186034360652227995,-45.66291172595549499791252393313545511824,-48.67674692151785833700368047859073989335,-48.86067505756436989474734985670384841676,-49.62852552829733969261456088142628851058,-48.48811479072448541075913947922983042586,-49.16146387037866683499646260716378067092,-49.56997055922374345498303906400542360939,-46.49396421680627273026554012954330300804,-47.11842591241434768953709176047408482042,-48.26844274612187682300005959146074746363,-46.81078569381209541689044211777301116697,-45.25308367833196414753668768752932795581,-45.97903895811624504622299721523518981033,-44.80338415898654938396110699486474008367,-45.23428723028688928130876889252473397192,-47.31303740316173188617425477505049592481,-46.93626079817376670268453265805195759149,-46.79557154463101521321287100586496825303,-47.93476591272479670273389194829859821769,-49.69894499997721506446047773362454699059,-49.5925658728973211124477998808360647073,-50.0877764407182967370002713065206633361,-48.96113202072503234796900799066193532105,-46.16727016151968686168569679218485196454,-46.27712008223254710052472908833464158101,-45.88988665919465113313421479659512537973,-46.60601748707280104360855181661541832671,-45.30510203100751487516923948170244782397,-44.87681977252155644443164949563597426632,-47.07853659677464205422386634845162267392,-45.66495220947631858564795453388139526815,-46.22403268872176007419010091624523663282,-47.28398830383904985256483540463605192963,-49.05170563369398874557250995805498001553,-46.59265992746359425531883310405722704708,-48.86667481624370958131333859906058522723,-49.64675873657916371274782604844718921238,-49.40426634238128024859450670944922904458,-48.23393627305574764339445439073940309293,-48.60899071367621352326705526955812148303,-47.96970877058245408956295734347200052232,-46.71859807606041992325346678138996087668,-45.73659699460149566489290473896216338133,-44.0563450028347953851394545418020084312,-43.20042509898595085120485603954961063636,-44.24026736141082461679201427659231266915,-45.39427044095531658571250621930696453097,-44.75644727710298568236973815624558146023,-46.1178866082941689883904679603310649916,-46.3758528643631135938399291124231737009,-45.81224660617542515020016835426755388118,-47.18167536478517721548928949406279763542,-47.50536874512000395559398745786973950821,-49.04595373418707172281321805630745339974,-48.61821030103545887605848348889742046922,-47.80892394898269561132554786944200799811,-47.82738849159276633642202839470223524167,-47.98922651253490239870764843470715441256,-47.77656978333041179969456791184099117615,-46.85109179927501165251973721433258514989,-44.67606732407105052383166296822193547535,-45.49539584181738111716816639789962368581,-45.01408588246740703782142961311695814373,-44.14513430612486175776118554047464270618,-47.61548452400820623301227430264521459217,-48.66317601268258750977231424985966502518,-48.44012342771128970852547699464040038937,-50.57239401440584651062106330071303790078,-50.12565838555885191921784620397644233003,-48.91013635166567725764308982766653924549,-49.0187350346439849655689583619854413978,-49.60667965461951569518682489960919079717,-49.16968577212424963975066005520020693306,-48.07950491916471377292838942493035354139,-48.80071176374708844046876353244461390069,-47.55182077264187867263596726719635528457,-47.14155705635648357584178851105459876033,-44.80453110819943204206657465728240860029,-45.56284322881374743986316714272776925208,-44.51577823975738918341193664861632497109,-46.39180595143405460846068653563092035056,-48.96804643233989326141216895814012108272,-48.32670234584850000546047270262795403388,-50.4135560231632394403501625012698120124,-52.16272549574013756120808464421863503788,-52.22170980618260812187149411646285404345,