{"chunk_id":2889,"map_id":1,"chunk_size":100,"chunk_segments":16,"vertex_count":289,"x":-500,"y":700,"vertices":[-50,-46.50390020826283273521508169495662823706,-42.75315648505326260007081014802957636622,-38.97933273353021502531501225266877276704,-35.22823613734131131403790835775345794379,-33.15948143811706280794487802227392723344,-30.12097932921587484726289766018933282051,-26.79214672177577324416568601911306324187,-24.22375146546584661976261875526887556615,-20.03077294568383799200813983057054658717,-17.0059202162535851142607996101449291714,-13.55405161559192098392445207651348748596,-9.48998458170057507213151944995216442039,-7.61034911354487647987292710244171864487,-5.88168616516784795944694567748614906647,-3.10956413496020366250871590349994641541,0,-50.91575603150624109140221950490474779451,-47.38944715924964659198517536030987816272,-42.44663629027568905776921352699078273346,-37.88476237641389016289603997531839305703,-36.05816245470055220624427334563933788915,-33.6367609299512801039110646572644302013,-29.97844052399359432398886054581114430773,-26.73047513909430822290148082069398327424,-24.82442933115195262758522614921444876733,-22.58165010839679932701975048684082590025,-18.19671753524147322116327497339756250361,-14.30849380712725596626805615759886217958,-10.22044521442142698727452172374207659343,-8.62751129811209924863027789117316088549,-4.90247627982613636561224134558927637222,-3.84417899873000439526588428253784655372,-0.15074923984885164073159522580885033487,-50.42364377832738959391040180436504814714,-46.03095052242807228871242793073489876179,-41.76029970052581031792393400484282466813,-39.0787898368267396961013032850751218978,-36.74650212761269128256144619739125525033,-33.07569859644842299968290411722265869692,-29.14364475222061725581820200260909338498,-25.14007889652982610858369146333649513909,-24.51723817978296438646998459007770852095,-23.20413562435101606995971755587926890428,-19.99258786672323867329842820972959848432,-16.89484433737112447407021105252046091974,-11.2897272982071408418669136508560217532,-7.18399554569055038282198020893663505354,-3.10130988878535840229312625510334234777,-2.72604589705859730108676250440959232595,-1.26591515733275598794339194732330093232,-51.42874914247333141813656991291628678907,-47.60512475428817730190099240232345910784,-41.24508708408460089568237762231201638641,-41.21955929947022744650006447418943573309,-36.67740388510643475577805039094645911558,-32.33861622907090933107266503559500865806,-29.66426910799907365146738675723094982447,-26.59419009424292468035365045000119876415,-23.66603005723678865572619053370601239693,-21.70985541028163862281138635762274917165,-20.62443303818593103093731258460226393865,-16.21983206099597386365400079824540377453,-12.94215880352040540001823612525785591429,-10.0494750297950901856318340407643433278,-4.89671850190388479134085624587316729064,-2.28776494811216585640540455636751908855,-0.637899191957428556745805526277476594645,-50.79202878291978544473022296490526542522,-47.65107140136997586315468306752405758456,-42.66161836821644597797678584341503943465,-39.39697907465145899773383433670723181583,-36.82939143758968143234238826478136966755,-33.98308074566814309802026166847894693927,-30.73603893430726181704979542980290856364,-26.69602634256684667623164991269668413291,-24.53444907204788205730366470394552799757,-21.87675684169133493692447577190770837206,-18.94746696392433852600820552533242626046,-15.62336445835266311915185314656804811965,-13.98718656555650104666785751268789175581,-9.24229503232688733389724200089189744056,-5.58864759179855034194729637528683334607,-2.39205483550786650190300302670262614614,-0.683794979777067473264570074788539812385,-50.81765991607789338082195623108634311061,-49.8669987826619502292576241668273409766,-45.28210797278964682275389892683740580832,-42.31523721115563292975466949684334725168,-37.76670836842648985512918796430973002539,-32.50758446114200134647347482339236202913,-29.77236206400739512286643000105742159992,-25.38866698550323028270534874987907575821,-23.49959285009753939123862455973022263702,-19.13953854974789826982781632309047544754,-16.99623035992720892385415398933456678637,-14.71249454174445314500644279807551437145,-13.79832365362542123988922433409381438746,-10.32851180177866075978662463619913805721,-5.96275821667460864892324899606698773415,-3.57329494564377683536514434019503939805,-0.2279284927791192760905018914800146357556,-52.28015315162025001462418018655872299536,-49.11730140750115857725399951937095741275,-47.46898188300081562404802477821026103738,-42.88155856254168489206695876768076852796,-37.27770938153260933934185392620341438373,-32.35065304899495814868128114258264093611,-28.76260289765670630919151510945016174278,-25.51774611679981794690579634412662564419,-22.87893848573480415959194983993822896204,-19.68863315651398719264112277080600618824,-16.23209725865365514459486442280927006184,-14.81635061713851103351566693532030392517,-12.58011169805344172532298765163768496047,-9.33445045458175105080064844233494614308,-4.46009264520507960481150995563371262289,-1.40960297456192719999579727251815701488,0.3827720198063734172464278475002088652625,-53.49375893353669799987310174590602328882,-51.05072832715784479758060234969299672967,-46.81145470059976261589448029894376294315,-43.23765185181385193375573036183014387474,-38.96719459332980513274704562779003752883,-35.04071575477092875022999338562604417777,-29.73973486090737414845414894069912133214,-24.12231246751146636260586448364977349609,-22.22692894010551520248106878679324077622,-18.57662698068975109900189537225206197975,-14.7936312056907825963640280559955907227,-12.1791078470441623579884232079219092889,-11.50338651478025852956666835693005467844,-7.24347646032749607873071361560487799414,-3.40169076735540480522627286213399923816,-0.39532373962040531184626796565426082393,0.752162192869234253135492776361158587095,-53.14398567161101576627248478137624105218,-48.93751200808586876093223445576848236743,-44.99403808519995136893584870075813233351,-40.83841396106341495748241809715779217304,-34.82221505377089618824031970983702127141,-30.75315943886894461141573041664827110997,-26.05773679363394869174348353618816771127,-22.12889487239563824422655561869251068802,-19.89855030221754422503237947721391147455,-16.91935964646923706484394678194932249384,-13.13628025396922326356326870048470329429,-9.39226562648272456671377409613705953084,-6.09637223872163153510777073631414690429,-2.91347903830507839039006669872733268758,-0.40026602889468991350438024683938015871,0.6309106987477316502717052822720710791106,0.76738489938869064990672448133537135337,-53.52259303184362399511979456046690641384,-49.26854861212695437261942142674467707106,-45.16533283026072389396425646769060151949,-39.95852570969093812597746908099370991037,-37.1325074325571211475224507708385991895,-32.68288035413940351069487796963770791115,-27.74541323863316888359910558904359505635,-25.65312625521261134437072267465170853331,-20.6888404358366329474982597877664109479,-15.79257715976856180829503766217949093864,-15.27637923247360653989724605514319797268,-9.67587532151807118278349075113576935928,-7.76430667810578889065230687973786556249,-5.39112850607644450455505066430602536313,-1.38299105465481564574853044595252336577,0.79246067398319089463721716345728550676,0.427832914971042123197181470969020725171,-53.46264634236511637920613965017181368221,-48.06672251390138410919584066836783437257,-44.5971428722344683561762628865495750997,-40.16898153257268128041326128618394048402,-39.14432550069165192900164258179632364289,-34.04203940636865995009334291055466889704,-29.76331322792603133771090055128300155292,-25.41672916580174380903223882332939024634,-20.33089492203381146395206118552287609668,-17.27013738386093947680902547425032657548,-15.50931514841652064631727049489396939938,-13.41434956430748400707423534026706604384,-7.6317601225311787386236056723612175548,-4.14407165541620690546708781462824114615,-2.03812030287070950420134003382695197961,0.557307341252205048666863216934825819695,