{"chunk_id":3845,"map_id":1,"chunk_size":100,"chunk_segments":16,"vertex_count":289,"x":600,"y":1600,"vertices":[-50,-50.97572732699305250156143593117368554404,-51.26387892310658008447638778035303761649,-52.62374467353452410585924667388467556607,-52.60366013582198084349130149213974316169,-50.92298822415789125652734384204103096367,-51.10659664969885650060035229247042488414,-51.07823622589336075029377119840748998435,-50.49491161770970836373072108895198490959,-51.95469797882522732670351899592969774985,-51.62310657385106076741376806860777173243,-51.7840807852008647725403026423918198249,-51.73122160217017375267171750259545334354,-51.67451588167473930898011997540714632692,-52.4257414747957153784722615116559505493,-52.04631883948246878937233576766090409842,-50,-49.70011980176538422612123839092884417867,-48.24736075426953048445136764157176596596,-49.37924147042045586470019893155832701332,-52.36885310454511624162312462786721622744,-52.07598949245746458093567593971331573393,-52.90513690942354762953676011142585032811,-51.71098643378451601163578610184335937756,-51.12986507353478229110899959488636373664,-49.51320060357056736400736207894811677601,-49.91178399505381311530336547223188114359,-51.83568885064148049370792399573306766904,-52.42936422256741176062048435422161270798,-49.79924113921919163038660033963345365185,-50.3642637279513778796406162485896677476,-51.46300823164344047596749791221663070117,-50.85671088501518906023224460994279918306,-48.97531449167742989384042392396355262794,-48.28275922258757276678330061523151884876,-49.98643119748269549570233494286823762225,-48.66862441928801650924332352385404210138,-50.40077161882847896035195075718869259491,-51.24934099428526818152462727087646812224,-51.39518326465980087070628802205101523636,-51.87920946740513250130945943430315605296,-51.85711123866595293060690531090954428022,-49.83421268810590958463876841635182188722,-50.86394272075139846387046364525880710146,-52.2908484237314132460949241045461654386,-49.92698303630557460863120401927286701946,-49.40407158631541612263097514356849091995,-48.58718674497477721175601437802493753948,-49.61648376015689661422666194018303210001,-50.01335502282730538680936021569243441679,-49.52105086417026040230791118021314429585,-46.97690326336819349192478525448775587776,-47.85051215137146154788406206189766050326,-49.077192411339591698274931790246768065,-49.20140728185591199615194953273762000532,-51.03894652265931228218330484202447226031,-52.38865991848452984307209401416643772444,-51.75933843849243574281246434503166193832,-51.10579359278416984508836152156040652577,-49.776596105717101834385258662656125084,-51.60235015628279659915259317319853094343,-51.39033054117122517557336082597763759974,-49.02990903680814722119452548999298667551,-48.21798707301130405803828152224098465801,-50.00458766055221243959711847473546760202,-49.34878876263050899592687184578105329571,-48.16853415821276776273086849081966977348,-49.18308807527294422800157784216044155076,-45.65572610115092725514890254486563060639,-48.04639824542765892637738597286471093317,-48.13154775601897124578328271702508670165,-49.2977567225103505759594235180650225782,-50.28586784097731924012269025033654225522,-50.47412490974632182045496453616341417958,-51.16845494152158537375213545795061718228,-51.02633014998360242205516543783989040796,-51.61044674493158058811721544874560347616,-49.12729357856610417645251687307539389559,-47.87160899812563376698967371193801437978,-46.70332613878137773274815542839794313267,-46.20380456683724328107583364165150980463,-46.73731874629902141472910883800250698383,-46.56455620586013095743897800603292258441,-47.93217329476410558542518548490248456125,-49.95044521949988971903084073833901631686,-45.87953830888846272566805000909454475123,-49.95282604331170605613771704823863818723,-48.59338501256730846041945414599822494751,-49.77777731591809973529816512936484061411,-51.0528679211875509472552832996519563473,-51.96767545276603112151844109372539992492,-51.54169001767522417790200472243818149733,-48.68279967819843406625994163716502213375,-50.72858712627869825156110414103174924492,-48.74112144429811080839479867649894981698,-48.8811996014952776523628106031436566559,-46.68650207965268250742622990737996548297,-47.63208911465457139853307939153477930934,-48.36446944408903864213451591424061934138,-46.96317031542769983178514305596816907864,-48.62306075566228686914694140240154733199,-50.07746891764502563928353226480780966852,-44.43656063582044113776207792721367159664,-49.19850283896240646483608142070704623383,-48.4554787665392327516202957171840884922,-51.05908956380373434223879949611372035063,-52.02472686813833291997242684326527052574,-50.81541374764742709456407758890452838177,-50.87851163158427954507835044863110591632,-50.98753904258120179214715372472213339141,-51.38073049103074358198354934388439312817,-50.13353936742420951601488205248725602699,-50.05744461715581527127445190519398341616,-48.34144885678018920933705245421113018877,-47.83512344960838419020990665559668831176,-47.14876997870744439660874486673642732229,-48.18206392096748132286265548733328259692,-50.04149574489361997685668575596909834479,-50.47847188513065304585795819278172116427,-45.13015353145040477633569030661579046265,-51.20301117881489560449979138768087666308,-50.53033180942255724671732700553337148013,-49.77882024606469400565638419530127142917,-51.06298965514105074031122701599707885682,-49.65402300287994378659925536400288348594,-51.19061093425726328896128070894465290281,-48.15202194340710435481296781314953431738,-49.82008140137376324520501370027506264597,-50.5795896712683056737959900305220680978,-47.97470362234824045024726824880662177377,-49.72575478466158313741181472126998997357,-47.70983937330851866765697354607003401895,-48.91123855836636413351661106219075153954,-49.15298881780548006674372905200449675619,-47.50384162627020991003176347191755212261,-50.28580836718791615718274610814834714981,-46.19196713522317658579648162519340384734,-52.38105906797992105528213603802301196575,-52.93438663046814647393951026064315703503,-52.78579024777963226660192196310568885935,-51.56694341513394191241433020682608460335,-50.15298072887708545876306504438290418995,-49.07199684475245135959771413314746440076,-49.32777339291140273911850367212697827023,-48.7791134038470737342469122146876763486,-49.71021899301955760598375601973738272482,-49.70442123559818845808514110360907736165,-49.05069774695343669258171713345699223297,-48.95378146318495381477842466025789654861,-49.04934083591710878138549355250824483931,-48.36647894301195999922386195299822643158,-49.02014583098346574072813788337918222375,-48.80927400869801926645017730543306788701,-47.22704147191985801958830896580071901388,-52.90782149038121493704751206300250902733,-53.19623201420448047535002544388525972154,-51.83706239020712903956548570122052011792,-49.49984998977986591914428857720124855539,-49.40473529268286658805761297009644456313,-49.72161383099751549929265992446675557573,-48.70255256131170986421326513246842823447,-50.15410753178028558598264432708970765576,-50.14165202238183463815543959881957961114,-49.15161784120977034845667578308712910235,-49.50549832623419824780160687197353454927,-48.22822213220788779511909417317659482894,-48.82586750767785589139972171847772665141,-48.18686280322676788560734802491714569006,-47.51800841648868348180639087739419662125,-47.62312391028123216637786783237726325318,-47.08498040510702857504160518409119851485,-54.01969800144373561291507881017546406996,-52.33138664606351771591849281253901667134,-51.04534782853068829510564949558462101429,-47.72890916497596029505986043509767917011,-49.50189710134427645061246195201848707327,-51.01728000921492381283560155184432161903,-50.30847584624183827265559166603396418531,-49.60755626267311456777631801822199123728,-50.47440342406090958566053021799993114442,-49.72125842955659230101619600409203070975,-49.10053486098637846624863306433550177447,-48.12801771745651098659350579320795181549,-47.32172310057973828236084059744200124943,-46.98643395399620392937452585947476422032,