{"chunk_id":3219,"map_id":1,"chunk_size":100,"chunk_segments":16,"vertex_count":289,"x":-2100,"y":1300,"vertices":[-50,-49.32079681217033239138906214112927359654,-50.51732566612413583040434441447186132282,-51.26962421485093631764566858429817541512,-51.91726989316977818321104651966136867609,-52.93850445090006115177594388379697900306,-53.00669459703455943763222450066726366431,-53.07240654635193880289075746170404967597,-54.05867080357309637935636924096288528886,-53.92341774949162698922087170544295332093,-52.13500498555385001184566306233505085525,-52.41369804002683702974474710781998717104,-51.03024626465911652434713473744329324291,-50.68788789517463139522152170278028543657,-49.75371268731901872769971034945974268172,-50.41137318026576719365041850602890699467,-50,-50.67957084510813881473389370490156254995,-50.66763249886496779749215710948733179585,-50.43394941563359573632147736114810799788,-51.1887417765645964492567455337965602804,-52.09991745718768865806805705626405846025,-54.68087699239131175023906777182917573355,-55.00685311819284029657492802764460349328,-55.63127601003048582840161392289046374903,-53.2245801804542351463279652880854070355,-54.50270455700599612303747732784227799801,-53.09751882358418572998125538779204027527,-52.71116718050659099702779218034720561035,-50.71752833650068134869743854460721989182,-51.04002276600660439491924337720360529766,-49.89843197520689143608811647301250426815,-51.364172154318695078215531382971133796,-50.00398385785774505941631881013529731111,-49.81570227695189258119489475305894717857,-51.88627790803123890938186683143786211937,-52.16069657040382653496943440557253309642,-53.68453482606536075479154083136231547022,-52.47310802763271580365832210795403603295,-53.86916539053307264688575444815266801806,-55.49746735463305759451389919013721890164,-54.15452753487249573234127572090092559343,-53.59160427495164270188270908700695435279,-53.5741160455030494556537781710163879015,-53.77398200978881129019520155612363173002,-51.50272115158253453340069476854463263924,-50.26070911636540533634783850590036657192,-50.66131889109887183628785252560636727352,-49.46082209372015481210726913202719651541,-50.10381756005218697672752451781968914894,-50.80378902911769823837768509940583114153,-49.48143443139728454169559238417758819438,-49.38420186485101263139368385008206311915,-51.52718624019321872539834789162025678619,-51.51845466683225881216000540077773300954,-52.3681591784600706170269614965669172394,-52.65692809842304858665874806956447815702,-54.43685031761659924764135913296688821557,-55.09068975448057549568208361946867391935,-53.25335594126185524026686835399964562539,-54.71376987156619214094119205982363403513,-53.00708012258970769808583518259225259029,-53.453676669035414737492955052402582126,-51.71332478844462843515687524005647125424,-49.65397610663397194988770109739953009269,-48.96190808040441686932475620656261412803,-48.38957689449599867750923211550637394591,-51.00372794302388785118398184743572044651,-47.95192865574104052843220048412464167348,-49.11884528665416007316387971311676861789,-51.1660494516218612020327620700715089325,-53.07901404261157073080111372311637878642,-53.1750202462562105126134518777055180725,-54.40408563242193140145520441100291099382,-53.97642037349731444687287805372144511438,-54.82066005328043806249884005767273750855,-53.05790582740974547118939128357410130934,-52.38439621622477449734792565370940678304,-51.1192016875534742221028434548916556583,-51.99501731330930458290226524654263175722,-52.06529295862001070270946969541049070435,-51.82078863622657288557093407992602808442,-49.82141132011753051558848765237414219289,-49.8601215184316812691531823268554028407,-51.17085714782468665816355963621618682037,-48.81164415378274853853909899729683591185,-48.95408002821712860178289406501890262531,-50.94829777477869730746129717047249775972,-52.86944588219049848497767616395228452912,-52.34411753489238574178321459706974742977,-53.70765684328382451986944036031931020188,-53.87109158337537316724585218851582897815,-55.06168274092701479068617103749225164944,-53.30425347004317663859434834866040303541,-53.49969811665618684610199710556168717804,-52.03081299731444250767015731314996168957,-52.68575389224516408228277909109932424625,-50.42609209196888981606921787638019603683,-52.05761655263235483922827667813158974859,-50.24824229197611221935875266723391215536,-48.61954636651471276328590285000543162623,-51.45828593564390073206273873991704587182,-50.58520501453106318065322415284691452185,-50.37028359251433444137294028003886078044,-50.17806227307536368190832286686398299978,-50.32626990651364134898179427833754607834,-52.82176927327701240624576675832155072587,-52.20712005016950698006729498903506417004,-52.89259333373513014248928396636011400108,-53.66583552394172823991264376568612170438,-52.48031449533698911543613924717483622424,-52.78024638182745875728291242561431770593,-51.60772218632055204342442060454975834333,-51.12543537933159217785761823707739951011,-50.11824106620044349986142695150250026975,-51.49306528143941956197581234749732956626,-51.88328705437152378502549726726984555099,-50.886014586194438182745403352264669827,-52.62866294448986742838224205731351874623,-50.25043317520377674315877516509909419585,-49.55050706993775472853873119701301863112,-49.13191848372520591772953177434843792524,-49.09132313046194740959760544941676704041,-52.4040021358166792850236309108034303077,-53.2089517276064581958046643582164262126,-52.29432113091552739780662508012792568333,-53.13101203612251059580999106908524321209,-50.82127183561911918002484015963835140308,-51.51934375580313887960371062897907959866,-49.52292691187560238742657407108655152127,-50.51144498127998741375293566091120772362,-48.54664564073743617237508870843623207359,-50.00231021557325278767119829337573313724,-50.61075546018679883026009216121377602367,-49.65269064406806904440437368608235000583,-53.21629559819317790526908408854486789222,-50.7023370490410394096022290933215018944,-51.32234317143299910435101313415383770799,-51.99199423297265624157771306224230284039,-51.61437428026734802032860655163857249686,-50.19564168413135384368981266500895798436,-49.17647684514617138201699858015311647282,-48.37358324834927565190962050224091758819,-48.33756380430137746722697833553971419304,-49.75114485086302342709076825237839730845,-48.62648456124155590102889505564835359795,-47.60442387868023250790940294911323974123,-47.75214907125631635776894700375253251902,-47.9648522906315273398497978680753343214,-48.51497771457787881900009902314909826218,-47.17525439149249416490216305742423078549,-48.04380895459383138133799131426052149278,-52.22300126729465890108048671341074727942,-50.87906335392662859064585368805285880983,-51.23424277339377878642961494150920664137,-51.69849506842191113222513245487558313671,-51.36055413637455145735176820312300606259,-49.56293575546202513507991894790666685186,-48.58635392598320504799403612433329531188,-49.57241048822589484986399828171195761307,-50.18559586709970845617133958346446546656,-49.3095973415356208172414337670693298025,-48.91489320861056335679067809415779005728,-46.37358598777209699171279303130785972451,-46.94922272766162227043342753548592107478,-48.80600484423832409643204224106193781115,-49.88242893037173171300323122029886920709,-50.34204416197356233597346366346999731469,-48.20743400114080559709085499408104112889,-51.47274043686845304308674047319503527843,-50.17463004775699452828240130414492391613,-50.93984600587400111534784698598696669508,-51.64638246374398377498674481237589995431,-50.42665782155214791418899967745947209836,-50.35397382801161945898445550526448713838,-49.93207120650448235359249974887516989161,-50.08509645778704135219277153361529039024,-49.11753773287668354620654964678094031162,-50.75652696865941508928326046754686791575,-48.02457596903325378516133115223039443941,-46.98216102684040143292007526745715228158,-49.77069223023057148120976672716281624187,-48.56664112277478246222461565042078536396,-49.48852199408559575175643711889392603485,-52.05134476858729285414417721643720145528,