{"chunk_id":3628,"map_id":1,"chunk_size":100,"chunk_segments":16,"vertex_count":289,"x":-1300,"y":300,"vertices":[-50,-50.49639448337192987468285291497977448358,-50.64921386343281392994427087114288947926,-50.48553985341309322731074389695640586645,-49.95875277579255319435860499439581901925,-50.95191086382034413935398965797142762952,-50.26241059227117970617381828192832130632,-49.44029535127157234674373473412704431149,-48.25445760310818588918378858998745971099,-47.1038014409705588748472110234335364254,-47.63162303668841838979029773352244039942,-46.45716124094478729319918576608063986509,-47.06178642966660500729134118224443194432,-48.20458255063943584474673368622970563953,-48.80947686261252696832557838439998893732,-50.25382157167896451689121635590284577761,-50,-50.92161667937722111603207213481201579367,-49.55003511511180032709437616469257228224,-50.85763827095324877454596474789326393414,-51.59909969981719663102754318807855638019,-49.63925370870624933621278052530421230148,-50.69627135731316296224098788023575915637,-49.53751196833116981395480331536368290366,-48.0060033202170240233014363085920063905,-48.20462968665367673988707606860501328459,-49.56725026687416854997611354662464323559,-47.86682990250158785330877665138201402779,-47.87663942372272688083505786010931525022,-45.88221761052577042372884100248161037199,-48.62814234143993909472073117547809336724,-49.90876984067832530007546820851946488314,-48.92602425114551387166213304094993823915,-50.23889307325752322303958985560988079813,-52.30669503327213521583955693825481501845,-50.39069292020556644433155238018815505502,-51.83391419655410057441471794600623857018,-49.12116755290978981724945254077011364923,-50.09522158921084411972398502129197785206,-50.32432683532388403157896409911938244298,-50.55036433803240502575936475074051037084,-49.99962537028349042973054814227356710758,-49.82050733631697792824216432277990388103,-48.68513425705334599798787916768773897529,-48.71270777850393297490335069158176761325,-46.74512929999667467109618468445155165382,-46.24574153799216821786916960559976447575,-47.37900193425476246344563365208653873282,-49.45452009299728159056747674662602606467,-50.03665982917721679778979706539847052084,-49.40597326444345237450936680622705027014,-52.65382112477666262277578430663998712985,-51.34115918481233491833692141995841790121,-50.3269147827056042151512958902257757506,-47.87202287129878900151813324456287457477,-49.87148985750135101620689849473969601763,-50.69534580721051855703744541368820267617,-50.87911910193705827270509792874804662203,-49.01343200779269454907625730185730579989,-50.79664820918509153701516491647500628035,-49.97775272534434479710270906232309869499,-48.75700212548332654167278088235757366579,-46.70836104122322730831183426360127767725,-45.37897967931587541554940049401727569627,-47.81587187471081112026832407487570394173,-48.47200401764093783789655482528819822413,-48.0900465490231350384804662593268689121,-50.26218902865787666826394043466368718865,-53.30831937889227978303704923635462091863,-51.71532374883617800568086027849430498447,-50.97251572132866136035398708745604671952,-48.94302102868255993689519461425366342446,-47.93845039254171175313051364045869821828,-47.40525790432568422237644358047568088371,-48.71689375420517826174814787786292791445,-48.18385456491649424168201440050824642018,-51.93121751990462632438367430901005551535,-49.81313133699920644784245825861456767109,-48.60154713251506457002471028718852716893,-47.45768128132923009341222015642380600615,-45.16597985525152976763058666738926348891,-45.56973940992025110501468476634580370514,-47.81085286741202928369282438146359799037,-47.97942151140325373679847976032182577524,-49.64977632475157785727435411385508009215,-54.62081749127685736761319860661101905362,-50.59622150753493040172893583384795746995,-49.63563846174366800744892763797583504776,-51.49371326597528990755649753772834251293,-49.15579606532211998812551129417568823795,-49.57365787898309373618259292069867532336,-50.60849159737552471818245790262838475879,-50.56868784508333840277006417184387059469,-50.21233635500262096521534488151790139842,-49.81089876102410199702838804008399722946,-49.00879130596849112404808708119763283725,-48.09056158704591195393761929945535692564,-44.8100116967646504740694890481195540753,-46.4942510537545712619810980376028772059,-46.96963965436736332411082408532275959527,-46.60437480377036234457894543493533293529,-48.72544910397977321276259554626868740221,-54.58122261932374860290549685298568798738,-51.8863417174448682676720585270983851739,-49.45268689922950467274136178365340554932,-49.61237709379171895038103036123899604408,-49.94043570907098813068661714766144741983,-50.69910261953987370665376371929194636938,-51.21206895694354260407922236473809957923,-49.79035301596864183237464442891930713553,-50.42995108299286006268100665415504420142,-49.30247068521301895990914459173127151211,-48.59983923653998830184671684494908513098,-45.96368640650531983157077766193018571272,-46.17627532971366635519744885312370335058,-47.01226927983839554525361564659349474348,-46.63402116635120774095512065103234421811,-46.35892483719177737341925873581259868043,-47.9802788962359658309933337600913587295,-54.52719693418171063815528058449272505948,-52.40679105687200312608275342033977360425,-49.90991617013299742881134425728971036771,-50.04003028316451003417665079864255740138,-50.78096702359678355481728740215588453572,-51.2205812062113718888127496885315118865,-51.78380406087634192207776645808150872936,-49.8174903368446165229622143390087241657,-49.9639932964883187173087333310944778534,-50.35938065965394109182009333627799445119,-49.09849360080482687922565217295759661104,-49.29077333665823297113104858660326386172,-47.57300948140354963963716418251359614799,-46.8815774180476415477409069465201115109,-48.54829381122059453819721770022729781957,-48.91100359340189266255333652368137761199,-48.65413090124033446781390894261774985358,-53.52543987777974882912219316276621638693,-53.37113875569793968357944013712979990493,-53.39992184508180757823102840712620505921,-53.88784140472226852861897086256940834176,-52.98115440137166303021772530975310505689,-52.03817466209931011850964175136483687615,-52.6963765807210811972459482346889002242,-51.19382650755165777633986714403110896465,-50.3545402394275509645557008029683888441,-49.44047360200976121791953106478046308862,-49.31915130263215353713108975454558072777,-49.69462511323317788353170530679496259216,-48.60914299941634427915174858661340961989,-48.60393769183022393843476412008229911265,-48.37968524081015033567525609475453510267,-48.0465398395184393538044835274229119664,-49.42497230938171543629110215646592190463,-53.90446343320390009606742458674625839345,-51.28072370599954227753753580866686307613,-51.85879485891467608899717380996469182027,-52.79432359236599816480352559806513879991,-51.54612346807727172642617337101934437598,-50.4900724764109950674350373584892524821,-50.73078627666412586726408557835150650396,-50.82779253986532124343723019240881415595,-49.15298717395923983338622806660514638006,-50.46097451418424059009057718033910373374,-48.63114228516864966012511055149614711374,-48.30366832708888854283224741593069295498,-49.66689042249936690529261826182563221224,-47.70313578393338251625678908175483054441,-47.39606784309994814183464075994264926133,-48.79485806183992019444058685783114996131,-49.91953248459357249388015268481636864053,-52.85942874810777894006942413597099120051,-51.87554772870694089009099317368500676855,-49.0592577992227148909087911572205517383,-49.71138698280082412618445312542723508646,-48.94684784045264085208715783398909664272,-50.08660297883325447816905219287105763806,-50.12033017717000334229746438361320321074,-51.0467972131335479702465864021798144115,-49.58388810281368450857757960246098801979,-49.97128384533192396591253638912757762239,-48.48433701232971549298332836249128176547,-49.37278161962350555130032021854888789887,-50.37255841466504342384799927128744722463,-47.8418433149280220074567809598268178089,-46.90808378098434047204339230807226085391,