{"chunk_id":3640,"map_id":1,"chunk_size":100,"chunk_segments":16,"vertex_count":289,"x":-1100,"y":-800,"vertices":[-50,-50.1166319537140604685246683556536521624,-51.89698800424662913743659827233729676538,-52.12516535552720697348941637451303312001,-53.12924576709246347832861984188531097498,-52.97473899178355093067377730498361398236,-52.56975437576584501351388151634867584773,-52.68844161273524354549249697553494701717,-53.12329174687085895995843319429295304975,-53.44536413012739959699728509586008746874,-54.28428582001841430506617993726983376368,-54.14073894904373315090489284583632947316,-54.06502490049538491009165120363360971989,-52.60254597035089361357842633417997468987,-50.75194624793978951991780088660080836242,-50.59562054266253053534723569519149952878,-50,-50.35356990755577722981544477564375820202,-51.99240174876283398390236686190360770654,-52.57396097006582926907761140112531695015,-52.42091378930432539219952476154357938559,-53.88819867707075216179524166738066518671,-53.39467449952556462737201778757464341849,-53.13144250324115615422514975598583217168,-51.55094296815166248306331582827273493194,-51.87618915691258707349334206562238312927,-52.2230580517527629701629352126810626737,-51.72375283351971507185633851269774866445,-53.13392733192308605519201569129968213331,-54.08329549214390137224610382687300267517,-52.89583456949379508797709590360444808908,-50.60064293182339983287686439420944566964,-51.13787497699668221818635293184858621638,-49.47341490437882147385790988338546683925,-50.48234107741372928347385022895698437152,-51.92786659183705338927829794605638486306,-52.8456207811841069923931315352192517058,-52.29061245195672186370367449167880834682,-53.07484843892414359215874823230866828053,-53.22284742421576100580440211297029290095,-52.25814627089968698147216544112949589767,-50.58274278773520869194447631860799775694,-50.37016881727866046224965729328443264765,-50.57908671675743891822829334272241192205,-50.79425386213504633371763585419871955913,-51.97813430321268744825789925984600461182,-53.31520485559469330926991299212350468028,-52.36966336984138978059348218324677181443,-50.44574228448562286777226667086549668344,-51.026871080191965601953176172124312135,-49.946506573523644939661560689617019297,-51.20997699256199564269913850068719167951,-51.76604440454227304990578685263222097598,-51.29137845394658305103983676955047121187,-51.83026515755824057564275069181086049734,-52.67241162084955390065321476877326299552,-52.36821779154002441018862146142109735512,-50.24702497205892177891191529972032079564,-48.3375799435606102304229488333965785445,-49.70125767707737512443923974472568241451,-49.46212851761812664919573229703905256872,-49.39676400209644044941258346443451850408,-51.79382278268339926866941766693004139576,-51.95884024111161179804053151729798214604,-53.68844440463817523066832401956896101732,-52.19315094140189464664290173929620098984,-50.439971659359562096434728972541454126,-49.73685070924752478516201651042192151034,-53.12156384847510831940119277654119323957,-50.44689159438220371267949743218514550969,-50.72773721080736548923438779999899978908,-51.71793102626216007165613748274968394819,-51.66383799490942702126075189094243374628,-50.45979687117990875391942798114328712688,-49.77733959778836769214729743742582705087,-48.27609458614781025372831806867791192658,-49.6557468776067750847393516661763991601,-51.16199331677041507388634732323046765727,-50.91449563186989942688601791295100483944,-50.71715478225194376659540409705926101344,-52.07903724243055525387780766265181718952,-51.8419655789431474936555340852964023195,-51.80321213345401715860158085267408922896,-52.00755199475544882438439524222174302843,-51.29673405911763579546427569847840171216,-52.03540894752499787463853708510821637592,-51.18193601347621157104830638592128930408,-50.87690726194211120899013958352897858168,-51.6365133307531215427107785035763383398,-52.31404657976891105718569561073065833247,-49.27666724207252735961545965300455060458,-48.82693666687749145550043461680398755401,-49.33243969195171078361055983543670590111,-49.0115023803068022564824943464814539207,-48.57699981646774316278472220292214896651,-49.44767149745126230365436900035044960514,-50.41158035006981948805802388990065271136,-50.02591840957196024283206358532812422364,-51.27900834636239000954299372132668115462,-51.75919214934062102682179068646043705194,-51.95865084560933027754666557811516050701,-50.2834389557295487940719958459296564253,-52.62340961184626879655857895137307464607,-51.65150363314271164143698008768280563128,-49.11233657736373742869575026541071056149,-48.5939109704650123650631061214154275882,-51.06204693203302141202936115849785482285,-49.8247917159391922289202635393764935827,-49.30008709811075386975986762538694988834,-48.41732287630144357698481746433863797119,-49.18315791972850082249834884938599662722,-48.73566267950191351563258215510275037908,-49.27780882109035765849672586595698251156,-50.74618008868400785422565093000195537349,-49.56846674953381624995117333898320578929,-51.1050842616183191760978582969547955334,-51.11906681296534473376403199492436260968,-50.71891779824144548113953901687161931443,-49.99772547025498301120641360268234824917,-53.81982461495193569270579381794741313392,-52.67782217834362881240960956946102502652,-49.71649877558317527768893089924946788427,-50.01235572114290305538792196163887726954,-50.66764063601122261133663691171276753188,-50.36951824349798808466883918437308215811,-48.23898063725406635718599847754860891961,-47.23122448689318921984826508899615024491,-49.40163575009797479224761136091816694894,-49.88034132179957232178291439110290175467,-47.79622741130584636691503135250309904562,-51.24166549037464841382999500641671899278,-49.91504951973435865980091705678251822024,-49.1570719300801605517232427374774785364,-50.95506318030608442763134262953364178173,-49.68469817426244248896229915633581246995,-50.50468848046137279504436416665117476834,-53.46876681773563489024529396295873089816,-52.99377810651129305926265202491225746499,-52.196702079223254840683395357693080161,-53.48935627432618496290519114795400069864,-53.31187430723208010935489627058878917029,-51.85379790081229276058245472045938611253,-50.16039526863061785348389983471427144979,-50.1311179881802564410354226508093004709,-48.8678527581962077062913421347412025692,-47.88291509899411802708839900962416738738,-48.72332910623458500138990849580386090456,-48.06796154882253010210129654005679723135,-48.06239986999458794365412469773071272065,-48.51521267067476195118822329854978726317,-50.11677578247796514549637127743530092975,-50.67895378598142065397421512576169573499,-49.86027824214799558736853224762818948334,-53.36271530859819818671040484395333028409,-50.45119500574866795412187599853674593795,-52.03234362601275213708049019380546587257,-53.77715451534858710711631473836797069586,-52.86705435106222818997243765463654349674,-51.12033275234673013253492186748124041306,-48.26292330897923269085727745380502757189,-47.5030062594170236917077603253855487921,-49.04926350690209745110972329254696690095,-48.67884671710409669027850563907112805114,-48.35995226357009280573584919280114806652,-46.86312868880161592760166646824586508658,-47.92366091033468183195722929987564772399,-47.97731951691920173738376816174889042679,-50.53849402153634086089666111317943694699,-52.37687789837532945345592876130280309957,-51.69552586633083091320371370229272702736,-52.51829248604719974699446896666428112119,-50.29435225712020252102367790409771867388,-50.30578883392073721684865687483394460882,-52.47822830540550783593110664281242122636,-53.71532458235342613500851779117020677256,-51.34076739317895554006935126281953890136,-47.73972673888206373821214716941785517412,-47.28012730450990143712617404035113732069,-47.71360999013237008461260753440037521588,-47.2452062331468886650422751935472587722,-47.85984031283288345135325485573625718914,-48.34963488999643447096540280817635315339,-46.75886339149117172260049153225244681157,-48.16090498039623008486873420356009578483,-51.35413611977675469127193147923475800899,