{"chunk_id":2764,"map_id":1,"chunk_size":100,"chunk_segments":16,"vertex_count":289,"x":500,"y":-100,"vertices":[16.67282105,15.00644326960735322869283932993218606801,15.07534923176305442789453970827472862019,12.92317253441461446455867345190652522692,12.36977500167742293295273619879271625199,12.02878162939746446170670540748145395464,11.81905678135503124844780396057008405347,11.45811161250330924075465258489803563613,12.22718290110604883963973002883766568961,12.08845583475562537673608065114086981476,11.35715971069040003353769519867887457761,8.9665347865750116212531139578469576461,8.11440259568739880780825742593353036227,7.74719888459375770632456527705990810704,8.46578532473676394455501676848320969324,8.9299938558687058757296597039888858089,7.86511765,16.16962853358987481967676992498156422072,16.39506183237278005597784670860472620775,18.41237318312832184813926084229383674448,16.70677392731181856492424326109163709777,17.50633333563612254028405129422331234779,18.71650891415025114707980952270836540213,18.15753878182708010257149234514368522493,16.10217764072105229957301649115159820741,15.49538790431506384967996686908667699575,15.02134904438457693319353437944999054004,14.1613945563542865565188089572262943203,14.36007471162840841892282552895654436609,12.72893020126396664320228733622118956582,12.9612741531928665921006110766091613392,12.34177038742588495791030244687458520546,11.8098479307726731086788761036570648528,8.72493931993180961730549674201000104754,15.95832619953572843636738155592979069462,17.52394138302951455975739495054850602759,18.16549072292572095226467210769491087654,18.847525419249288891766814689502081895,17.66664903459545704404474719751402257523,18.85797620061479401728353486281215355739,19.10372975154187417960014718739869317026,17.10832433806656544270832013358030830983,16.47039364798486376645557029927199816033,15.93353710024501012018971899053150065508,14.51784363097774946295545891156417068005,15.62396748435313905837040137381417035845,13.81130214609853359694206983374350865169,12.00422274615384098745554889560035402553,11.77777149503179125949173085522328341498,10.47724497402679512866963835355440019864,10.33222254488852129109845226669648134598,14.71239362549921340192313175373189003448,16.6948302744933187812768842758144344252,18.6001144505485094845885871287056388004,19.76534478512337152386536065557543432151,19.38009216184516325325616801564839843195,20.40157861306906235759236736517518319058,18.92119622154565552936791202360288861968,17.863898865980390117082294563596864014,17.15862377724526075502274357236117041585,15.44480031690896626062367597135154001424,16.33574412718641545716664986090730496902,14.91929601384032653220959117737925307601,15.34238644951928422384393355606016067031,12.48027559747963391526822451540573135112,13.10948518521396271044455238528841215772,10.24337952936807261596213218349715428339,10.1705097071404167516238619686442464694,14.83356451734923582803290475253259401392,18.58072057083036037190427310518650664651,19.91020491039639323304200153916004363672,20.31162506487165334866553331071148203207,19.67641156441204663639086421752793072028,19.86056574628396700339921110632545029828,18.50770745814160654169481346261696221787,19.6789356313126550065392405359846239281,18.97832777716587711802836333899534334294,19.21832264074418220907823404673271235328,18.42563195485987090976806214796142762585,16.3978033746688842521227892383459375947,15.4619004988412578133316318903803868091,13.92476607210267081677656530028601700873,14.1714948972874506609862687654373753965,12.50193828452687128394652340151871681506,10.92010958461174389577406302109527713588,15.45091869465555559796921060297954474777,19.73266921025830812993656411358216925359,19.99806403471885349830437914569207670766,20.19915769160083350288733200352143953242,21.11459930203522064030541473964932990734,19.62585207358626881276199269449102821733,19.38829998232630250203395632041794803347,18.72269483807477298999440717330877285438,19.76562275881123099637489086402432120042,17.89363224885789127535767966286244487919,16.89311218219238252927277160003696049192,17.55701185092059863095300336687570465151,15.00162793863436269438553732030063316195,15.86010515896114706249596595680760126323,15.13740243416750547503227731522714619427,12.60592952162842196429302977616022960122,10.01482603229995037276455032741978369487,15.28551723728832630785887374001498962741,18.72994183718095634531048238777275306999,19.02056550215015487580953376296618978139,19.53351470367433507893676506218668568574,21.41033083858660315271089215672476523137,21.37810841345222455877033623329508667026,20.86442973127650437729317964595569328409,19.78574204298122494983640882812970095388,19.25533032456220434678316460812745379373,18.72123975662908574733239889031989807846,16.73086010864610734522905290887659456532,16.30479811074977891679006830915073115503,15.71261459860828622443365569089611637597,16.1020394654078217579356476942848715965,14.76390429252532489297473016458854313689,12.44210679431696719491291024066270998647,10.55788132347212023221278122885619077673,16.43484902066364693991736874191010558837,21.15642404837656844269413781053452296578,20.66052450283717759126889500227492457076,21.93016623480320403542359682028678082335,22.8083690580253436642793757473841966354,21.81709082234436758074828788923573134717,20.88066461271998579710974939187309279779,20.63197292637932319186522562092096116907,20.10346032508907204698864042123942604649,18.39799351532050384376229744345256402749,17.5629134446078049166971449493229681566,16.04270611231240932116118973599091351572,14.59721687915856925945758175509355628481,14.72344404618346653305842580534596778777,14.1186855964076135614441633356751707436,10.95101229527582568281831188276541725196,9.81526590731438355909099922201675576111,17.94883828743830330696817914905159556935,23.6817863657223304666315330152919940734,23.83845538474580779648644622792680431058,23.8389391254479411398314869218154133667,22.9842501739283202494633603999549020807,23.49171096605030183007927485949354570556,23.46075259043173888404458561312649649201,21.78246052444762066214980973405292525502,21.11252775649089845170721259023654773265,19.31934521833180567595828050130014382674,19.38147415332808547196949004544164092771,18.12184802765530433461973204793933910174,17.91786258689488387866666058289934791981,16.67102216241695494525364876671794026275,14.3693707304116069258894367426278422665,11.93686396737175564612593585962957995632,10.88543948030645398043848057551007756467,19.85738019401526631244961331138673167478,24.17659070353924688830509987563805916859,23.60760856097987028155973270380960869729,23.37703511307452260301404977378772549559,22.0248986604228964250133685181644765828,20.56602161181915086094734555427809609451,21.62271047229571791980677487838756554755,21.51320721712892152702075424580126738999,21.33079794757358340569736862553725626537,19.70123610993987058906539218687841343004,16.53553860272807782855190435302544999533,18.44430561470813330463948724480425288934,15.24135403900433220806015220185853386653,15.70597903555669024493583617111386936341,12.2021304820409438363753561232682798007,13.17993710894204800890249752512439811838,11.171699803381040976541317838132324111,21.35218493456390172732495324000494045673,22.91993880313178642412237871628304377952,22.8907573491805979519518760199517331936,21.2712514747172424352607245362028238956,19.53957794535724773281545274433214508068,20.14669156218992802783330403564604874191,20.30142522160016457162809264193321200984,19.64956114559897997660918583135720994758,21.31560852651375125187032186172113804465,18.58417080899592096440264812843830192264,15.47472476724545056892356930995115936278,15.61462849423152319811779835486535128235,13.68686133247769402834046555415360812174,13.23666594096228644087044233712173866354,11.0792607062172985709035379675848007007,10.54224483024033017403011895191876385614,10.8373085897593570544865213927018727289,23.6344811903241091959405004895688429477,22.85209565783481218050388036429215858587,22.18539241331581545774041628723776472414,