{"chunk_id":3104,"map_id":1,"chunk_size":100,"chunk_segments":16,"vertex_count":289,"x":-700,"y":-600,"vertices":[-50,-48.9570561889546815668796928944946039343,-49.42840482115396957266306478432166427106,-51.23909729572752367770153926890548703576,-51.95074144585611988974591957775231599257,-52.32497426993834269627821675271094495131,-51.5786053312218586646065486215580470258,-52.78561283536207014918872655650106267622,-52.51489995059692162947604240317719766941,-53.71939979453906393357444886647196187019,-53.09879552697344755517876744914669011188,-52.98918867269851823218063253495114900047,-52.51144637161377530993888024140476402748,-52.68970744027333781191394772053610729327,-52.7290807771029338068132217213226429209,-50.63546409919245530043926097287835825554,-50,-51.45903378457965851442298315355476761115,-50.48579310259246629483911633377572537163,-49.99871463366957917052270760425301793391,-49.73537192064888072351751445009842035725,-50.14036633599945501518177788411875610301,-50.79198699886757265710807532352007055367,-50.53755164938159337633730349216160465366,-53.41496395898870222744862358213585119294,-53.2711488848573656805403384197811286957,-54.772834879959460832414659414162625466,-53.87956184961218403994859088315895172264,-53.10100798417549615267173286519178375956,-53.88438663268059070650608137754763572967,-52.61713358773464437678351975684863894685,-50.90767710705759559583885257913361989483,-50.44660051324275271556485457357063069292,-48.79180167839514804342538819862650925348,-51.1604157783223956534753477546952551679,-49.50412933332987193670741660367170892499,-48.8212277733594629573848809548421346809,-49.6327589226959696117142341853417591162,-49.81274155120163309129206835326815130551,-49.99096344602614441558295084198438557055,-50.9486498505001625997687476014102637093,-50.36318328913901886843909547397858805554,-53.16664792428093893297100047093991093732,-53.7203379467352992191149117502617215364,-54.53644990128890635079570280609888950845,-53.13359524179636691920202669652453736433,-52.60382540606002529515782315994395617479,-50.37427945748191085972800774046673421368,-50.03975807913562109918104861115643014058,-50.39268053918902748678821132429935679002,-48.86974460195744878504537617494887003812,-50.22814759036746530914989951385701517231,-48.73922809649733624617921354599338632502,-50.00468897596287878813135044596408510685,-49.16729263506463762966099717840533033188,-49.85255129792142370637843077427075887647,-48.75403227573830115885735101897289023155,-49.55541935801042496713858186327390571546,-51.45441828455795324961844276847838262122,-53.52378692053224863167767367014883304382,-52.99942208712897604129089084451875424092,-52.81017292606720115509201505418581053563,-52.52602495128466779365990859671985264737,-52.17788303440936571567654121839749325629,-51.52671874647814302700310848271334632464,-48.84880466547644408586903113762934322969,-50.17104538785358152248029085340370344414,-49.68154391479395203489521556195826429081,-49.21647455219535825264734618705033954647,-49.1223431357917728701786299094037917655,-49.65185425725637840388763562542673789241,-50.39662030515756424072849795517165921999,-49.33235020286080926182002950735974806067,-48.84892248500016275162905045622790223519,-50.05011299492954213193116215438403286324,-48.4371008153386268804566207728234535997,-52.13359287173422976042402770968515846265,-52.56095351403525216538262729509732578176,-51.16935810421087141574925804950514361246,-50.29125127612481818525673621854074787743,-50.14403545547610566734027133119478606587,-49.12402726476414638675030910749421406676,-48.9054593558653257403272109361882896271,-49.1693977534985289891051733980718071658,-49.72374296843295029342787032610037328378,-47.949438466704472317672628646505763269,-47.74771409235644417358190325167014751451,-50.4818609587009993643808963863041704204,-47.62757113878874409277655269851428471048,-47.76950277415235689522515754163236558277,-47.54192990740629852286705716445107356769,-48.06202787949159242020847573197805963762,-48.77601103552634562244212446561011372198,-51.09199809528538607147912881344126146306,-50.82117598861539138778135223277121182715,-50.36424789168380300710695815691197723297,-51.65278399244137438126990350452616706882,-48.0899210449648440032417163872851660753,-48.19612263642164396181693897967746174684,-48.91404858145838972720581700295608787322,-47.65413395598859224017168290530615788004,-48.93789588738931913396406936980768054077,-47.98564542787631342627801093522209102656,-47.93008165005344030754068036993016839084,-49.48081597809756847768456169508777006006,-48.52021786268583659523162840447850724383,-47.89773794058135858842610668499189643087,-46.91796636158503131868355816245706617568,-44.91208183201935966599039515903701769088,-46.09337718218825356691060400436055555105,-48.61247352131858052324739857073228470622,-49.57927135258808026233337246972113817201,-51.00322277543851595661076976104724467702,-49.84155800852551859230191398266204387654,-47.49286610003895948965822725339335290382,-48.10207890718705522471350172131696458892,-48.19586957612254201920614970708803502448,-49.06976206942967121786944162810176443435,-48.52676387023860751570443908388858216767,-46.45574842881710237744474744568648357259,-46.0614673813424561591781569804299146762,-47.85103623402094067459164548897230913999,-47.71900068280749583043855440576544606127,-45.69057233745808278066126738370980322163,-45.50588044851106770511506340266267984163,-46.01360359833147037312657958231862740048,-47.98939608062448182978930375619396086409,-48.45672761332375864606831756736808260845,-49.4509411416517732395998980836070124103,-49.73669494399283076377919439614473833476,-48.63204371359534278754830771810151521099,-47.49561693238190922975243003477341804105,-47.28094209596181150063554235455997991809,-47.14066417794324798955259802816797045036,-49.0857404681487295366704065791777008823,-48.77273162029787310436826329106023638086,-46.14863133527790714160177927736349766058,-46.67707709277797827042770603738523159308,-47.91668878069755336544089495914900102716,-47.2739345197676844711143506865330526704,-46.83866125028667327175754488714773281163,-47.28160941541150477009299366700225266964,-47.96367543974828874563989960740939053058,-47.16630028721308091784132574667904106007,-46.95449208968696288363409865626586851785,-47.44088756184194919188753168459000428412,-46.61097656246165310220425289962930838285,-46.62017437210158350309034100243325242067,-48.15007949719392557131197573148848056722,-48.63613217655418945490150510993193955904,-48.75582976497206291644907976956169368292,-49.26844879733697941168817647492913478183,-48.07796685162484551364743779490535527395,-45.71417191809324323419181888739604051364,-48.01358656895565907964637806842965507341,-47.01593358372543972755985175534862511256,-48.62697363794741876717607763734183512678,-47.45163412280503197651657410320769590885,-47.20244198971225109277087048694946622367,-48.01014686122803261489462311991249296921,-47.23264431341551735736013209165650692528,-50.00872084521326373215567530184155030512,-48.59813614183214650686924608828999748058,-48.27773441796747144598679787136857476994,-48.68234425123843113101093125519198330835,-48.77696263749538003280292998030546378019,-47.23905999227594750872569030573735507472,-47.90986818688512171381379529671403731414,-47.8755128105628814215662249022022606191,-48.27311484250359561821910760456403435611,-46.58722298520375610166189120335815116904,-47.02015727148921054856917920340122805197,-45.9056703003363255033696545144217316003,-46.06859659999487898374750501486814917587,-49.75801547541045204127718967701340287591,-50.08270195656847687121027095028041204918,-49.98501598219836875545833543152177981456,-49.78784446839738686303407531671167650672,-51.48018140746237443083711327168649878523,-50.75501780247909478908994675233138752637,-51.18160614709126717832419475528638509732,-50.34095198638710495284340039171703063057,-48.92506507241581174757738879776389128117,-48.60778497151506691759972128985460030461,-46.92448942437046933554667412500219555151,