{"chunk_id":3526,"map_id":1,"chunk_size":100,"chunk_segments":16,"vertex_count":289,"x":-1900,"y":-200,"vertices":[-50,-48.75604104234726577268474641746877016865,-47.27569752688938819222248375921915703908,-48.16225209472569706803607357881434065383,-47.55704195214552559507176559245837551717,-47.92868722156411062351242922081816156047,-46.76910192533930293765531145870044561288,-47.87794992346556816615501091248242517536,-48.76941206783730471154370872231364723813,-49.96907990221980111763337085309511219448,-50.35484877441889859677285935244196731323,-49.80333209079862914403678497635693011558,-49.50535984823865963502587347150045678988,-48.93256896100270026143707923200706148262,-48.85282553195581654522888131053397804326,-49.14302906653300291969450684934816264671,-50,-49.83779283364007325145796701639831445578,-49.16826293125584522612640271923658891851,-47.40533469822148864900105658585101085785,-48.05815257792702032699318127855398901255,-47.54766973455312189134174525183187170711,-46.7880192482820526867234374523198897844,-45.77495860842941554923117485330728687912,-48.87890302405132119990761319318188332053,-49.02591236655312611734494032878435136248,-48.73722569392602531645448644350702822162,-51.06261143091491033562320385397157236615,-49.09031951666727368103848607458724460665,-49.86474540558379886246268317192374318765,-48.54968014759828906209900104705031731951,-48.21218372759056028998953918561685189513,-48.12034474832609904822236998549213063254,-49.34026684863577200806578267294470670305,-49.60446609253671236026781538969501126298,-48.98813761024083758417795523839303265433,-49.44927471244825251516296239179411367615,-49.44419587964006344399489513834620231008,-48.57754107501111861288439835446731707299,-47.69701078522608891358069934430601900232,-45.87506630517318420765508781599700557663,-46.89959963885956876377317053186976109523,-48.74959075306914650835746334648691322666,-49.51010082003404609780131300631404728874,-50.71627227107804848375426193001246529851,-50.41084319138528741981980426212067232082,-49.21729108781179570992960913238458445006,-49.6728321804453401164741090885739165937,-49.41265901668565526599764028903297901412,-48.42923706022195277086342144848653250419,-48.33288973360343099220913336868369920057,-49.70092420114461648363474139374238728998,-50.07565814093007879087828201534494872112,-47.95054267370721050515188503060529969074,-47.19117050881851557274343699559191703827,-49.55442043497135291932651160477288851776,-47.02055875084953681176739710828841186647,-46.83473408096054017058441190495793918044,-49.11942541686080128518777873328005407488,-48.55071879757717830602037736690562882985,-50.81011540267430144366761445209030453073,-51.11764899552240048185611965468676214817,-50.72310797407770676553112296595445468966,-50.11925223873557512207380813118706083286,-49.81485725098668483095928548454331855341,-48.78510884708303792007188053742219252579,-47.38093031980826952879716253612676380862,-48.32316251533137521886080825144773178967,-49.61876941260264295221304248204090987268,-46.65026896331661964623969482017089062604,-47.28021681852932355369918647250455187834,-48.80610939935393423248798936766192350588,-48.63961970173567774004162721080398722791,-48.8862154803057579142174663741561260742,-48.38382696540830972030466062570143187946,-47.62865413683264791704130843520491960344,-50.01386700039803082083164006354533604693,-49.17531272771399781682475644276106176833,-48.93927000785794520779099277100834079114,-50.76848553384107810798071045757670126822,-50.67662656593044335355605451728567061339,-50.70457162403386356445824827983601628765,-49.68208372535551141013315235665614889383,-49.07324691208765241880167481959239562102,-48.13235483304618531517975458775385343413,-50.70977911387097528474154255634455748888,-47.40886848668615771062684229306140720485,-48.56771628529450676087888477744683102641,-50.40247724020828390364192477565992320737,-50.22227957689118476945633993840064645252,-49.71029697853764843910478602150968903389,-48.77829616713101059908799617816086717391,-48.83744170707094403601027155890246543062,-49.37453614306477880333877914997960980211,-48.40549168634290565910278678860958030206,-48.39602134609470152605055899162633410109,-50.14073342847966615366367006997859016501,-50.38825851996489570590184883763312202782,-50.43480485675104875773410198232853987971,-47.92885592069933369110360127677668725415,-48.87225959123332454857088328487024995429,-46.25292888576791165893663665993975670207,-50.06716363938523157237616000637908577238,-49.64433441591186062522316507028492223679,-49.32671286404679478188253331823080936148,-49.62696783026604609513787004583206736745,-50.31505495658664912708685083267675890082,-50.11686660595571238613989104110221217997,-49.88378142449746163606894859038816557307,-49.44523342187304965090600682186795052796,-48.64148909358596822198303800240447807834,-49.4269221480821243909980177823938855534,-49.75699823032073248690201294149649701877,-49.93360642125399560611149221438579412414,-50.89150514749420525476469441567934359083,-48.46042525796290040264880822324408828457,-47.71529979375399398707728640596633378052,-46.81585349356207844394465635235781308779,-45.71527400616282564842602809138807434521,-50.42037039134586530435080028767345870935,-49.45487068950298805720531405549272043074,-47.86359228007767945542978160219770585058,-48.57128709510193317963360490873390289814,-49.80593262427150053471678671379401912811,-50.77762550436935299896768305846389110831,-51.19069271530702807536289319549950647688,-48.67701761403362061137026865909807575406,-48.05587521152931077307691970087725485178,-50.21996748577085270951795664174886170668,-49.77220913308395036605996394314905675684,-47.22961188577230340599042898673729165911,-48.70163353048738713945208805130376339024,-47.04311155160534882822513735389003478595,-46.22089962654113310527523681046350888547,-45.20485393258613348414477260825481773148,-46.62406740019637788953194069088728903571,-49.65318417971557851492363426436523848403,-46.64630724452125080248495988715137898372,-47.27374674555383585489525323213856532488,-47.81838432027686616296573004448041651418,-47.11273959912169426638163972064789976231,-47.64869166348062836364828424334650622697,-46.77693347368147340729184171954573593131,-48.58261665753988882700885740094737725883,-48.92692691202959043929138258569897225475,-49.59777774157140233008226995899249274937,-49.06392719914036178967335812547797129516,-48.08589507153292427650058085894884633179,-47.32034183757864948773880507655833177071,-46.53078201532935107466166425298632556469,-45.38346520860720648100873819849420683995,-45.44038234690299434153700449164831297193,-46.09828191424910346283960069253773637288,-50.54213481870970113416073439736196826932,-46.54301366483717785029237883764342326842,-46.59929020427718106676938271641043230005,-46.29290012360549357157350622988485071547,-47.67775185620292078923907648580183482212,-49.22257579861429346680750866186817598141,-47.59659454423432793707184938385435854462,-48.05426457180951597460013817880320438427,-48.59978005726002748542814355643810829202,-50.32638473882568413072095135361346924687,-49.32078931929608432125448299245486610075,-48.75637461934991540504500581432165888186,-47.29268791161929874037718069509461154505,-47.2650163810593770761598887125359673529,-45.72671723222384296469950569463537445317,-44.59727497857245385715006962224229490351,-47.740369119356313232873994703909561182,-49.5084266434555597701101358114007357969,-47.43789448136418664082729858795135186799,-45.55300394321619280894495723515967996887,-45.40945316083352099293633859144298524881,-47.26948727437279834502397671512364978904,-48.37459443024762387828396892632777305167,-49.72632758698498856920664713614564383346,-49.26595730041766715950039332378770231918,-47.6260380778262317867718522387545101007,-48.53839860051736224049529034616245497228,-49.48720653485282606387757272329600759141,-48.84407166431386540924778574564268115853,-46.54100210624592091895853781769479363527,-45.25507934094049330170317638434709835396,-45.08657796651695823722618969261911962442,