{"chunk_id":2746,"map_id":1,"chunk_size":100,"chunk_segments":16,"vertex_count":289,"x":100,"y":600,"vertices":[-50,-50.01173272881436856143566883508074397484,-49.72678944041728342106925140953340388026,-50.47181555410718802204368567887397050147,-50.48523455530219693638973309420211352452,-50.93267685174678628915972854655005686414,-49.9319853100104575118082631547799700191,-50.73337502119699458698362782494538384852,-49.74956066190077999103316642064001440753,-50.4293396634433714352703474550710633419,-50.45424082677347426658219620998064246357,-51.32713480365857656141498610926239009526,-51.11629074887928388770151874100803983901,-51.33256442856024766610449084679232231587,-49.87236803838614512783483365073152769704,-50.77295296505606372734558282097036830123,-50,-48.24505359440379456799986160628840548148,-47.96979919305873328330010668467370038205,-49.7352264655467767391408928563178653388,-47.80895717959721718090692529634087175786,-48.62655532331682242044757592634336299714,-48.1713247428695000435789350794272651185,-47.30227534388935494800164912091380996171,-45.61903430580420734366012773350377241523,-47.06507229711081368004555417274644779128,-47.32767190088914542888658528903638214602,-47.18580331390755300918486946028848116174,-46.01803000313183622783702553013905334939,-47.453573590468029116627232838564292809,-46.90144351095631749236031417184825921904,-47.81887661680720452920352316413939976752,-46.21910562550492373002727891698103701102,-47.74113112099059845904785257173034281989,-45.66435326029093355399542067676655413585,-45.81390555515643226928400908551231912682,-47.89657840521926875800402698811472633626,-48.21991648009410664028355966856413679503,-47.24894355843653820882206572136898115666,-44.8411725519057254895836216946595451499,-44.23379291253773116028232146926940512703,-44.33502190787603355280147965182439131544,-42.52603813902739569920264929177336163976,-42.76102565234884862162502439191042083785,-42.99091887336504249263380469968021305003,-42.54023827059579777695981615840399237841,-43.66206517292958565212027333447786908489,-43.64849340019913358689018080937035852148,-44.91336530841177553607907892269994627071,-43.66528220539594196282687160419991705348,-43.69206785168879012598681348306108176394,-41.62558915139198053897697120186784792909,-42.28850737213238115744560615373636440572,-44.39790634189523565637800278918477090574,-44.44726209419757361499638443580828702723,-44.90603323359434314998836201863564682016,-44.4309966427640319674400091135594668538,-43.07929110568411979552360055432407330495,-40.65960630537953819617076991986642340603,-41.06707789069992312153993694900007245245,-40.8268985080204508731293759603976475494,-41.00242003253664183453580457309485902834,-40.14189934837192111237865808910448700001,-40.47366462727189601861734993108220172213,-41.91619851857129478180242108005269617539,-41.43330165589297361559991164490945186537,-43.50478561585574026801375730155203347759,-41.94952313144300933811803043648294178596,-38.6672005337903915067301345922494535778,-39.27657971924560136881062539729693297016,-39.20774938899172114500666776413418792113,-39.79524633587662398443459317912697640298,-41.79446447499275021495642527006510362161,-41.90057313428809046393654262139047193701,-41.52654483405562726153396747323720079721,-39.33916653096806420244709992238823838599,-38.07705424835590992310707797227505840766,-36.53039624889613018391937160213125792389,-36.5677384211537654402986870462537205929,-35.93279823444115578334252362781770851615,-37.17447477695051358374936231831753043134,-37.90409433065190397070928649590020826829,-37.2717406758168699749355367570748265881,-37.71308013283505467900031199847895186196,-39.5047974710258923852256911273308901509,-35.21019029814320334318462061537060520098,-34.83730019057904347127244721662333434002,-35.76384951191633220314859926319099766785,-35.20176092135555441401878787054656816616,-37.15204205214725750779593155256198707017,-38.96264649998177599895253704028619176586,-35.77831465801282578621232815348195119596,-36.28793326992680892618974851530985333693,-35.02679697473010075564170636962840280056,-33.84412340710933221591766688015483742116,-34.98787636481635388984960449895772034816,-34.88797514029606877331075658746972320567,-35.21824393485187996595686112215245975266,-34.31737012765183903909414501014801291038,-36.22265917454301522857945286362772170321,-37.58551143742357786278500809878422568306,-37.2020166239253201645637210793416346635,-32.3227712287303669611665065048908767441,-32.77075397307170269520233876644058266606,-31.99006186814336954916476738231952040319,-33.73721258178871763292309295808583899613,-34.3504065158347068998605885884041322327,-33.95706159363875953980964459564915959947,-31.77694243336602452932288735840084584024,-31.70428966532152135547930127685104258099,-32.52019568368962687683641311632974758182,-31.2002592758721707186588936420162233177,-31.82099844533042435287260001673712347242,-30.6934894265374158915348698301835584314,-33.16762551053495762424600027906037692624,-34.25696894186463249941299510289929098949,-34.68478658585938678435771718280420327701,-34.72905765385859335283752138904469506586,-33.54056257164159195089052530961452465488,-31.14166853337968978730895802855387585911,-29.5874724267519073376354285989036361636,-28.44702258212868887654659199872376188194,-31.04873764767045961087203168937830579197,-30.72212701349798357763820223208783518993,-29.99109545265316914204480139293816603665,-28.5715570980965533820963037926314404251,-27.9411944941018361362481096624395712955,-28.85240277230574236295461764981927398109,-29.07804650929120887027525243045400400406,-27.840642793915847832366848669729104303,-28.99113470850253114182372524363378264929,-30.12625082519989820716037870414144948772,-32.06222412294988460178561695609690150461,-31.43609503379914823857345466675491774865,-30.19998372465152623391758118323446343784,-31.33242232990315518033274988116239678265,-28.27227668208925964311707616275849124261,-28.39351283517633831787164753625063321993,-29.66349327154714353146685167300850402448,-29.65309890224915194810049305200244691317,-27.97327372856795671537796793443848637543,-27.15876588598542916258162031867851127968,-26.81104512524629408627990106298716246401,-26.58072210669078100462460121917226395445,-24.52862504151928626306275218118348466505,-24.55343695220373633211432377070880892452,-23.5465907352360656232075774292199365352,-24.90882101476807344235764783836245776683,-25.49874860792505199825641067049649761535,-27.13706216792891301063334379631314409613,-27.54892597753696059155020897247668078796,-28.32096909128807565441582025439978139292,-29.36944006173761221318543831257343510543,-23.0034453745473357327829043429678766371,-25.40157052136962218426058099147799693876,-24.33625339250766123818012597788704895458,-26.0440914506647391114759000192420967158,-24.78783642462086613387103517245431919444,-24.23474641765714583966532769235802976808,-24.78568809986780471846202594651183321913,-23.62279924175087482698587774365768273047,-20.41696720384288255057249669324659114463,-19.58742437495286048150537087251169247565,-21.64669172672061312803057134562693328365,-21.24226833119853733927312112854457325841,-23.52694261386480034201478020669345650027,-23.3922446740986510590440326809258163677,-25.53326117460369618901587759759750456431,-25.05198029463379466928597044466488112752,-24.59592431697269640757043756127775702337,-18.86029684105432272837513695611720290281,-20.71365664645305586752181233451193577093,-20.71637553149231396052608223528881026876,-19.87769748803315800590616498807376858088,-21.60314985899324440578254721425112160716,-21.79123172024678853931708628987372662173,-21.47628427036326819161913180592581926016,-20.23337896204065930230890730812364709802,-17.09436819672168858279382501568176677828,-17.65851512139048663986709573910317327051,-18.17363422207400457558907960806271143706,-20.25673665392744208962987928525806676465,-21.34664226807380597675818668150256443923,-20.98026890929419217858405562554974462078,-21.59422953560347979139110508589646316313,