{"chunk_id":3116,"map_id":1,"chunk_size":100,"chunk_segments":16,"vertex_count":289,"x":-200,"y":-800,"vertices":[-50,-51.36401014944245233021063431216788462265,-53.01918383215038142593932216771891392946,-52.30913030135262195537477608759243692997,-52.92790428213595689229708110955600298808,-52.81809846753951819304161973637655382024,-53.1936835853249383146094357381845283025,-53.15545941157192934747593139427963269742,-51.90309977312218057446552102886128081872,-50.91094940998707387055531094338788980138,-51.17325337627855777173864060712497544086,-50.15604941247189442901717235113416790732,-51.06288426274835075283562918996791722461,-50.9088871431621224507393647937764556023,-49.51038573513501316577354085264647483827,-50.07327314448012818079151425975005694223,-50,-51.09191907971838833616819356275160195954,-49.05912493774432848389901098116833472824,-50.63712151510084864275532500985041663039,-50.04449811316446271358823918118220635909,-48.76818485780802925317912589066170266253,-48.10823806770200873636686380028973330265,-49.65952568952801910727108068578268699542,-49.04540711045498667674891370058842894452,-47.37839687694635627026365590002977659485,-48.45917972393452263617010843919377408081,-46.38765069169674475480051513183871881587,-47.34609807059403639727789571180948339224,-50.7806781476143893984063592499796150065,-49.19245233935758097565543088050760929398,-49.89727452199842591405140053587430426776,-49.42563406656987134161408150540082697531,-48.80558105764194447823028993539129841052,-50.8732988947466178155110814309967833643,-50.79791361686043140410641990619255035157,-52.16772391282949192149869101449423335778,-51.50494399635413812759458488911423562067,-50.34410806624051381665752052817124219242,-50.86607735159128496842170767333003200478,-51.28365834042977742438514957231397344706,-48.77395370464880711340297761962053497091,-48.5399369260093255970391191915797579156,-47.08986636940628289135921930856096503907,-47.3617523751801649512891915517404032435,-50.13503822581932848838669479318988925152,-51.56065242545238066509414688661704861087,-52.16088678586077968769432747474785887803,-50.91972512467075036699835652084390677719,-50.12604843401328144471330757064795919382,-47.69642115115081236016985936393409996163,-50.62638196850662702332709503270497388382,-49.19582501663541827861133020136912130027,-50.676851843820796352700345139348281962,-52.8326974101412356448540693744169527504,-52.0763789108531175341935969003182677997,-52.80931083581989050443783673552518197045,-50.89318419544860541484055323667516047624,-49.83171647024404855850647186457256355972,-47.4939347847531074726271841506923131138,-49.23754328090610407629108839975080356843,-48.95615666051948226889064727280580790602,-51.39627834069795869287398703711183762792,-51.24667720752112457389322380513264038891,-50.24219489027641083426541450514340547667,-49.10108354452043222051256290795305636392,-48.15326744230055043224791501479524711661,-46.7798984940759873155999254209166114223,-49.25117263996237753286322458914264245132,-50.59284310161008856415698916091425426013,-50.82866578870312972309498693586691905953,-52.26298565319638061736236324788371957894,-53.47346231988574227032679939468688453426,-50.81003484045309942971677240135139927529,-50.07205884778653945162074275672260035459,-49.14409471424990336688680605672939940535,-48.04146352909202232385858409198918255357,-49.70101348651438243638064639497064487469,-49.60496704626419866298419485481143054647,-49.76257970763601230731325504909636229902,-51.76910286312667013533005177708944782615,-50.75000952872313143437219030591204305528,-48.3760894486303884878849769997205126016,-48.36894443305753645214742896812661059004,-46.58632882947487858159354577381720460458,-47.55613634393210712625065768019758674658,-51.99181616412141604384740667592299368221,-49.50313220356231038498937773552576346174,-52.88717304465811625551726070153293188811,-53.65088181976993158676355230456459673467,-51.3451957016804492061014594370977068565,-51.29287077862825816904374228514995044053,-51.37579946778784543848558379233448094771,-49.27792480217532380853804774181001344525,-50.30321734861317524048105940930438308597,-51.5599269958666877442158925658764803399,-49.65497469886723342031581348056393177694,-50.22739335646496399772355786048961942949,-50.81236841734508391848501708403747529737,-48.87338945484136068619873001921997385323,-46.13991824044520032217384923771927080321,-45.69422127529316378423661669501346370869,-46.59295509375341076655365624750125456561,-51.15807596517759529962952579662431641011,-49.81809076120070318805146491101940703093,-51.04873940328536803016162284287478937784,-52.80768782582758633975233240018755705344,-53.91098331611521792829991678960850064859,-53.84600122598229639131848062274151489994,-51.28635663598918887757016972459243364921,-48.99955088867072349920495154546895689142,-50.90719481412479650654749018454075342235,-52.26514827807830031770475754550547976904,-51.08762253254094865849571340713031937862,-49.25470052680074014391968377668553160222,-48.26209471834386959221194106638137253762,-48.01832001002032406818442647358502477654,-47.08161238458323563736758918186499304936,-46.03448732180439508328800378223691492885,-47.2078192561962085566777375331207887182,-52.3512918546596396477771115453990857388,-50.94579110024985209698525098126937186208,-52.07232323051309753400456248450478777517,-51.98604280888355193720802815434247980909,-53.2415374006617804316579771123291995826,-53.70555098462198991768265063095194628681,-53.33307596440617667911344614113204010981,-51.08218215137775714057765903797731657817,-50.89166065014155003626086251702071311879,-49.56239061051593583666224921135127078374,-48.76650818907221345393711741848204675393,-47.37691882571064278311563046406438276486,-47.60670194435578860294926000810334603024,-48.63622321253472669916745628712750333807,-47.66591462463490716069078478856786595778,-46.50867231175580740846527249459130464212,-46.83135464118207535331469972849705587984,-53.33470166778186142644009661316792163754,-52.89255505398383496731830065233554496018,-51.30050538266968934273330518374025279815,-50.95003199991914338151271307239788652081,-53.0631599137388565838569935005828187378,-53.51036537415457298673077608073586673705,-52.98481541154165271480964692456342753073,-53.03610424105582107361149477351752205875,-51.77251647724153219387860847180723436993,-51.592883346602466521950520376592936067,-52.34278848002640977825258244222069568876,-52.08166725864477530783424901006467044345,-50.63231981489751785274991407342054044729,-50.44726617414307701680372961124979645635,-49.05927213236731555415233112636050703718,-46.63667908585854424451888544536565746153,-47.75395907240311454606419668503179201768,-51.26333647640675218172936605222040169005,-51.82979330418221988311297838709489501736,-52.46040872710376110428474448060992968042,-50.9927136004068585922246823791379803278,-51.85363690414916189208607220858531642835,-52.7862102481836443812034569270325568932,-51.79580686999180120584191885739039057398,-51.83044662103813721416677105718523117299,-50.59206664355504992726429685810174918727,-52.3847877111199793798333488397373552215,-52.51471988905455203009349070181047378979,-51.73522875161005353240222719125883039573,-51.55617683660831284086465357469412288662,-49.51086659900661080501155513423715416996,-48.40609628820073206558369699175348211291,-47.57265153844655864845714379760521130059,-48.4237258625665349457770164325265716933,-49.71710502912042171417524943933294550515,-49.68582229897992245634848822770269073683,-49.32442078792799945773852531678571998564,-51.97688919566294824369919854219317647446,-51.0789798168836154148106435803712595576,-51.09271102726749922184328857233334475649,-50.1174888363315354738809804994677915606,-50.64165053601206609052508758314937165868,-52.26912208727285124981025490903833505775,-53.47061324645256412200980460562497458655,-52.63919745806000590742200272610452811447,-52.02139522385334373229558439104414150583,-49.39910182114110556577199723195766249349,-47.1768286508897751807499088332181799441,