{"chunk_id":3648,"map_id":1,"chunk_size":100,"chunk_segments":16,"vertex_count":289,"x":-1200,"y":-300,"vertices":[-50,-50.93722588628873553493158289895415840114,-51.2565819238731894274243235523661122316,-50.34418070655328093389455246826467010876,-50.55742968814011048542177058133159290171,-51.46446476991005666309301101569122244522,-51.36021171663488872414767240229307421625,-50.79995992948479251963385095397603795751,-50.1956249916454804172063640833960687303,-49.65642927359279469367825400253177458002,-48.25292774499043938906385940896538761992,-47.56862800120223312571911488596494079431,-47.92309284797125863246436723434540603226,-48.94375740598906394638694505493215999773,-48.75269982481164146130859411197335436888,-49.12414292297746893829936742668727969248,-50,-50.41872001854834412015222248924594544059,-51.35682867603113141955178930403977969425,-51.36557154973909891616358766332898882171,-50.32562987061318204528624174652795276991,-51.24152459309672113560016231076844751103,-51.71664105560839877666233982843621472026,-49.77637239815245776643031575637472638536,-50.09994886918913067629167335910406457282,-48.67785919624492753075014474720094274882,-48.16877698542290541972806527589650994199,-49.59175434634830900728255052676658203747,-50.04333223138824387726166016176723133092,-48.96766998729268852544885561826722734293,-50.96507432376665490200181431688948023394,-50.39441048905981542590778466353912995661,-50.46312117146161534862448886530277048294,-48.91736919849019675259307702968971165121,-49.4133081605904774291645999915309890498,-50.94444703621685435542777460534283477358,-51.62747693090177431476209138227302119792,-51.48277245448415152954471046890361641185,-51.09664596385541053349031075468418341102,-50.89397859830587329160644774321360172549,-49.30721184417280728028037073606450197073,-50.20816397894843658645986997878605057458,-47.80691022624476847048479514088961692243,-49.0543284261668161452711713871593840017,-51.24939512641775884246808006618697314324,-50.71911198151976487255350598662727705827,-50.20009231748157475595290591227610177867,-51.30093562403178087100653113682210236737,-51.18469524992991046945429553292124983783,-50.08275402330039433888622858001965568595,-48.66160629523851403180613831907702604001,-48.96143247439132673017254794042851608266,-49.57520888238067835991736956216633066596,-50.9717471058158370657746002669513536718,-51.19238981022568955388392417706921058692,-50.69403379198395296680965075929346518889,-48.92226931294452955039316200146911809668,-49.93046198741945655339257664059863875652,-50.43448503745284373837775095126893947157,-46.41281659089372003528248733286559552247,-48.21905051234905636646864932694735621809,-48.84343009745155253301148804915399020824,-51.09678888016103517257489722518676732959,-51.77001587308944025608995471047840917238,-50.30317159314868237189467210298085363268,-50.9356454158485370740438724519708203871,-50.13782726387368638211441521802610862708,-48.22382890312617005548549688289605269791,-47.10261511074361531116258083436419413542,-49.80864304490930939735819334262521200081,-49.85943861597225281636761328387112794045,-49.8122268649768002622195413227860339494,-49.72762576238795264063985666434728347376,-50.20658957067109972794462949759993171574,-49.09758027184654117546939967388512177957,-47.62116785015387688362529173816787008656,-46.60115238895969472741031126881198104813,-47.64613812402618264901002308191248768893,-50.33875364587763046511026017269835909308,-51.28348400252644663164873616826454506957,-51.56799343216392293045279930831609556114,-49.8769432810159679139591384819200825753,-48.72522111137850323271058923337306897979,-49.07268520208121542213434041385397579502,-48.22498570293692549031511435457319247889,-47.20394290851145617055431358623695143357,-49.09156457989228116557350366531209272846,-47.55426536305351666864970954045593498534,-48.57923335477393385745922054491446115717,-48.37260491522189222399287759431165005615,-48.8577739332381880051419325131483839079,-50.12284035392708254663042009705616813195,-48.47512586645513216570001971963399780513,-47.29314815657315044534950755092985197769,-50.24614692326801798696493853453959968262,-49.78900089116826113720037235037175557711,-51.44862533562279333254075562657893950895,-51.43698583336401133947138284180236786275,-50.32227201814864993067577658352830998539,-49.41685426612172121556147222005837256764,-48.53384869766676283563658762025997098709,-49.22698011040994077612073530829405860389,-46.97407312263829172091453783696423823137,-48.37444636972608028852284631280497753744,-46.51241735427170478528203623881674572893,-46.75150099702085831591447499858272975565,-48.18171184914177198193965293447665004997,-47.96254768175575672219007036348505876527,-49.21698034317921457782504535074565158765,-46.62093172730160861615902895882777254521,-47.00153400006477451138526228154423084408,-49.75057861346575960367718457685927345384,-50.61834282266405783648042549438339262173,-50.17867421038008526311006709011352110817,-51.19950233928833301568233334519303404011,-49.95592782002296381875079352065523198306,-49.99996239851735543043244239451609404391,-49.31712862641319683380404755517877208091,-49.62204813375425853494230488078906509614,-47.04062130451625162924788475593744793266,-47.28830297243129461137978446130572895072,-46.65558029716147572793931793398697684316,-46.55856466753957137615075260438754770674,-47.70272921993911603034404008005717189063,-47.93830282072711838673313879073680622552,-47.59810853564893497201047493456801983154,-48.3230026563296697227573648388918339143,-47.15468204969940013148970384486582842917,-47.51310858235884025918623514272673743736,-49.65597642668049320463647046504098719912,-48.01171420062581567349981897032542464823,-49.84413614254765271778637646302842574932,-48.90660641388747401856634663569577689105,-50.94221319379916348860920013757878698581,-51.85577845098243646410533493651593258249,-50.7194981806656568324835665496073876064,-45.8124598354474986922412378489109631343,-47.96930651288237603413062973838045866413,-47.80219041165636614835462025820292264594,-49.09647823152459505349740337140575122474,-48.51759189115748149466200374375740531359,-47.96342709923994265641694399709572486706,-48.34666954225761842043145878478201448429,-46.84454553314992858452909552547258441845,-46.1870582569023095532708430884054176864,-47.01634147315394368239377706009172788884,-46.71555807457406474979151118892900407383,-47.54177267060475227870684901055812279172,-46.48093511531714722128891414221370844662,-47.87365139924269368016080382768159700484,-47.85713978092925092733679677225830773035,-49.10608153537235955567530554440577895926,-51.5614216835369955054913784588398180325,-46.22959181872044860001527933351533554083,-48.54632076512509007837420038187063166461,-49.91637354817250608266828572541663480805,-49.14082082492036183326168926828504869567,-49.53530402769600374411096442351283889537,-48.7192637513140837916981183933794916622,-46.0810626141630380679425423382501398395,-45.11238188990271092734395303218022435192,-46.6469393299274768000397944477684693321,-47.22265067353364130352348038120848955655,-47.08793801701563684732058756701120885876,-46.99125910419349504484718350964604399622,-47.87125895137444416485343168415827115239,-46.6027841620876661379165110723751937174,-48.30485275806984146616388466848250872312,-48.78488663632915333899377124265922815523,-50.15833370281049357290587701671773557961,-46.81487054068537136350339247519529284058,-48.66887888137269140226603553860745953679,-50.27048778104680992292891491920689739958,-48.87365717224716384507495866218817679614,-48.9911447677772489477517591378409275161,-47.93815628341566355389750278268584356322,-45.41563781313188830794675574136156365152,-46.02162875518513634364604474152964062859,-46.90212017056297247502680431268350555535,-48.04590684270413455548485892267598743981,-49.14277038702398083286915502193712934766,-47.77615296489783478642202028589987216273,-48.04834819332936962008795875673732172887,-49.86878131452368286506746643762937888513,-49.75739594503110550684171305342969482216,