{"chunk_id":3303,"map_id":1,"chunk_size":100,"chunk_segments":16,"vertex_count":289,"x":-1000,"y":1800,"vertices":[-50,-49.95822359472945799887557797762569403765,-50.62417040849873378688896481414160454587,-50.25690192577245583464100317425993004957,-49.4978520644341260690487952768352931026,-50.34878245927152918534937707595576628026,-52.49454431591772607454210797898884284881,-52.63232089454764074908418708251104779057,-53.23691000889900799979453008783207804211,-52.72479617707877931579543178385791507876,-51.78911231970565182034403928162211506219,-52.0937895544714352411374280008409372214,-51.06961946347924321475594726441370384892,-50.60578195715230846076206011773580533615,-49.43465606542825446915649417621141318518,-48.76442835644387287059732815628148758089,-50,-49.41745505887663215170833835352794336486,-50.20273690249982311077713876999783657531,-50.55829725700554029567020295761629408947,-51.25739879374094889594787084883442344011,-50.93517087697685324525576174990137284183,-50.29205139146584054300638648628606179441,-52.82109378906806397692038833229473947578,-53.62542266726420313516139965763827701453,-51.19213234776029524069648025549226200367,-52.37463431839786276598086435717911794689,-50.25360099566715239923740445619295962021,-51.25050516966023319122290163978189024966,-51.63954646739002681364343730972963841565,-51.22186932628475051773172812505005014683,-49.59471382448204890945745343385850236993,-48.87099224311752014627439522017168172265,-48.08836114180371021370788872316358782832,-48.56284877540395556408471892221276194972,-50.73935399555466938829679446128881759476,-48.87841928518958515999770936546351478257,-49.43679157027137650788610546909102004825,-51.97326082876326949444995994369031969805,-51.41369521399190427867721806101575155186,-51.83941226737673833980645329548269146687,-51.86159554384909144653475852397372314746,-50.61692463681633018929166095167113862258,-49.29421180890130202956504004593638404033,-49.0831333433203516078378520077619842445,-50.25731898585250524117081586402837267056,-51.65043085598045137249724153811200073698,-49.64850066187356384436553969234047735948,-48.70748647881976581784522283940781147294,-47.16624711220597633176736336219809024986,-47.18925856988349649490023725820187731828,-48.96496080116955099893748812136020027362,-52.35458076559795436771708093754559588894,-51.61761378693282506948268717516320095478,-50.95170531815491052128074182206702440497,-51.31890502383403592737136134012137027172,-52.04790019842729200447316361026353124699,-51.7133371979985456147457483033273386989,-49.93940003189457112322439377055400561175,-49.51319445417848042057203496606342729903,-49.48836280386622052261316774686099732165,-47.63085259166521531470776078440068143489,-50.34443549438989131349284563715603806658,-49.70239886431338101284168155558045853058,-49.35672709796699027138912747694763868904,-49.57769940696261188523782495521348867076,-48.02358925238657475882923118835251530976,-46.33499969524720221543181642507746069465,-49.57389169273300505425032332094696940337,-51.85682710491957667363087966531282846578,-51.86717282929502324627470694404873964968,-52.08143960962774084043095137745151316889,-52.45048878218882556547153583470037314036,-50.80196812151209431993153812621281653764,-49.59914237579663648310280147129390380501,-47.08291049925731407133141051987914655396,-47.26047017685926838427011032536483298855,-48.08326294736920887317985060706856626943,-47.76095297945703978570929223229906971374,-48.30408964085718177678328259315414538975,-49.16007094427503879740337675113100260926,-48.11592737018028881408884479814438157678,-47.42941720199473589179462983592877880075,-46.34235488205042517364454033701127057024,-46.61089085084545836645635662056342334231,-50.60289962712135935537348577259849606479,-52.71932221055406889791161433690569707002,-50.28105982526348806167565901616349995274,-49.79422518617215646371511587426314295294,-50.26566121411479027633228558982161677264,-48.6188164144374302182299668046723257668,-48.74603556664853828252671368543731308154,-47.34924927088919775221549707784914414409,-46.28873943534015047730372372001585583008,-46.10632847918342648224639793861728320717,-47.24576972409748841519365402602254876299,-48.52922440930490887565716704335727850751,-48.21127671161114752634957188113638559094,-46.83765096636474458388468233976168471745,-48.01393132791014521847120779021594992589,-48.35299355332666132306025233151533132333,-47.37305778414354366106138151194903339507,-51.36641626061987332147698676052941383049,-50.70023001137104441884327197733629973119,-49.61045405092810994482524307167925555447,-49.50273944295703804062152507360254111234,-49.02880813094022740284191025460835709919,-49.12191180967877098181423566080758793765,-49.21321367833726136148973024574457932985,-47.27884791798788810337963180808811773941,-44.2513116406700427394919035677741854303,-44.61539867873257642119251427944907763404,-45.5488680335355655147595675534182268316,-46.84273907300698943468370393886697041238,-47.90296079375542038174761314187280926523,-48.97880899047313769480572579166216243625,-48.83830010008308592873380127109631896916,-47.8731710139433455187946285353834316252,-48.60976422448166084506657669029938711795,-52.1176936604673215080416794537125344295,-47.42608774714428406977230131405843374649,-48.7354877224244070606750816447347005128,-48.43868687231235439495756460013431445665,-46.67780512993710968832866494965722955905,-47.83406007333556053545112495828259071492,-47.64065904484925758182473845260084510796,-46.3499609269000783715816590251579835937,-43.87491055700009022679443016808943145473,-46.1694508286568261282245502070546876387,-45.20061910605320512480522678647262310151,-46.44220226789148162526337783078615914458,-47.04773712577068660917497389464421356271,-48.85158578346016096874248368057885400532,-48.10763352769803067167729225359426917556,-48.96469136503608894047142309874850967024,-48.52152643971932258771161508757114785611,-53.43243545016906985945807609999341740738,-47.74254413428120945867945502096621307963,-45.7475456268990868166056549964402794432,-45.02909746152235775738114159723996414645,-45.99041338739283244964583852270940527419,-44.84288665148764306150727755585032162845,-43.64042707941112094610026529113596206668,-42.76663730468412636647058324302988528608,-43.82535249756234507176587700905129556915,-44.12150051555023480975468481831572737164,-43.28640462667537903871100166544664197229,-44.11834315720095604911024509095250323265,-44.9148588817156618003423448571659071523,-45.45781058439096536526521002380853395626,-46.31851526413221465278969394383921119161,-47.81954695596957545069238756571738555204,-48.17740036682573798282285578440029169962,-53.23296840401103186634564723372935442959,-48.400129608444261596236512991246628402,-46.96316228476642750085384359429783949712,-45.42073446693061177717412920456075550009,-47.59291091638087379476271599924658026704,-48.30313812379978313669085417176501283362,-45.27303938652776683695070361239617962141,-44.52210988079480924601052704767568028306,-44.79537679143250120963768393970402430947,-45.13866025419800172199134625153749012381,-44.71934227852668771006730774187157707796,-45.23941333091293643009043462883701919147,-47.62278498558168626877603463851435185781,-46.03188084741757498191364446361341877292,-47.86687012521131609689672095415354109583,-49.29417175753156220862978879798062884607,-50.0060900386556474428535493640296884513,-54.42239522784836254237596616969322993062,-46.74830803387871927863349725963129716889,-46.40865879617074056614548970829725957297,-47.4542220168643217822447374346652833312,-49.65457011371548255036125505320024465224,-49.45822241913555036114226933971252320217,-47.79444715387462533424906629607101648998,-46.17479784571067541932065491136345801454,-44.99441750644859664223312697289845030289,-45.65534578471871027990712775811451665302,-45.21588083216567573779571874519258835788,-46.25103399918332540614436725493617911964,-48.81771772316571113147130671206314188677,-49.08549180062445289306356196697309760037,-47.93157621708325899200378615616143920303,