{"chunk_id":3860,"map_id":1,"chunk_size":100,"chunk_segments":16,"vertex_count":289,"x":800,"y":1000,"vertices":[-50,-49.90004372678016865622254436993057031669,-50.66235590260280538004488841179361955675,-52.18158034514923847102659604087988781884,-52.83196382670919463312762196818161045623,-52.21873329406039784021650857821810014597,-51.14034075625310625811326668833493675794,-52.00637799624736961209126764224788289979,-52.09863126044151953675702837413409548973,-52.31522687271086108547655973868862306769,-54.11644562667495336927253994513187324347,-53.77430431253761883519260503670098746418,-53.50258373805887486845069499558129592373,-52.84836085936778518508255301449988525518,-52.66778507578829638280152365302164360041,-51.06224062934267859100911548445621864721,-50,-50.00362190779852098950219658947938920693,-49.27657724719376565250710165935211342119,-51.11779541318094314496601453429684083472,-52.87557695194049550800505810945357747156,-54.12782675577391974536876964285732601293,-52.41502837186441573100163872863899319267,-51.51395549136889266356878073795153352293,-53.01356090508902269532335166311573650774,-52.69750643158607661401998102128012105885,-52.62573803670645526024143185164154384876,-52.43266819940133934351510466426407967653,-51.96778961677640995876383254889475990855,-53.1495342950060174408429509961892477336,-51.90109404845723529724964512204972745562,-53.67439754050150966384081755451433805908,-51.88599761095706986515769129384389016392,-50.96909992727718608406604831184766883301,-48.36506580023048558941097541959068462446,-50.63601420977067531031448151851603221361,-49.93273213113829462926081070191823125099,-52.18195327803228207920388693772434082093,-55.35856075016208213182799732964552165875,-55.29726410532050458786164266715336088327,-53.43963053157115600257612724169878070895,-52.78060090711850545361388963482862374504,-51.91697751057486087265997815078787820661,-51.29186768929761574482795150888231502655,-50.99720087553881092813645507086968336937,-51.34737722549997565656429099064857641583,-52.66664759836476791551938004485504608818,-53.03760123318235728549259641175816973613,-54.81058501227519165993433031245958951531,-53.88763494554720282693221302725138521108,-52.58965644885082996459758503686560868959,-47.57964810537911089009523074222374023097,-50.85457856410894861979652190547525807218,-51.56605356428447606529840879640718044243,-53.75691041073613487706302496862063754563,-54.33802086505635838040454635018741372001,-53.56490344333349859721545545796676910061,-52.05086192231837064759125661926155544639,-53.78034054486884910469088636312651765573,-51.20060183989156517680302419941271501386,-51.37883473744487147385737308702259479596,-50.5149778203915299830138225682559489809,-51.76406878834399129693724279788355928845,-51.07904784002799720748794926779023769211,-53.52890825695230213935006070567164220864,-54.28893060266117725491343542732421182205,-54.45705608124737478969751892920105962114,-53.2131812093605873703382236844254183676,-48.30471345750334941302730819320830940151,-53.02296056431072039042947227502336591795,-53.37584248322927514295177468887087086012,-54.085220667218038558240895546273979099,-54.64598201342063287162135356960102930489,-53.00418148123193485483459998191409828477,-53.24485898545106195625868453713920198804,-53.2347221969361550285076087843709379418,-50.39543765224792309154635325062287219846,-51.52857463598218433429095524738109707778,-51.08362671629945363741659427499697104219,-50.29767414702868545473282692794193238802,-50.96531228865012489843771297809121592306,-51.89013695308879030605803357662769751319,-51.13234567283320540567999819806449025845,-51.81440390242258775576772496158706817644,-53.97955985290685276386808518275841360184,-47.39092864795395276090804497478931547381,-51.2121982414403606511710173425075757243,-54.20431354494092152910928477191629817623,-53.16656053296734184431042231698421567993,-54.21460716352982310938334331304695868042,-52.3663968747957769548125514449005428934,-52.23869697313899754130417915500772725589,-54.16344179172833222939739419169718506181,-50.89204999173298191750580510599397863561,-51.70117973317986454606233135333892200469,-50.41346743938103520917999187596164656803,-49.77157093033842073527453810787530570717,-50.84518100363991318960044853350172832502,-51.56618930247859061572051274974844604363,-51.05443874122124357511334012801882949239,-52.54108400442272795204504743693279217451,-53.88017124537514470642646823305456004608,-47.93288594807533387004224720084539980537,-52.16731752046606444837254263244812674849,-54.32568183088201142462037009863312292092,-54.97631745971865129479432889076000746023,-53.28840081296032864943192001687974764494,-53.28619469384621321761025531241297488935,-51.72148682619265110632744378744008692416,-53.57495794353301830512559401196735378255,-51.42893881803124253496390076899661707143,-51.66342920793264262351131016624263058679,-50.78155116541844484340754657889122268545,-51.14744221244295948118657777189129817793,-51.66590812159686427136349942652178015163,-51.16917537392215949575615385723910428231,-51.21260965260389770721189213688866435677,-51.68748116483293717951296323532003339289,-53.94286055227297059567040632082834012767,-48.6521490774591322279401412334818590043,-53.57621750178405934613780498761039528038,-53.01979942187176915964411962624826037835,-53.96564192375622976219164079474913182601,-52.29914975877262365048375085758156936343,-50.61869267497457355691015775124605514527,-52.021289530284554702554195784345744118,-52.54036729779643287999617958571984837475,-53.29775361927946752506150696519057410774,-53.99297445100410749540585121972636432577,-52.97056372704053398494784677574344711999,-53.2329669789873207127189317286898227364,-53.6700515678457132999923762222006897756,-52.93220243963124599691584898147439322663,-54.1272429843854221905839842962218647314,-53.32929065677166319711560086648823331418,-53.61040274615480263394656784307739371406,-48.87851243809733227465059536443845550976,-51.52931654212649266042902835163755683981,-51.60556398121737162707918270486856873475,-51.21769855432913712207492524124468943598,-50.37033575221091464273437880206775422053,-51.74222025160185968992474574104659020097,-52.86137353166407178271309395174173749158,-53.82693603795580533612883098844342822065,-54.01418234104171732632119153296713470915,-52.96297573762173083265587877452961635019,-53.25678638628885852545885830920245063928,-52.37590761973860242684604503995718363163,-51.84730419164906887955141371798123447852,-53.55183027726274877650979507204895164879,-53.61944624545221789009666069294726466277,-53.1582263813893695166726783247525125537,-53.3859425328999457415721859986564649778,-49.37472213055047860642410261742236243623,-51.28227471288078652328483096576701558827,-51.26937879301152635414383899796156872847,-52.06617270512110511418507947263622244519,-51.26388348952649397264810436546544618557,-50.5502317325821432672653855994797022795,-53.57778740023869955219658233008683066319,-53.19679672795624382452270844788407348657,-54.92021054351962883061799988023573774549,-52.36731091771922403623406665741397406694,-51.6968470834263290025524713168132207142,-51.69330007464722365385471804321068009244,-52.98278805536238217455695143718365643757,-54.00108461925326210644315385330569818809,-52.57952387867337779586748419632120034711,-52.00022519351622645538703812305734482416,-52.6814705949147223413248846402390446026,-49.23171789850356315995305351441450132214,-49.81495744008641920212136104919666886997,-51.51053432865639180168528585066823682091,-51.67284037681527678348645469146771118609,-50.30926015808466334636968923273259001724,-50.71603935152138432769817933188997871862,-52.56561976612187029066963334037677850524,-53.48382984100611484322833831717246693019,-54.92216490175704391415291652930627948999,-53.05093669519161080325382317041649219718,-51.53969702420325040059141042017296862782,-51.08681612583032151124285787691832669301,-53.19893862569052901846659182016721819146,-52.62911249479942258708396280334575973367,-51.69568020678064712587861110316352527966,