{"chunk_id":3176,"map_id":1,"chunk_size":100,"chunk_segments":16,"vertex_count":289,"x":-1400,"y":1600,"vertices":[-50,-50.59611177920370846757105228795573856949,-50.04285091397996069094795994539863943799,-49.58496356923063545458289910188433549027,-49.01061324708484482880085675616080876389,-50.80472221587363126280074303801706751831,-52.42232246478174314887599507206169512855,-52.13080900692807400040084093035855574063,-52.94310155160431181812262864325744730816,-51.58084879888780194986851444035181394982,-51.7537717999344728261553769649144433251,-52.7635332772324347593235480520427849971,-53.76084061817545811184633548855131622818,-52.97527751199207978139619579978312569287,-53.44369920978146865553739178513883843565,-51.65761456470666232213885338435532695016,-50,-43.74569342264033638404281455558716277607,-45.23626912171493692098113273788895584539,-45.30630828968071541686959505609275635485,-43.40818088900057988503715681576437497449,-43.20452773253449345288188231533188331587,-45.30313534840816567076805043609377985904,-47.3686791693512036074050542000056946081,-47.1992380555717026707878944078204726285,-48.87033815572615191971606849757004150221,-46.79676368266603133004012151861411177128,-47.17206355567220450693294570757605815875,-47.99828768485011290621413428649837806346,-46.43741522446159133903815882078499838987,-46.83634743719597740120261669334310562383,-48.59339139991262540058420145505322857165,-48.59595837085431788600400349440640271761,-45.63682846458188673025572557314590129492,-38.62070420495026117346719230340691051509,-40.28774168537557827069248184199615073813,-40.02752314818591093750435752276321529903,-39.52703706595405058155830865757687088194,-38.4693871845200425811071077204558573618,-40.20807715149851110831273229583077950158,-41.48693027247795619876418482543187106067,-41.91784436496488092232940962420666590164,-43.04572824465020815748602803945062832935,-42.98935948960402711662006228068807775148,-44.19151536300733370149697241472076137176,-43.427331534796308928526027143125794332,-39.88693432248844587788679679724098379484,-40.41498304821543789038388804054528776948,-42.38873511041936535995848665723487635639,-42.28824786170753928962316221598599861146,-41.53595065770072703322086647882711547662,-32.38925055722174603784683288843099302323,-30.81841133398235277157019041372858241446,-32.24319028378355375696222629768838095239,-32.96462731807377553149403736136709179417,-33.39075633468265038094191295170433319928,-35.41948674306182406679478213830135069234,-35.75965782106940054985916369219785676716,-34.77166582886653833694280944222041328347,-37.9548274339880321710717617559134452034,-39.37462245823721156361498058555274838922,-38.1439419677254051171488388503146793057,-35.97873393073319941226642045814920739921,-34.04178711927124477905833390461799535522,-35.18129093215667670456263975034943860155,-35.15776647374091478547483081130201058796,-36.79785077883101877258047093878072573595,-37.67873931477536352170681882196444119653,-25.73573256923265627259724005611216233227,-26.2713250431496019871622980328421869997,-26.73444831714304966736965496841830708854,-26.38169557366689633727515243097180204397,-26.87658371833286398532928805193299316208,-27.75279695649714351292711362016919330813,-29.51512726238895661180084845321746181707,-29.18261018007277160774691164073238526736,-33.10210786165790018387476411709718409312,-31.9404426986493353618236934773968695881,-30.00539484973716376826567238231978003983,-28.98874715437412635708116474283925461033,-28.20372106639851821056319701726506961009,-29.0707267327691211793116596903454963448,-29.86819360398803441832156928386556498714,-32.50729788475747851302911289789035929077,-33.75986652859006552867834974605348138543,-21.36346165007251442878334914778059971707,-22.09902700723524348722607192342715902895,-21.81193672211477134158029712860822213924,-21.35789460324619473377275419817354008497,-21.46148095134634156320686009957066618729,-23.11911215343824909253650304680093131286,-24.28936105347130664593974861115145594476,-22.95039703242687519844820443626933614104,-27.41474079381096556717487150697148130954,-27.46245044568784116884967955485334951113,-25.07153143416957660579667271336403695218,-23.98967558416994361361125993095687211639,-23.86504301324337444444437329110207110717,-25.50358612546992917022603754222070189235,-25.86443619516379338982016265859208777884,-26.16246388606258164441540654946470084203,-27.72334427882144089100589381346270894429,-16.29722714798705514987006866220496137207,-15.33359828084820163839779151523335276222,-15.8982337668754068732478682332190910083,-17.66801026950221948390420807346498022129,-16.8454835341540458861463206702427163243,-17.64346819616120439885213440499230613976,-18.11807061116605914986514757388444498783,-18.09770092988704275041472101876471973495,-21.76769079950862084315311205668198698551,-21.60033353695571137995898494013876965956,-21.58380630737697278409552840610018977587,-21.58299857911238028269222044223638546999,-19.67380432099573593305108273357333972754,-21.98069487945457029850382667889081319196,-23.80424059217666690146862022216413877057,-23.56759156523749544544420792150759338742,-22.62903963592868454690086245529612670401,-11.95368230511796804068906920378510536844,-12.70395545101056552897346080551234109292,-11.48351066234614371762916956968066538183,-11.13205119416825112324627424097066437684,-13.64108622393745388605446430727340600637,-11.6997801542097555192901094316794582852,-14.43677893994456645396647457423495407593,-14.82538769812131055667910364391023504619,-16.13851020299689226175554498672160365934,-16.46294501234449727492093280608262408681,-17.3768333739353312996915666460939925294,-18.24751867645344016478605410490316165439,-16.4112502272300726891833154662035943831,-17.94343193059412842946914135882642601458,-20.1435806752076922959806455441437808368,-19.44980414255455107740288850989612539437,-17.86813266549629108920514752950155372701,-6.22770094758322869241813895594362234786,-5.01990006983197335233333290711078152868,-4.84340103068088287549167212929675732394,-5.75223360872935064815964535068981561179,-6.60039702923316935754907531300245395067,-6.68402177673394829850648627249782906196,-7.28857372648572641755415612873921923927,-8.34962892124001923626725466626217582314,-10.2949597384507052054041208976724932482,-10.04413072495129229887267571941218591339,-10.77109972811063380842306623998829365077,-11.56693493777161505469217419599050890568,-10.83305799752973216580361278548973489526,-11.64348975339596759364583377525933288465,-13.45633144891435497792873431614318978158,-14.79213471320950828791802293095721124773,-14.73084000553924686639311670863914009356,0.00378986803690999476765947220389082086,-0.69544995390741370262313953392753006883,-0.67507839799341490132487316547482259952,-1.86496558725874728354337202899361868302,-1.69922921846846307999444072252483932476,-2.49982683675893949423384476684070117649,-3.36519677338219299233854671482439278552,-5.29396547352415668597385140731049617568,-3.53439636796117039760614775030596157021,-6.1436634001671739794135117162807476506,-5.70856598154415474844520655777472538265,-6.00457933011088463205670077081411293127,-6.16546033487959235956197920404937602228,-8.21145587129315991849378131011702309437,-10.05248700694589466632019078895547127599,-12.00217616016937023671683708046163729723,-11.05838351691102092093954326617454324886,4.32050240526414851901387782007555362236,2.22451484380001814068149306403849226199,1.81036173128751465628562713969559008046,2.49371031887420348837168933300419271537,3.11372168211595856344433869310697118748,1.98724130804420273705222123323004910593,-0.47268346471593897051594676077391114622,0.583522097107701396517254035307528904437,2.67175277158633515524385848570204679709,0.90043896152624689734883751659522634255,-1.40170648229928895413735050541273105311,-1.11024134681234266244014252044200492973,-0.63615356287727619690564503943184802494,-4.14019220876803751588756389359100749075,-5.98985932917312904702150257605329885293,-6.22146745101906364008117328893847874444,