{"chunk_id":2763,"map_id":1,"chunk_size":100,"chunk_segments":16,"vertex_count":289,"x":300,"y":-100,"vertices":[56.83484495,56.08820583152519822754320917360448511758,54.64425863146125626867258037804734884285,53.95748990489937982236891758342124806559,54.17118852637169631168020257793577962264,53.86513803344156726733319678452170646428,51.85473675054206903924199727348495134708,50.60798583702153638330362838390688087711,48.20410999273345667975682262736514650946,44.70700465324706644575491229491350919442,42.67185201549891574273805845046977823862,41.19711374337354814972166117344015062023,38.63641760613195499020864690501193823539,35.9002582585900446925964892979218340201,33.39303819690928345441178782493389778757,32.14502241948564257209404074564482899128,31.28782045,56.82255962551126969603459551609488351115,54.99471609558831291497772606625122994315,55.38456116451364290126334543647423961553,54.40862179470786133394877855168669563302,52.83940433870513297486704698525891438094,50.48785188482221460393658765681173422273,48.86678778684795797270699462646809627519,48.23326016829960596652940537854183579437,45.92075386464951554433410511080924584727,44.21645737465573543555893520817145742829,40.50245046733873563209167851086422110447,40.80619296313762038863232584426097105427,40.09830596143753979141999247076771376784,39.14015110357879521107446480382533645587,35.93002824604648864423687736481614135733,35.0371367030963401402287675792501549134,32.59996925279409692646881831300769117104,57.20742378553442323866236346227344446838,57.13427570100085621094671386481473678822,55.20022207225930351161588872781356744386,52.77335530324726247440446595186220993937,51.36762238891549616784518055277429495981,48.78267831382055747553779879034392928117,47.98714983121703006545245376116869839327,45.34998373736054745473823998731007830544,44.05547614282055272713220003319081724688,41.50012399799900492750438130637307311012,40.05274403426147165331830978909492307957,40.96675983243925075214678979453984888396,39.75947040866197763878680028540519872399,38.11825824032152362562913184064683180812,35.08422959832259774509115088370410556341,32.71426165885781102438490871647824648006,34.63105463824580254207413612498060779836,55.998367766976864005549336117718666045,54.3135744185912584260324584992603279084,52.50709323406032914272735691257473157635,52.39084844274757765629391209838951335108,49.89084073675493919957896685228945971117,49.3743013414809324058042476704330597333,46.44781224766615266023720073606976261022,44.49019196475365259522250676043639318001,41.64630420492647758647117859455715367814,42.69561256206634959864465774992356021399,41.68749981626030746727247440459048796176,42.07424183894492539329818764216985048999,40.71362722522859532590862243378271321958,37.78341717309606833516738391790725315067,35.18933361598218964446548939565658024354,32.11223496114853056399492184941731488347,35.62941288689107962388963937467644278884,55.14319531969963841991810616187630356461,53.28710687359724861887329634817389595589,51.96315070360430698029000191377097790128,49.79558299138815620642340075080775887284,49.24021736565512724796075533746712206287,48.6171688973004299451710462948088938802,47.11014818484754841747108561708092160721,44.43970378461889934255934276123888779549,40.86413291617111577583522659540699754871,41.26664980222166861373861614623156494415,41.67827966844969469065356098214830354031,41.76886447993143498796234236835593370433,40.16693974204384396936169571015577612514,38.60957489247947314102637851285624378304,36.0528697975947596087527900582757234621,33.3598135124313456024001438189791524988,36.79024927857523376965964425728442251246,55.13601610257501108026268864242952414068,55.28159264711379940382324345933050596219,52.25068938270736413561435987835792285011,49.97028198302850265221981251019336290885,46.96272137944981446914382222254273398776,48.06626705792274932287434174560510941547,45.91053791511818147468558077916118000751,45.62747568258691019186036899670852067456,40.46905292755231628404775641957009927708,41.10737173477310279533949287781013101091,40.0849404470747171226218551321866148806,40.97988870687897254331754510902471747764,39.74086045388544732804142810344249577094,38.62959937184311962885324835621221672708,36.76518901215778240578123193812017492946,33.11023282750829339434531176910552014777,36.5941956438903638765123850946081711508,56.67045813009379756459069831855579227182,54.33413710180593802426371491212624493266,51.63836210169845649675714439166932379515,49.93761850501949374760904983752820331053,46.36108199529822162783839883315590588934,46.01726190559746380834449436176309128875,45.46688410378940618875594220830665881914,43.3125855641178841305676613841248809789,41.06707250559658817101552858918768448615,40.33113005127880297174593583083839523442,37.91788710677481368739226690161639773254,39.8287327507328696362140993575066369489,41.18245266385941999340548875942074747745,39.44225435055075064477262456509106591412,36.65575327687033295323069607080091028332,34.79036235872039781100747746967508257441,35.94528905040705558034710748377416865425,56.66233914558536341607197636914613271083,53.32809989733777649496441249690606626742,50.99168365092302160035174855200631960313,49.96579074488382964110053881899017077893,46.70254747813214070723118975854094756532,45.6870093319590144435610998184992142849,45.32381236016058868359278676153701042785,43.97251869545778259204580006756276171641,39.49266712638683398610963374292257496814,40.33880735206083466962642571606266442393,39.47208555404509265336896440998520708736,38.44182954357726660680671986262595018483,39.92367980567790876551658992622354534821,38.82590658979015018314371202596310920364,37.48434410365170227138952567920169448813,33.32912373212191116818840815828523494249,37.74880505070798740286698132321681001264,56.54377852232294239767297154128359845839,53.41990127856955667776544913767786920318,52.11102241289240759967078517130559828027,49.21667282699062462537933517432826757384,47.54797288520950325926529965104449057149,45.34016298513398346021468021655256442264,44.46635037872502392047435922004438236716,41.1625968595862579377715893959855420463,39.70243793614860203181393256872212904835,39.88374488421592977003244471908775204383,39.06702201915264700921657470400445163852,37.6922693516481496035916052990675136938,37.50978382363775904338839425450153191827,36.91194942776985025353714750440725111286,34.98593822141609651511552408632883293529,34.04516388399493478399862934599737763696,37.75008559025329087771364168475372168923,56.11858071363223416653704747020074117007,54.56031525291059453563784156475675899936,51.52301285836570306245814099380438290184,50.84681919069244301050446714344601380973,47.4854439160342603549558238829323629378,45.1683291172176583497209988187036795825,45.67769164436128155593640751465966658853,42.51481541254183091102450171778791466329,41.71359080201218385679132372420564172665,41.293104003387583934947496476426565691,40.90387324958885718970620888621627797638,39.90579831017143797072559495518030361862,37.70840925788045603402315857549288896606,37.08531881892985707527752345129649895813,35.65392324758320424756856399313389546849,34.32579207924036658340599205851879413936,37.83076812919618860870703712618435741082,57.63114222628425461021809448729137938358,54.96709194763142582911248188441804777926,52.14729164281385753483813996171846486159,50.97958653277532907328479614299025655839,47.26841039403996503188869688734190284651,46.51641842753731675916089961423516477605,45.93827633822330358363233649934469302904,43.89916267828527272203035313361110912345,43.84786511504287490696956722375587620653,42.43149708774605045324640229036205420259,41.0221370936862978773308687498488132639,39.20991370057088606573845987593253073351,38.75810781758614782427661142217102760908,36.66970210810931142420473731936733246181,36.12733068085270209530402542423288774293,35.48914594988926837556700833858117671376,39.32125189675355297762702643750059813142,58.89908020053931511779621161677542217462,53.60774141557892227143605282373449691777,