{"chunk_id":3155,"map_id":1,"chunk_size":100,"chunk_segments":16,"vertex_count":289,"x":-600,"y":1500,"vertices":[-50,-49.00423714387945227633899986196387740362,-49.6363796758697001820319465154704533233,-49.93665884643487583670617502026991786758,-50.39441786915640565775156972428911602032,-49.60262749295100399727911057904122103273,-50.62390360867421476175910448681157344628,-52.2473195013401763106530038359860617264,-53.36556012471062863057099365922637733728,-53.53133314747106118298786685112332849848,-54.38986116370921802488402863517593154239,-53.90720671351120414169501070468158509437,-53.35072161122611252866634071434052700376,-51.17944046758952410043954858949400521347,-50.72734974131400816350156239041021530122,-50.12799998142899868457208934524025564022,-50,-51.01460391308220127519006137778782746513,-50.23171953226720412491611128385993094129,-47.72134920883259225535795192565289401343,-50.07602334504107550445909172102790236904,-48.89103556625196860888026402535562845345,-48.83319527483874515996069033742524032116,-49.68378806757126644401086944634137365244,-51.47774911021311915340228651385705774372,-51.97938896712414654847786460347651771095,-54.34959957206805586982492922846448153287,-53.29178991997807721726489495077966925229,-52.27072959730497644054684831332091639159,-51.0248706608797676557406337189096578475,-51.55926263375795219879583441242578304578,-51.513676153912302751318493412028441384,-51.68912112118867481379928611516809030885,-49.61773015712012826350755136212223095414,-52.36910014263660374118036663678115846869,-48.85596730614604808611874571985126464238,-47.02259382473883255820412738687591533034,-48.11030838535966294662296086931066669178,-48.92729464003487665067867186029099234336,-48.60242298238012081996462589842260788829,-47.57059108831582183172533427629875895082,-49.96334019329854532287031881632416349227,-52.0019867444063985417811032022393223544,-51.28257818878491208445262434380117543095,-51.99200612544127738873436700474103698102,-51.25727816899269908658881459756729264072,-50.60871116225599856437819840333080420515,-51.69316708457032744781169765317877737852,-51.07627961932910454823118033507550329326,-49.33100744801636033617417838474717270392,-49.4600278033374454978336833698004185254,-52.95631264776274616927017177744513146024,-48.00572983148558232215355746885355177933,-48.83814389096829778594043653510173654739,-46.63368077576380736322803532349608386915,-46.99533224680885487980025218679447076401,-46.08382714268983702932957063123300967715,-47.48408023233662348606366514941110950141,-48.09565803737427912521100276394048338605,-50.51207304010617798991781715644225331537,-49.08880841924053956422768443535970126952,-50.47219009764207053419539161529422956056,-51.55344170209326286766668203021976067315,-49.54509810763638202378153423616554944969,-50.2737493711856298176993663242683880329,-49.78436858688119713495391251268774453505,-49.50204094119073840464197295725183128525,-50.17161511976224430038071109012605858931,-52.24401006859298737454276946230701024652,-48.90874097610879312477949041607174730591,-47.93655166278552626210637049178160532226,-46.74549008183463712987092230724474201557,-45.89336172104244510561099661364742106783,-45.91810573988495141579753303074462377801,-46.50830452024963713507252476004132130192,-48.18787977113755270488137475385448859198,-49.28787911533077473002975223911673899298,-49.13524574471840220503664160049620721457,-49.19759256265721892604207529743905344513,-49.0822701361936793502340219088839683894,-47.57350618293588856678344037052071050266,-48.36224788777471688107252671214532938577,-49.54215874001128260720873401801295816133,-49.80528576114765044831401473515554622881,-50.6533603689333403214581517756316270841,-52.12210894087991724953041260855965284542,-47.95223968586618289674034458414440208418,-46.142103027099100844419643283993412813,-47.74099515943141611297770211073973488878,-45.82254369356920817585101139064074982151,-48.0056982907966810053711248011831934896,-46.76800447308844345136304320937974880102,-46.5987354260451282347372026004906692541,-49.75498564619384094849156956806785535737,-47.89936827818157215492981645445668654708,-47.60972015225347190233170058511038410472,-47.08810963130365452485125808460169182643,-47.586588797086720851065251256711579095,-48.09407505860587925053907868790694192922,-50.21886410725280777719579967465827970251,-50.50040686014233311223056469622348898272,-51.1971755399070340632046546593021897049,-51.36497899040611262612033627864858775114,-46.87666610359773312494677824887232931681,-45.86789682314959534346537079089056892663,-45.62229873868310143593571768496775669682,-46.95548147270756396197273158555706933547,-47.22804399604930917890589997509164141014,-47.05522648526803268727002896799136024308,-46.49946770593153919248849448756475203016,-48.60538490495292865417444015344971253541,-47.79443542367589007150490358798470116277,-47.20580709407953144530649945305711091247,-49.59688967214213641352220294016187678188,-48.44747479679889078220051791867783070798,-49.61315766089443956675108026685476936898,-51.07624111476809797474468134671899476683,-51.43679603358177407797981968199870932396,-51.93828032641771430007070603474598368606,-50.51987145046117541810436991524670013454,-46.5429660269395140074256777588729724621,-46.31247678115664039263078917989862011275,-47.3372645194409647591749783754545768274,-46.16578312168450389480968636076454729269,-48.27532161342056016962139112890139324441,-47.39880463014921120058631974263527582922,-48.12868512613175111224342657026676570213,-49.42174438752655545915259428134166930634,-48.80522228423232628339833083599736978624,-48.60214797375798163622341136694726129163,-48.27565237232351654529389831124292015133,-49.58591470953466964392832155031624546318,-51.20283736809985766186820103839269114,-49.45558835141361583556530620658487610711,-49.86686098627893447698203127081744908885,-51.40500223475312731699921679353396370265,-51.07856397780816058358762334861603334943,-46.35311342391579753920107885277893271593,-45.90914041621264700223630151797987601444,-45.24558764402549830455302444454603305847,-45.49511727791242922559522353836869960163,-45.56531248330255058234399562134347848489,-46.39756356203531343537612122379895121134,-48.04221022882631111154191980061410267728,-48.56374109775053403757673784752096011625,-48.90777631779632903314521552936135857844,-49.21008353802815994084163838357601866735,-48.82052952642916376054768076519650408745,-47.04651042539470831158464697512522287723,-47.42804693032181916534013980417600057109,-47.80149899487669650811828430213850750028,-48.27627092670204915910845826095627307683,-50.4189980013492584276021025787542860024,-50.6373106598821716368652282572651994795,-46.84171500957013738599178156890394025303,-47.97248478320210650968819933387130824066,-45.85778305637892170861298353650124905269,-47.22978010088686303051465757996937847539,-47.48684146338901966056955824077680113876,-45.90715506207398094044662957250368978013,-47.08189994927347106530777375266991569222,-47.80191034423537371988983485568304964295,-49.15983957502867391221859830671997320656,-49.06266534130826705529212656392187203224,-48.36287157068198793365122740848124353003,-47.96403843865769666100130812127480426879,-49.50461030405984285204366483718336146548,-50.17262118997818223509422331878249329469,-48.6004794622618939412062017714098383179,-50.21632723122180193172431945188599285724,-50.09027545753789161461186528843107467328,-47.78690635899993831899181836797699779483,-49.8607360890706946158641270533716294024,-47.99662301150343703648399526521384022872,-47.88254265683331373544035061509012012526,-47.54284622278740312453680762223184497967,-47.09132257096479559771181594287801780749,-48.7645944781076878187095655561163404258,-48.18424755641550086912243261484594336408,-48.29696822857353027575015712006706257785,-50.24931220647906263307514473667962192232,-48.74269665038315736307400805288757651958,-49.78254554063357966686507001621573205787,-50.57663793970895604933411844963806419344,-50.76146917532610568635627357501969631949,