{"chunk_id":2871,"map_id":1,"chunk_size":100,"chunk_segments":16,"vertex_count":289,"x":-500,"y":400,"vertices":[-50,-48.1530891419612420161275837178640526542,-45.58730231323223835174835745980534829683,-42.70856165763665403305625821297471252886,-38.55531727171062037538888614770703123604,-36.67551590591309424371902045007807929659,-33.32388044507064012640048768037529859422,-31.87588233575246202444601018413437027104,-28.61405112537978096486355455737865371857,-25.42664339246850459559160307987263926825,-24.02204319849794321633029568306129957989,-20.17563161277464619868980138491207404024,-16.47647102573200766728983388348220263955,-13.2445660788800913638004813564324390652,-8.135711694344133629942412932676131563,-3.12130117044686226549997975001928139052,0,-51.19056085713016174888301542243737651937,-49.51669863986038666940313072569693443284,-47.0111487550687719474827428353598196525,-41.02784326116458340996527488106776030056,-38.0605070787355530626838237974111912613,-35.27339440477358919507515026425569146643,-33.22792956321725627781315183790307675809,-30.35095634741199404504546607684879119953,-28.064201352828024423731393063257236938,-27.44118155174056711173531071445814795409,-24.60420729711421824385834404766084105708,-20.45083254044581575273420424503367419796,-17.30759542704996668952763334609062515337,-14.3918675043635756933782062629097208122,-9.66584672568183628307863876140177328305,-4.38389058909437561707495636367545962931,-0.2980194253596292342897572138120521451615,-50.90309328554037594599260367449229913964,-48.55111886353453307891944888486469587039,-46.53995541384823791043150341406426673229,-41.98919674234068873116363600848664047524,-38.99829424520606789509451972814942081624,-35.75886184987956546119075225916625396526,-33.56507058840034769958919124497195271745,-30.7408772403671254668431578830609525697,-26.76194591801693807993385155748232565268,-25.72769322477406178109546027397945254631,-24.07355693456639129896216455416520193396,-20.50415637674109537103606557450451470865,-17.05885504052448978827081560011184747576,-13.08251471291661550959161462694153246514,-10.63707880199456750263828897711840281067,-6.42694088537969450987316437393876088054,0.066421550052393415363664387675593494935,-52.07496624917735259080678343509600143202,-50.02052096086010877768719837201715900737,-47.52371259453290637514384421115783101221,-41.49290875154076592666270979099540932467,-39.44971057251595256558147640131089142119,-36.2855749164026758871191732099837956217,-33.10398386283874516932671985922202528893,-28.8487302031448215530166764799829372178,-25.1672983877134776534459616685491976725,-24.38941447321359068622686146542646482049,-22.07174862605220481763751857486032800864,-19.1583388905017357928556657613416721085,-17.94259538763898916918342530735296820182,-13.33559106160585519599576799922113118852,-9.77001345987748648398568693652678461612,-3.83234828672946346801675451477571507529,-1.48710220427438996625922709133076160841,-53.50479592067421735370112734533893764428,-50.03886622355491906229302833646361581753,-46.68662867302435220218195135285053750694,-44.28828514305189447562161716440209586334,-40.23176112177718686340621812328517845766,-35.66185922538417108014545802690193426288,-32.89542155280627356471888671445153928481,-28.24005360536144359765878348637158881424,-23.80846487410118359707870489739503547434,-22.51025328796278787709504728054958726316,-19.78109526390462506774169877782247476793,-19.63429595529500687719368450139447736709,-17.74849814916837242104487220818606510027,-14.68205112232892918338428534459999788765,-10.02432682333908858864749089610567256414,-4.9051710541224768548679802102944573523,-1.55333128636922608951254075520205764873,-53.33708868620864918469951285227603280273,-48.68141584310897499157831308310503818418,-47.10941280100513185349550059368024146465,-42.92380879603409121973932447763595436288,-39.92281928387289202900201172323287701335,-35.86747208482020711751044059613989820798,-32.17870224016015997059699713500122554486,-28.46932717372469064304847958815936614288,-21.96103626906434587794268253893799646728,-21.32142122416216384920089916602189506263,-19.59770203227685872565448132231650436872,-18.61254698116162037758207590159935460498,-17.51649001819565258496243879608779429476,-13.15984264163964598080440710263967159502,-8.78397921620353108464613526880834570143,-3.28317674934533705872380268319636879996,-2.6869118593543917420950778254016479353,-52.55751156566863294519832956362678423927,-48.96061814334513836725721732590996720687,-46.52633440522103596738695559205366276069,-42.93229612153627539583606934822031439683,-38.36215120565561995140750986975042105862,-34.68486836920062147188058084322693381099,-31.06427243354835995288788786184722485053,-27.30479967810000012509851645626144783814,-21.51981074432200544449439879524434390089,-20.77027038593920541982585149069146301542,-18.72895370070572115053316795845049553692,-15.22465716159993125246427809616919455338,-16.60170084080995658553995804881795778549,-12.50225357538345509148140277522825084057,-6.97682038330477056778047154704215436325,-4.61095813351439158755470826950073158462,-2.06668561465973154238136016692373381478,-54.10429204360415677240851463784021258658,-48.15100997348225808103924833925968019375,-45.71206192145841072695985007911559863396,-40.55965144817428359636666837817908194285,-36.80318736447869436986537195314474320469,-33.77889444498052178749693279153296770158,-30.88970172926622167446042908819506651953,-28.50401857344967166348652418834069412291,-22.53388133197128892666229825406265128739,-20.70561642532937373233327467791508869129,-17.75870430207664951787172324664057114086,-14.60005862549183383707261236919429412149,-14.60314292389741444024674490474073250569,-12.3263765571066186086056345038068693094,-7.64038717433069694130856976793704821186,-5.63263736831886625048959421392430709657,-3.04557695770208395648804085082743123373,-53.88619963742811000920509678468882842917,-49.43913033759881237859355962822271279596,-45.11870728886882893055088087275288190863,-40.21427232590206647180831921095352389041,-36.72858304458093033806012191472896013256,-32.78270898480843540558755481958311117602,-29.46509940047929446182716402250430820421,-26.20778665278703425589919897590776694972,-22.38424681190687953534842328742334685555,-21.49876859478582460892252337768373073785,-19.12130190335488479630352033388257883615,-16.9144789121114353614200111448584745449,-14.34608545115684489458986446533131383588,-12.97499569093109875016364698683607316033,-10.33047644360777062300753498200953565332,-6.14681362593546245273457843462155606179,-4.35327898365506400001753408866760650435,-52.9793367335254048555697117435780086531,-47.81921098548547799703001495329456821417,-44.24209604686394712115029102817852980786,-41.35364567118309539234460368060384093149,-35.65555566736555420119437277387433608166,-32.84320528774846148004243471164506020537,-29.5038604661683437532095498000455975182,-26.76258988818720773896188310861332529254,-22.66157492714530446650234760296320096098,-21.55724465020002134190385191546569839278,-17.95428274050525699737330167256629275348,-15.22119640376015165902427771963038834339,-12.98772584152705616874609114809757259649,-10.95050347258584416659302419186694878913,-9.00668530569041403502695315283354173738,-5.40104184769502863050155022267014346661,-3.42816014354082759400338485638319065982,-53.8313996377667996305458577323223172067,-49.55776827842450620283978493406133297987,-44.25697217314711660726020150798502617553,-40.37079392355381002509881862394490798075,-36.07016810630003139268665047019536117367,-33.86747063583236557425904998680229017883,-31.0464565571935042142964858841143071026,-26.06512225177908802652693496485837327337,-21.81611492283660528776133576278675184077,-19.49645321637855811427754116651778217852,-17.03799357510095115962399105672325242783,-14.36993717530466243547852423467320361759,-12.65323933644751826442259636725225654158,-11.14886860478212285808385799853802843916,-8.57629136739153120714591599040004800529,-5.43248624585351116017874130629661777778,