{"chunk_id":2830,"map_id":1,"chunk_size":100,"chunk_segments":16,"vertex_count":289,"x":-500,"y":100,"vertices":[1.56792985,5.68924920237828824795167310999024593487,10.83229576749569635365438590701505033415,15.21227354643377653382626004036196838776,19.04354254478944059216816073411862501955,21.83285083285606728312643461449029325459,26.37659150023503008693392552915467424342,29.83566159715394097610032657681848875758,34.60204340914376108564424536588952341129,37.72471516377388045405885984915745596773,39.68578042277739807399328992134623725538,41.16227322097930865156827022209712916461,44.53707821794301926695261887396343368514,49.25342178042923878837112523833640072751,53.1460623934680231594052490428055555579,57.31714939689448639365634524892033502993,59.5689453,-2.57946594489490451373189836083081405584,0.80735885894194590331371224927397113701,6.04284419626772265950453767335562999771,9.44165212636252011663345105829625438933,14.8203652815147689588614139815746734459,17.88720341259704916456238028825339821752,21.73613251362385231977980449040478578562,27.73983993523714144710478376913429823142,31.95173527205188033584194995593852500278,33.24335865975756716137835795570298727039,36.46217211264627133605147160149539917951,41.30850611749245482723005115758288657547,41.70531966012760646941640836290028226172,46.03567778081068783418693004894764725178,52.04824756670348708452380040816356077215,54.67549303199520628869905327915935294865,57.80566516514636538590391939940352341696,-6.57483912447528796991166452596268850223,-2.92630189916973450976662160899968514232,1.9933267520317249381524889383887808458,6.72819349529699676766779544861136964559,9.31621624900782567478696687649145220194,13.17021803386227809584473816497223441048,18.71209606004307454810134819711838548929,21.85037834665639768369222415294545971777,28.0282247802722346940286912398727403492,30.5443074816509855347072154903513320617,34.12841808067085736781363280408625644969,38.20314099099731481748600448473018129326,40.55760234251398695356960047871488620683,46.01700340670262156249196489315070095694,50.16977991344868856439615799063630372947,53.68084762205029680579972140695471600572,54.95813958577235889936535701948618504162,-9.39227157699909567801122209999631531952,-6.28052763139785819532668156697624168916,-0.14638455532853232383872472431249942917,3.19506163372039635419858100491051941869,4.65216708232164846302977335688275558405,9.315546398066189919646414933528058772,14.91972264156168707963806385960408416694,20.31943361223195555206321403966236594301,25.04296295908819843238471611739506311377,27.60353106701226147057685289917464077998,32.30235124638388057023116366020206220205,36.16219377425884761523113514415655543414,40.29313592173305018736128025917607649493,44.98647067302701175589281524589640366541,48.68174711714817534900453441342739321585,53.09195626283207819800367912718353252259,52.50693834777803689245387782763299667355,-11.83794008604260153359434710320580278419,-9.63845294939049739260703893089532671314,-5.7770403743697822976180397778516919603,-1.9843477217741308074199816231896048392,1.45596195466679281365138027366790397157,5.76594861017103705341624271762835069306,10.42749033116484685506601966122298667095,16.5671218076313203202582135270075612632,22.34231824491261513185027532286936018834,25.60123729823378924405069170748306543487,30.13949288321551659292364332631038197524,35.63388855609620697222117637935112271897,39.30302125658958558531129687841158924547,43.62888116113808425630165236571257634916,46.74611101320147287377452800387847144028,49.83913821045410702226671398054538974043,49.62914025572341405200298375279984371369,-16.46807353165520251728681380734039839749,-12.53342404254405872350556130535268965456,-10.11801183363014581055468908522410229419,-4.86790998945035149133856915055561091388,-2.06010912621841705999126792921929777681,3.27844062078419705018421402486531313663,7.99287459091865229181129235087506338481,12.93310552140916712238880241711313497878,17.91408834366229686299705381541203425427,23.31784842315916914828932115984119195379,28.71524289368163051406733912911092245426,32.43121932366743559612996893326191733345,36.24090871243165672021044221644071253931,40.05933278128391688175291210660443068389,42.64942153845200763451966013008142181314,47.53087643216408249283027488133772976823,47.62182515500573611154884305457301647937,-20.77896439744513395487515831722396951223,-17.63183605808315791363449056946966669967,-14.49652829826365215308998916260486026482,-9.75450626287650928618920627366586342464,-5.69667543582102417471068414352503370805,0.030582909521102544572827218671906208105,3.99521251980879703179055566872102911014,10.39096910270694638559916450711439813126,14.65094493712330646069138770637414360246,20.73306042811205453404555294671107187844,27.13808760001254439281568906589286447624,29.73932803144728820757340165323898942368,33.68954528301920694097298776063309743333,36.47108209617288097912580008414864859672,39.5721098355648889136267301173757388484,44.99759159356507191262412958271032496326,46.53690098759087805422135579871885264244,-24.38271035740376359152084275800830182164,-20.96079455290877504671968434009105803325,-17.46285177880406014515404254309094344293,-10.8743239978832063311094732259888171506,-7.47961619672777002502554548386712902725,-2.30599069547746275692450137770658255775,2.01135075956323492903417377711538309435,6.44836258447187628881037536760734609256,11.31591429877494704718399913073761790498,16.93607006879664806425279578755864611645,21.78910544399622748923369403427899964783,25.56597159938245131276337349013088865889,31.0677089847325541088530027626782747912,35.91943465829690268083461518089926243213,37.63853665558401666742911260032058655653,43.82294369016562806150767551710130708557,45.54361855080423783557195776549836989265,-27.88321047529950803499120995869284280694,-22.83415336870646751410634560273157513217,-18.72772285148102772054677771239234389411,-13.83745047717940218370342901438167709856,-8.31899432158294685403485939943333081511,-4.00285852682467848001932730088536060026,-0.090953934849288584935422601341383081545,5.31717572023779720066902433069541763225,8.8954468382613507754731486225076730517,14.98647445609251664453363543127531466266,19.86068796007315836156971357291173532517,24.84225337754837338200769195081204190045,29.36849347935046274273874509258341387741,34.65714408276557356029661649708150649908,39.33460433709863609749454742989501745882,43.3788810847061159867768106403965379928,43.27026521339914341601194610157963726291,-30.78443494411612325424680633402611057189,-23.71371340892119830643679691130715142789,-19.43148442961597532644227319249033563246,-15.95594394054216671565697650020376278584,-10.42028976733317421178080710591956588549,-5.23858474400456810567604534368643012919,-0.16037363640352272358146527874645698567,1.57185481331792557442414338222025007631,7.24079409872255722846377689019992273702,12.19833212677029266783905476622599859453,16.89947999091326363274755157150067389533,22.83927484044801698402456456366448150476,26.33743224319067676383900591253906262085,30.09210245000414573198320766894174344607,37.35322105510965115895546864732165613036,40.93817913109317896724065891222649373864,42.0497990286673034477807622905606718049,-31.78520297070652066047232716007503506713,-26.62418200334938997283631165887616984179,-20.81201926954536632958038386388614331168,-16.98185590288505580425610521939538999605,-13.20289155469016215242286296624743085599,-7.23380359389748895642606494173766175018,-2.09704215546301107119086656068220066411,1.76927640306519622016396115250795136519,6.35482723544065949332674597506344027018,10.82177555552558157135146262356633035794,13.41859258124910376777640799673823365933,18.02458878859232597184791614744037777449,22.20824034142733439947077689694028433759,28.744505304388038582481793726398421659,34.5878122179422790080818492776222133381,38.70201957007319276169559556408671090179,40.33998959989893313263584971191332604152,-33.95174032586583017247795363171694968509,-28.29403761460172667964340683261799310167,