{"chunk_id":2962,"map_id":1,"chunk_size":100,"chunk_segments":16,"vertex_count":289,"x":-600,"y":900,"vertices":[-50,-49.77020913825081186105894124903536463705,-50.05646816848478222580552714949069128465,-49.57363564401949325246627205162788386527,-49.50524930688438039048960642231529789948,-49.64937770318380183849641468804198961019,-49.28228238393724612308321075909387710597,-48.87118696977316833931024342695259946242,-49.06051014489335882147125851282373156538,-48.33451993502977892313488116265490481342,-48.94506269140064439756909093167344290419,-50.43656448818602362542363570407561467523,-51.00441014147495849177720685243968284124,-49.00843500834464301517975834980066695203,-48.90109647642408627280616944289013730954,-50.3803152901356103956140756007762045312,-50,-49.51172062494806330992113480120641778672,-51.76378313171487123353323106207328535292,-51.38869691797301388551839989756033506517,-50.8025122405026275619173891281508185728,-48.91820894205712432125973412931085682445,-49.73613954630533878043158895058008530618,-49.63108051703448722458233719103875555199,-50.88612579488710354099343243904821275416,-49.12540318851595737644498402513236500692,-48.89602018973697633628045521685974500007,-48.80140874322879347015821563181773483963,-50.72185952721816414866808969014171365622,-50.97641099742381778854870256949473437451,-51.4901836274910803458244878975735093107,-51.10425424836236769631245812980214217545,-48.56673749142037164269712525052227249909,-49.41060132030477151835041783940420506231,-49.50956768690882787253677537294000192721,-51.97201269700445484093873887083936855752,-51.34148994988820587918325683744960796896,-49.46013812846020318447768605349955566396,-48.83096632375020887585193296535509870402,-50.17844729309371229630293736508078304553,-50.51881674857773555410873035364665526002,-51.20827669176004585603074814187063904303,-50.73413012351346032233493379461733695303,-50.24093173576058512377688274153537126935,-49.67836230781728079815778767109522557655,-50.287411591910560803770042410820536345,-49.51179297401241785107321890359594956915,-50.72665410928023887197989626329363223949,-51.97591117539315955242281523314398209308,-49.9323807116272576796993363737751921886,-48.13296640209367094637954796461266645416,-50.80979549730047255297714091194702336198,-52.4822784816174810962730903942345388131,-51.96194751146441945074757502712573898848,-50.86766330852540750325988998167948987106,-48.92840558203580307122105275571759750512,-50.40521973489217255062757870943257175899,-49.71082998245767205750168219289027576875,-50.66372841616256557343984102025631670593,-52.02365458920270414488371920043435071152,-49.69762141717876965913142041004613951812,-49.92671468266536765265336637845690168893,-49.13444551393769367635792064728747835509,-48.53435709075720564824072248203562103986,-49.61456933378923126724565639140478451587,-49.76439113353710465713205515503125299996,-48.20430505220994454062136220021277478232,-47.08435697531493693645527917044130437179,-51.78082802404440909685332245939103484288,-51.70070244839838085880990656492104631362,-50.16038762002104109422894021966080111088,-50.02203366709067906743656434503228983718,-48.21355657952194029087397053125091689767,-49.31065796912099441929115045878017404331,-49.90100407173328754498118178675983340878,-50.59462185778857621734186473709566473739,-51.76618162929051374472398517604838399061,-49.87574330869142553919377509020841095859,-49.34280354304428920307960375857350821447,-48.41130386371046657851944010740038875121,-49.39008002781317956216430122794734850177,-48.83690135810322252454032990237799586974,-47.25387541804624462039246701914345738359,-46.16586653302475296694263366460270098079,-47.00149682568302659213791203582863663342,-50.94007551591895733673187085688018289545,-51.17848840007022427155453098991603430714,-50.54413347096815728955805945455555333337,-49.8842926226727923894071592370134671477,-50.2729485821147769100150301990212993507,-52.25544416507994543731594652894877099343,-52.78597877086085450185532520396284692732,-52.88653489423106168486069699775521554859,-52.64666708462170090190926831919871333844,-53.44682574503649170885802922758074307007,-50.52489217187384050029842853968498181235,-51.02194389464178171500922911756640074181,-50.00358359496161372115831418852329825467,-47.56177679952660704277865560032796479897,-46.48633880401432172954906193750533139251,-47.64090680954894713037017396204859630905,-47.49744850078567095303339451686997091412,-50.89780740859258475116129885645196422671,-52.546586736453884265807370641757039118,-50.77021629112579795704298280007700321024,-50.72683945793609746085119504252340283317,-51.53484476320713718404294038268792830552,-53.62487235968314326260018817056563915511,-54.9469196588464865185629499184083306551,-52.98175908733854468648894919439588316953,-53.11954176942313077970869790212715260928,-53.87987098986940050181049960414961380891,-53.19545129328805492265733717370128016192,-50.67133247058980966435366425726909494763,-50.97802243747709823166681664512555696803,-49.5492881366482399459004417299745418294,-47.58368186557409147387471622711843935022,-48.00632401023048033993904774852033099523,-46.49617905577053033356961091954896069717,-50.47856762352769565028657913072678827841,-53.30156203602883606023571867131742854127,-51.88686659989108120021409242500560183238,-54.27984750669479425016882481107290807774,-52.73902652519453901602138260686561054889,-53.37461840836827479089257359905433790193,-55.65614418284499323019052224285990390227,-55.54768973333117870324876601104192325331,-54.28974156395155034059518234879381609269,-54.25188960687398304283436213465227134124,-53.40716330944891693821543143942387117001,-52.78562218063942077784211738028925565891,-50.90417258401533459522318130353561548504,-50.55899790592836109992674494133467253328,-49.42870723475697342955864702086121136095,-49.27823201411910717462080146666281689778,-46.31470192139152172135137377711532694204,-49.11518252372388438606710958163684400648,-53.63190476055975594525118999511635867802,-54.0340636560384242245070220012736776075,-54.42744901838014420030810363392918358892,-54.11859200222183113386241314433830143226,-55.82713538753189916245462794383564725717,-56.22707022814781889027206344571235650204,-57.0860416379854551162993431857600245685,-56.5650147673931736384701323759314066251,-56.35709051494247682780936522802404469223,-54.91612005105861321785074507471480217715,-53.8843234921472116326976690894182572383,-53.66987741213649286148910932954753666553,-52.22684059344154518942805586788181959251,-49.31775286380349116064795428753322196298,-47.92748552792593982236511159948538496478,-47.64678722773141952369398120631292764084,-47.66614346780946478250358758352165654528,-54.12392555815701535111463036283285655412,-51.90277905448974465449377885170875974963,-54.32509022322961689574873556415076667844,-54.48176780201249199939282674353511464787,-54.7300275099347592143541926476977150852,-56.13527842729524143005662917246452973061,-57.39819885017017614408399647261289708144,-56.36055555068863692748631023156779471901,-56.95196023837906956350430152238347540265,-55.16768088519968949092967065288562586346,-55.55847444908999382593771041841190403201,-53.98044704702963074265355759357774646649,-50.54287109217200559419741239428695325578,-49.71179194128324207867136896258948871106,-48.06756083136520547222565832106698028667,-47.13312967714160602228250495724856032842,-47.65122321410600883944900499202426688124,-52.32338328664210536858894565324955763758,-51.2396041232054934882657312808153586988,-53.85595309979557996372290425228682399569,-53.3706438024217699776506515389754003175,-54.88534410893490529279554053336618546298,-56.86543062222756418952139664007989009746,-57.40530955630764137468655110832703636797,-56.09145575320584093454718856862793678137,-56.45439190717569259746006786802382541451,-55.27178406462343499683117394730926424714,-53.78919596633088714092780832700159727302,-55.98475886114990450268290710635597990171,-51.31284303207502742253538638399136593176,-48.27693643830108106689205653103090715086,