{"chunk_id":3027,"map_id":1,"chunk_size":100,"chunk_segments":16,"vertex_count":289,"x":-800,"y":1000,"vertices":[20.12483215,19.80886735909183826453232799087125674944,18.74172302483116160261087053781752512151,16.7224716805429353881177069500518018751,16.17546776158823923953973942662052433818,13.92403019877326092604442744730634890231,12.26694060394580104444230565248618073632,11.85146024661084726660357998521855171459,10.02087829844787678939200284343442156704,8.76503816264547247502638315988334033543,7.58331718541616849370481991318530233049,6.58071657262861780096837209595869026198,5.01095474482579084836246984332822812049,2.79255483772868462332882375320826313564,2.29436757498556981497951191406428704111,1.69609711377083961627486416601817758679,0,19.51714444639898900696633655401764785458,17.62454755107953643895509239757160719143,14.8720733669518233676461875657439084026,14.83465962709260778216903940251410081225,13.04245234636387814029022683646809693609,11.70592361894305819508775596978702354721,9.98763798982055906225456308034426414714,7.51023501290968720674493822516069647044,7.77895771330846858795380401224980001039,7.0897510137505383269831570512412957832,6.10242597563515076164899459545722779312,5.83024666746939086481592690201042238304,3.12042128127837633704060003596331248085,-0.090661592877598693461617668582698748,-0.79288658099387480853159842584942856937,-3.12542652911108233569095410883743811248,-3.39300592147694132094099119797455655784,19.10094601274193106226241776792724069627,15.34291154286495222673594511255521137758,12.06329613034974604098006325186455432135,11.39594086124637728135272103287822712717,11.251831126060193893602668609172661504,8.85183818884412557708909433222271484939,6.84283520573556140976005807203510304333,7.16851095907228274896601377881968279139,7.27893674976634341705044923775235471872,6.13609707182052955917472438542993020314,5.61254376741617267275499582101612979634,1.91490026191195259828035621440810301655,1.38369208961630473640048418202658935258,-1.37882503425948109840502659573623526218,-4.23202072698671892677947486653036074603,-5.67026811706311787695943143839035820984,-6.25391128520639475776042966019133913379,17.22701388520556155555892675136250495422,14.28736778261246391394706968819010890046,11.43828607724610345642332237579020736551,9.76327030495686512425965475838333156339,7.39174829841024251870423159065191093252,5.6875960344562115931607382776533952881,3.53767708743994102387312038257239760076,4.61237595647189124352308493610931977128,5.63968608608257831314223546318432981958,2.42633278104556231395644107442563128408,3.30686379364947926470168906515533354777,-0.6482644469754744380484696770755272746125,-1.77903656949315116072501378531807580782,-3.78027000169027335439946526801768783195,-5.51479121847980531433671620033889873619,-9.55064547961047414141095963743207224117,-9.02181957673005511017548168537663121648,16.85732728318653996204103796935861584967,14.18978615234734904084688129831590306732,9.75385167800098143930994772679593852211,6.66593666345523351142510748767209105732,4.68485617202423949918460616897316784506,3.6614911953193580259779458484508158722,4.11438648430344451676812954546360883048,2.65938315393647684089440553931372976288,3.24122510943737175168951270911546946315,2.33178213980275953534030481716072581748,0.00423978810479413771227604393926409655,-2.41968173855829682087850431044427603072,-5.26759209046288507238238970380891130325,-7.58670466876105704664068023113862011982,-10.48539290305229930301172934239087006171,-12.15296305651091992605200343227161548308,-12.08873021879891022172217914308756047985,16.92587952375613303636264422802971222242,11.77923415424321923771870033963474515889,10.64222348054882838410379153348248132282,8.00549506777956088635749435279211734395,4.42265853915253208624943577888744302035,2.70157095238882553502735105294395610092,0.90699457584189165976963937276460797941,0.6508378558655554464050620911069034586675,0.7810776849867026302196947760315622569916,-1.82216150734753641027642784091378367149,-4.65458691448173761320038759219318965292,-6.75611677297307063094319882957658568804,-8.22810669807875267182273853715888361237,-11.04614541130644711518295327784540333684,-13.31678572618102022402813311256036880774,-14.99341336890630982324089856044914095125,-15.29806029559050762701970142420136818796,15.31607112023404117722225052585283992901,12.31923405690226431803943270496988124661,10.37243252102814680912057018455497638052,7.65030171322040440038526405338517599624,2.4511459747013691937891196259946836911,1.03686531845294691762483122580931399784,-0.7823964812061610250096733375546526645275,-1.40192088583463819084370333106127830354,-0.25920003753963873601968530170544357055,-3.395748945826701418625793943033521558,-7.79530135111699491689387292066247824711,-8.62311271337439210922247382701074153879,-12.27994215495750344702607775477235507415,-14.73721589909841089471765000260023479528,-15.46847365948775141564160381056839311762,-19.01895038054653897927448027156892336359,-19.18192563257714307720195884026845406369,12.54985518240073663703635159572824942765,12.36534470551369440551516992264657130401,8.82413003317911224115068072011459506826,5.89377369867941032176897122650253611304,2.29392229438869454221202505307628120339,-1.65683360074965417257136785718857910437,-2.36378504335330982752486414583635944383,-3.24124806613337419686586142719323097973,-4.09267356352525056615153061192605133045,-6.37490309665463750704562686466574984405,-10.3789679810161639125902232846890700789,-10.83453632397389783316036096940441152201,-15.17060521383635100988026717819197510408,-16.95953544090481331976544212563199540036,-19.5329806859839926494327691672093799468,-23.14863811395914768339109974476895270828,-23.93859835741154653616759678673861412025,11.37341007501667630577615984928142043813,8.22598077887503713440271436356153070511,5.80940635184964954855145174652724803402,2.53460028128516231186062500574686680686,0.73466449585343526893389977273361543035,-1.50979089686965988935474574868180915646,-3.30507246952729986513974382531070176248,-5.56674760288139234499507995249550199269,-6.0889647405049321706917657968317506822,-9.67508677454911693210961776883024704198,-13.15534107927945471284063567586407615631,-15.25953345625966087615764998082759468939,-17.89729149324409239214807916547978219725,-21.33969111739891755837057911727826233167,-24.34354452335124012030251122717522181112,-27.03410471811195789243990910078956682099,-28.24396698425424228972798339324072255064,11.5395271138042641225918238625800591787,8.49637729905829351892312323943154401413,4.75024739194247268876495785638327760591,2.43680674094050205790584336762775793541,-2.56305041445480599613762856359834865629,-5.30558944424934564426316292926587526301,-6.59598850202864237029899758423348268975,-8.43674950438936203148748563302140480756,-8.19014682655240979533294729711492973477,-12.20621319787018292569154691463873162296,-16.65059302595633565906148302905637507324,-19.7375726296819721457150801190352572501,-22.12012813485605864963074151976780666168,-23.85777214318464316025304234676322890586,-26.65553497437053004644523171407917128986,-27.83916324478221280155540650647541855867,-30.29713532944030653389484637689933989519,10.60193819852310941252516714730305817257,6.85997833119577859078485183071300440029,3.78529620382326505616015909318104515179,-0.6818650482272293811242981968508493593302,-4.71452905372344295040785360681748801532,-7.01737078783946303826629293421183737771,-10.42034477559174356053313540230918211894,-11.60223737106652893945301123197964866666,-10.8109336268989501435155490886557621422,-16.55117778001675260289377561136664471652,-21.11509938812962505337473400762882407884,-24.18098875884773437215937414691316667752,-25.75164470484035905388385738043581006764,-26.29923174038821074403667277481574907905,-27.77783648130772399315870489200969933668,-31.07128801651425153871091631659618227435,-33.99537021917038225330895466433486778286,7.82331132165786979849426941062338546457,5.58222150372796818121837440301780321365,1.66610665849832679460367151882375285992,