{"chunk_id":3511,"map_id":1,"chunk_size":100,"chunk_segments":16,"vertex_count":289,"x":-2100,"y":2100,"vertices":[-50,-51.1935398652169921343698176729767901726,-52.13534145499206769910370696595108936357,-52.08417928977571393915000908756516514268,-51.93453408888077210241948036727060576535,-51.93359369073095673823201578484595720107,-52.82446351391566023920730514617318055105,-52.92352027382375546922519069546487091127,-53.97663334016247012615848975533252887638,-54.20114597382822297797096726302870554372,-54.50147466654347720409524562488097141978,-54.59031825150360631241775550101053557896,-53.5243887365857476950451777102309596323,-53.61292549635251108099868627108235633353,-51.80435769637683409933137789020432967978,-51.70684122788279308810906910170849786536,-50,-51.53612835266656108617136732726974735257,-49.9704475498493730829442045680893169301,-50.07347375371590517028531394427783422944,-49.61919791082229950622333607661970802245,-50.30827456502100941365818801219076816342,-51.9090978400665698446550636649395591473,-52.22736361759175630817721146814604107539,-53.51672043775689489917268833023919851918,-53.13177471947809735995511740130130222352,-54.36574586821355789841979530239632224714,-54.08342566997820723263042557127121850191,-54.26463134041722185641694425127262574107,-53.26870492625067299421398503404479015578,-52.65312735503209568969882206273713846334,-49.90513197046892974950330482429303029245,-49.60647160029843912193936579911698854004,-48.15371750560394617172241268699034584845,-52.00218723109446462423113599041338441081,-50.35752125681935831892440782938286175848,-48.43716343779516738151350434631380139246,-49.52636135514531353438973950761284803874,-48.99900136351365550118033625503663458319,-50.76403923088113281776306630304140144935,-52.17800072540140029332029836827340600747,-50.97919392461411488833801461961394880441,-52.23850510469880344244783564015132529988,-52.44326913204488463187859687931203472201,-54.4966952073499159597102181083390001316,-53.34760721433967000394573423190502212124,-53.223730494661943322720400067368672497,-50.55755396523401933081771183709301621547,-48.24717966987751144963882894334945509498,-48.22244227759800297289935641121263856368,-47.57041089096021356672894086021312337509,-51.82090644467847933207970047470386849051,-49.85851364958520594432891567815878731686,-49.66293085451262777292820973314528449205,-48.93792445443042704200312564213132238801,-48.75169165732745783052462617549773470945,-49.56250945477691934958902474720989250442,-49.83075348043378048175871187223784790713,-50.21047375212309339502353676451031644311,-50.85893290875572381882747108609624321124,-52.81474030864800620634427139225943941388,-53.17370933332998279032838225347915592208,-51.86664166758345826670443465466985499018,-52.53987727561574383878763207412435738793,-51.29580312568086081802380239244082689105,-49.71561324797589506997093935293747557569,-47.34402406697894180605145125845674547661,-46.92104428160762465773369842940903618153,-51.06560791573550765481296582871119115252,-50.96455525887862010535206102042353260981,-50.71197364593630845525951194502180502617,-49.33364410310557114670416705034204853809,-49.13745878426647989576504341875847816384,-48.91338956352822701189931859813781513392,-50.24682503583995288282125216351368431019,-49.52297957024900693302497592449939112728,-49.66235294121014473464094155853783287109,-51.54206496591652768617500383674751471661,-52.26152734430338673464008574400989024301,-51.90834965842926991044765711850696740713,-52.43113218481675060294917825522159269478,-51.80160881364398501723920118512628383944,-49.45257198616020433992420133670214750956,-48.27834416840240568938669988471624754518,-47.61397012791463582813717615614786033986,-51.52511015464244536510128707746368346812,-52.68238029455349607170404484897145033327,-49.74401718033339693337818115605714598263,-50.13107450478648284581008325012668204318,-49.71471645943204450675933587220720804126,-50.23968466339446401995012065232573241352,-49.20889967650680682945589814580747416933,-48.84625429103824387905840493944084697271,-48.59291691559820611468774887260821920941,-50.77807549632945993572935171440005528501,-51.00666167350288492642688903624479111855,-51.1777065012120223291416885501359884824,-50.94648514628972157751550255559603513211,-51.66380982800020244477954959349781005667,-49.69374675436803632965283298494988174639,-50.19275007032211065540146197952624655575,-48.42583311449869638935836228079009378186,-52.32269670640448316929804053310089330669,-51.14899814813866971946193886417893684473,-50.54180146182634672854800564671824855853,-49.04437096495845246980207796037758976474,-49.45983986714719609928333030568506233445,-48.52444650698819258927691633619323974876,-46.39243168344064545174234045891289901001,-46.16496223231114509464273939394001518196,-48.91407053947051997810626536471261239952,-49.1032515901706898598274488237285326365,-49.75028044886502159928896597963151836781,-50.44879462702742253890511281156269408004,-49.65293232946193266459992934984338901706,-50.04836616382529905728025836062902386925,-50.92938125500268944565009197176036148152,-49.95132042178581287264892786819365962194,-49.84390940702049328042302132725586588646,-51.96816198979057658358911139080301479921,-51.14611267722922972542078025020854399879,-50.25831646336193330138496035331245775586,-49.88996551222701862701737176194399651148,-48.7837630004669706196041104434194299418,-48.71397425178673036005870608985667688729,-48.02038916318030414867393882587976917239,-46.98004905625029092544281944282295317285,-48.17062162305679351619845913989222876127,-47.93554607259673632024045883639490201445,-49.59338111414985194930086527102959821213,-49.23371962059464634122300970493215329308,-50.16120259947880993679515527904900427725,-50.92129147939094226872864073804024073314,-50.71483726018495457659833009380613338727,-47.97567783387470904921415465902397918085,-50.66401646928843189158013651526625252389,-51.04924096496271416484217918279032619283,-50.85371485643796382147605831167622204016,-50.18517263462591975724251783147568671164,-48.41532427897016335708407051272200835345,-47.8015725914628205475950959624855663574,-48.48962567958656817468549465855422402628,-48.62538465573701223379337723842059972019,-48.01478005566784135075158686400988544491,-48.59316648119129367594850519253671361945,-46.52544190863819858800047408351501362632,-45.81205720470184531474398708909735582224,-45.83090318718488176470523702991618032713,-45.4067375258565333465608239518030058203,-45.96424449073101835581357956971266065887,-45.63642778320833395181336314845745207588,-46.83094712616013936143315215177529422632,-50.08971803923369725603426944982479454908,-50.58103692665117971282546589920499766854,-50.65700676382679554169522739365820276317,-49.23488716588549793027703974495299838604,-48.90701151019187779223661251872840045917,-46.04837037526421781619777614198502028385,-47.67966127215892888295324455397075738115,-48.33964377283527814986700146997480727368,-46.59082666373041907386546019617574652571,-48.27919964211619248180548043604349305412,-47.45092618967867946265117943875535877559,-47.40820957618041113590065009963145064595,-46.75243809300311834585809122582756518426,-46.43516624682299759671862044685077869015,-46.54992049253310668747826893545556429677,-48.09502270245452895733425062638943252053,-48.91291875922725345492100629282885279557,-50.89385067988370718678712077695576814682,-51.72790908151288265257543901532484852126,-49.97204531548420075770969921974451287112,-49.51676037012464420789367390464020290188,-48.44848807771792702000969349191023222815,-45.51854335306907231608990250475209713426,-45.12418905430250305349125437894213729362,-46.63134650907307147134183343100532914907,-47.70533856780539742812490329852080352312,-48.12429216155832769296738157694377358852,-49.742758865238407967520601166441911276,-50.34714575612555297461040285490988072199,-50.17782442898340068071940536613993274967,-47.50135335356316120710038331139982404336,-49.57501844784851197225353159462218976355,-51.06027946611402785426180632283440557829,