{"chunk_id":3294,"map_id":1,"chunk_size":100,"chunk_segments":16,"vertex_count":289,"x":-1300,"y":2100,"vertices":[-50,-50.43117251042652180101199420454462190427,-50.36654152162045771257822731400103549333,-50.66298370143530387442545425089852058443,-50.89393967720725185847457359699678308865,-49.20570161603476077323467300762390807473,-48.43377724155177406965514813261693768484,-48.26753169931448268927134413838139405532,-48.05403397798853141884775066641279328444,-48.37317986519261749127493105206829098831,-49.71581609494715553270309045434571240243,-49.72910317081986013983025644536527466508,-50.18889884745659721318727280629361911819,-50.18911146559419317930610590430100104966,-48.7864799742761855926409146937477225696,-49.27554149201907563812805362966251232969,-50,-47.89779756187152502058123133354163365757,-51.01194108130681916873461311911150844094,-50.23806119952334446230563908973165085174,-49.14906367827418835100378993230217578857,-50.73719338460789292725150317683678998961,-49.4160337874972150317186974479494383391,-49.77414956258474923156738200777461422865,-49.58043616771697432421479969614903327715,-49.41758210475610756064572791256775199954,-50.54862823341523212983495658914213275546,-48.97876956943016161698997826250735817869,-48.7521304060390328454162430708876095809,-49.76124866152372752484063822576337722274,-49.88362906196129942286372345382667373451,-48.39833660775433439117742350181715848528,-47.72910508094393154211420456242932536221,-50.09704813171669177254408817140475143066,-46.7640970410204922236570427949483441752,-51.67983768715873076056609504190649893029,-52.01567852943595213233477588212366713759,-51.40340626340483911941572725912335480001,-48.7728526508596067283752181125471890094,-50.54820989710142731020580129076448554251,-51.46388444852034776558004785972180241494,-51.15769416625804867076601199282941130779,-49.73506045496842194790363948608829511469,-50.35869273696490474348800750161400771642,-49.53220150598157218131848493027118037134,-48.61477840074466125972667043683839283762,-50.73122448330719428392057087919498391426,-48.82951737317451179521556262665326955301,-48.08275940386913550240332259666030755866,-48.74560389819960887178247833456415660704,-49.3896980595227097987930329819855550324,-45.98404254566344878852195131285786963367,-51.62769355088925461632168265672563706908,-51.35941353461508813902958925623003955494,-50.71603096572339913767248724682007000962,-49.7584795773852805774734900646619626577,-50.93617265833883476365237041076357522933,-50.80434870626634699971403634997576662792,-52.06857777186532783151902719022372312799,-50.31875196852363865817724193712419620283,-51.71927223250085642218135602971968028475,-50.30734579363478522678739624979118772546,-49.0408151527785331011819411318412330803,-50.3505366485463079369927682656907987439,-48.88083741319212374188974205026340255741,-49.6838012917933201639977960449649087771,-49.93881796555309974999015772468541290628,-49.5454388052492327232558693097206787247,-46.56935302368594120869948394866988608732,-50.8200632931960534261632609788559005722,-50.40130661005575646531165165871068958373,-50.85474838717875472717003649659284477046,-49.43848232551420318814571961241227929413,-49.95716938525339847661149482499578451891,-51.00135583739254277040324469383733074367,-51.02745541989479649673569254633510556657,-51.07684160306356269844859794478555894138,-50.66931554936191535248121730350005809555,-48.71300820022504546941065793540999036304,-49.52653803000997332885653452371663596465,-48.89601214066452762751254627682218674342,-50.01002430068586210150056144383455437908,-50.73647301784776386663060040012721240427,-50.63041484605977171793491984487958005223,-49.40411731199034451846633649678342745495,-46.26816649134914111620948727073757073315,-50.03806242576544730877070488572827513631,-49.86244383447286180225159174635380468607,-49.11696448499407684197357391358660358197,-49.22021064533532572888482637257878760708,-51.27436902055925846375362222393848877353,-49.78660014140604200248583676301341117178,-50.41999415132555096950437497379958206633,-50.66099585944995217833862759028064988793,-51.48960962820835593581548314806616378403,-50.090680180923296975487898971956801837,-50.76047802008057448765202860892655943702,-50.15873259822471022813634236483673407973,-50.43104124164710752575428444848996065776,-49.50826323695655477266140326531779023208,-50.86690098575064897578925055606526103992,-49.68372600475518712411032943622759810513,-46.40349113029023056404827921461739487746,-49.46108959421834183611172847585705022656,-48.83144226078776307127828501334123333995,-48.884096726627944481774002272528255967,-49.16878459154229417707319482829815194787,-50.20907610449219472779710845647115756537,-49.56492026550574157825684010234128104705,-50.60215904081477063614369453993546233816,-49.66716625784802740786536507046770241982,-50.2626703992634933491312145605322862076,-50.96343827561068317424105002730853729949,-50.7803370454529775838650854884113821341,-49.57903267465573422475924185815944321111,-49.1378668657173991504374894860664010232,-50.07289816834645958901559463766564975937,-50.03696414943178869050374657707532996092,-49.93540184061250516486770137260189031799,-48.16645974840389573090855625976722157986,-50.75046721479074416633777603392988645124,-48.02247955483867519519201521193597046152,-50.61039588947685289623026366078008241636,-49.95046848732956992461544445509294528679,-51.30052910530410840454856132864356373739,-51.37463872970532042812151276473318004499,-51.74534760296615666655657773175949616081,-50.6291572394198023788776246717478310337,-50.01739901357752840338229413876486391562,-51.12773371278949689503354729179589893937,-52.78326830537071342795610543682352862396,-50.82073567438868438876978013580626943607,-49.72132244456944048130241882383705843002,-49.95481803634290143831264722094401436566,-51.42396126451574293940462316254870851623,-51.07259152427837174338824734085601645814,-48.05542723949054451942697285182782125556,-49.62881761814105604815871395813278345224,-49.50022938524343247367812592675744374756,-49.86464922590601128948040583259600434915,-49.73339926617655971523979010810861086079,-49.23618904564171061158817310974371362583,-50.02789839764129492838555935042261003077,-51.03433533800113384629744992737667873433,-51.1730236732980161463163105670528339741,-51.23692323579201258757150546875348176869,-52.27104140617467012759080044108101362997,-52.86383419426262384675127338286577636017,-51.68371670762757690827815188530839631381,-52.99994163260718459716155190981767164169,-52.77025323572039946018539392387926387422,-52.06150900663750020049741626555630468426,-52.17919083141294966457060784587763592095,-47.16321293192815969916594385330342992598,-51.10701394895138379426221576808052242892,-49.83385344341353034758212257064847564781,-49.58992974282176451947918319879781292935,-49.49542975390677679687076503822820801493,-49.41741702532074178408016960940322687229,-49.53485145536561581406073673273374631386,-48.47912260070600440609556527735786665906,-49.82487391672085668774780289313265073586,-51.90742352771412002919351021085874152342,-50.68418520564549763532003402245396871716,-51.65464467272645410158655446428557666116,-50.97711185236102444175191868963034780729,-52.35438169318322173843960336154249408689,-50.53158414112184136455447799522662402064,-52.21601149459818527319145718514063996182,-51.43316757221721081142208797213919762604,-48.1167836627914878872215091357191358574,-50.22168606119663888073803451820936284023,-50.48632425329132786338912644049591129113,-51.43011889729045603107438682800312007039,-49.45122407757041632343479245222097165335,-48.96005879037689953121927626028229081299,-48.55394324041364463442637750904199225619,-49.71478580355065732919393927979144180224,-49.7925192284729481460477427688125181605,-48.86932227659123486583238061554008637012,-48.2131232857958569516030214041798768797,-48.44797325388903800754689888566560140028,-50.48472235239699284440598441565353216746,-49.9101660331105334941952763854865654955,-48.44335971654481466977647333805674916391,