{"chunk_id":3332,"map_id":1,"chunk_size":100,"chunk_segments":16,"vertex_count":289,"x":-200,"y":1500,"vertices":[-50,-49.64728616236536726503130047073757534809,-48.92694797351463786297508566946620547225,-47.08501803419777063743064209486492498839,-46.92719129412169980948974024398342787238,-47.43752522208797920243634996657965219751,-48.59104593919193074365561696674770070277,-49.18882448947476341279856555338440607818,-49.1919272085565655013768257958613689461,-47.54592979331212673363521228093748752875,-47.20458431715329922283991583821040110721,-47.27634248532130280021440123894504529678,-47.00342669452987968752516616987374589172,-46.72592846256368837053603069597821016539,-47.2232151736649002353664480184558541344,-49.22755309124896247200583579505492492883,-50,-52.11224124071660803276064702518364077159,-50.05495446181770761112487743243519352962,-50.07338308295180114571158586180300252136,-49.48643525000525511000353900221208728535,-46.96740183376725042024347791815882105283,-46.57050430839847006249806783887155134359,-49.23240037343280339252741902853288591878,-49.12345129270332712352274824352760873934,-48.86251571063697265230546834466309991481,-49.62438546338581768640851835659207158297,-47.79726537223676506367947646974833157012,-47.50319111441691383284992123963821933014,-47.45700010050021002106170448937142865301,-47.92789989684672975021098773932471653006,-49.04268557657422916187750329302890575514,-48.90290528028106571904831863951923308388,-51.23987863715495713518395699671380203548,-52.47559296596934732476601356140873139349,-50.14864409379960642154616805976937789481,-51.05035263113317984206766847657165615954,-48.66946288020395920615406080895457966587,-48.27169616429406785868277890922120849462,-48.619898649057886363025003202463866257,-48.06717343160771102868068127032828642183,-48.73536761799049808441401425236204843609,-47.3681422851310736222385324889206995326,-49.10820642693383142926288289023762845208,-49.47065262675426619148276718468674506372,-47.06435761746549393580521674748418929678,-48.11375281921996011598116748599470916034,-50.42901216716780033952659706716366046917,-50.9986826331141650359491527661644926522,-51.56456658202246206762603678642359370001,-50.74250587637855889580674020040067791022,-52.61331694215045550564635858802746888757,-51.88763966147820335265012627572129946179,-50.91596924871120972789789397677859821051,-48.59293787248359250710243659248943116493,-48.27233683340236257092909085409373410832,-47.03112526491931847513486213592904567813,-48.6644261243680518535093854776552911608,-49.94397664889444162326612224103008777487,-47.06498580748214073629015307621744227996,-47.74943952903540717697146965007822911662,-48.24215164364559426435983003770794133213,-47.61369920252497167199571858837864966013,-46.55306505045873743169387358675744370282,-47.48227809882645789385225514494135332439,-49.44110722395096457970422815941782391054,-50.51400568733982786429607070700647252709,-50.77207299341874975798525729602286204902,-53.21868632387535900133883386674049472416,-48.59715022826831738391631900575048720798,-48.35681611401709800989980696351683279803,-48.14520802213667275139032941669158896728,-47.29450245772660958294830040829572534791,-48.31272903323383547016144981001986491185,-49.84174704745828729345085927917709564228,-50.33539153045608182702804499766554075367,-46.2638627095113413631333795531918604282,-46.07997798108049829485245891859854673007,-47.04187066042801896411065641143791229673,-46.64149993777114850983135611521898336734,-46.09002447414248513469176793615383014908,-47.49373846058604428675983116058823493153,-48.9092247041042282304544347461035118273,-49.52935085330706416602336878839816529091,-50.51275851106460471938979892443090396083,-52.79939920644499269834072664383154785622,-50.49697609319050501901035643734691524986,-49.29424054305641283536037668010976677519,-49.48137185765789814655042448189971399771,-47.87035799718378561218285988419323696579,-47.65425173530473519405917628944237466853,-49.50057573278223506293287865093688543921,-50.58941504005924462698030723214955837142,-46.06420007317337691700585140899549035321,-45.10169568015120952426793158085643108517,-45.90549021336557770670030690115886311707,-46.91165651799402696006173303297770401088,-47.5608357905061603321699515078881728534,-47.31653861179006481491096351246799537174,-48.80663487810255816411341891012286698967,-50.70665271056211482651426510691504279809,-49.87100573912312133465800644148421255885,-53.66477671026797015775670868547944643498,-51.37417478680156266891159931593717601957,-50.96559155557836779412109041615045800174,-48.93445793456872912457617211713950691532,-49.52168168812247335686704786362775875567,-49.59539302431935160007975560064230647651,-49.93527913265117852302917514906241551663,-48.26807698259548219671955509604008131206,-45.88643845383891577297356956730344103744,-46.74610521298628376293625094586750960273,-46.32293278178423345011393178270886228183,-45.50854916407955082005584238040561670349,-48.05730194268797542556319535992732978008,-47.97372478072031954269399094853049426214,-48.10900177262867159669444587870049916287,-49.61307019721515770468923594312403357556,-50.84537616286420405684688090163966924157,-53.59053504940173402524515900584515798052,-51.71254539256783040883824458540233656503,-51.88834884371360747276486705309620833513,-50.58362346110770473064579036279828258532,-49.38356134688538716238131876225889342161,-48.040066549616983550171519750760292513,-48.27216652766971662519121413091263160486,-48.99200380851939392093107022234100145551,-45.40239606300263267084162229301955299875,-47.0067948295492106483485468289134324164,-47.08094112373034729600473339894632400768,-47.8113472926386988377044835415411908616,-47.34831769080183555931924991456389459188,-48.03616012361756237706259809951748477606,-48.769711063446602324796365904123298303,-51.15698989771176581479585245101492288247,-51.07245757297474894207114844423568384309,-51.65452814483800317822808314296340674753,-51.72108098937097529582812386753285832179,-50.10195777830932650707634033971401330881,-49.86388910856841716470406390680992278033,-50.08364079037968969067004959802393186368,-49.71544498010634832452325506916661624522,-49.77171653512325928106110705368609870765,-47.77574293105291254242658704592729275135,-46.7111688627673601470281815304821522675,-45.92195812709190518207247154187517389112,-47.051544509371961721977250107605669082,-47.24286807621227461340623087534644718532,-48.19372790527067779373982807413448444652,-49.10934194943861536217952649957085906273,-51.49897960848601693881326314441608868681,-51.34351762204729621355886691871940603721,-52.20240379738364103745579499001508778885,-51.97844450107079864551801954793793778891,-52.54035560641600045152932736867230494789,-51.24690045301253318467677356273094937113,-51.09057488690602720406047395097783925294,-49.64242975200536689219771070325816516926,-48.28172206545729899332240211904451798802,-48.90267041448356067963711809617051117535,-48.63292740095390540805408452201425696369,-48.08403869188633591357610313321937557231,-46.36452323471117285673596755898185911647,-47.17063353166620139076025609466316339014,-49.55961458887187252847342619396797479644,-47.97517606966024499091507406211077705646,-47.95751415774914426019499393965353357531,-50.38732808394149554185160858887984185051,-51.2527771132614997798806420338641430487,-52.62225038887716242945474709824087852585,-51.02459403337433522422255008713235013013,-50.28316768718575507407663760464100452697,-52.36494765175154148089867727131501898435,-51.78640201898898862127934179201042914769,-48.07778937498495689181906693040775950244,-47.74141138456449073679445739045779993266,-49.15417795607093965300228703194983674833,-48.30212068045490190902838617493948575632,-48.25103580781056480104956632312182524867,-47.06747539784246847615829743813762220182,-47.53501114059409880935975479853103847206,-48.02314044314245926785704436765213025769,-49.50964947389197766824027896379588364623,-50.11777343548020200829675422537579473585,-48.91933100441027158025921914283586981621,