{"chunk_id":3886,"map_id":1,"chunk_size":100,"chunk_segments":16,"vertex_count":289,"x":900,"y":-900,"vertices":[-50,-50.67976913158885321113598757449837061011,-50.01389167933004318932691701199195880755,-51.81765511795271407193808687585500303274,-53.05170242650933012567364803809294174768,-53.18523895853668988546621856784510014213,-52.76777633171470264781265950387591441011,-52.55287526299913455548490543037417281103,-52.50173232761500315445634562041586856954,-52.41754904944199509999056573293035462071,-51.45983148542004601255671641215100373952,-51.13522918946925748979172143847833549324,-48.96187599549224700942975410450127840667,-48.17214690302448547731991704269491021218,-48.36509393098765853468757638511987211124,-48.81424098059855276051745560266480831292,-50,-49.13423956394450343769642472106583223589,-50.68298050803429982145195969878522637422,-51.54294062773430116264078242476645678993,-51.72462575543403089961345040860466825245,-54.00013409705304153252669738497492176101,-54.44509520255446682315566927077841177067,-52.87832197696805123348726334382529856695,-53.04927934463847274032436159236523610722,-52.34089536468060736745544846272339219925,-53.18678446075383932517197347417221605079,-50.30653893702587341527588830180287571805,-49.22942595544143217402420515408509205348,-47.39475055787338292777560337472619794964,-46.69978046827283276761302560357920854051,-48.05357869861319651334609604359917078675,-47.14872993993419629971280953262301651371,-49.76258995234156055792510930255895406839,-49.5964547091263166236888053787356854377,-51.93659518002836936385217754663395490476,-51.79732459910874768519182061195691349376,-53.73392153042482164971597754793801911296,-54.93729593325571382865599174278581684861,-52.94606450578698669251375872538601127712,-52.31957496345940498614116659303355332238,-52.65574825118592661158178776887565114091,-53.90590898549400916103530967360442328791,-52.30254402787247575920515773188323884683,-49.35992775182364790693069535101814975732,-48.39394285868342453276707806153330431924,-47.11418492932860138365788692590495247078,-46.29822213163457876123014114737284622978,-47.01839434983252015387990191418500134964,-48.78407284122438535369575694266621357683,-48.73886139019571137077302726455921785708,-49.32059730002057497807536337169982420816,-50.12960907528180055080470503859477706441,-51.70639022278073242470670468385421491108,-53.41751174501145728293320776572369733511,-54.94455295256410810580898550091703482664,-54.55749124861945166970989011437595919602,-52.0076804849744423737444963935459041889,-50.79337358057586870725207095293238023115,-54.0183030773606377868060930399426043542,-50.89080547310050197419532297904951696858,-49.85850710247338996471802038664859135765,-47.95555323681460796369461983898679316356,-46.46011368847333716160587215773937484768,-47.01808638974508884395618432859098046055,-49.00481269077577520254803469524349561604,-47.80198602964651721065179246548572063775,-49.3945813484415990414657874176595335981,-49.42157043152769093235629641264164387538,-51.74181926518455066681437474401991671058,-52.53667688338275744135635234364128075222,-53.65188329495380489454315090200496948816,-53.95423377609357440348312796176624958621,-53.43676504689213614316997942049343362917,-51.379236425396717072149431270191955826,-51.15839941536415038141011535633340088643,-52.82815979448273770461896325734064804202,-51.9903624897574811608910811371343994502,-49.61558404218173763955830104687142336727,-48.69906654433217403692741417273642479525,-46.3631429603985782046893629399258703439,-48.25617016468988389175643577199282469747,-49.69164626978290021629874686957376123673,-49.31823645456707761462094423057965423987,-49.8632898089349117299088344432805722607,-49.28543771514380767971613270572327357059,-51.96943395051954735750564914108676727825,-50.43567751794023799708980715321738166563,-50.85748997609769010758883898630504706057,-51.9864983439009219447748556612145909535,-50.51883290699610721115010661719577671637,-51.3556897704585239054086292339089179656,-50.00043182419089084345192126429517714655,-51.37826491614934751258325394338690107039,-49.5115944079767252000971788153089431403,-49.49871027758127793861118312049196337531,-49.19526332012111485671110799229077337042,-48.15554500279604421761482530543645903656,-49.92387833075427979533447094327309767842,-48.95847187439931145312442798748199037464,-48.3260147610640667399516843506550879856,-48.12655478210293877091029783724189777493,-47.31340037740913562306684723988189773237,-50.30494576100492690108134084260833090328,-50.03682635810031730839358389071680349969,-51.24429924013431363079534110657323528023,-50.23495550942205714033941750124768360099,-49.98229716271563426117244026558673299156,-49.53800828496305743351118284302624892467,-50.53334942267850899856167100675661319412,-51.72222740859194880678311914831867663114,-50.05755627519699485697781562276439941427,-50.14636321715955040772231996691734093541,-48.31396181823287115941427402180890099866,-48.63801730584438807673732804863159700546,-48.40372069468028378355714090214728613144,-49.91887614523931824988164541628732699932,-48.4261089387775122861193051212713755625,-47.9450633854077748579402568858074323427,-47.32893799448141765141521343181958897601,-49.829354578125554825448645730260185509,-49.6330279231148665206474994791139882462,-48.76040924474157631261467696976195902881,-48.93932111831059338012394368854479800599,-48.95395860371547034898765553297214652443,-48.24354182713130894196260873852070403151,-48.84286506527813121007272219344042648464,-51.70616435616897245097757395811430687035,-49.36226301395150016643333849441391364395,-50.73989391333590104454479868651420774639,-51.06623865818035502770132436207680251754,-50.18046849460249173259624167071732939097,-48.18833733741135889644113326012603122085,-49.27194303987717583241160599649372793119,-48.32368336961987876570214457208861054399,-48.44347154312837504006902525211477044412,-45.96408063003393496231185415893707839379,-49.90266771343522282049137835085534545105,-49.52326348346785894037122432122395560295,-49.88209798444432436059137483408981028452,-51.99997136886934897947118485197873135599,-52.18651664303204846223655274562032780104,-52.79537596726504112609528095881454902613,-51.73024042329096336717406673009749891718,-50.68939463672849619776032910726359465565,-50.75618359901397134586031809748787781607,-50.33708233565314283551837710207802887784,-51.23459768928576865828046091646783820803,-51.48737737159631390641662613435839008168,-50.63534148946417105582727120839986304011,-49.16105313265968317417661674655297215559,-48.39814971016399798757943797495610191166,-48.3160651288944671156197950251588468336,-47.1269155665879250322939614162859179159,-49.00241762466616444122479837538181786012,-51.05585467284408092003631900856057168363,-52.12564356981921126335041437125462663957,-51.27017240694028809598733462678674028115,-53.23145731333128452861564959417545605176,-53.33923247621420478035844103796171601761,-51.11888087906543335754045766863659278825,-49.77815151791379727344929059755472370527,-48.61817129781981778858910178231078456646,-48.04004123124768279949536490897197634415,-48.75156718885267124493153820143335557173,-49.77758579823969463766613966958259741229,-51.57909256621054823642556875369076003452,-49.86931239978675254302167350151127063689,-49.33669435423716071932536787668365793297,-48.66993273712565159593361394206319333578,-46.89211030572960989139077725574318661431,-49.55835807987539125845100014675308265428,-52.32743573598269178672536132039705033409,-52.84366894364149141296453940202734180696,-52.44487531163819535367020306149450493444,-52.81734138506224252379383459293891912029,-52.51453731601089668682899930834711246586,-51.13431466306141175408555382040465405321,-50.53321096532853931892007157197397012518,-48.41802226803912872819258692145086486751,-46.96641420445161555658565418922763988951,-48.58479661045929448460404967592837367157,-49.44604916701748943722368735958396613581,-50.59419406958048986687333954635025077966,-50.86406438905564900845720429920472046394,