{"chunk_id":3001,"map_id":1,"chunk_size":100,"chunk_segments":16,"vertex_count":289,"x":-700,"y":-200,"vertices":[-50,-52.0393562907089432578190517869506629735,-53.15853638719990437820310403902970357577,-52.87471421355363428138752266661670576925,-53.82310986779741518992437897909114281241,-54.38931587702939288998823913958855647597,-53.84793396654827383013091197866619525786,-53.13210343106481917477704958014891078385,-54.27267056971401746570331141143883627872,-53.55234912312646285053803146914297578246,-53.88033393334834106729021702831455183857,-54.25402936256910533623845008032715132449,-54.65737758754158149351642702940257430617,-52.55992237179305997153496942042892561055,-52.15606963633614696615437068687483262132,-51.5762112349315917637934599916923366588,-50,-51.58805503322161126415149783102747215728,-52.36025016173782198302095216774960294923,-54.22855533090613080222115938246260909768,-54.19834354793379587789235432022098862808,-53.87694249356046878524515380359979335953,-51.19056937157005638137486128206098690102,-52.10045097081137082604222462887692900369,-50.64761383665299016045145809155114832997,-51.97532765134717391472497939848616758828,-54.35674542378309730118753321622423473828,-52.72828268711204230165280065773739117688,-54.42968492239023862284093527072458348621,-54.04022284859366215413116829935111435019,-53.80299527380950879306337188280581669936,-52.92413625955427278803560986300062654068,-50.76976315016573962980666796205520511289,-50.38886359520829635117697306511708129472,-51.5902410694989382776026547006661153746,-52.73236897552374482101293491142453090755,-53.93309994639489176374975498768843450552,-54.18029376282713552980019455109429839153,-52.82082677979939664713453434843634299106,-50.67531813286828466026977571802654160869,-49.97973314961485097895149566180327671576,-49.23447087516319303172745999452562543121,-51.34703946328858691580601393456142297952,-50.77912409993084953288374193853064581944,-51.69884846871212237749729527308955719519,-54.01379596326248738359027498694839216406,-54.82149807748070455854702033807071633379,-52.71536746878284008454724280327076196808,-51.93332686416967845069307900584033221213,-51.18293435359796622644214685198740919889,-49.70240974933305456107724218026209526447,-50.49346872288735327571085515113921401077,-50.6851821847087366766053859904207933446,-53.41996016082361343921080209819528199816,-53.50139908236196777735496415195486697453,-52.35942777218428877958207998017525617891,-52.98952420980760718460306846694137322586,-51.77238373153882204018964414379812451466,-48.9516632628257354773056340855209204644,-49.15182471206263209957801842973979179599,-51.18369939434440306062160600937127489283,-51.44344429250231701124742156974703486599,-54.51143434390675996534928372188649210263,-55.14980952256474659523198613890311582824,-54.25635181535565763906139922708312659086,-51.97920603487591888600512727201373780464,-50.19453608867201909311327761639618811555,-50.54268688806992037948148397303567304576,-50.55046733137202087896144306280661119483,-51.62867629911568517922338842166869350019,-51.00965133097132222177549252544935192102,-52.19269365719053411583315930493414365556,-52.22435767243567720864838930147321607068,-51.9285161450267841018286361115590120821,-50.75179072985272995559504941386955076245,-50.55332177047287897245313489544725131263,-47.38488713538590654151551623269754604619,-50.19726446685311632954903092966638871335,-51.86666247420196499331366409922812859263,-53.61931476163616207420059658781968445212,-53.98316062696681487600221743656823346659,-53.05930741024900016920551509329950337227,-50.49977197627559014936487402848869063324,-50.89740334526263364898904773726167100321,-51.7448174808856596395558070484976210466,-49.28017610886223251244172331290331582364,-51.16870044048300556552512539023777364961,-49.94842036174052134822373589750445165298,-49.80266205827344322705475918841123178544,-51.46324624039986975713291087822573128355,-49.93897736920420503256432086917455620461,-50.80579906012724446176976248595973868923,-49.46078291594591747531726940273054733164,-46.31103829590147060426033338672281338566,-49.62547498744995270816200467478770541152,-49.13315563197269187515831266341086453396,-50.2479382691753550252965719102551777533,-51.72455766618805923091375718823265596905,-51.63720787477981832664027332846143823553,-51.92647190845179652274113130869427069213,-51.32027142159439436439826736867834500455,-52.23051047049497283187442878322631733307,-48.61582350442586173739520361980320186511,-47.86346554861062432021733071376014541208,-48.13773247585233946405045098675094756346,-47.74412886771858715308741382060907271706,-49.45493660186367395463496059322192429106,-49.75710394410961907853168590016953526389,-49.9966251149896059768032400232964018155,-46.794938726501158317770792623074664998,-46.76641971245225730909384179914794798272,-48.19603166614973604695911152045164700999,-47.81830600034328382566318665204108026262,-48.45031491228022073195096044561569837698,-49.3893136295067707958143024962804169318,-51.45753196990142035941655730160928023473,-51.66462248434460351564961783026380990245,-51.94539586511721832322321607247015074007,-51.69865693865249204358188336455044972071,-49.47492782309806094308367648025970200071,-49.74525107780308940406116415249044814349,-47.54790437919149110404095377953465478054,-48.67543450155223672499417962187726126131,-47.25192904617875243236165012833591233021,-48.99481642657184047326054617377082801401,-48.35189156152347635167485657095072693924,-45.68599805632153344727664838502555557083,-44.64329484583246961114269344761439371102,-46.14253752567729910755192164243380612382,-45.93459582463655041211949905050222096642,-48.09440244525406465229282965761422285845,-48.73491016180802399142943928658767495157,-49.57442494867458913847008022253595809423,-51.03548374829851388275648006636434902257,-51.84572339217337102219366837005999493031,-52.1698826691724620860650784417076350752,-48.88095548768544763256281383231633199127,-48.07069796941600756851814801440435629344,-47.75787229242055818928557621241189720531,-47.12203598661592658247929596054700323238,-46.25353224287329683450646544815363094074,-44.29985097839642226719057951691338989934,-44.23702907402038149495832579297966069916,-43.27031182009282320689224140590131854173,-43.59043417352202419324090678550032542295,-43.6472289158556383388259778987854522001,-44.64696840534717241548375652403622707133,-45.2504309458138565651135776665006337985,-45.90082805302799298551960831654765327626,-48.00180805320713068824284313977464439253,-50.47871874083595118422784569234055449353,-51.27749314792301433782600224373029102452,-54.40645844254090485139696697361985159172,-49.29453939741734009430213165504050247798,-47.65004770472904030704445428689261701834,-45.88537003346776679831385309790212092149,-45.42852943614060157135472974176982553874,-45.54529226004270895547574010702566858417,-44.1087920723562713323085631786666798678,-43.86389893653140475348171519197167885837,-43.46114692906487334683156926874984352867,-44.19095968372305241342437529454380704102,-44.83338313579711080581058871901615225263,-44.51268797841545093331072111675027528114,-46.40473596974972357068858679890399708414,-47.57866295173370807528215983300767841568,-48.35810031715870968538650838021151223476,-48.69539826381141842064316567334839828786,-51.06280930162280781010862984445210302553,-54.36961246909636505669894678412784543024,-51.54567134592885988508620201462245757725,-48.76505837761377768780005789893019800033,-45.72544007718152954368467130844854450258,-46.97202249765127806637250711327073620012,-46.47565708874016513953289643566874580033,-44.57140863893016293522413813731648738084,-44.243651284033019316349427848247172779,-43.70480440866660417749503323059627612413,-45.28764886313248137017809922528743625004,-44.74397040492572064700835534270632992664,-45.99696006330652697748826880339543276703,-45.83735015501793695816198739734782556691,-48.17435037945879573192163099580877601853,-48.90500519095823838620343462454040644249,-48.22253167073226306775893418169948570855,