{"chunk_id":2798,"map_id":1,"chunk_size":100,"chunk_segments":16,"vertex_count":289,"x":200,"y":-300,"vertices":[39.33826905,37.87742810953382629023283714730567988268,35.70214164870353932503509804736860578718,34.88778008542338149902296337979567102613,34.84142912697909420699378772869579957124,33.75762785424967994126347919514031585241,31.86346136196118242343160079093975249565,31.1849452085317787523530692023657481536,29.80327741615220284054199389287034472536,29.87279384444303047438254575615586265199,28.62499818333341809844004348238348567827,27.86974740598779411031889913702731744556,28.94326322519287932535481892686631073148,27.66663070223509700212429723086566837535,27.95122648347291632204231279301323588366,25.82739999303683586023112441414515762191,25.48061675,38.00925615884681690342318987800205910117,37.47215749893492427967867490669382657975,35.02894141269815413452429047968852793235,34.79989718614592393619833669060870231506,32.77041872067103635932493010933032164639,32.54634171050618829556400578359517748701,34.17915102385389961455810275825041914457,31.415462141171815264783696684649031867,32.63623270298788002730890832260824276966,30.09101846863753339248225552557875451584,29.24386445520679336296684758424966785844,26.78956870362427546526948523118676571802,26.73531410921602414203858097484992142822,23.78895484644407854960271587905044480632,23.0886089781656132685578111886305948192,21.95713863119834317426627875465124754967,22.03799154866219724446017860011396439063,36.87353550697807954837759763026474903878,33.54626108974310964810289839283411224854,32.30859993361930871571085757722489460456,31.47183148573313056620155093733937856178,29.94435172867437544522435715823333488327,29.5020257829821230181464619913361474532,31.00259581389113022497230030575048306713,30.402697302774979089535999704032010649,29.25353044346536393215497469422217874869,29.07666883300650705046055844237789626979,27.64883510023917125611776681684673125507,25.00394979454367858518144084644461992715,23.64958610202660136693537463701566130982,20.91735099636227735653335280700335275274,18.50227193341285089229428472657523641915,17.81691030244892821566599740665629130662,17.27096827399014854157243427225278672423,34.26750761535251504545282673114794907282,28.3209233909386599942245520535986641894,29.93631452966159146226540116277372662023,29.41234665598056918187346901616638339284,27.08216240254949416624820328319626330922,27.05486317409852998300154927829136550655,25.65870494368992644058651226043266508787,25.30615656328115768603454907593852497398,24.55224878074546901646757956967606197707,24.92756529031529341923309831431580806463,23.62943701182959692370840701881731435846,21.26992227263826774413733056595746620972,19.73657166612572540812351835732903234465,17.18739548248913810006240714561709758054,15.35598843405299876682805507393483395262,14.82615391294854366589961368233631089665,12.32090801602578163933797430538716723287,32.99417594886163211346633400513755843473,26.02691774678135294909231228735699431236,25.41002046164130267246608587100580914801,25.52247806394830266171750689669237045803,25.72668017981055414186466612616313641432,23.13728423109358138337374044180692272787,22.10559736472621865922222583586592550172,22.32703569892475091972887581484957558913,20.33141925066314544976748619788000762418,20.69191509989955852238262838946085360457,19.3002552617213773937282644508343884138,17.1605096896213173080143143246527149488,16.41117536538647375177122785937078134574,14.94894469272600370522098962044612699904,12.38802181611804912771776380336479724895,8.77352318594268920015605200714317298783,6.08904362771874982777351640950570424956,31.65651140295371343726459479454137454183,24.87856786529552676312870081223755730856,21.80276115132355425539671712091426030361,23.50932146457617536194766858328731888488,22.00495640110172881096913111166903442736,20.5658300016097524343464105469032398331,19.01891859184182100823465156064925938532,19.87698750335361241725767027485454305626,17.03999324420856727914173466115695364552,14.33074397320089401199596154148293408756,14.53559625589426278614085746026802419557,14.24811889143654527977115646901176522136,12.42599576858040509942438695379963739554,11.32401640030836810112418176170140243906,8.85065836139792035173744990355831585419,6.95620143323958148744590338322088425878,1.71659294186613791592749097072427750061,28.4496174621663395677456951379777179792,21.82063366815251404404106098176095128943,18.77324183950907827955408514190270619816,17.74542743003204064056803782603957492903,19.13747371919034399571274369445051476126,16.56610713376544078742517033768097370036,15.66705825670763833581983532290842448469,15.68527371563790360612289399085605208059,12.93760111228005181434989380241954055115,11.40543215030322667711420372610168419025,8.73539593422739748836386686866362401612,8.90015401591854995257132072794211926404,7.8261903296061832806630391137079126669,6.43285211317165097243210599404304511398,4.16563344530402641467233392907123624247,0.8896463356534970165323148818795122040279,-1.04809674252892866384645122402152503189,25.41006496335025040902026270946760717974,19.39817037291695297238338329254688694386,16.50496173215626536714322942163978996386,15.11949694855949123971484941182395282117,16.02552360886372172969858398268843721206,12.09640974624224971575564181358227471362,13.14648284343405021678460243152340107312,12.37934839158483908243279642940132059891,9.83289574454357909494120569899976245732,9.39056329158425299704339980495209292995,7.43132060249623532521483764351977389967,5.7448514860311095464488268149047410937,4.42550484994569039567568218518052462506,2.81991477642222205626653424558552755176,-1.58025045543882506061349468331058606694,-4.00919570605698017315867314036763379174,-5.43274415645783460441911345266226182725,23.25334154119953528563203741686201049206,17.53409490105488713614428745392545822972,16.07291443998266305475640500130851542094,14.6795990388381267371131573097216341511,14.75163380965487817590083809454549544538,11.96880168691852094085639516295719808084,9.6815250981117766467185217268341481237,8.77106167475732478343872426966277199148,7.8320293028893745335714386003700106571,5.18072129242154302018069799423587712157,1.05472927501544880719151762552844761045,-1.87992275539008350696740039219556449054,-3.28608055016003792967725865387023446926,-5.89202210847208217887835203009122001904,-7.62467531079691086073294002080743957836,-7.74024596459447988639733182586334143,-9.5825485492130469537819124910787078768,20.23025514264795536672473376438814261817,14.48551002617897749660187589958282662706,12.60832078444749403369005066664361559363,10.73291055924871605104600028069476880086,9.13735270845115224432416799641924699038,7.28806197708604463729189475435470489705,7.53927652119935790804739351231364978359,5.76577568778503803422670591292603450578,4.65587836914189002026160011806604667672,2.35158940475772101205122875280281079053,-1.56409920587676283212718163234251217162,-5.43775758384668625778853063242900035052,-7.76100723844600600730540580133404062588,-11.03456858093028421839547982884336832214,-12.04941005243313377799430071790717675307,-14.55764881320715418455740094782470070051,-15.83868066410717255015222809079922252207,16.12651369804908649861187582523163419619,13.94768637911909256238835510686521572671,10.98220488502399487761328892952483532798,8.17783619883417277125142641604253331241,5.11729249165314142658238086329819163406,5.8247559308308615952374455060548961041,5.0336974020529578581202483905179773797,2.60302359177963399882681617514907516643,-0.20800246026114113808064972151200524886,-3.51858811643229605307882359809264871282,-5.46575535589663141824753431002406662885,-8.38658269302903059853635117721545487803,-11.575759781345164736097959071860025042,-13.20014038253798555573536387055650006083,-15.25448774718866740300413883648271969039,-17.12584807145573926694810133931107831639,-20.30168680179205366787511944132946447979,13.32453384107755884651237865866936143304,9.32992286734219444316134503896239963684,8.63622966082557867468264820804884109657,