{"chunk_id":3596,"map_id":1,"chunk_size":100,"chunk_segments":16,"vertex_count":289,"x":-1400,"y":-500,"vertices":[-50,-49.83276359401822868542208292772227704723,-50.88903999103226671437908507641551636568,-49.52544419512104993438088582575458164385,-49.57245280668186069036272618818849846469,-50.22242089765430649357343056051562155316,-50.17935259706798308792508799031392194438,-50.02660567698202553583937207733837140738,-50.51118518401887302446004406656774236007,-49.85971996109362818409113615907705014745,-50.05524982861589778283783117049502824265,-49.55241220024479024000855504274626470958,-48.00160287643780688596898990312732657449,-47.88357457897655040771746932284171374835,-49.43714530335995370457381106802754995086,-50.54939445737154354601893573621363154177,-50,-49.35545054374250700321924725031527283155,-50.26507741159277626073191708256622568249,-49.69703329226624477518173977775904691582,-49.33834116844000867034888525312538672881,-51.45614610223313724195670132661119945388,-49.96246456024927133105764308768628209443,-49.91793726047111262702334345677911924155,-48.91980394975228662900420887219124347764,-49.93941922286793343368833017370648406712,-50.87521623700314808043274357014618932148,-49.91357725518158403461488299111437370235,-49.04678559916577139507401102847690427133,-48.3944739747792780609844549529717659669,-46.94085562019651360927132171755820477266,-48.47840057876014700227514985009539978808,-51.30711874737109593820280228692249244089,-49.77019997390130711638109355936563485614,-48.94543042067576290426197297538336935699,-51.47464862442645337892903662385844603418,-49.59931288720500838309255946726121195147,-49.55438058900216241108830506060065040152,-52.34645679297671657874727466544393827452,-51.42545810687397942020871719248236250902,-49.03530694333611787557513232804320385193,-50.76569951248432979358762756313804091859,-50.67960254512763249459920652347761634942,-48.81164148283555880599518474667837455201,-48.20168388935706318340597831607287719606,-46.53914978011598196199901239092831512616,-46.85752072790719280029663431283780594675,-47.65344137913419939429121092456234671086,-49.35661153822458955184044077151194998307,-49.81205082626747453153510922607551872812,-50.46348206898703334392875163663442374422,-49.03167389156359470872932170999236971033,-51.22597180862750685632536419310664096117,-50.25363314175494528745669862624683156284,-49.80913325430167806298382347961282415285,-53.10573326290783474698184737394060849865,-51.47412725395107545452809131818076148089,-50.93978994119841811270783917749207991701,-49.94417112131585340728114956487824891028,-49.6910691141846957803872961819778401771,-51.30260644761105203216870029325819624805,-49.16789442089725516533805861184292800592,-47.74060847495960657141184264385563798532,-46.17330130893601059437391202524459760846,-47.69811939948381512509174400164199493435,-48.48415156973087768956051696607183416506,-50.98006336208299872298518363124000763325,-49.94634904601507226981234421357147112447,-51.04186685528914408868611407303958481176,-53.64908939263980320587639815146507869828,-52.69308822940597316450359389149256288192,-53.06111637131307008683052577429444492599,-53.09377058593565422520627152444061948908,-52.95790864896904015193363342236472886514,-51.89928195619222768962100374148183436633,-50.46773281160229697362802592776500726565,-50.53455830834780267682859743155233926089,-49.47342754626276500249474003272295165916,-49.07055602629504040915626910886771393766,-47.88662241650539746055276871615094706032,-47.37252128670631550274324799792439450038,-47.36433253076682810554017780920011759449,-47.33715058775591382119474459741674308959,-49.37816911250081680585838735084356998811,-50.23502310187858289722376683916909225047,-50.85691841431351623466073490720452433723,-51.5969709391289762266244881209804348358,-52.18668057098507369489858393728309895834,-51.10392973189050397677442963167641569496,-51.30952477329686036368043036277842510656,-50.63491718731993521834863870937231153963,-51.29701448481402354052674661081134987165,-49.90432597424204618535090100619601302986,-50.08805588260440029977818728954348581702,-51.3896680335831535234971118533073925516,-50.0357449016991366964704552832603340313,-49.51157933892594968967513721461076481501,-48.52609056175388697453789463837382860806,-48.01137555593441193478815933208839743907,-50.08052275488512557096556575429371551666,-50.47963032543262923399999229606687162944,-51.1673479592620049133695721216388598771,-52.20308482726706884347857431502557003237,-50.43524944379251113185659845069680314538,-50.55575268128916275884330363062105826051,-50.86557075897888841678824884764808522847,-50.49808157350957945959928053391482384161,-50.0691896381418403204707302668924999934,-49.74070760705255420418083870058089542668,-50.62680093760973020742886613757734359469,-50.87386385995858403607473487847687773004,-51.90484423071341670180028980877932994284,-52.0404820823585314105750940257567937282,-51.59590564233034277610598816662999694373,-48.59068998667772293595950717109371175613,-50.68410286295969528890611283897679680214,-53.49632981891809396602848769616643841112,-53.51311079782509152149934265681405078004,-52.61452613545365573648804005672841196849,-51.64518840423011609803374956752013122868,-52.15829507035233851975905008242633125779,-50.67616182634610739610276033963291712111,-50.39125280574794307685987967043673675265,-49.80367904552975123234747676217446392938,-51.27674309431781622509080273553340782806,-50.41570970285195208023688681576289717502,-48.64314084036170355717093106367264082081,-50.75690956486286723942778383780481809683,-50.60055077729614340999480114427917530648,-50.89279620989501473195487649437028503655,-51.795658756859826895772365669425895888,-50.46705054299853684286302372435975742691,-51.73249245678196114039287381684273796139,-54.19897768163274317358633358867389663523,-55.00080286661862763214041863785580426795,-53.40717220341304579306825322981942473773,-50.45201862441009717107093253318245376986,-51.71351495814234275529708538947114533827,-50.64410740759724426853997156399224052489,-49.91825352696363928992863360348798523409,-48.44758462900331414759179631903790402106,-50.26610013206042342220876975730958254492,-50.42104580901314949766283780469050147016,-49.36869251180853807136209600181369797923,-49.3520908659938099523308158970722033646,-48.8933433292146928650177758907494439227,-49.57886960326204948702030065831600285221,-50.26445526227683517717935672265080489653,-51.78420004728910662459439447135695880819,-53.20719678896567938734207021322169923123,-52.75219997061507094522039242392305073978,-52.39734964658391147556990663151582777673,-53.72471182053219019950291955447630417934,-49.67278846709055792389233284762416094321,-51.95616116356724023745260239740654675943,-50.15017444203358176594626782631337158338,-51.40796862822249759979767342280840274846,-48.55285338661266363768676107736752217369,-51.42885980394815600588870601209817644518,-51.35443250454162003958936127638203059043,-49.5110796295805495535255972785432193782,-48.244354102759801109293625960107982884,-49.01481217262116618670872472534404427219,-48.31684944499025332149968531238739504382,-50.25865576872620024605911324229712097493,-50.86547069633240909797887645135870235802,-49.87527056120140249830802220303222605929,-52.58343149734944278889830017720563555543,-53.65587618550157616975804422438013259452,-54.05625106605654228684283470246242184937,-48.08413655515193829318906767882946596251,-51.76318515072878648815037180185207544502,-51.45562524635808079684475339163703760924,-51.78315297410396669017409999834985456135,-49.56229733500409730516475808071874880866,-49.48220149276527016677307204169528715182,-51.15587017598727985383537704831776945906,-49.23865133181765904781120999318083066355,-48.14236556432299067023688304440085442678,-48.92302592013307408010764671850277437349,-48.44812767053185828290640599176539207214,-48.76632433953831929703442281627388261668,-49.51312573515184244163376288320864820386,-50.78430888074968381159176350334407997808,-51.82633862206848883354471417492188180914,