{"chunk_id":3038,"map_id":1,"chunk_size":100,"chunk_segments":16,"vertex_count":289,"x":-900,"y":1100,"vertices":[3.66852495,7.80112150383223171588294195678077748236,10.2707263889210656618161755489254979704,13.55402790830517054946020532958226823535,17.68282166647409666116916039217961608537,22.46778971186160385641436897548239084248,25.85120536274802845579546060353213321042,31.02401122644384859381985305694920765915,34.65517741039415916750938511374564168523,38.55595001196140762363151852945117682908,42.63666355979547536049776249154015084525,45.48605974095377320656171566956714080133,48.68988147705610684654454279982973038531,52.65400731734732420336359037893683967154,57.71295026513581967263708586793318197149,61.27302514212489402559730817726676860196,63.91538085,4.39033992104845036903615444883069732801,7.08207812266853551722194080569330260898,11.0825315677690622934562971835955245093,13.97566941184890198096186740553795679081,17.71499200398976668219317355435388464538,19.96408668589559032669822282448050681418,24.5962440846647032760270226685810934117,29.44272836233403355133658316060921115867,33.57513617859752779167591497415560828892,38.10757894528701516821924527002928203926,39.62863558087610177459981687515330810377,42.82783232465804909366785922406340778447,45.52587001032008996714046249265386506399,49.40151070836744707754197043931517095783,54.55439623289208128147832145648571150296,57.58153842083637658285677956777386406074,59.54766340521622625147722879609059492617,4.8661959769798242765463503002363701927,7.47206523977627004135600019965854445799,11.39207479099214670065987133772720411887,14.11971022727291773316291856619399573476,17.04413527112211480839928240118407438189,20.22508442659406449483576588463950171517,22.5023374646368550594039443429252782717,27.2360571500345279154309805346904709564,31.81622055307494951739214658352560246335,35.40043337381823669498991251861215902585,37.68927184660741826230582406683059478911,41.94269244633642055145561107553109967909,44.17380798338496014303110545271852345466,47.03346884775425166278220691192417560229,50.37520953308466350631097217715807051701,54.99664860560028533893304751990082697798,57.01607978720572346624178807427033396338,5.92150276929690996479710658156942428512,7.21420754275065288628081027029465014678,10.89004311655977001147983333278400138655,11.8682492160897287939672999644094343718,15.61369001559530535110269004307867372332,19.97146091952028744429579689687416457674,21.72442706405196061837052466156175938835,27.46218666549197693471400874756459212094,30.4702002075689455767343207237147718747,33.03590465229934137469299431146485241665,36.07662945700620160624856957342784910101,37.62658937084427641111133722243066469033,41.27627408126850217170621700841989040628,45.08681380222574572448748633501182841646,47.73816718513666265692481456953522198357,52.19353945835730192087371533757429776869,53.55860835927344886168564980206238771925,5.9020823851566360613423119643771672768,8.11824610061793993438070358041217895137,9.8368632726320670374843040975276600602,11.45562376773287087744288855374011932218,14.32263850050989705084425157788624399764,19.01100948208069154485466307207579163399,22.73622383038402728521243491756611589635,26.29648348245790061044214710147704087757,28.90274131784461033376484743009712884994,30.85893853595076022008423327016223331679,34.30799293975735605563449546840236541042,37.1053923478803937541359891267455134234,39.14247462982777929088834069358574705799,43.16854095442023833856443197651239080447,46.56980319251181743314042620183782052946,49.53069648140077218093880400178920920152,52.02451163262033088562435084837565523303,7.05395651661550959507722495327785133939,9.62573956564991737862610791473765396175,10.0220170643392016413657668136988906521,11.56432004240396927642810998665190582127,14.42193489517809215458749997486405196258,19.65064977316351162075549039918103694514,21.8843420847115248973681571849963682771,24.32197483307366313185781825897408283781,27.80823097447645779960558185158713879045,32.66236246044742991349036513960910110179,35.0835809357693839725201859337914412043,34.99162009458202369586506447492943916378,38.07279617415910172629640953154567915182,42.9318223738772541741730757590824391597,43.92947295773776723424719186927450235971,46.95984121741213335073246832517656689615,49.71417781092298264957293452869035263175,6.54611288761589498401447933983778634668,7.71409547663361251430765204546394329137,10.50365954642817718785715397719206439151,14.27201756835078602603890769559449578292,15.54614166893158513779042988078534141149,17.74978265149400924805092673779808888212,21.7758867252085238447711840381630112686,24.28817152483610671404591361850875509934,26.92062428243230804610250253753010796125,31.41993390029426397156216339591779829938,34.33111164555274310341002605802977758282,35.20389416538178436251146514622427612699,38.29549984345341018055740023441955661831,41.27153068525311364353426667590936592014,42.64994934846505003987955716212673552873,46.82494598345876526488208773094857303181,47.32788757991613569975928471102623394508,6.49326300330393779943860196010129019033,9.58311314646604956819461056950683732403,12.32459398496717503965060587049266675488,15.27619531055991821486134014186291343373,17.93037028344897881632869638338380607493,21.06517460298132392666836456615934666739,23.43724381615377398266974941252949975507,24.06033102510585979037861160374046495208,28.28277627478873867032186734622370965773,29.5241878586304104070954667068197176923,34.60624382534372157001506919567403893633,35.98756582665418906301696658814359372843,37.34540022960371550212852859076435662053,38.45828860719506499730821938398911475658,41.35922424967478540961321408515382059918,46.21706526648263460013150764152516177856,42.73338773808498641667803615942687118426,6.34051148362155882609131670320580668201,8.78714892122437235778261642048350205564,13.1497748001523439130368188726282559849,15.86501696166302080510335359353155910983,17.632197685120535383741889816862212226,20.89152677055114986711158033382976118228,22.9343970973699091816997535375685479184,25.62384916530054230071529565945041487997,27.8518733426818909895876544763810855481,28.53105052590214176105284481284433185928,30.95571642738991522727247648886948981977,33.57993482800826803313075279798646048444,36.27663380241256069712632528447641626641,37.55107569946326892828324389032317777184,39.67159104162940608974773312437782769102,42.220040512383430263563756672451353646,40.07548648816127613709238632081887932942,5.4354527473313977789715959180093352675,7.87450854556326322322386121796973520987,9.25092976387008139425496399724603289503,12.46114720056350920404816728253437907816,13.4324294834655333862614077543183356785,17.18390659601583973251156753904265540036,19.96904107392260355152957126185660178393,23.69335354155668376131304607176171038387,25.62164897937014327267290789996619447425,25.39218895521854939265425368142365513088,28.25335381536145983452507871369491455456,31.62571477254662109812367267429485435594,34.24271795725282426624585628334317274293,36.94399197869003047390971275568954051383,39.11042014903992239832599097485933691458,40.30171540246658418216947256903767466767,39.02013331571471174253141780733474080252,6.05649357586435955940796433966460906178,5.59687595311527667241008203516191969521,6.95075065199561756741682997128919602275,9.22112045571958765570712196575636795439,11.07293914783596123788958882157530866657,14.46736841305894041360205937272052606218,18.33648011730178894944789134642726554388,21.6832746234788261975370972325469433456,21.47207518701081439954374119327580845402,23.7255485141568591600400810184435065121,27.3799691647960955138709171664809125752,29.97137615374585994800564988678312041574,33.03490441626980162447270874267910942972,36.27505913294531281123296255964666727369,38.45610261700953914094631591091108193366,39.43903204668061699749901038164181274094,36.10986656543032974988713670521279363554,6.31309183420739464307473403162075699216,5.06250071675362637864797345747331412914,6.40595845386900879471680746843062274954,