{"chunk_id":2822,"map_id":1,"chunk_size":100,"chunk_segments":16,"vertex_count":289,"x":-100,"y":-400,"vertices":[87.1145752,83.67471527549512180333275226071357588333,80.78580555103138786318391387711457791114,78.48346438266753372161209480170587150888,74.40491303204581815610393659931063618273,71.28855970639926678475858032639788595199,66.3292828074272879113143174797352094163,64.0806302399808665675215279693229963377,60.10904407558078474950378378338516858061,58.72244979760321305022942531082678602838,55.5004635830243197261215359513973850853,52.66331165676977879961754824971458300612,49.03042158570606756905409137466922695306,46.52490527972767487369097162994788957163,42.07572679077169651074552864017882722606,38.96054696463981587132581502752506858111,34.5688904,85.08025886218256117322135870886586315681,82.6294529733059612692529063560542492641,78.15842139976657712964663111171993628793,74.78052388962737694495896501913096827096,71.16682654507424837352246375691063929461,67.42939536689651462638049733375433967166,63.01365131895023642582311112024344072181,59.45119324632559594188421026560118584323,55.09026876071840576931856340006253475377,53.16248205343852482495363432591382874876,49.09479767120409043059213186657775515841,48.75551236150162271179304688558492956461,45.5632861968839039125449685917633338829,42.31161439670400016535881373274647283185,39.3469433763993190605221425746116388609,35.99956231366129415296198167661289400144,31.65833210464177662953803253098560005047,83.27788641740022319493355351256717642306,78.42224643058340680981747573736406209411,73.89347537621812985394026380594736537533,70.42492038575402415527537816004785913374,67.97075541858881333010557339916612324139,65.10679295148081773783764606584466227537,61.917483614165018085237956744796260978,57.92809015820456899362254816637995777628,53.91096316362693970221782149130017247162,52.06604202075234913280213378338399587155,48.9127490459876463359605701692436309821,46.39752562917845611660981234190273421168,44.8437580805578408020232851000097411622,41.97187535295487971817530157911099170374,37.21678524741340078232962485629093894878,32.44911132918056608007070937575047105889,29.4941849553645784622299234613920385521,80.35191478895317720018986135025964887726,76.56984028503546978823417936500849889678,73.16837941317784653935317371466248623964,69.49745913121822185898654724407469049351,67.49483758501059424526113486740715070229,61.70141191129231355511761328219084950141,59.83858148443317875041883628746471886674,56.70608708206703318680804565738452745855,52.10857554508311519580421006535649725955,48.18113073712405025042054341649806625146,47.63422566935955939852913506820041427462,44.30768077098514403799446140879043906925,42.9921567106750103020825559030247036948,39.54254965226580507485461332644290038017,34.64642177944415646111574878090190676958,29.90112432513919641006874682183735823888,25.70575980484919930017267927852745257587,77.00240426737923901869008992987267154337,74.95592364382633653459744000702834373187,72.79364467115323547621742397057361557372,69.72322829386772651022783137902581229473,65.32151388429477835360277617123560984899,61.02780172228683945729954515815804712923,58.42462448570043078838706134215081569454,53.67347942759185006292855214186204673933,48.63189756030903437534151801485109273179,46.47401340053820490148194822798708785953,43.48646801760363308506775821949378275557,41.16209284340032455193869206570258390774,39.40369178132341388527661792858934066948,34.68168012550990415904322770812803953109,31.55705799177501561211721247095789867541,27.94275035579661886550062325011307658711,23.39998409950105308482705476949465969699,74.7092379423334554749246737354608566735,73.18525957486425637230466899760869809969,68.91450915738585522795054185102394960223,65.7725990090077179984607156048502938348,61.14015810575037161272588464849258141536,58.15421094505720800924940246025767249588,54.14148210723499604112238857964808300448,51.94170946651018796935540261786582770883,47.53418430768091260133023296073310657571,42.8798007223126610781413981169337329021,40.89213466567922919027010122793004814291,39.50529202185279787519407577545784715787,36.07728522091951077705711148120329797961,32.45315726158419659672622528450408162579,29.98152769671188220421405993363464977468,26.13810473187064668069151079024759852902,21.73253255460347580430506420710451085633,71.57243503029786272486544003080572321449,68.42995496383590808278560683596215082792,64.97774311988988298969200818889542518687,62.93050778650701421734625376637334105306,58.2774007479229505277639521625794903257,53.68050264365299535314602814235916974558,50.16467588613329061590627978406527658281,48.12608713970680845460252030113658840232,45.99963984107231394238179001633882859217,42.61190297396447353701756555553372519902,39.72473614327426432805381797026088140488,37.19159014546577836008896684032727245971,33.65748531735253672156977810732169765458,31.16053708943468176222564679964096636968,26.84170403337034014686392298064985174478,24.64017388069408817626270898446114144746,20.73855826139179931343297434439226499987,70.59712680549607164871509251817387650734,63.50945639787109396230580363602271583567,60.93453796525719071262904212964147992362,58.80863784252282702524787708589170054113,55.43594713505427029462618114469041072404,52.11049986592199892882367796368260634371,49.63131167835270439599026161742615568886,47.46381754053272193640645969427746667719,44.43748902410166336696094572597785033385,42.62921744528271803999201788223326620648,38.7775059984129271341186056625607509677,33.93150955771596114286167111031840200994,32.85725586004311660363410077613426951635,29.83323693937888934876933058861383362239,24.70929925699912073322727088443880972355,20.27403809672980668304635984737790546164,18.50201327149834612420111498415582076877,69.08399115550011940658951219497493680811,59.93988296743567497096301620353834995223,58.0283346023958564334045895919557965066,53.60197791373354916903831754984031523957,51.08106097476432620148157394575407388195,48.59359687372556501898326244499306765009,47.34540347985201375718064605153244413942,44.48157818099929531062666790508392766611,42.70612205844308131462641920742622406465,40.63161637998049600023631084855535727474,37.43116313006797172668206129406375051727,33.9785802261761441816807533728563323357,31.58039574855316631925766385376921653589,28.77583024701384757614831972791535573282,24.13545824550301152610426077485718690208,19.95928362071635094437584228942653033446,15.83035061319700920475411795793686391549,64.92013581430516728502860561465184953206,57.6491692990541653298279004000516371091,55.01018011232657464876097086414699535809,51.59145826183426175890237973808198015836,46.80225166283964578581186257549837601431,44.61356932109847366519617797949067901624,45.22631207940603883270636506078547766188,43.33899952797377996039846938909313191531,39.88125442698083101924250938797995535435,38.67858746336531300045471644273277174464,35.5628495746509641124817472395731216318,31.68163778257595794530764673164446772023,29.20927420639896667029471603549137708205,24.05403186870236745525982887788487872764,19.15526887839941734942361774567795406139,17.96137939223313066612390514988995011486,13.827533550916447255868130631394939596,60.79507248112354474317779761888179548556,54.14488874685695763127059105396877505757,50.5465018314595628626417466104591672824,47.98200087667191154034908934445932624754,44.46466194926972671946392815485801413618,43.09402819320932445836894010918902088297,41.20745911076326890990726853759840049572,40.37167134405183342202808795875678618856,35.89256310967215319369350710001902607681,35.08082190383981729868309779044761164935,33.7376593218061871426916176847425845903,30.58715238218337739509110467112878470552,25.76170924680750195227695455564460215501,21.0549327801890398100896821126202939392,16.04850326042673232944240900235199165092,12.20029423889345752502412204785954769476,9.8882249627774244184963364231151809862,58.00780746966826016315823058868475268374,54.69809248524541286033074857863078124853,