{"chunk_id":2723,"map_id":1,"chunk_size":100,"chunk_segments":16,"vertex_count":289,"x":400,"y":300,"vertices":[0,-0.4913570690175640436056734113175812922927,0.530514325643892444863411981024512073865,1.4578784177749732700357494334648007592,1.05163032857333836918964414778727109889,1.33403135566869839789013774863914931515,0.82830562655339065351421608655258693901,-0.8887029342271816884731914281351860740174,-2.23023160051796980655536343765839743285,-1.41464409805906861604360133523720895544,-2.49928166686294566542176282006087672329,-2.62826587667069631372481394233781008652,-1.85956270368465743899713242117018177515,-2.05424025780415492622763654427488614856,-0.891841513854245906579431639133901293795,-0.9575682559240738558029381053395254442668,0,0.8849522480710524363461579589430908761592,1.50766933816967045100766474026934689493,1.26027355854695069797055139029420456968,-0.01136948031412368018569055259012214102,0.6586159029766127009974638839178813091465,0.99996104921336813445611858819112857599,1.75096210510101724667316757455336479587,1.32502229855596650150385351890349549128,-2.69289167486463470084618395152309246413,-1.23131755277283599104104934136186973723,-2.7542469249996503586089909660849364649,-2.25827314976187832436939849365761576456,-0.545792571892260535716954531544801088305,-1.36499749225248474340097728952131608957,-1.41333333506384365778365512891031670877,0.6136014943158270065589118797968441552225,-0.2521408896085208766987073478668349408243,2.30495178230229450308720342494554692154,2.65918572598340027189143379248058654577,1.76639620931806510245113149658067132504,1.83371872607620392661969715686924642538,0.4066913045614172794930107130232119265992,2.27524010302796314674672291011077723177,2.69854178852114363741247639929032084775,0.95493182651280788853690724859727033469,-2.43704394240449330602038511135872090684,-3.44473160309344316021515421455298322562,-2.70099730795681324873477697202117680011,-2.3421539059698224422176314926268419437,0.1827373000114128989981127208179623359,-1.69310110867783998577297239306837121598,-3.05045465304227334534010186772351071013,-1.68527288812577296534204132929318154123,0.8633825787539056337690742279557902708575,2.344485821761246745925075881714698821,2.08080455870514554579316981834345340675,2.03359546200826122892938267101133787558,0.88944729920981886283210590086609117712,0.15362368791782437526133552382009937774,3.03107741354339069450008002255706271733,3.53011906715971095800914498033239289933,3.63954517724117451032212379726042534758,-0.43754562097424104433097640140728053562,-1.28377150453657914481400478068977376974,-1.14305996746853193359978045037013987174,-0.95011175921869299928861386100139534764,-0.4304949366511014012088086319068319026513,-1.74728556507202815078257482885875354052,-1.15200826099559115415353962793555014442,0.0440229916916445241875752631668409538125,-0.7311473842962849025793700353592723225059,3.94006678763618394629629060383570207479,4.22363015248673121549655251967287512152,2.39175007418610679355865156536917178724,1.87397882458787090790664197670225649108,1.22103349407540077486485308986167880585,2.21036698970172594729039581456237104394,1.44097088164412146513102437542784120629,2.21854259775183619666546530359676033087,0.05212852645546910916126945159570568995,0.6147095923127404875025818109358901520867,1.43148844993844346944399678777900783356,0.5895811675538042633169471435683127718254,-0.25629066656156062819441930262454866064,-0.65513866499544213938186024750349844623,-1.89497727518515587548241176748835290273,-0.85638449338066713018088381078404787441,-0.902985386064691134027273809726930870345,6.48895854328211280250762495510921772518,6.77373503936269908903010355103605893956,2.71174626954362507392098004712544872283,3.66794130302211312144335475734679566713,2.53843124172105872182482509876527815428,3.38684017938780715510949235091966453598,3.40865080431693290192867896619225049633,4.75261123847569884107040123650936200335,1.80102587524327866595299465565214194364,2.01499470389911027618544845636273463502,1.51868998542254064173333763132210939905,0.75574223183914127489643960622806816722,1.34137273267118475781078512450296489596,-0.583921628705355408777650346706407329695,-1.56223868150250340095691007979802220139,-1.42225303322763135704252499961692907304,0.5973776308378544227130528207198289591887,7.64206385751342259217407732580733692004,8.28240448264568005613041776510456772087,4.72197705009151993354787880472888759582,5.20457623969951238866309602490302222926,4.66932731176403474904506860163035569691,5.27396054980305393739247077796244160077,4.2169263014836906422640338951647374452,5.71005965636443608714343602970570807524,3.17798630489328039602976411596000072725,1.86688520875205898816643518454105267005,1.73747562578285061001800685713996678125,1.36135839105336484144010046915073685542,1.55395592575271674995063719641997020531,1.18022032982534802609810120222261483141,0.38345744405985720860358358813262445664,-0.1621861513128537761496336722540822221337,0.5298868796250029471963649535398236862625,9.47770826142001206739161737470172506965,10.6869238373812359226730508484307201857,6.97727815273045890731298790046273824075,5.94074343808483357195347362336454524307,5.40926753143929350701432833411351885043,5.64054804568397874477799099762259567426,6.11635429842229938286674318942893495655,7.56489949388345382742697107207841219048,5.63508117519600764624619635191255614968,5.96856017727335205709729371643962044146,4.09067350091141626022648507892452782572,5.40920169132641748087465548810042249522,3.39234544338064810920383880997455801358,1.36431058812931441201267849624479395849,1.98700286534059514423596693192081601871,0.98198196703704883178111660880999417282,0.6433746014370141782342527919105794034965,12.92390366044092214722696285839985418508,12.292114073143389202417219047903122594,10.06608527143153766305410921705649234223,9.47532750835082177315381858255881032294,8.07792333214304177020732003495642613151,8.98491859154589057140700129404710470245,9.26337021566339153621506401005116707706,9.28695184720573657926491696805784871891,7.47968591867217850455051529949808057325,4.93682719378462741965250889573318134094,3.5270150837843671311898945327141967989,2.02097610936575826286326474077722858908,2.33253198143923447506356009529886290336,2.66366343932663990540881583721559992721,2.66575239712849625858911127185618283971,0.8084619523069088665340799991983867201147,0.76390517886599533123910660591371941009,13.3280221100249527761251720676043926315,12.05227330014983972595768453315822828895,12.19373601932574297944155154240902121137,9.61718964596544159514587723177767102884,8.84006342770236340092783172458966504078,10.09654973791004193668691425297567060268,11.8252107140041685464359483478973294122,10.12298334095443298313666729165868415207,9.37605180624717118494307856487796741791,5.26228832147348072337054837661103228329,4.51733260700704044323435305980358498286,5.4779081647923975942012195842029127136,3.26698221720625467279493188699279955703,1.7073940440577640741039901049231083346,2.64299408291317193590863741718088176125,0.7966743933245678650452775263112746638984,1.32497143241729869712133031813959048292,13.72951251062231703348722886010534988111,13.79480837182153122064426998085839995032,15.31177719760764834267640429438911787297,13.68811092010426443104108664537342042424,11.00750914037236514766854931549783024523,12.24350357783908314717886806544787528222,13.00275611885926902228832461386633764858,11.73903889581352363020139697094036432773,9.82367631307042816089276734141217676067,6.24759832323985966664399446602019045569,4.26503494349344957928760731090069703013,6.02007077286954187224973850800206291331,4.17831268294437575485035895713743087345,2.27222129913307998055917166390345495863,2.16161076804177902623726909456928052697,1.59675954637231109633097645842670935827,0.407296771673255504483868812411064921995,13.05282422780518246297174700344123908356,14.39726667428478715427473760372561244012,14.8581118047827254750715411154208938395,13.52151625723061179699063255023691240926,