{"chunk_id":3161,"map_id":1,"chunk_size":100,"chunk_segments":16,"vertex_count":289,"x":-1200,"y":1300,"vertices":[0,0.2062592367372983531181244887731198205826,1.71659299576710537862017769280279108957,3.1366723159885216864192590924433718458,6.43381494911641040110986251664995363754,8.24481664720513840892333918770866028654,9.88507967299814227385471281795784327513,11.35088295121757318964379529263970160644,13.55032084295458241695269526894018176982,17.34033127385839990633291881130498919347,20.23315410262879121877829075170984338748,22.32721421024220815345970136182901678514,24.73996620881168775657196480027074615196,26.53703152015830392394559395466220672191,28.16601477358461072164469926259126901436,30.62475515344205086637640891013252442526,34.51503905,1.13502076154928888775396878897716060075,-0.02352234493417690793955056419094362729,3.26421935074664545979500827006595621769,2.55428440466348121375192970181786783081,6.17008349164479001542422270138279812636,8.99850913591273790998782781850103736349,10.21558061705248653640789423759769779299,11.21252313752939682050580616617381439321,12.45169362402912738404447969327706637928,15.58386420921900859168471454546338904587,18.20725556287389793897146989729086482063,18.84147026187097913161418231481606907941,23.56762149932066949984630612447878778273,24.86421815491634341595276823928663215304,25.5682829922738641056264071493334285404,29.44312196939660198557546570425846364727,33.03214567098475519188829134920279606272,0.6302453691064529190712303640608398103875,1.73757903537749420936982760292823446811,2.96889612598134995306171381216784239732,3.25871015178785633291150433173655550666,5.40321290225912470143653578004809975122,7.45242651200066727962648999206028452526,9.59262790940384808309171252964761849193,9.60286719677626312480828971198286342518,11.19622272398520561813404249877976818336,12.20831241452400343477312440663882424342,14.66545651055684706353836086863248478381,17.11530468055491836790869579297959809818,20.71538747734753721939983876490790385486,21.99531098188465969981344620114985705679,24.17303335642675352372042848479428620539,26.49413210373388979574509568167746024924,30.51628064712501216323014435349421972613,-0.0831313412173215545039552038004203794988,2.46487668898030768776969407683636491892,2.25572912831042522329887252910958058571,3.51146423197429271751321284597628794983,3.56232516604819172281586166922256388743,7.11298038001606065303478046508312187978,9.02242831065952764531091428858370052654,8.47036557583614199337783532121570088983,8.74227311859625836425847657103506284001,11.46765491650728330365692708312442090423,14.13236326177605401973846248532678933627,16.9785456311155438399080865991063331034,18.76975305560297502749799933001089516347,20.96934566403634991177828023468239893366,22.22709458881118373969979496001768669552,25.91593528901356783454647379120980248525,28.94898010354788180040574715319273053439,-0.899046596532524525658183059744467928425,-0.09587282409336004373269943466363746157,-0.5778901721430884224580036528366127621575,-0.338066495652790726934870099901144162788,1.74604137016798778683464587938068559555,3.09889929938922959752734961576131085076,5.46225008069443793128633871622277251584,7.73295152384421066371925342835488694267,6.59025953910650062566470021344150428013,8.39927453425652300529319059256002848542,11.87468236132237659768858574883963725073,14.68012613347310585688485593318357863867,18.03364106244197360640403202219286978128,18.60663420774622263073200744340008647895,20.30285066056464053010698862697394136052,23.07512428990613521675853975682661072804,25.75142879860017364224063939586016090195,-1.13254505197874248290364690920134458124,1.22540529404140006458265777440888169927,0.6639129631757096507203296122833321830635,2.35431979543645506065814785596309570327,1.24220830830888355613228174305138595509,4.87105179270399805706766902879845906488,5.04387124408668925799019543632279584341,6.56329478557499768472070838577346607884,6.29304947220627401266848248403711367274,6.37613596509652906047955463922313095983,8.71920720576127115759762771626707537776,11.83174534250666985628645160521672686048,16.33706493379310521995813368323165717368,17.11788330211931457333318117770772322268,18.55453400018300288477599963181746699073,19.66388372185729220899153121503304638963,25.19609725044187327174338444797662779133,-0.58938004062739369621761774157324044931,0.829527386704732132364115319717039935295,2.03918127220665872457985262270027207678,1.71494781480617458922189035563232686058,2.30809862606245266012826178346841606788,2.83900489450600433209969094343804135379,4.78116215507600279574121720710147053958,6.89460339408913936357232261180147557291,4.45450579274593027145139081057893774922,5.07444402747330110512648674569973195285,7.18280631116138961482992421839793242192,10.83086317879361879061924580678639013863,14.02690972242162161003296336263218923616,16.05004431601850695652732763765881326559,18.73672085923508242849110673004315162232,20.53569735602343927624818307013007291108,24.79524602000035054678669771469393453005,-0.9177360572652571021818554072480960673982,0.5019815883065196422815285490988871147925,0.4566980019866544210022739145760777339978,1.91390642812952764205020353763737569061,2.59149990087586743653209003193836490601,3.22812967206662606465585435648620914032,3.02884888740044581927462827105362291266,5.60587963476556078362356269234945148013,2.36206506999865296270521041317064805042,5.31320393815315446705259811707555861241,6.64779911929035092689131964083391680452,9.03078338965122218016093360454861113665,11.74764541294773848580500378532736360042,12.01748043196462583498717643701149682375,14.92347875770592432307823117676218174735,14.76349124288264657441200955619066396169,22.78304625224944274786276242913355604289,-0.41140704013037778453440060646560880189,-1.22990660925113317652091690158200128499,-1.5374366176002393912298186102339314752,-1.55293148161897095528532031237610710304,-1.1188075635689529190914818730624009503,-0.39637063329817426450820715566905275667,-0.06584202434731768862853885591375806642,0.8572437359357314663261630385511069400752,2.1292673513897270472246232838491770455,4.52181615009433984669077925505949567607,5.44740394259230116401583106370747001351,6.17585654920839633469440173471538642106,8.48733365266913392196950369149706403055,10.79432513118665258976819470522286206498,12.26180822234472120352614258019781508499,13.39891457920961764299472737462351179686,20.78988595384172949812800914565361749213,-0.5516592067800331473932550492729518391162,0.20432325292858387389844566619464824023,-0.71094697477574181336579645845958325083,-1.86794913462326190673089358618671263846,0.117216129841677220622994104468058450315,-2.0819019796379273781850433459484452487,-0.5944342101902727575534370573857951139013,0.3075896852329228234732023175160808523712,1.78468492320701391526145171870638330959,3.42748333562145528699367321954871019142,4.52211109620100525712243845868335224015,6.07424230313790426819671286730321605413,7.15816667040929592833679958231587932093,7.48795157559287694258547135981383377316,9.75727646035290815177116021112202458274,11.66555076875081644070178355719874518478,18.15012335098084285824738415830154414014,0.833978321524363236574022326232557991435,-0.7012228655720612308596036288657392813332,-0.9421520857253054475381288881345680280225,-1.17583868246432342841694059008701673086,-0.27754408056961901584154905507582556005,-0.11792829800071265554651118597752882171,-0.62555331582786146015462457901121086711,1.37414842429515989203047340988714258663,1.86883509970252543921610547392768275996,2.78944184591925811573204287122649698057,2.68271411146013596393486813714906159501,2.90289503438671769041726418979049942372,5.82275494899888541332408980718525694858,7.69840939869754966406565199696716765436,7.97678092499902001033020539765163852404,8.30036660953995131857047873762095045771,15.79500015238902393729233034833518871708,0.7236205008874152228742689573115354096661,0.7685399808768407844636210738789881207444,-0.612354130675907629056779717971885724195,