{"chunk_id":2826,"map_id":1,"chunk_size":100,"chunk_segments":16,"vertex_count":289,"x":-500,"y":0,"vertices":[-50,-43.56763792171839376720836077533952648127,-38.99583064371662723457148140420641965736,-34.53600663324934385503529218110826559173,-30.22545666727323725313833782635241700037,-25.4000638902785122419246670790986916148,-20.45707436272411889316579157151173594319,-17.00883822522289260822895128195978543526,-12.80193450058185498763047772478214910862,-8.45011900195074417659718710120040963772,-2.5011113042851524960246484602119380122,3.14279914159826669059964020192013517911,10.36769594753932884029673318650592713654,14.3973663638179042449591987349271068632,20.15620558226868314989671499147448363387,24.26947257119732776665592151740186782995,29.61291505,-48.98579547688603713996104800554046039442,-45.86833232426857477739957711813192588339,-42.35387963871218000583582383634358526657,-37.79332664427642032796097073228583675056,-31.56735217981172608849186213062854695817,-26.59443406593091682693173714995875613071,-21.31299439041461880816379773559294641664,-18.57196319666811363201463076127428023856,-12.50598086304990823558334598091075984866,-7.79395286951979623556684893981221670465,-3.08944847599395351496211964093054657101,2.29125516177160860337944224524000003056,9.19873309999438851081246923228104933421,14.99312453664140615298418943636245213952,20.05392440283040472774723074873941723451,23.36184932404912415936668911660330536694,27.84582189234438850464613210218362521619,-49.50686802512196088849839451880954133023,-46.09178030441790858462064066788141773181,-43.86974841111938443790776795641296205294,-39.03518037822721083656962518262599686174,-34.1646445162282205043565707101565814152,-27.95161677153883077024559528445729468126,-21.52807564694385583057893440736911727798,-16.41686822731753373192880309683733991003,-14.08492931467905728396245303692230809594,-7.43116350772176910336899265422242604011,-1.89049337398375480056981351813349145518,2.51755169701309714570711426354865708906,6.38024574429514544176451906547727879068,12.50187869464113278175145403256273151475,19.18057935927681273521059388585361614024,23.68272587945509174272227471188341762053,27.53321562209575768235497985596448911739,-50.55401952672817522618350257317176236205,-46.44694140739758287057169960855866215337,-44.75775785959346023812487098883769357771,-38.97548483938441708219842932681030074734,-34.73935410549317027805291412923724899234,-30.42069575011869829520155202216877404802,-23.98824476627390319715383913315210424896,-19.82878262556087738921234887264553605581,-15.3944900443223686978647943758194385989,-10.92756006663943450253732701380064070694,-2.7909481950762547110605041993475714987,0.71515061910299946270004563422195916838,6.53208571550152894470643354902115717719,12.97023180488670900583698247812694353488,16.58750343521212607576996335643139078187,19.99103889470446154345954570705190158972,27.04717156849599289489923369218103698417,-51.56750150624861259633558274299569997724,-47.2467224819932855415346923273257433232,-44.03880269700974734614901827396134901941,-40.42427866446618136251829802338382188999,-36.72556391103618463109614340100010958963,-32.78448921660803260749454649945742971541,-27.91811187229404922005357272970506042493,-21.56549935275426014026036498326177538094,-16.56375341344811912584277775385156947396,-10.84387120058795384714688544434194632949,-6.70433926297540898310966553188625927492,-0.044629234620472234061499172660730729835,5.10194153881324905109545621912997911285,10.3071425456365556101050815212028899967,15.35137437796203253386308992584275978699,20.3414386716433790289221798091630812509,25.36383131645619787594694422690216838189,-49.93672777719107211859608286448372389875,-48.07973467551155154804359636177756930495,-44.15217263733087548181664466703103338178,-38.93169304094875212269391100669893388665,-36.71489453308636274963955770588515960245,-33.17853983043124938589831303941900898298,-27.53014722828863756407325193371989151141,-22.09570117083520106095282010844120446205,-18.91099426917899965596556842975201249421,-12.2207370190631988412128903389378391733,-6.97095340641396237628877094976561565861,-2.92584803924598212724064590646379754093,4.05085906979355117363163802189214805936,9.35249196830425603010109728811211041885,15.99975784769385106786254063901251696442,21.40022564624495816988069605335781190116,23.68563511955555001168412182516286522713,-49.16215878718045880512219865406437474389,-46.34338980707043620173303565997873622987,-43.73922289844222188851536480749610799949,-40.38278757348415972349150208316320750528,-37.95054009660751091457598965263769478784,-33.47221414741496628683282390455070461081,-27.56643864743302034801933177529218944739,-22.25560226440244220288743445786425188476,-20.23081279591181838911538682639174102759,-12.96068946988656137176079690597078547005,-5.43930083684140806961906445940171250552,-1.45046149738115926713011246747483647756,3.84938419022079423576891630689368311992,9.03146314867393023435948924867247163711,15.36226653402374644763963274254944531075,19.67560366380715336948351898740188113232,23.65248639458928922856686506962310477721,-48.87319877226972189616905503809128806997,-46.33311904747509892698526533850372285232,-42.96283572221495140926341179392803077444,-38.92617992803541809482471327838994508502,-37.04164653283772357210430584383322442994,-34.14457771169719785007666672205879454062,-29.0544618289296918261816390435439373697,-24.71929412514525565252614236620129419194,-21.55934329658248779424123775125964162271,-13.80464923614623674062986340361604036042,-8.04495668193986164360031812225338100688,-2.79691156917409583047519420850643328354,2.56016461759610334801428367163639533819,7.55094974885635843603569400762831249262,13.58055470989713659124924210870130310104,20.5232208466866046569257524200080193851,21.51905813122182742057539167162149646284,-47.9273909476308253123618798424247267545,-45.70771834680876998957878840632134219848,-42.44789639089349563706555755468166603582,-37.63944898312153216051642572765097828438,-33.76397380618435439354964430754366436371,-31.02720689092853043554927123784582542394,-27.3240691000570884880829798951043543652,-24.38964053768452970376356145721379698318,-21.8144060336601298494524394159411305692,-16.40335999158018581928637416426702855894,-10.62895520472455923432112917045357440996,-5.94574909317103852573420702288465902736,-1.60373880259960423788893284999691648963,5.04597507858505653829839626620970128227,12.30384516119867537247729615417339629172,17.54522011504253319509960975912577621564,20.18061603839451673109655195493438309002,-46.61297469110246459473511829326344411245,-45.89263234012336829135947321160509983148,-41.4179212401194075708690490466951822583,-37.88630183791980405837281369177840375995,-35.65449411265181806246667086271501642252,-32.54990821926861680831470300680048494359,-27.77358628801846588387121726561639761075,-23.61446889921420201894845825384420823089,-21.40379316083374368991506159639506117544,-18.02482778824413692775779693791096193485,-12.27924206083004376196109663062610595259,-7.83303129337554501104741600802555743295,0.20677645996770208016297633657690476434,5.24241283379347033902133104911160381262,10.95820562429798218173810611850204897984,15.04874109969487463632013729925885491724,19.51463764165901771999671588003940393213,-46.37610528007387171538700136227448807708,-43.07683697051394453103773528604136070036,-40.76508804403919606539927788707321957662,-37.85858702051237377060832385406284572601,-36.71675001288925385085084636001003779522,-31.06682248434483937814995533545469479104,-26.52482890428854740415167383022497808075,-22.95712466775950065924804290358661117972,-21.4176235663744517310648627375178223274,-16.94277392216137565762002433168240466677,-12.80510633148048737366066853393298652404,-5.76899580848531151476656169086526847188,1.40898401036481351991800953009720965145,5.74911784411526954919852689680063592265,8.94074791763166785997460389250104051726,13.6106530597765407782924017426655093918,18.55362590619981532131698130976921007011,