{"chunk_id":3114,"map_id":1,"chunk_size":100,"chunk_segments":16,"vertex_count":289,"x":-600,"y":-800,"vertices":[-50,-50.3840471167778182723293779720071685126,-50.84228073924006659058184079382190021067,-52.26338440970239630335360912091240902935,-52.02065963338340349229682025674978173329,-51.07685791165586894269329355970016627692,-49.66987295499027714637641345140120540727,-50.3078178099303434719288665572588320001,-49.45394375299989025192954199317060733801,-50.89481532285517384620588016650955799246,-50.7639641825613846442968528221089926552,-51.06700046973087436189387370398552643419,-52.35368170477824111276461997633397081118,-51.83291597094975713010374036081000887919,-50.46463122807957495196456702553102130163,-49.64760216350715936793189935603880723406,-50,-51.08750119693632455635956710492941189863,-49.61526177648284374688965283490571159315,-48.80200016372569491743470955332955692417,-48.18547411057078046874697253231932881501,-49.04641213549853557250643672576554310877,-50.82968424841296045855822513299363646299,-49.46360013076193142538124391333386914035,-50.68191132129401274550434295720996037534,-52.51501512359477129973359158519394994058,-50.45215282555551602239124637281172682529,-51.9304048996073380885898359038604977019,-50.9303144149975787805018498772274008908,-50.45243615337000275506837985399069192493,-50.00135652439116267279372236303292455448,-50.70029292732997790526299353662915068092,-50.51014136915684670333565451113803994376,-50.748278131068047370050930932917738141,-51.25101456362476392742089207660839888635,-48.1025150784392200654198950689580290012,-49.05818102391094955881492403985320425773,-50.02353216903578572935265497589734033985,-50.54569542458625289760340730454183452425,-50.35105936652311611096361165187272739865,-49.23768026121245173751369529458383435541,-51.77746694847091921886706601399449120313,-52.6206180013138752766407304725196303401,-51.93430778328500585493190562225631680641,-50.6470391575240495447931486660691590925,-51.47394626345485437351529570373902166029,-51.77047551283526687018313000092790472429,-50.90157598640487640047018482981182041218,-50.64684840800250043583651914249215018769,-49.95480514886399765858355569462442742049,-51.39441175160758515090664259858138794239,-50.6133087563025781109578910658921113713,-47.32592334830809003568930641761769822225,-48.68051085141389068414498038963436131436,-50.70002840959417804431898305960115352835,-51.09699515598573417649299668373472908188,-49.75635837978369472738528524404752415937,-49.97189730629115489788876354421633467623,-49.86160872250314671046753022333379527414,-52.14504672665113244298034676182388697737,-53.18798947943446437671309251989763922206,-51.92834141256385541024836236929169786629,-50.00052631738492572681755458057854045418,-51.12538989805654576476494957796836144418,-52.05736593378921651131653419569725243695,-49.61164763665953140005446882751715925363,-48.58730408919408033686351325653340622762,-50.28771841374995732452021874844471632969,-49.70007069446483636655572734313438044448,-50.04198201122579226063314679808171988509,-50.95335020236418317336502638542578685079,-50.30944180327181436100315470718051539214,-50.39137111470924981893303720408298598588,-51.04130337651736336312317958997132788414,-51.13943302202313401917976594428232469794,-51.67020076284249057164606877964170300675,-50.81101679119161711001445876227522754167,-49.97641113102705714909556104854500205027,-50.86515674688834092546163341834107888593,-50.57562785101745639540822390195285280346,-50.56836717613474641139987115269431462352,-48.6488968168102389164295549349058195581,-47.3852288781938633996983040434595978331,-47.37375390355568704707975953549448626964,-50.05588185673120541127014277315616130997,-51.81352593965203853940177641230015944518,-47.30022177039162788042490442421521752397,-47.5713581532758026332278561818849463276,-48.12900976753595072905095695375366915803,-49.15443889692163802719100011123077850833,-49.60063830845347656316854815180709323933,-50.09109659486451550325334952746229591664,-50.28291508813090821848222379557725200451,-50.73818245037635525891955626903605993356,-49.30276033344090420079541202646271733267,-49.04790309668626148648340860972880704035,-51.56341927828934538113056498450072507198,-49.45078316280650147284989109543323205042,-50.06443589867362773716200433700043035431,-47.45518656750964325946315746691780237028,-48.66925445665570843396570253848443033835,-51.42540072398449455699898249435817699721,-52.53215697074048565965363794423485594246,-46.08609566354816349007004464822427301606,-45.3234908387087938362042361215712244191,-45.91238596473278500320474642353426601894,-47.29151794301523265916417810350220345735,-48.55941723099840998356039600136062286521,-48.35305196549206060227901786655735401196,-48.01108021806577987223431348259834971953,-48.79956004696770073262219228897876981635,-48.49197628150578304465893383300220760918,-47.3621058956143460118711312377318720911,-49.25490901851827943995523643490710962671,-48.82160635557946760299213179957384615805,-49.57413773772222463894078297177503167592,-49.06762412510131898952171164005910167606,-48.91773412077961796091870519076377741191,-51.35279036859623431889713259785321415009,-52.60302904671011965558100554963504719413,-47.12498395616310287067554983936606301273,-45.73669831302209131274470607743363377063,-46.14917295291024422728445443910874460078,-45.98222436308971697288815848604689541503,-45.53371366891754491815585129523414465986,-47.41721219366307995653913042838840079368,-47.10420849951874346823367934609480511466,-48.588209306600199716122647139518557191,-46.67245803301835905050792362780594716074,-46.67893646616583767249232326556712981507,-48.87092653312699603070333007356720549851,-48.40321305846861313696608381597384393371,-48.57309381483121596948928008550832919802,-48.36252483144537793158786159441380015621,-48.45072706787897541371054758979448948721,-50.67863053129400204812363078759545134011,-52.44480741533761351193534036608654309244,-45.9680984651801745703693605646410978865,-43.95172986888381572850979206509306926946,-43.2435257506135107649303792259818041172,-44.14970084798276714644505213095072261128,-45.50179706044871364745431405869858434672,-45.20062527473517264484286512765329683712,-46.13858019284277206771621259005537636428,-47.2450790724994850535673341975261564125,-45.59036271323725011585328927457907964992,-45.51829601247647815137272908346672293688,-45.19766460136297020555726047595688154154,-46.32056823732142011832857438812030334996,-45.86765174289164294857720864673520530153,-46.87082675268286892519005245540612199884,-46.99034526256148387667297074730320583884,-49.79977524836286410278303321199862940232,-51.82552446583616787682022007580215523009,-47.77449981529701147444631490716570209986,-46.49553238153173449151712828603601835228,-46.03669493179925102348649802562990170345,-44.54893088855855998725298795212466377677,-45.47003653428026817897056818555500002348,-45.51559497945577673795461585470617665525,-47.9499480070069949463518823555814903786,-48.56994281885084058677308147412949990436,-47.96908773586411311546214134076254807845,-48.66603477719450133323297032207305171935,-46.67629319150639930290624592228787552093,-48.51056257500879993790221450522313044332,-48.21947973617393250867156245152475129733,-47.36995917637161896530119189302970058095,-50.08100517869168882261945844356844425967,-50.54013914761431632684645562163567449999,-50.5711355716544550782275650844211185521,-46.51903167143887214391693932887749484771,-47.28731319331831568336556697397973481224,-46.81692735052089501411132940931375849001,-45.10391873312275098201028505558963436228,-46.69766151654195735922022946752716697639,-47.77192071057258607513423780130399523153,-48.6657005197985698174946334692348928667,-50.73963189018093818416636663245846341494,-51.32703132751616170267026959630584105372,-49.99513889721076477027897459992166808041,-50.62238107055571409364378430820841744952,-49.82701854907239997984054838157169722106,-49.67432911082056820389248612901765030243,-49.06354518845523000675869166381205373966,