{"chunk_id":3495,"map_id":1,"chunk_size":100,"chunk_segments":16,"vertex_count":289,"x":-2000,"y":-100,"vertices":[-50,-49.75550939578106217209831354118722861966,-49.33305508544832517055518740552607807947,-50.07682871900141911393331018272862198524,-50.02515268391252078222332947262827136065,-50.42520928567708149571884990251824921112,-49.94502629545701779529347468781803532223,-48.82567750702784931182581156138978208387,-48.34349212949856069726627682713388443866,-48.83691095489003449721715314937076634831,-49.83449718789194234890014067850521297009,-49.40716187626699518606736601748647619666,-50.70864702663998764290445823050636718962,-51.52532910892743986369113381511875513704,-50.65039946133083975115068683629945455884,-51.23622175073419178096912847665547474785,-50,-51.03213201704072396415179432962621081908,-49.21681771851451971317743649896418607994,-50.32249387019127712543033611369256602706,-50.25456062727531687093171237285651720705,-49.09827880270811519635869542751507527245,-47.7281862974260823130207820340557454903,-47.17650091906535559155303004732140037733,-47.98715825521641621302063772671989906732,-47.91308575083883662245917144697262513258,-50.7699720458888256493141140554180190004,-50.875050292330652797010998065903656166,-50.55775415718610539372086140988761791266,-51.01777130040695750598203057252829529072,-49.23127680250310592879713087088093424811,-49.90014733343396226297997918557939750594,-49.85801110309573096759256693501949011388,-50.80312265308009983007910050159787721048,-53.142722137739357761543260435007185451,-49.39405076501736295752374747613707315967,-51.06384608812719535740303004714153544619,-49.46396624607759876070516485793656600958,-49.04790134831231233216505916227816635507,-48.01074277385604659489999560377374434214,-45.90328011622825421987124027938663983189,-47.16555707279447503251508465286656588302,-49.18819367606508076013926181434773653907,-50.73896384111080915246928122160910291944,-51.11101592949394600438174886391403465657,-50.62156014617982731398347295887290637367,-50.18910888428090160529007355593890818134,-50.15226621356710934680169606212061446648,-51.04786426490387661474066560121742375832,-50.53660797476259059236961068241856436786,-50.79927065441319917033548570598548061234,-54.4101276063529892003587038156150514822,-49.46716339315395292817886688858424716683,-49.1297756940543472455982777104261982472,-48.7414412258507568560875003516884201556,-46.33162324965799041370591497148421285506,-45.73004989359136656716424598474192656669,-46.76734220422988421219194676202729918415,-48.69750046149529404980215776094505080817,-49.25994765861313547574111248502131882174,-49.40628765649239498378331469833276782109,-51.59909562967359354159388652603415009595,-50.20741284190335680921804318760857130841,-50.72216013052402566671677355456364357616,-49.58020258662765499921999496718498091705,-50.08257407619428780496782173569604765363,-53.03503081964529373948165503912808495377,-52.23598015767932983171249577760846282747,-54.15072754553257922936901887302138093747,-48.35584098028234748300144341971052330967,-47.0423498215663567715123649786104359428,-46.65317856613979931982133331712253960607,-45.34462818086117545772985461855270338211,-45.13902510780556182074074186470551213147,-46.35228525063912407551191370812431257285,-46.94657309477960577924300525829185688787,-49.23955091396282843517689457587738898054,-48.27458829660832066044483425496378273637,-48.84323953212550479007188162083758842206,-49.12687783941984996907105522725771997572,-49.6719572824675837694715482627069412499,-51.22814170338932055132958990310300103125,-52.59147740394677275412235598496175385083,-52.37614292075766431648321029099653816526,-53.58711377639067792956907516948703390952,-54.506026786367560672183953836264660694,-47.6331320320090988222560822418941193923,-47.2286813965071100888904031688589813855,-45.82807798989625197629877179831207548719,-45.9742766599536613914177950688863102699,-45.18248283120938298444260532978214131034,-47.29572859341096929997005182929787384949,-48.00450419220977421082640555798671076143,-48.78161487371082824794040402057132676129,-49.07311379371739453368965168107418439944,-51.72983873597376612744876494300339001275,-49.07100026991477013803847435414879836335,-49.83883124001946774765028313309228785912,-49.07445339664252107318266516331307312969,-52.62736514138743434073721463637736879279,-52.84419306406867751231017811146896809342,-53.505922376634265922666494807789036511,-54.1464248924500041209577396713062563163,-46.82327817645736550701727883641312492512,-47.05166276612825814034519647539959484092,-46.2023046686911861943017087234046227704,-47.78025158094032337591393394023070653438,-47.97522637008535179535657447371750472118,-47.6889735879391723126274728099319537191,-48.54723409607501381775612628864971671455,-49.43638111064454951236455286459921959008,-50.70912708599552786846171815940357303564,-52.68634051382394334398572144927387378994,-50.61669434632093500806844466531288944167,-48.79815460120645422160934139042442174651,-49.10922613123968953248198220682548354061,-51.11508004180676206794165161596908045449,-52.11181403252479975925633602073322534328,-53.8121779446032380438691460434604304921,-54.2707614567542978064651741348241307011,-45.91151295074426346201197518587090842424,-47.19178751935703490802290212647214931948,-45.84204415649797787381021442990645129442,-48.98543440653595860163759126416114187523,-48.87913517522024872717490840607761705162,-48.41232925165883156331178300793102798417,-50.66258647635424477504041530605357273501,-50.79302101587751107749199083108347541085,-49.676517113133880258317565719810259514,-52.31183263218703285789430404360129008541,-49.53575735764758507712062265779876846243,-49.52601336242909093849764189985183823886,-50.70356163479139360701152908327473054492,-51.88119457991726500245242080911797328019,-51.83875480634611301389142941899081173883,-53.8296298081074313760298573827403611191,-53.67349381730381925851262461619299888615,-46.01719917902704214871740624989705244951,-47.38089340996163406197946523224327389134,-48.46765822376138138942359827132719950306,-47.790587246456339562147505649840942735,-49.77532258737540285739707508987746371705,-50.43893334661738594936972988793535391084,-50.46946211143099053003261432695987253759,-51.46702941369751159109175209116817158985,-52.64089518332585914523499638099892312124,-52.86894986718132679201919438398848160674,-52.88262588193790369170376750767497413115,-54.51347243670267479470383257010023497457,-54.02852717690427512746669226398554430337,-53.18818269420380769916955965786265856299,-54.21241054848773491433900861381421924099,-54.23378951684707015474939887043743869744,-52.44534941469421195654641894776693523704,-45.04411525938439335451275879162535515248,-46.64682750734821432385070257973586389697,-49.87717966679415502046991567756322151283,-49.21223846660347874219532532863637050761,-51.17968007918940867839486045171385060622,-50.03114608133690974739338923166871137387,-51.06207749792104660485648850972042224432,-51.43845318128759607028991166979615525105,-53.43116477186780225962435742570230916987,-52.14869114442715641880814184985653575339,-55.17418766630825058547221029389955398909,-54.01101553151844968906257563772372004323,-55.49884954435795981576239581708342769676,-54.68556882338490634385794900099775155964,-55.10203875316198381922673361978198394726,-53.15972546995506302674714958056472530424,-51.92091703962877700887701377445961084514,-46.29659872186610245841382896413041665818,-47.35296951755883251560702368378884751857,-48.73865323175689944968490204869387294772,-50.7916846605983964984998490663399511533,-52.01220881936819545090844392624539471656,-51.37245655476403814649000557060854892083,-51.25572492591656890381983461972532839687,-52.70213592072886637203577330638568751233,-51.86457666524208913759353136411446040913,-51.56175052050138617320130214738025751369,-53.72921784459707687408401264650982979817,-53.60070299774711792592270745648455041241,-55.25798276957258852855891323211971372934,-56.62699222328868379831398185339017273165,