{"chunk_id":3484,"map_id":1,"chunk_size":100,"chunk_segments":16,"vertex_count":289,"x":-2100,"y":-300,"vertices":[-50,-49.99769053398108744493920706826540195358,-49.52531338266810647935452768479504741517,-50.13464815557869015706863393824046575699,-52.01009978984999654479129861666263455535,-52.56755663284456067252975120258799193495,-52.06080890821385883756620482351140676024,-51.93727564916414783506505380499929205639,-52.17138208359468668383550881378677685364,-51.97574495701561163802128464740782147295,-50.75916675201199089666865048773063108337,-50.78975240129027342063788290034813039444,-51.90046776826831996263933454796234322097,-51.19371936245432995263612926673126772469,-50.43066600747357920105423967896721629202,-50.28307426552200831970552762968857578851,-50,-49.220977007099638303031419603403248232,-50.33331125217148366065019041697997490823,-48.59726422446970790024188511048827379975,-51.6446060425161763841901592838261481164,-51.9833268588767622072467276927979244449,-52.34280164531533950012869533027930548688,-51.61581114351480995576561988744494977057,-51.70457759751473302391842970800977904261,-52.67930555797885369822515459664742010404,-50.30508455910150586431594464520804678051,-50.66512367192249983973886354548913562971,-49.23270392135720926249452030008583015308,-51.51498880386160229391611042742843033856,-49.55924883313829124629621700128990362982,-49.57253126661519971894097405045714696489,-48.34663707312063930831740419309011129301,-47.79836193265128808057711187079531369173,-48.65214044503830740017103280222796474728,-47.95461564196773925009248717067898147254,-49.1942169327069224757708384263490142031,-50.36173610269945797048098653765910893394,-50.84332123317114745607323808551799955223,-50.75998995238666775311754808733444133028,-52.50674720631777817589674559041675139142,-51.61916513132538116276043636415289361659,-51.49921314368239590414994546763570316198,-50.52210028927699279574795708176578727246,-50.43288677585493935972412138212381032875,-49.87530803427851791628647394810101630291,-51.29268676666646752484856803148242275236,-51.47258635672126025471540400142251365406,-49.83778013764912649214691971682919963168,-49.46350167970206306461253851710605980047,-47.17199852676218079863196333461032974515,-48.56512995231811119475513128050901180996,-48.385005291508404039090681304299303379,-47.72885249251985170785294096054922782632,-47.60316115919404367017404564150818350208,-50.04132932220383057922260618588938326969,-50.44000323747203642771538085168507530205,-51.51314503606608631128211206556553780823,-52.14157285870433942078843379096381422661,-51.39113133687118200316934361479058268827,-51.46600110996217077985913521056954944001,-50.32901390534934023920848835088879556373,-47.87791527129951045750971188653319359631,-50.01736708540051392171282138174276642875,-49.24451819035833246825693746895726769883,-48.58981728439254238357209214729408780721,-47.0069876493029917224170214632087835694,-46.08934109215004064624275094754651795485,-48.43027392950070800398835075674886925207,-49.14897748746169650449082892675879174803,-49.2372384304719173694798470683642860289,-48.53398517580153904175040624639588194874,-48.71959540272451920764089071118919247004,-48.70633034694894369219076139313271401477,-50.18153514462810811399136740177215277979,-52.0121266596302657980042174682054215499,-51.71864058384093597787504764489691798093,-51.77677035536993870625002061165548932498,-50.73324884905203226174640643329202372545,-50.14489137707748971539724406418279267681,-48.15897443092969993216092989279979683258,-47.53850952051190609108367558287364052032,-48.1075156052539216452020854883640174689,-47.13009814511355635956677508071445006842,-45.45967231500779671400345566602826020058,-48.18579128334859311943417922446210874667,-48.42462099541227867981939724080395846817,-48.46141746099248371104406158365116232633,-49.16648416269466547128627428111781237046,-48.08378119883494128636458155935850100719,-48.09922056052500427052641936522054190786,-50.31613324534626051866461843909513104194,-54.03578931677644306039748299448150351169,-53.0188651295703638302724318236589108266,-51.13632697262206695986096518113676718573,-51.72555722658214244303993743294582097924,-52.2216973796533433669120275534431652181,-49.77120780489608590596373360034285776824,-48.40247376711198495801247482111304121349,-48.16292253156506835400642638036764577183,-47.64637567074768679883421214971593159036,-44.75716377490927353423250973863250843548,-46.70882289506111348916441745360707082888,-47.79942019562384581037919090013822079642,-48.77557835472681488401447072935756435313,-49.22083614567481330810624869476370094993,-48.02303411345353135286142870034300009525,-50.06057032798484567864190774972856207801,-50.65105603638126487419549076459846630722,-52.29764792211523866490156665159385049349,-53.53352895533498713103472843048502316152,-53.04938754503969570486169331113435080089,-52.91754476626486707428992921419428210489,-52.54794903044160958809421362603692450455,-50.85855276838146561875431313723189585101,-50.03434817129297864447191652448647992621,-49.22385510724088878958786185183714242668,-47.53387489618584331904521296707016065422,-44.27890173396958680172758325504596641098,-46.48704098346435405190914580963864828609,-46.26373629813368108620036631330420958818,-47.95073827794537259052454702427101974149,-48.67945009321819246021682445988789816782,-48.38025518308547802268039200555993745272,-50.53264953303081967255843862054385455508,-50.32029994081954059574536637471905110996,-51.5010131021576550962898770151482530906,-52.14904878447804301713365642157291954972,-54.29177645507943314747041082353014598655,-52.49308776973758175966979019083888365733,-53.11647792607154393860104930205138860469,-50.44539337890352474748634273573230316718,-50.64089476686514248534159251880835672318,-47.51566583751785134400412783843882283497,-45.07811515259105789874992716352846050033,-44.32135677133576429461511692115518641598,-46.2039006317834576205670760831373392633,-46.60519969750610310828246009019801878763,-48.67054833838925026921584427787086768552,-50.08850390054224582758886569733306030879,-50.99823261206642817562997661324498618013,-51.6858887640666726692900108224679056966,-51.50619836565761679277502429137619824269,-52.9268711956007367661065797858863586923,-52.4348922740725920417908136111270508055,-51.64809364595802384998887732642169611532,-51.83413338821596287501315301224018384938,-49.95119157588649129806779606447958689776,-48.13141003707226251822569853336340584213,-48.07170838322536601360784352940091877336,-48.48090186317201916804808431937200718661,-46.25108882027784853446506479635977313393,-45.60777972389746185494396158677252069032,-47.62923394357847264606988026673779625382,-47.15480190127629950049430324658684521428,-47.93234035610656332525869091369513731584,-50.0512747865893024958643085479587378577,-50.28726937811186573052159174599423886172,-52.81491895305898168760616615416369924295,-51.81555943653413722193261586164661132177,-52.42008038870221529334598686280438443043,-54.25066806382484159223993544630799027906,-54.056251065023513729452791986019246044,-52.10925162815809632901991456876964159259,-48.09389722413602433815350760252902194638,-47.35926077908045154767969232525942677226,-46.76130266442520244287794405475807652529,-47.2004563022504950613449173605035418314,-46.01715591004181165667381920076985858726,-45.37484432792175553457466595577767020925,-47.51447753056849251513326109381890599397,-47.42025265831703654504622618540420443469,-48.64480316601109647132998932407744835031,-50.42287235288606334227641161030292834747,-50.91203967391912817906020119247382273345,-51.02585568682457669282300366645880264403,-52.85049573193583305108530219199506212599,-53.03597216742672614113600365469300592459,-54.16173899454833219166102360289191661744,-53.535260701237146402622660573527555904,-51.50593032336682196406000127479650507324,-48.53474031162307694642088546036042659907,-47.37826705690302918785900182083589598815,-45.92678823037267859601091813331401818757,-45.33393890922619322304653930388464018222,