{"chunk_id":3572,"map_id":1,"chunk_size":100,"chunk_segments":16,"vertex_count":289,"x":-1700,"y":400,"vertices":[-50,-50.21250242576168306559858777376394989468,-49.92545171799880930343926199992395021262,-50.66871211195285130010085146191361265771,-51.71625005964573208805322902690988846039,-51.30923353009960432305184537257461689315,-52.83454624368101680308959595886304845539,-54.47882914636442920425916421422663765741,-54.36052305820155166388714082534962760143,-53.32272901152483225055769425214279074307,-51.72986931603099234548817304905571784296,-51.32154900633087878361493226688191793684,-51.21843473990887141411638696716986197201,-51.27079096023378350357808860945580603072,-52.1942500759631034886338843649249813367,-51.00611982853724008613444109380784611352,-50,-50.34653105177489810715364059249746313322,-48.15202235005497596864090191331651905938,-50.40537861686692679955203939119369960953,-51.17222118588040767254667547447430769277,-50.58201150589316621648603542175658569147,-51.25366691885608074555183686528815132863,-54.26483848335252502942991883248580547135,-53.562904783647028193352493880499243135,-55.15269056908542314939892790151410411687,-52.69691509355104902750888314756353563298,-52.92164242849180186719941592150551125231,-52.09346653839590017895823211674190339654,-51.73509309739531314800431059555408013982,-52.65879876959336101401849168293102473809,-51.50733337699398515712708443436873309381,-50.10021495487528075844337695465694130593,-49.47333245788777383960011719251090017011,-51.76526626549088905391642329809655046029,-47.98240617877854400696508878633171014845,-49.3053988439116759496155973182264621185,-50.09373298003592923854695823268556551127,-49.5829198664650044727774588905854326505,-52.25394116195203878633665178694197098503,-54.45109398922709688727379122282093957527,-54.50443966997010962360321445852293190365,-55.96139925931268324888345069379726023502,-55.6546159552295256095056127308335098411,-54.56221709894220711492141879224701410578,-52.80780447822297059015278120920703799325,-53.98737130655288186065629808316174164295,-52.32667712598765011982977952382003795556,-52.55547556818209352919426146995858419717,-51.65889852893458081296454832889345427524,-50.5556172442046744277802244055338215679,-50.81877762410004814079803380236129969392,-47.32516399674807149043393523110853280133,-47.64812657139028910959602920925073484919,-48.79599008951206509919103409877252024465,-49.03439706952614510146794381778633999834,-53.3523546965967849373034033868436506891,-54.01102862759280852556950695448822335799,-54.78451380085768046333474753280249804391,-55.24735983255549639291813392041105730032,-53.78567976216685961109388544842164648069,-55.63965384131099779013550493632355158282,-53.97946569937365344825528980071824728364,-54.05548302467701903872019706964556037644,-52.40330710315522769158443153629604393398,-53.04896136289922016365748911248265280081,-51.75628813281194861268228109459683902098,-50.81224606475936747933485161736804121675,-50.6276236984519879229679034808785964315,-49.07861786647664857353114544093496319554,-49.43900692381237244213851011943947728342,-50.43472807459301734801164063272511993374,-50.05793883692746360682287588981482415555,-51.48420163185748446715117492147572502504,-52.30276921575906678409535256816233785039,-54.27430157119195806503230879057997955398,-54.38520196956031376018289878934722342647,-55.58743354284437678158441759796583620827,-55.44737131959934954415249642686467701404,-54.98129482429127277926747880490257685407,-55.70025366383612739360044579910756171091,-55.08191324054677201216401528048871542817,-52.84062419905706915452998823988171632224,-51.48418897527172225212909772810686844111,-49.58196222366030146989494091153133361797,-50.52625934322605309244219911982464951542,-48.00333135991649899439043508024059860655,-49.64356045361494978208048072355425135631,-49.97326377084736012009268214541883205229,-51.04911590346334278429364915022185538045,-52.0257490072847938087981032723199556685,-52.29253687648626666371247225524154658924,-54.21800848394466863754240971054568608056,-55.29600646421687796489260353484086204453,-54.91831093160531708636483033167661092598,-56.87944432709997265172918124456153844259,-56.68476415859387493380983453054473461496,-55.15644897034651955251464027073939135769,-55.55093779043108925397637520424986542005,-53.78438202718053429467902947880901393609,-50.18545500671936879331519112549177241303,-49.5299040283435476598845342734114447153,-49.00019248582037957991307305252209575191,-48.83551199542593366862221559444356269453,-47.97480963000347101061160437971008893952,-47.85938551198038933846874429230957965795,-50.56038132204128590831217725320749760854,-51.94121658589871856806746402037731655944,-52.62842907618781373864364353834709071663,-53.40732911987119950284134843086773678693,-54.34252761714494018749336215898783857673,-55.88256903128030087022045192077475939609,-57.25516140934839226887269589156031072047,-56.09701723226781894587583304100038343009,-55.43743954775909800255838774317884390844,-53.88557439279701555394770685551129019064,-53.17746591044603615475869459723998290954,-51.41555387100438773781553721461919198476,-50.36713648819360021502244050264993769171,-47.95989682135980114100463305182259375653,-49.94052367389991232648311832731953082243,-48.86561306726699624286713162182486533349,-48.43842251926983288731505200605468693957,-51.6627529475242394593418090373196141066,-50.60138592931489420600817125976181612623,-53.68865635676569522922726631295034112022,-55.16307373037877128733052550772035019609,-54.88763414790706314416951686787788702183,-54.53595590153933140840523416586114095891,-56.22218796325696003800762957742806396189,-55.72562952240139428748866283194582735264,-55.01374308284948096494075051430800162739,-54.45134366020236121259489647749728723095,-54.24730893379217109959067963136541584404,-52.35013429917727372376343661414507678978,-52.64611206517840619056339772805743753037,-46.80098539935066480061312935806490713033,-48.7444148831705085811975167040604941782,-47.74764975975700562444201208837852362306,-48.21517031286180051262862710011298542935,-49.49133683916338632631681665281529651946,-50.33641572278675090326263373474834508742,-52.82691187619505966190159623294926875747,-53.72987783705805386789188527095758631995,-54.1195526555474051432214337523689340216,-53.24239715713737326095914654664045681655,-52.88571395273807829126688111183397398051,-53.23713844772092716164332989537704327828,-51.95610003423552418441159309192057988191,-52.03234220494049406786836614606850698574,-53.09862864546781839847171724098648089427,-52.1858565873747794346926654083337884534,-53.17424085573351507187973931083103884549,-47.04752694944325980944661859253888640828,-49.1650338502471480479272412217569474829,-47.03542029456951019793100740832860339947,-48.49967863166383721443816403162004895516,-48.89085896307769398625826405491735058317,-49.23878631965834811917173172711491643498,-51.91766246551859079320716372527820433274,-53.39543161179347675994956591502905158793,-52.92487198883742631589609406219547742154,-53.21670078731524999569988245477516255375,-52.73996362879897042531645488338715093116,-52.50281130144578314262129208452518903334,-52.23882237258506487939224330852391864635,-53.49030605893660572892658641075137975242,-52.35042666309305423966417613238400579187,-51.79863130925307460464623591218989465743,-53.21705767578877901886863701377250692727,-48.65253474846666218130849427789538201872,-47.73818169343549825983483821677838432674,-46.66504337630373740115356625277990708348,-46.72601376154864687769631731183157640456,-48.86589626440408101537825154870914853991,-50.46913957691421819779647922306000787137,-50.48905496126726049247251978611363224374,-51.38901741862417907568831159848312902037,-51.6347419497304429220329511479109559767,-51.53865651861355179817798195262292334207,-53.01661024503173382430941254239951290674,-53.67175377516213038851808885201344354566,-52.83459631620041054402220336672131313341,-51.83853743684411006415299436929565301568,-52.38308755469198824304507454922428560082,