{"chunk_id":3007,"map_id":1,"chunk_size":100,"chunk_segments":16,"vertex_count":289,"x":-800,"y":0,"vertices":[-50,-50.84887831905369057170392869806464728751,-49.76297624283202556312784024471107232356,-50.4991014789318828481790869791265367671,-51.868863227542132988571868869087904791,-52.6130839103830537153216965021620046904,-52.30856930632542955773953818918115167966,-51.04499817493214583065983045773587515308,-49.98515997628171989799377742115201203214,-50.62213923319675900156602301774563133734,-49.89176269742447149549621789124837682426,-49.48109425982198734712198040097776526729,-49.9930623025580407720665763383743807758,-50.03196622325170679897859003828509597234,-50.48926250996150508396060251477840472148,-50.41653221532809111877629676227114365763,-50,-49.26329463803459752564638651743299766193,-51.41157324381825893298205663863109959132,-51.21953005100206205285472755810088212964,-53.05009938442234643703015109553953159135,-51.66567046849369659347841958314595657986,-49.63537289622186245997359742714164003566,-50.63635634988902569080657689325841240794,-51.39447129920399065361266025406414133918,-52.29780840796636457904092602977797222804,-50.5934349259000023745665865897318922225,-51.09993710864691236050899170598704237473,-49.90165290272477795447414335645838793859,-51.07145421557792791405630353117135168592,-53.12535530225916966104933584876627714174,-51.859054022882156409317757948500055187,-49.95138883393002751244041374907814520046,-49.06796065982555560035878926095516770875,-49.10853673741060845345509054391227763599,-50.96379922523343402452031688062250220748,-50.97187784189693641737895526781301121872,-51.27026989981267965165563261901428359537,-49.61974710329541276219662525619046766343,-49.39791028925661989250644785855918546888,-48.44433864754135542450158209442956797543,-51.21878328516786074745171475726683595861,-52.15289501269503227401964239950920050255,-49.42438244193762765546959996896923243837,-48.38014319801764880361635222637952853602,-48.99641951998637328439485423419653361598,-49.92227265285005946214473315520412235493,-49.69374883741123513751866872518236726735,-51.38609535464440201592784338838023167311,-49.61214329311523046515764562636509436086,-48.7857066587107280109991367704951748371,-48.80804576747848236375955317937029032285,-48.2812456556725634176209155993370496559,-49.54700828395453541298801176044257738557,-48.55345590630640022237104014052314176315,-48.47259251526501071625853100589808814958,-47.80329187215807704341000104744488084022,-46.56360531706737377791199493468095508426,-49.68871724216129930354767061638294642693,-50.9002675907176743602967645799639682452,-50.91901484576946659201902192700792307343,-47.40680160825467286962970016599358622897,-48.95114406531023554973642290229813403214,-48.03107467953284894438387255262611764955,-47.9453235658026453292978825093114874982,-50.12802682867734998537616288018443541,-48.86091658187029431674275842914097357605,-49.27872311902745963445869742027980365497,-48.70976960150592018495670363013379575609,-47.58587314655247722325066697178080908719,-46.89166860816328156000392250173803013199,-47.3077767236684813748725393519596936978,-45.9656709706858092269747708414854509336,-47.49027375029663425782610438793672937291,-47.38338641640888340064585347063943479343,-47.12411632013773300280670798466375669105,-49.73267456044758503432754726763635643424,-48.39147873631079198390627119722507411834,-48.75309189516462872065960960662493672124,-47.28174453808582233709130200724114588549,-46.32472417224136824540196680792059046007,-46.56584725386690226852771212785285621382,-48.54800685758365308644641511536989757704,-49.87390745965460616401263499493872040028,-50.68034499720138161149033285920772470965,-48.08330553471313083870481923792512502624,-48.2913734409572939501350317773742287618,-48.01794369373675293002748739578113023971,-47.7006927750888827528005536285507808249,-46.19117238957377549318007014668180994218,-45.53509954012072920320494665795135636597,-48.60674282458562348257889051428444060969,-48.86523377926052364033715591133547429537,-47.9637401222875042810120039755926712816,-48.1579763398141078624706811734560014985,-47.19138182593973350211640600745126842749,-46.90795405957390946428206428543870601031,-45.51374249602373726157820916079708902472,-46.75196738151639509118346334084322842247,-47.45768319478641963942483660027784714645,-47.17944819075666191625620798996557347901,-51.04445701492564119984477566589351673846,-47.22622771790680814324164743488557021709,-48.31531736072109475445479425827005891362,-48.16371636556259450277680022762518543264,-46.09014678339089752268359334976594204889,-45.31861377687458239461094781220376627649,-47.65066048931550047744678576675425234386,-48.39581714302921483574848663943316882093,-46.80779176149792632514628390341821654935,-45.7931259399232585522661883387834930485,-46.63696440249335123480474395245101403034,-45.66572915172989969282789400326314188069,-44.98721877617320051892455920890418246845,-45.91423535035946106131522273397347356035,-47.65786430153430853089348825525137077446,-47.65326314536199909335515533187208470081,-48.29540145643924851042488222630525997793,-50.48021147134143708056009441835725850493,-47.34771526556236482862115025320196724372,-46.94527658887920883381405524534950914509,-46.7186652135455643434123098883276208751,-47.32937661912212760300847081670074943808,-45.31326410528412100649259770787151526412,-44.97371350603304397017964897272806084562,-46.93030306979854070346510301406963493998,-47.11052734799962413248244830228881425642,-44.42161714401623741145774603061826980087,-46.02640206491686188358191616054277023913,-45.23392755677503316864528751406632271246,-45.52977991430090408438707779284477231611,-47.05238285655995424948002237737463200712,-48.22713826707082688806386086992016013727,-47.17911133023390185384313393862353505564,-46.6490900321405532097952085830775175672,-52.2152742202559807442698204962920225404,-47.19712726365239382628845066060755430725,-46.20131380037282108348283687694058168755,-45.39401731992814846438730956081369376909,-45.35227027647637331721584556116919263348,-45.60442465995761461473492682855469639588,-46.25286381490677757325642886842300827948,-46.06596405589710801260729690496792031745,-45.89284980309686736983320362019275057156,-44.447977822590334445968724411708046386,-43.23833626520001058777226812935490933502,-43.51685787523095563668746548274027490261,-45.32081024999509429591698855007695104233,-45.46718828555448139579331079779810895093,-45.50273012196052453156687089830893572488,-46.1661117733164845225168017150110026408,-46.61656842362535461248194419765890333256,-52.54554564329433277817817205335159286271,-47.45397284758505755823719376002333613471,-45.33263767671858625734284397209281474891,-45.49005095754255678194874056207194363529,-43.94850473907389446406015491084503063175,-45.42662708998423155907774808354623081506,-45.02042705481351074886960402011631230455,-45.44272618937767859073240052405969420399,-44.34460525577472027707772342202244983634,-45.44628038821870039549966391513021417911,-42.96798768223907165596330784900599903421,-43.89391314357493596003087367886302000552,-47.07770315465406621771877103290649517629,-46.72371780595244329480976683674033114022,-47.5348931733806040469456836165288178864,-45.69190384997427813937008268333937750198,-48.14269751100853547967780988085681736015,-51.75986023791988921778834250795485707146,-47.1061752094047731095486221822584004912,-47.60905257591759137362640580135032285854,-46.71411810510187932032198098462591072078,-45.50588210904560489484187305986836192976,-45.7244144208164301943305955793585691042,-45.95544776454250693556226991323214439799,-44.34990891906596219351948785737784077672,-43.10775027194820807815199430286353179344,-45.37039426589460065650628404952844263222,-45.33054946211455074634927936135394505816,-43.62871941838645724725869737619882118619,-46.12663110816753900409296530106905540315,-49.32857295868285271070049113873406859538,-48.11310109891161759783035575482655353818,-46.62487955218319832707954842256238173392,-47.82272359180096316639229565549524828691,