{"chunk_id":3748,"map_id":1,"chunk_size":100,"chunk_segments":16,"vertex_count":289,"x":-300,"y":2100,"vertices":[-50,-50.06590921714166372429153571085584186933,-50.01847230813099843948126093317663500663,-47.92911897208654279320170254800447585641,-47.25935417067908099720611648607592014462,-46.35492519020652164751521306959750879987,-47.09014982559559987271541510635675672425,-49.15612005929856783059668994613980137652,-49.8815804906943806517774527888822501798,-50.8778857326058865376686084911986561023,-50.87139206297605080101154867604217386761,-49.74310144841682104962387049441897532951,-50.32807901767617512230496863266984309911,-49.61388635710637989939834206781972561973,-50.36500951447762834729688309692201159539,-50.16767316897004193706067028216658701933,-50,-50.40466023842340504731848824732991305725,-48.47303650436140456497929588302848299012,-48.59607179976266881157529088514488432731,-47.69271149457014441625544184208239205859,-49.09995725053788383288178677637439772533,-50.5533016933308258147408406042139795491,-49.89752422445509620647627679688366562378,-49.48729933155876198501535443766921136627,-51.77010044779906958236212696530054586155,-51.73443959855843474303034834840227081278,-51.87258337492810289052740093282333711519,-51.67615582131566599481631555557069548649,-50.01965876860494410460507951678127278112,-48.48765133187900867366233775805946111932,-49.25120893738741722698946548584281545273,-50.33217430734998210381996918669211159151,-49.77713528760716251160495835712208472961,-49.07109243535222426642542644679429697847,-47.87495052255398899388238399295840258504,-48.51486397499228098738410914928311378485,-49.12846384959876129373325876700478445539,-50.30441762770726356627718256261301607407,-51.59084240854208132649239391399112711546,-52.15855939951123973355557979275078930088,-51.61095346605659464726832138508643690652,-53.11938484910350887015760956583287836804,-51.93864264873139133631908483321042590357,-51.27799978775108045949904167143403564962,-50.53394502839023246208232600354897774212,-49.0819406133046646491089148654089669108,-48.45443084059503837188748471172889340498,-49.74165182377001171567979683689011077157,-50.54406631410527753792369038137625553452,-49.4439343168482754316659268241289904356,-47.45946760309631941258675840838122712522,-48.11931882184677190218178117152457427073,-50.15350535146108398655448568198735661942,-50.48724856349032410336543471956496283425,-52.5139201240073239897899772403058969717,-51.08209358116051382397149974360828325895,-52.69271996423243091031354034519492164035,-52.88890554845862513347425022763639576176,-52.86514383468631084222498341964072282175,-52.79979351640166403820009026424915485177,-51.26042913884956204527467352091548139887,-51.15981033585716423597999615860636247243,-48.44966845510534942393989390845731235488,-50.29465009308662527984847917072063360143,-49.9322083489944967053766420215335931918,-49.52909126219870829043575175530693890363,-48.4463707783872535416441327969012626425,-46.3801551241810495006112609154998791117,-49.62389580228575080057654558312067687711,-50.66764355422132869166321263067798946308,-52.03703616240905305717356510146781357119,-53.61686491949541268681938654300475816149,-53.1646775543988256748611316062325249958,-52.63065736886080672432285324878160741123,-53.38077077156369864877664874153063965341,-53.50284845004984119131569135355636703094,-51.84593132473094526610488566909835492194,-50.7616975307669185899261289739123705257,-50.61671757780721357542277015947819584011,-49.19476140581990048029355954746705936713,-49.49481332711345157250430850344656043674,-49.22152506997059642504626219871325422606,-47.51622550921038624170235928362726554151,-46.93575632660506429232318443182009832534,-45.91432185500254121533433272963733061747,-50.45596584984805866905738140812868851556,-49.76910646574040812997310446056485052427,-51.43500665499848788964450662222034797368,-54.36356957176055297703590983817972211929,-51.77226623081374244845851767298569047308,-52.31951328812506551399998742135394877593,-53.5105541807054617304241609666965381628,-54.68049734387432388025233297560462593805,-51.62835789602804518594826032731261863921,-51.76258681475700699042206221731848377278,-51.41519345494959144041681008159648316553,-51.64896000573012594204412871264881494163,-51.19012576265748071706315912608738953262,-49.4318929805684848156676630283563628261,-47.52717854429439464742125917893610695707,-46.93896045636938630115031824155687464824,-45.75018002643721299392357001990237692701,-49.94537122213406888373512135092042809221,-50.59691094048025311766052003226708575973,-51.45721312371458499072624047571863298625,-53.45685108834557232622056315619030319816,-52.61849996112955107571729573236877874469,-52.6714115824034715352230860735256697593,-53.04940152880448391295093371213962021882,-55.84837777645368008748245106741209307485,-54.17904821290709477926941361148863206847,-51.74555636088788941893397147879103730075,-52.10344491993766135194682788403582482432,-53.6790630003739418814773127193411629105,-51.6468082458588636795870819424310166589,-51.52964631629219401752483731178776358652,-51.02366523209874198547449329476063003911,-48.62682769206989315153842578434809152383,-46.40540633892781089871781549328131610851,-50.20487509756900007100013348633648160994,-51.23649204876443271227544428339224187254,-52.14398521541191745823880176195240712232,-51.8646485720637749472342908923361232144,-54.43454156834864281260381049764200757062,-53.94819071405487306575504439652777421395,-55.16381966292798405421595084557103202511,-56.43625418037142923870712874360820341502,-57.32027462853304759960326155774160258695,-54.48136739229110628033274773148011028903,-55.64655511264792729678467747120797311523,-55.56648465298713018429135455622067020691,-52.94686765886816445320823826189987194814,-52.04608169271056308503758097190054913038,-49.66880853205697229805193766405991604623,-49.48861108522181108413658202771317577795,-46.85005501670465697124882431730221147446,-50.87345652314342497042729930957091676886,-50.60345161419951943764028357261605450697,-53.31940503990893590018470942822140233612,-54.67589461491879507112758538952722232839,-54.04036839496720536580648555254243201508,-55.33814621705271805300481107603199076948,-56.20625256593571600198422243040377213555,-57.4020188616976483425631374342226865978,-56.58328196077778331045824121222218956581,-55.28119148642578553035466748794068081805,-54.25246529440874628774973712121877923724,-51.44633945833034675477547848680691267444,-50.46052493462237538243955486022673757796,-49.7690548928630836029071121099822740268,-48.88161215737703675869591758835552910853,-49.10512457661184340588261140615465381058,-48.23258943970441553802900040625615041062,-49.42566397910289660979727791665199904999,-51.69962284693399364761078988563453889509,-51.75568628130831757995235010178640080501,-54.24151342256014002378429415016388424801,-54.32005209250689785129621851161500514645,-56.69630664520899884368325551459045700796,-56.99989950926500225684750881931422287119,-57.63373998860275965593781062805511496819,-57.49925279129259771063572913498251637365,-55.80049787477338578117687182889371219337,-54.01138983340839318275488426008309804744,-52.26244008173783512127007441029001041601,-51.38443872458746314216143090633135047835,-48.8697903141940037419471497621617200371,-50.20117928380432363917047662689728436859,-49.07999278282669733508770705551378420292,-48.91476576019593405488737669568546431003,-50.0817997987659382171507621562970725188,-50.95870471996415011956200027999828503187,-52.36324454546007365935985287445044963711,-53.17932700844105681147572746949963335103,-54.31405301243244122653000692482458710271,-56.28588365239398267545632297809714770861,-56.4603824272609970250471472238997751306,-57.93782373811141708767144534144089923339,-56.68535407093243572954529757616562992909,-55.9274984183677470454824392013008483542,-55.5315507950258649011478607799716003756,-54.20791489118300532098065920548016838984,-51.02561770881002127806627704412919850994,-49.46490645550124247654963600503396790006,