{"chunk_id":2811,"map_id":1,"chunk_size":100,"chunk_segments":16,"vertex_count":289,"x":600,"y":-600,"vertices":[-50,-49.53248929594320682367894217096580772859,-49.45355729066451183266121882916673723599,-50.41879975229515167351617444505877757714,-50.18658354623622352810580504554563136752,-49.83808902750969556984103422450466059888,-49.7040899882840703278043073628294071557,-49.83573353671145773280887685261156026971,-51.80953968954784071978076718969350281899,-50.22792948175277063316052034261716630863,-49.2080888554877992006019886330960961893,-48.13739328529873030113096920016626109845,-48.85101887922261025242257063355144888504,-49.13253098636229909954021727428893126401,-50.54953824183357945449573604423714202608,-50.19508766933401873469230275704766147757,-50,-50.26763880476011284491045952635860204601,-51.8988974003008731184003168643644594014,-49.69882243066059458600988258356721404568,-50.16961764599183614877960275346889315275,-49.73762059808007147022361557167676071342,-49.56823950501403444843162803334747575337,-52.09099987389211965096189080505072217781,-49.35771431892732504775049817219795994685,-50.45397265017922240321942494570173217818,-48.69365675489643537969614679873072580426,-50.69096089047372964585932230627119538924,-49.04621643503782788370975998610020685554,-50.70518572372601839244242462860290646516,-49.67247322337094205926659754110229976456,-49.13235970776808734818302605471459157008,-49.46577530445117691479052356190659152276,-48.83540922765920593552212711364851101971,-50.14395113153979667606138871551182844678,-50.56723718961352688336496796329280373172,-51.25382860019877453850475891850893388988,-51.74848832336484452128741145958471916437,-49.39454324963391444684946672464510800424,-50.97106768961365401490648071417850021267,-52.8181234866182638922597933797513908994,-51.7501189267918995507077639271170152108,-48.91079968291937531550325584404416855858,-49.53859313138089578563752267018933227872,-50.52825794178354982313072092853440902835,-50.4186395684652597003122329512199961972,-51.00216195949014961530237297861061102453,-50.38768178962404277728735221701722975111,-49.49931977609592456390179983202400072012,-49.84248017603382404211723120010758715126,-48.32812006156350167135886662538790472463,-50.04917410481273254401978023310254406911,-50.14015975697799381051684057135958913807,-51.37282544083958941474115071790494489563,-51.12955494372888618585776604514685669344,-49.73456618399244319180741468462188882409,-49.52699728228191663774889395252424966862,-50.69024114892084671267346990227903686834,-50.59520642045953642694576892059267360726,-47.74338142043818903210047360812535594873,-48.61603418104815195732530020618722213721,-49.90070381181815545749802017622117383186,-50.79810737026766556617571297627410247117,-51.4775777851351378533051110900655942358,-51.02368549752286970924340564571845647839,-49.76670059576740339269299836837020059558,-50.44923312515163224779745172591665671656,-49.01649639243907222177834031800477220943,-50.48922807948056502165802664398763886136,-50.64888435163433484365589563431919457642,-51.87795941396242612020992571677016148475,-52.00774065285221321705524563723982226921,-51.73121526573499881959175815875909515671,-50.34724183119704343768112468178541149017,-48.78881632078342400134531035876393608838,-48.53650786550029333379818764830424201056,-46.25873590128877752254563617429767449633,-48.12044979886217415623904500878183075612,-49.80337496217657337637681552924521144984,-51.24659173385154719675012769792515505346,-51.67122187600416836590198180136456612687,-52.60488976944563114763967114599605446576,-52.00942296019988374450128716983308236255,-51.84523039934749022419555627551105046677,-49.80049807729075876975345440288870363945,-48.43762516370581665296977681933042618296,-51.05562603378993227604307940625221554848,-50.0036183464319735855053454081415457382,-49.46447814304517914808726457875937563621,-50.73293898714057939670942103252474943849,-47.88983713115752593808107918973918425676,-48.20293726041238974301425924714596197661,-47.67017488720481271854140241017398275244,-45.00044077957597632446095398111501052239,-47.14698536451162851467010249624870300237,-47.63327490383455458015535946346418741304,-48.7341362543112206568657206570761337448,-50.97392720450520488690963594408105119156,-51.52594830668842036975218973032574108619,-50.01043772556920959434038231338177773641,-50.33403769593659611376880931985476215648,-49.33906496096802781768759445200812677089,-48.0091309888602712281970953306114435255,-48.65230864811681880054953577254929035634,-48.02895713710571585977334313859280737334,-47.23295579808459597008517587245011221722,-48.77484358512997151406756192701499510385,-47.62570084832693783699306365878478874827,-46.89542722090458615265297676480468107991,-46.77062934893869725810512727067635572443,-44.48531683019516649922686592052034956707,-44.47894833675431337995145062361331052829,-44.46706406593289852061694866922809878095,-45.45477833917999182360064263444511554702,-50.32530734651800852196556612371750266859,-48.31311147793348387943616817160857523092,-48.21947314794026111346393349786594452295,-48.99732154803700397505338168578359289378,-49.67442788233268024728931348053793816827,-47.27719082499408837705207774363098974792,-48.0726988907839808621565973594397420944,-46.54212570410050923671282675564868553025,-45.44963991890195851175945750913544205816,-47.00441203306436477876892340644867714324,-46.1633438833251435749466600011874499795,-45.84156070778990438586938818530405829421,-43.64620112879888734546568786129258391958,-43.86291470494656374370350256645344129054,-45.62824574829279401558560781118017274059,-43.53680367849433470636143411067387017052,-44.13906208412337832573479062891063113641,-48.77104295817002980622760108298888361194,-48.33451840661173391015580866169543946372,-47.66595012368167896058912938244993140419,-49.78596671493180048930205797772650200493,-50.14699568549334146329641483307446927315,-47.23662234180846367780978957813848269489,-45.21673189742092018613632883419391005538,-45.09438743166589114152774998833950897975,-46.06916585155084909741555142133667725936,-47.47965902711861422806172017060529902917,-46.42570080346762076936205792736366727544,-46.38476106600976689720868810665283945676,-44.74499650785224799265314628729158185744,-43.69830049918739270530533469161646652405,-44.43827388223849183823220245478166286742,-43.62092637196463013084978391797970394723,-43.78028361931690911981706218765746141253,-44.7856638340313039453533732963304328654,-46.5926778944760794843346449793115659468,-47.26631105753744133265894216960080498462,-49.87773635336567565176968304971916960229,-50.9293539988950119120629878574436110682,-47.11577500029367653385510172888166393188,-45.43650263742068132065796567055211144718,-46.41888329191835675885206910517878926607,-46.51693210515230933693156931336590391528,-48.83023388743167500231600804437867245887,-46.22933580821984894675454735508707615086,-46.006447670239368843541166287149537013,-43.82799475894031949407864094834826853668,-45.39669674636647505934630914264781269071,-44.72784104462835163274595335673123663461,-44.418473632380705646018803243343709382,-44.12832559917356736637672014249949833023,-46.12641338904357308250430291800561978994,-48.23336375764212068400806089013939605662,-47.58070001546990247065000542617499475896,-48.64051958554565147418640343211366266655,-50.04280342120937208253848813507773937762,-47.48172106592484222071120106267195123189,-45.26673478578662104611690418937419532097,-46.81072861140684717872306251526269002557,-47.71814750728368824211953125964387320612,-50.22448041558232839596418743191036592173,-47.15145760290592882558898809658060601531,-44.49385582838429112564966509600436981724,-45.87685998242571001133712605448626309803,-46.10023539613059436635928398127992577087,-45.71968692922516839363796890792259208262,-44.25449136285003128879386383188676405012,-47.2370106519135247980675719720644510944,-48.14785150500184037082166976523487048063,-47.22469504992713594180333821693012028399,-48.14096727489010560589208329413829797026,