{"chunk_id":3047,"map_id":1,"chunk_size":100,"chunk_segments":16,"vertex_count":289,"x":-1000,"y":900,"vertices":[0,1.204697623875230360422799454031164494,2.0880162010991575876879541857557418641,2.30246812738704210480851682759191041033,1.64781906199991320149927227650346469307,2.03881837879837321587740752683971785011,2.45872435023588312281958015970833296768,0.6832022010264102578629167666190007611855,0.12534837056370147619855375889741911575,0.3870504576867138552356317235336107559125,0.218960472112224091803486968510940599395,1.21672515171687417629584130742546746602,1.18557776903838978756799474881078345726,1.48478385887474718467155692375448874669,1.50331027948597400789325451476396360926,0.93684018652675086123825859532833843988,0,-3.61797692839796924459571934801766061306,-2.37616401221770708481893825881841180304,-2.1752233577036842403656360942126777573,-0.92845099758035843031713773144545441319,-2.35590178467136120934773300670587060598,-2.20870073312096201052586656577258875556,-2.29470952758258134107283242784427025861,-4.33104566470317056900409849022563627643,-3.86149606839370669679648873701714074238,-3.46209336366564186462866127086504827334,-5.66123448830280354767136270700349677404,-5.52970311233832819181666218094444601385,-4.43164992869815145585983683614697882612,-4.1545628462723127965677588067473272291,-4.040378212646070169231838429011278265,-3.32197819219665663949791674082670630369,-2.91856422100401068013309120207898569228,-8.69541867453257510619613355842871556829,-7.58241073472175143909929017948027494935,-6.17567910129588136556421606032218573081,-6.80202483291216539665794329719917525836,-5.43886803899384006769407617576047134116,-6.505660751062841409829440312994137508,-6.024059665769455941743341387784388287,-7.99171779106552331735528221245970988751,-8.88984130895964671249504321467509743778,-9.27603252548020230659022215017630530739,-9.99170000145892270798201947471516646986,-9.48962349094336897507731139764668180638,-8.23713368221634443954325549323633917772,-9.4093963196913304131928634344821625724,-9.53337662981323284012374508762459149916,-8.05265018081559129827803187748882298938,-6.78323543801785739353245124010951607978,-13.51563345427362808246518472014125352729,-11.48088014310151887502504909363389312804,-10.68056120861393160812017874339035013011,-9.82574919978927266372631410584828106789,-10.34787249876267397143412965896511664634,-10.95856686594075678697714280047265858264,-11.30015067510657137634554338541607577438,-12.88375389591902056828332743014224474569,-12.16670046982624678068505776374863718802,-14.23297155840514122653560556470930182577,-12.7347817087475367594138229473390421807,-12.33931669062697796701401499775999873547,-12.26633919374546822675409808122766654074,-13.65716264205756589808603607723754595565,-11.67667067980554415359875082986531115776,-12.67044318652637057652714025186967069617,-11.04607959334571396819108945358369343446,-16.61417547530767006198175890603235116419,-15.69215125828956965642241109099535154777,-15.21039948595788115466131638529229605842,-14.36067566354909498883636721439369004613,-15.3328052958047074490735924250744832413,-15.31872970650761954725977477618730032276,-14.92558328232866063763097346512909294899,-14.6865259589480843058396877635982364341,-16.02078024121947785509614878643849900858,-16.26568293186335104664260100187666388772,-16.90032551992757959500745051676051403957,-16.5548743331479120065916126453638543117,-18.12222648259053525002541232071511878869,-17.15726003555098040078593411742662547232,-15.50660470708776513182254283866012968113,-14.70051720491500421076688532424766587939,-13.71135781592393404804215563244059074198,-19.74097529775320173625362792866784866465,-20.13878505806929151378685051920483058101,-19.37606165906231098543914153930168882912,-18.1101459202933971140692967654491589204,-18.02930338147784597849853538167493555045,-16.86069644855252727965319748991445254911,-17.8548337163060986754350142105008654358,-18.08517171702903115971998654593851601643,-19.54996570691243909187952744927853678533,-20.96630000250295749234512937277056682271,-20.66215212319929317352974273425050205909,-19.53374102958526781651705216473763676252,-22.51265904104039257443349254558554715945,-19.31305367467291346602829957243823751551,-19.58192941759590671351027602603081981008,-20.38163962417929135098444673845250899135,-16.3760564913620668845437214192720262644,-22.34434675668913626104399259521776745761,-22.07906483861922915129972491102276900427,-23.02828199526432754065762417317211398146,-22.39711093965159529823162732222926802457,-21.38186064015922209627481015281877875233,-22.72989494914816768422153446551382097944,-22.24760200262115306453664595105184748583,-22.96898275842055758934961822628799652765,-24.9852263982074250379385198394633918292,-24.63757500312083313946515925546085754085,-23.80215919730466916863741151741811734274,-22.73289069664097778620582547242522395608,-25.44193381933483619792811276589452354669,-25.05170211475557400119507342039248607933,-24.17925008130605539227199358497879327996,-22.55552552814454595539556420892820834678,-17.32636202451845016161183794365650388356,-25.23712321254761575847492050390931061579,-26.22571087888485909495004530571551497898,-26.91757933439135409385424443280334355015,-26.17683153239129584219956341952718986861,-26.15695197912587990045950621080605365143,-25.01155467437616232319613764019090009581,-26.53102078068787000833593131578994027902,-25.94927624810585457401117244490589538589,-27.769952213164078550345053157990325821,-26.88711719918906201851631009572949609078,-26.13312185667417106189461830193958623342,-26.51350764926250254625513468559414650525,-28.09530332068449358107615165580928504285,-28.53760194457198624555324646222818454809,-27.69694642425821899028143293135101095398,-25.82570755715599023744196294302631312801,-19.42672617238612578005159730249544104265,-28.593447534448686469758537713374191565,-28.69428082335890858456835977688650403484,-29.04019412717774748857703810599318634771,-31.08526277564024703175336893218352731605,-31.96138151942170855138152063699242413133,-31.40033842122053947493463257537560443633,-31.68350079391832236374854140667880634869,-31.57293034028344637536388488091690585974,-31.3193186744293512981706562446072054057,-31.3044372784250409298859360058560324911,-30.32605717422894686892239629322535486492,-29.80404791539534028486949656790441442225,-28.83980225662027435879048893162361160984,-29.49515100579218702603672110022260455704,-28.24385446647903344109283962267513844637,-28.00443145039115423185867146481507960034,-22.301782618304320847772303884780437693,-30.4998534577081559589125373444434922208,-30.86720197258463053778828819732063773568,-32.46258640094785127542614843213953065158,-32.64821265829318064402180138905101737587,-34.93881733503584273249905354362445418129,-32.70124943103936929047200952245314524422,-33.84665834170306899144289145287033965085,-33.72697001600982987489899718465706695255,-34.99801702796489713851465759399490896685,-33.06520838758393964142209780208233310257,-33.3522564292455243999559916028507332787,-31.32101986262033861076560913974520323056,-29.89776041715678771782600566932360039921,-32.81613495468044659267766128518301573036,-31.74440258962424754520248603188170461472,-30.94364843578774570567489076100910457759,-24.97957808009657776766475874091480273059,-31.68264572514598973761823762737960766889,-33.04954982640706408697870645734104610069,-34.8968262187709445589322038585972091252,-35.6476138438490009243681346834840091467,-35.99575985020350323909471572872317804828,-36.3436224292066706001471168874345976807,-34.83289185759843950541008213623352613698,-34.6467485975958358712482754855021371712,-37.39315778788463356271167693106542910293,-36.64590270112750880045818476450229512844,-35.0150541598113081817791362220902136684,-33.45225231504430829651068581524684871449,-32.75893465971226179523039602314401664653,-33.69474248209337664391564234281543287564,-35.82226166603558074696538165865692299128,-34.28930119459759448277021681645506105466,-29.34060235971585903554624102151475733096,