{"chunk_id":2785,"map_id":1,"chunk_size":100,"chunk_segments":16,"vertex_count":289,"x":-300,"y":-200,"vertices":[54.815271,57.98486072730307646425776920998901250248,62.43375337308543845216297040895048088843,66.81988408731880704950379269875951825992,71.66271300854027349659572874762307167124,75.06001077720609219569953110060392870808,79.93721702355243726079406686379160302062,81.87843725669219045752641892576956630504,84.99193238152870892704691806644510742267,89.35403941232015712822355322880872643822,92.33451840896926188881249648772339071909,96.61458598356814015346373383104814599988,98.99344199418715005996400166084496731075,103.984564113037963987236534617749054436,108.470755015995952487107781316905071134,111.817817450129914881745094127252268479,115.1093384,55.3500797713140662704508005934232419957,60.30428433776771352035823063838478967895,63.34667258164434531818040782031297473856,68.6979640617401399372560825445910543825,70.14379822388069145400803825909909403864,74.73566151461525296703650137730537160549,81.44496954423693063083291115194250645894,84.72309946693549763863098792474160407446,89.1786672699089545139558295057051439162,92.40727622206217579539520612590087079845,96.274758082824377797758269816065577806,100.034914064016516915063858164236078081,102.046600687502462642615521558221242545,106.686594312560415145759665115253141978,107.592963161788320375616351498053850241,111.456416824591786787417847332714380782,115.898966278383282710328899851877254627,55.78077782722266182971494532733102732476,60.38681199027714506971805248473253176446,63.76455250492357442744637795163663260883,67.58743101800822321673221850874562385096,71.70520411986961774641815238811208022219,76.33000416543880778656018430959025533212,82.61545668953165011985923522902598608933,85.4950706949733562262765903053761546899,89.24651829065652155491334791950137854964,91.57215216798973688329842721138452463733,95.70632420083524597235843615679500698904,101.018257044588961571368422844832063716,103.122198573333134223793726847373459706,106.485377960303831562247647889987076992,108.035892341019516787546265112282996599,112.493257709997509154439378618960621238,116.858626190614571314417460150867194252,54.62603741133450581926080133602768011097,58.80319392152020711172543764328858910623,65.4049797704190932131528475763062725431,67.36747206791794338941068007914080189358,73.45246009893790411993838673116531068504,77.46057653410569948395038833361231981995,83.2257403698552519726232841167137477523,84.09974322838590184596264692734025835963,89.61792815564942703682211505014982317192,92.38896703483908678185601599181599902548,97.66284118289248134268311594634634385613,100.946817997826340698650680560311847353,105.03211327449685499655177914740856309,107.128180912940509704622990053648551579,110.609317806890316827502642037232374471,114.579043403843721363418491521061852191,116.188734301102433007022421734258736555,54.57774107662281228449000063380203161837,60.17448537600821641047827024212276975284,64.40666558132835935651013636973077382694,69.08196248413211363277530788243997532471,75.36449480317536905648726790004817964316,78.99474008287025280854940197621257455595,82.36773411480560878619690197033811207523,85.0615690049968008708531639014709139014,91.68703904178308667386727405933720707142,95.0444769230307455917842958973991503716,100.092611942466703531041498142666362218,102.080104890361460088704918837639262083,105.613396850585409383770745685957535039,108.793346300711750463058773849338201474,112.308869267389391502492814520149171171,115.128027474111350899692697955884717292,117.363815148926981126372002899940619695,55.72311184108491327198358148574005603425,62.3132433069497841259407650828163224555,66.0764113240524633513667335378705796101,72.17775686655799086843210797038526254225,76.13982003418275535343798323518319097848,78.7562963414719695589204473474018608576,81.82129465845297117544870392903243260598,87.04867080904881524318929932401722348605,91.43547583339475858792036175545470043597,97.05718082677023790377326082291685658392,101.183832676113003933188330178108911745,102.146542364668913924629472283711947216,104.960121314979551680011405401731564842,109.765052954316718902378244589711770702,112.482757547408119827429893113505255165,115.431401665116261349296728217710173104,116.312070756787154150555246468514665277,57.16120144831854521159049945352124895141,62.66619187563317251364533381641085014192,68.65938129639952420546565408536600228629,72.08615440503302113551429998438908216133,76.76038777584706615227937696562546969216,79.44586704811501595714977212526086746198,83.17097835066058520135601668422734071085,87.18096291523910149106296631369425788854,92.99433096181614255673178135990798306882,96.19462082964964879104493846184975956761,100.630440677822679998883872057386839119,103.220940191440027793922589327901962764,104.872155448968691111503083815478827678,108.70194209984350032789709644471933359,112.650311235247454739283218223780337411,114.260403789011888018273226660464250018,115.557801488094394740357570081145844385,58.64035515793575973644935474970417348144,62.71083343359559676901251380026112779187,67.71223464421460424555252517345724936909,72.49081552267355030704461580044274400121,77.05350033594743004317474299484299584415,80.69141830263140605152996465560386967927,84.81979739672833311540590865139663314095,89.16158276709312952020221353700385480147,92.06841969883938641062193598110888979817,97.039537148089585947338735658257839485,99.54132831431642929481714365996251325603,103.1531950101060100233169617866698606,104.76197390963088937327344013747660706,108.399950838090553921346841790067367714,110.76240644209588804632306456279666202,114.634013744788477480400968625407933409,115.904635683520943679482633848488524391,58.83357785841610897710875252509496180945,63.46266852833879400657575185711523721578,66.75381263192699939564399676229641771601,70.86050105728942707017383379699977072245,73.41554563873900049550168484130108089543,77.65027714271686342341311494006755506011,81.63353844567055681941651707353288625778,87.67985653161686112901910136055428620133,92.77202549226721912183991524269503821565,95.12173755304413927390386759682549998811,95.94371127288985721260362426089731992785,99.3755206450582257243131806344245737763,102.122811008570746099245958091184295796,105.089863071444011027623907958235164698,109.51739065584096006539208999358091783,114.038849623090822467868617386568784906,116.668313687000004615544883414230049583,58.17964263353922708490111580554564711994,60.35725574322077838607083891696803117204,65.19790023582727185617233762242782820731,68.80356862782294956739529151207097699415,71.92439930971689723234948882373160057653,76.62788182416163465150081040776330981584,81.81257820042256889735601327149019488595,87.42769776248285235564188487777452389182,92.25416768846768341215492034690988670321,95.23586700244592426648876264736521380324,98.27638376398307355084191600492682404078,101.586149866616587528951186824969688701,103.30472729491566224798017419507914846,106.044212711773733959719788832847347842,109.566359554285306087760221734695145086,113.122749211830654761421958229443828213,115.726930695265483231208558170634937094,57.72769926202335720759782350176242495977,60.86337635227019558828765161933470289826,63.35800457588459080972880983471497282932,68.06524640845679102964118504279718436065,72.18746159027045751324177780921727765536,77.99935495763498533654154122194361660095,82.5913367966607079218130015595274068598,86.19706562740742848507101024819311426949,90.85194708556228230777380518474120596907,96.04851993242634137398765436088624710402,100.787937116762887418767365080332971267,103.119257039581926747655672622557101468,103.772390002019185769054680119279570279,107.811930809243803938252145422378685523,110.301676308191024388451890263989516256,112.920458905811181136891603971950942381,116.017115005275629372030573084447319393,57.30764823093592839038276515890133250632,61.8180170572602532194030298357637173314,64.70753672247583702843234678035724372308,67.88713609401145126008078159681670248462,