{"chunk_id":2831,"map_id":1,"chunk_size":100,"chunk_segments":16,"vertex_count":289,"x":-500,"y":200,"vertices":[0,-1.44810090464675559869224547807805196697,-1.94934324877442308751926445712452519846,-1.586636755264689484831005751178541175,-0.91615609561703726639506867398146006158,-1.54771147049297048957827750477381673991,-0.507687052547173551805796824555622690535,1.72778033820787872569190075919235987846,2.25124247928185779294191389681890679221,4.4026798307569721811938242990634228382,5.23395392284163545585674285979670134738,6.08496646400373122114583890339107029515,6.51283927672180010397412658701139749303,8.91946468741995385906043307378941511263,11.30914068680308377645303703005789309298,11.93786997855186869474741157330638380641,13.01609495,2.06867552793761998050533282647603260116,1.73822299382423025402365469304742635933,-0.7825738494510996384176791115675963387004,0.4273036970925409331264775869064743418925,0.608163991440654393618118538793969958565,1.58308195087789000732565789660096736915,3.44733697086185181024122395758402206178,4.42510566307758552598894174123420376916,4.30435732495509501407038636418012027118,7.71227305244720121232668823438875980645,7.33921193989763587586956386600662921401,8.61375606381580195798181955166051109877,9.59409028770494471863739320255403848068,12.6521283083001519231602185805327305088,13.31267389943140311458239119620783912794,16.36825588727310069821072029106496552013,16.5206879784791439062314917822370290662,2.21000979330985391097013705282023986669,1.74361032799901091513774037413105000974,0.46223187256585549472735589153509920796,0.3456944084206806148823198732837079086316,2.04780228328833936539848466158480979113,2.86247423643239756494268228295990641772,5.52454954302206512604266262290966333061,7.28466652336367232165087445970675416532,7.71548289840686037427068868216864815325,8.13488794016283722516429133688544996476,9.52979079975912473971306301243972525596,11.00489232799760888359270413814629894037,11.60890030347475264913907540775548582621,13.9756614671211619135175735683219432685,16.96973023591549549546833643477434675673,19.02668708864155938124945361687069135006,18.81788722448112858571188693563626769404,1.68261508228916905957364768128279751531,2.6093996528000152139641446403150965235,1.66186803417699349615562058919746534642,-0.21623145320792712933071918505333929452,1.49230121310980869573955943696013646883,5.22314967352749089245309356077310188232,7.48467872446344046484869034325586105694,7.8733449993609676744029855007181031127,10.21512942687897853038622693940978382004,12.38400723192020540754487059798650065628,12.00025416152478793114446291331709851821,13.10164290156413224637560487582771923786,15.19928995785848041261498528906149222902,18.85829887587583753998359129264894459608,20.00057381835088950490013896492261175472,21.44663242676718571571833213875279463089,20.99263694328416309504235855096070049991,2.22306567648757182238865462060000821871,2.20333014263600907714030008541548524473,1.35396278724067717647034955414335158896,2.55888622996015375394663575679757919505,2.71152249558910853446944351834944180452,4.81144893421132873409411842789709761107,8.17728215343585809442653155592713546249,11.06847772601926010064470987116121516942,13.70366134358881028705273670794083231387,14.76578077734883142721091850052323938949,16.35714105968401237838903402581222131507,18.16005819680947682134547088928004345681,19.32444125545884745043102625247708840186,21.55021539678280739659053247086684245348,24.05361083029255069306238953509580989031,26.08144425782047953499617671482260666025,23.55351597035400678907478686425677245877,2.45109173088580865733767378800944434739,1.07997454768931921660643562067868936531,0.8131903253222385178352840457259256006826,4.57044555849724745966418276035001882784,4.16718902743004496383099276161259306891,6.70077712424210388876573631833799189967,10.19204230372269857622358731016844703825,14.87978602760263175733746611326822660348,15.14572066928192027596203810683974405028,16.55325852375153314634986413097552864679,19.22132916108538471407138201084645978744,20.516061176175515384431888341891241487,21.89212520485811494799792172290248459946,24.53087958639763588418027586942823218164,24.80042457490934471133325079897273326703,29.06062403668401735173147796956533093691,27.00094474428219922691145124454628455058,0.82722173246026447065078458756381283428,0.6892154686431014975926963063165150141683,1.96065639366014397011537944818722500448,4.16727391402275263963285228796697156124,7.5227102178654125179094247359924097369,11.01217236994801030276022220723219284308,13.23648883725576321436622597833755774464,15.59642935977881241106325808714698920279,16.99253452247857819438413496612948825069,19.17614509312410972729920844505961417215,21.48257857895026135113185731599847302365,22.10979150555375655772627223966578952798,24.27578939720384758766443535299047619391,26.43891993197204131753657397812086826842,26.95403817288796185646246138521503785159,28.7964577985833518088180961198870149677,31.10426500625395477466747204929010746589,1.52739633703420583091321067442731675645,1.50038832821440678944969934646392320422,3.43607784518033228949054732968227205843,6.13322349279890780640202263163740333841,9.43859569303732528379434841892200152253,10.8327528169503108051306499662455245525,14.61662553263045396787235409082701470378,16.97359631670437259508870834342561823314,20.83269187240142348897463607818376854938,22.42045679640560890897722837644197672772,23.7841734081776325797672053022652440197,26.57562553375246483999587398054350406317,27.94175532941979237148840179554006756098,28.35924786039377546817200606255361755862,31.48117132384737088409557757739028242085,31.83046159137382844929134921124607545503,34.99295553946127243868184425101210148696,2.53760201462070566497140197271515171027,5.06176510835520638817456355823058297139,9.00447744374066613766742159087223416578,11.74463399321938819703890434382913320018,14.03975779929431566955793274539133820879,16.5584199685481483562135030281863668897,18.7582459003001559886864326435339252173,20.19515945673656335584811397199814116174,23.26366574482910361435402921390634250355,23.87470197275823661371858555324910683028,25.88125112211952661614674938555439799699,28.0521303674932162848925672537822983953,31.493891147791816916176140946239104793,33.47876529534320272873682677529499614551,34.16374046332385227021763009745968313517,35.13742619650682336995375080572962572507,37.88916899557507546986148363479821441764,3.603310593222381055073144722396998082,4.64428698826243364680114241390537827859,7.86371684286674732522468274429754117715,11.02263206012224799738127385909609223367,14.87486553889490304565410360594793917268,17.69088523547431061413087665443867005623,19.74535895669447223260098701580988982801,23.35104222677055178854871564749694993248,23.09609693621032081524343665982999299149,25.12709133302704485205237019280459536987,27.88098371954557921423698773569263908221,29.29787160769090190863547961221306933541,33.63913364621798761287518957814037818606,35.66004439943467664075989883233296799731,36.44379081963059362265001809755074599809,37.28517503131467966077611768216462795792,41.13218915766861873836131556775779866618,3.40739499151338772500003377830889030295,5.53523700288094326421465692932590486645,6.79993257004996786413386063492475340795,10.77466722445026625386645053408463831899,16.61099647730216899936658754798434848593,18.80421846727457292338174643252055706184,21.61382110810157062966358715757745557986,22.79652057500766974298214502367784988164,22.72771775024079752982526902273033761737,26.87125028779758609133196986136237343178,29.74893828609797140148041057466510960782,31.98355598875833542647354018044290926437,35.02955000655513602515218204883679291429,35.19478724224720859144773155094218074201,36.92452970999727354680785605478971230098,38.44664577966992715583798163644715070927,44.23181247766105785847950980308832404627,3.30122453327172143701727752004332442876,5.55470114444020053947831644974409939622,8.88713716256859605604079070518392391645,13.67524801666981725601257793324643339159,