{"chunk_id":3840,"map_id":1,"chunk_size":100,"chunk_segments":16,"vertex_count":289,"x":600,"y":1000,"vertices":[-50,-50.65099023377368086188122386309568241602,-51.62844240635683974276013254102604503605,-52.3410814742831538270156029292935622665,-51.55635665585482703162626565300775857865,-52.50054987382770031127936375974158996629,-54.04673280018673603403970604283100180978,-54.05287076481581803254087368840089445781,-53.70780287792715569272536967867628342192,-52.32095114664918507943094886401771684067,-52.09356241737302806620201352433797727721,-50.83908432190312095384905852190465336099,-50.65153824177616594910575746766100495981,-51.94388194780238681221738397681608435661,-51.41116606497153825400357218864358079243,-49.93386198667542463696544060896879867854,-50,-49.16900596952328643113867726647054388089,-51.86952639765761478854310389472896826612,-51.65102470699298626114441135914323740698,-50.07767163016146694903674492269793221842,-51.21942075436425256279177846625696178254,-53.46755991989970457881176288788955329658,-53.475118254781146301650617650707340577,-51.75427018943258945671364547789944677534,-52.73897012703408192083440907707205854501,-50.10173650033970589624267023060265287152,-50.90057023149353290640790974504971664745,-49.33461129176877745079940197464093785089,-48.83770495059821178610906882052421881934,-50.33996918176310984018161123890955907013,-51.15907005056716673806848545661223284964,-52.78289730980701335724460607359090884216,-51.37478233881884239102983940246293783155,-49.94563938216010951895560160418239165918,-51.92037342795823428046999447438064487836,-52.3365458725256091058055429201747401728,-52.03428312823568167609681005705042262228,-51.65289457250632155284038649005981600897,-52.71557304326185218008069348228353786987,-52.59617768450791967022809563052866111133,-51.8892723871937566058956110330879423212,-50.121006287942886391484537535264217819,-49.75072507592727872887966337602938045087,-50.7786139735074128700888779014538765406,-50.43704127393703690794758393334722942798,-48.61432030092412074420250223720794464284,-50.40397334688329637285350855880821053634,-52.5334142293461987403394322380235255453,-52.44925071637907398488143583502294039259,-52.82684547049345856837856137898431926595,-50.31603992750208169539909082407158707235,-50.99476169336910135710476777927791273685,-51.47213856347967521489800111158102092283,-49.47334714624345342908132117400234441616,-50.35776377055671027647050569194615281381,-51.56601533606071740183180518066043717266,-50.50297888725847774737888666586758269622,-51.01493823428548669662585388453103792603,-48.05590446478019198272597701433969158898,-50.21935638212844604760430252628499714102,-48.72069231287826158083427135679286624939,-48.235209361861025751888408230321864091,-47.09468853306115779896747878141169822794,-49.39478508593481949639808933718759603271,-51.34268800089048292101363783904958408327,-50.93358794854336291856387410665965445059,-53.45424941546297212765435384448213373958,-48.91441708062307094416710868505891507887,-50.72660477061559253416789519903373057893,-50.3816927620673363979238274079980540069,-49.09414340997593131826225670697664937391,-48.8716326067311000496445915002506322414,-48.69558511033854955107069389310361159543,-49.41151803455197101406331540135223169427,-48.62194866371218214021027573283570825052,-47.06074675056712717132759547097036726176,-47.06616160142755961152483225967029778929,-47.51397937097962613702402938495509649619,-47.57152452025411055611683964862621008811,-47.39970130452008387335258114004549659553,-49.86730072341123537930698028263452945198,-51.85550574806498905117658709020098359297,-52.59590344289556104518972533414629089909,-53.1661570806289605813755029998768666407,-48.81627220944686099801523269798726145576,-50.1072692607266932682283525580064742778,-47.71395192163398816126528147608581581906,-48.55355426266149080138454302545279062366,-47.08565772602542487860067673376565942421,-48.14975520142406720597178926317628955406,-49.37896386338860790123575118252426440575,-50.00245444209499792166699336750837570187,-44.89302710392909452392527902983036331816,-46.84077863148826465853707346164706660081,-48.59309510117571213171642109323650409077,-46.52742272325919996807551159317779291701,-48.52660067226532466197520007824504005916,-49.16045945947813105811182831334431180452,-51.47520867317292616579314094861887806431,-52.10905999312125257331894846202548390473,-51.25907173594302734739700243483250434095,-49.92524842620219544121277267512209482666,-47.10599851223292768864514313413063007768,-46.46201678409082389866815182435653779125,-46.15450107443825365633872341360258175278,-44.84280171584925352299062397250439827445,-45.97698875184259531006968054236455691067,-47.86938688340683470654873500216011073827,-47.39833939218919390832783707370776559918,-43.68275335595602158983246449038559442725,-45.06094526862736689486216582639814735852,-48.14202015431660694762446356398671287512,-47.52602929356628700256128471463911392365,-47.86255299455614571340909020108235340353,-49.2111153305756814447794359590061297735,-51.18376315847636048680177720744215267929,-50.9867152789656527159540169454040867893,-51.27795189347991786946851791888269307331,-49.89090551501336028155377724163854865036,-47.31529341045624925133104222453889249702,-45.26728944932101654037337023319263201355,-46.08014164245246595058698318299577595004,-44.73141156233041883233091491915012074135,-43.49532513395510439406606473830941376028,-45.3487170082443132939919852920329008876,-44.40727552965117910718213912186923983287,-43.13623165908278393995915297930147151839,-46.52274592090985493394933424338762656518,-46.84864962945529268394699234985882588892,-45.71991642214795524771890917425264230214,-48.51480159192606455033332106163981873862,-49.7017797276259312710489027537428678354,-49.99960508079968165066558196395301979009,-51.28956500550410075452233119050785034763,-51.4687270719533829427168359218842352301,-48.19432742324131450687470439680648921053,-46.06896521283339873633648644105991201844,-44.77315560542514884285702119948297881241,-43.98747791903900561569689896613548011962,-44.63057324009391659534368537102638245245,-43.72148697505300398474006838087392155853,-44.09838233851478964898165302122829363936,-44.12466979207813114805457421660646642159,-43.26018798172361039363360437461575256755,-43.97570594063455691932437785399702899758,-44.60308569048361370689372317910645915629,-45.02081787282918216282191162193027530598,-45.51443400567417015296654420240304222168,-47.46137112290371269493102344035505299066,-48.41700975261213243700590153084765355562,-49.7585309846241127431448220351326132896,-51.45859244915371942821668757910678012805,-48.47274576165657177810416510166679855334,-44.75768123571000964330235896950739401247,-45.63398273501477903514089345624507612245,-45.51885478381623734769777881302907165618,-45.59731259669686640134633770547678726983,-43.91379711942107897472738549433375464439,-43.09669300354905204148612926012515772828,-45.25097969327737892602793475081032357765,-43.68788244811620232086716401098047090193,-44.76320599190545925724317610525158234345,-45.65015243372846780125081092762251628043,-46.59139682914071309182719781529234264496,-46.00987130446693364651790394288142052291,-48.17690062041748834510562278642507192419,-48.5374950944607431201002537785770664587,-48.97262854382559968241062266290031180827,-52.83891723147867910665463575338891071865,-48.05774306695358444093029086369001017332,-46.2190154298889150485705783734634548169,-46.73847513045204559081305589726124305807,-45.81932244703911932334737787790043753088,-47.58431213493844732562148424870511793637,-45.98139157532383819557265306152039741886,-43.12416375778196219337246495163039185584,-42.84936654366699211309347507957531230326,-44.33621704636606072584108903778472199001,-47.25048504838932670297144836383350789751,-48.36599424395059545337849327835160655307,-48.1445268181888541356282311000168484646,-46.65869891302244207023627780042928377239,-48.25746211603961240824238461767375450792,-50.10454252783343480704688461539561003214,