{"chunk_id":3894,"map_id":1,"chunk_size":100,"chunk_segments":16,"vertex_count":289,"x":900,"y":1300,"vertices":[-50,-49.33275523751842091575761686566604922271,-50.52635832306497827456898703522165922401,-51.07332598703892023414685293145808304048,-50.64285049228571056921813697315695635101,-51.45637403143456441048378505398516502811,-53.27795174759552616086654810442174417537,-54.20111456772733015070032514503489393733,-54.03802034246315451237040656936403777262,-54.30492413588877389116721068161235150313,-54.06262098540583841699933882763389917844,-53.894513595395590979826187601569413851,-52.79366382406337668926419615244994338147,-51.41896580084350820224656942190292200171,-50.21778751015502073179723797805504976152,-50.64891671583227794219123513818097213843,-50,-49.7408602961866112663943829152266722262,-48.60606678531521096407071425174647855125,-49.80177061914855682267518060365382815611,-50.33470605791776804303722670971008142976,-52.53364435342398013042311774491845589075,-51.18252238595117655561849976735577626494,-52.32161672384802674607590808957099363456,-54.35977702923051594418194292837831791604,-54.05739834913210414462871991913359358274,-54.63432040066894215332711770867197742836,-53.2546520558012992784803069145783777522,-54.80949632198995212598140321694937511939,-52.44196275372725100075894473047484948797,-51.59346607262025281832534111875336839178,-49.46233876533772106661261788074236444552,-51.26067979379662542574325580703443115681,-50.62372730641241151183594631681700320238,-47.88672386333876917630534234742862550503,-49.6343979755708606435586444044660885841,-48.42059610696956402437134871636461227391,-49.58556512058561921674497345481262014207,-53.02893181697782265455985133897224709804,-51.35087261236870506924460981297519590974,-50.82172165327657475499738156012563119738,-51.86339757137899628498175645941163548281,-54.6715556251741740519973438223013440304,-54.22339102635359244495593813904443160372,-53.95668635654431091160884750681313127545,-53.51132850489717128739319248268574351394,-53.35662364817450111803265887860076216402,-52.28993717737930694438897342170551021248,-50.28831726036015332435655570874870855565,-49.95443375017158278231062882764634960727,-50.92350310156601794017018829513540490711,-46.8107526334576245437031551924583113899,-49.11522451092292394466391294838822046405,-50.75010853844309100388326124941095673689,-51.46136352897950630068273527161175434667,-54.48188470838980585332110396727047420384,-53.93084988485436755215872585009691747532,-53.11550806779645372912492500242561128497,-52.67163683292530396486901913784290204608,-53.63686407281478006979769931847000816147,-53.41883001912069515126681532901838785757,-53.40821246999165329918841049320630841988,-52.10595058150371459284493015325200242955,-53.13971157176908013414307125461149133809,-51.88642756292863217547823308912839303847,-50.07457467116654002238980272236179479341,-51.39231515547656210942398760535486044785,-49.8363744836591820116174199054279614704,-46.83281124201290968808274052997955879919,-51.06605944417943496324723479912948492263,-52.49626020462754821768628627958179021513,-52.85792509454634194028278484166874273303,-54.04884768239255048108341237982129815832,-54.61094086830347015227739931326478482605,-54.02428504470953372892126175265713628246,-53.55432388057112534167710575612392112282,-53.26524395026243074556667799612411951456,-52.64566474997271849441806890871223531093,-53.90955798204587030757078864738370124153,-52.33288065270898376113578260489819829425,-52.27575476514515453878088586903822638062,-50.70366659575359673153088512149339813943,-49.67724260287464751508358403679350497651,-50.06788663429531963342416549577105685839,-50.05944553519847897893543962548244477137,-47.12467409245998436490912299894288947614,-51.65425636572394799068631539033122565492,-51.75371200293490038406194195897113839639,-51.04726557668450547912956875479145799511,-52.7221441739102776017412060943426233361,-52.13735997616900416369931523688546150992,-54.49109782080757463523517377610163704889,-53.64626742435194263401156858528707385154,-54.31653991703330481585913274231821635025,-51.49346137957022732866224524847938666898,-52.42041934890090449941308200614876932645,-50.68465037118112041426244980415294964963,-52.06405743309243367052424376853997030523,-50.31327916677007633714195440762181166838,-47.60895376605720306814349435898849991007,-46.92700418268898634785588474327511948094,-48.84364740538314709385627295971118172153,-47.51449247126715342788615077853415398703,-50.17132229607542405104257634083642801938,-49.17069346517285125857064220938500680512,-50.91762667503739929924140059243815640129,-51.49393731278246790759641033903724540504,-54.0402834049853872962481928883191703695,-55.10454478065390231744231969109193329668,-53.72237240132437715897320199592496701043,-53.61478099148252231391885775884750103685,-51.72151824069826103111819578038661789384,-49.75557971766043998293398120501118118832,-50.9842182739134424373550507521617874089,-51.44319252754493699897905216885066753725,-48.12346141716708618954734743954319631751,-46.74649932638599849128369907736785154685,-46.50084155293567517101942660510494809247,-47.27340967096850705508570778192269626526,-48.18053858529825281269962658651799722608,-50.81774894791347619372201845499339358599,-51.01179079750310098606580614671459583495,-51.12483272229694671168335376803554425404,-52.30851114055453965573206594071380093709,-53.48231028245583119310621384893802349153,-53.83561903565602297347746795940406690269,-51.02556261256753911635717090177870967459,-53.06479420614951941016450588260934310763,-51.06133177375371608181343383127759162537,-48.99408725799255342267338938897920338727,-50.94350996808505622415124141195305068867,-49.3689704531464714019455356865531511705,-49.87516988236382105236423749724533810694,-46.72673504972091111230765132542857229696,-48.30334778077020258599001268615077938875,-47.73268329922049563217433352081250410962,-48.6398512324254365327616458900639211464,-52.63292019048240060009096701462428036331,-52.26887035953707037341329414730543982584,-50.18311406973570819913780800884147256982,-49.48748334310890934363189864154284223845,-50.00323182264204827432376007402685961176,-51.85248399554879462089410746482487356059,-51.23280632720436565661937295518229348666,-51.00076472965453212547249421335456561355,-50.20322489564104617221584340756820385609,-50.75210855045654052352273680729358024138,-50.12834024829601370223713682148712667642,-47.59586193352217434864003323300514121573,-47.16067271172441969678624458813740544201,-46.47710627303388335390795904240845946215,-45.81349414768354066290504807999522495117,-46.43631692140839365328816284885851090664,-50.12059506860345427841604277983900270956,-53.55841128152476159921203352637724798927,-52.51027967547276967619345222936059231389,-51.05625151953231588382274026105028560053,-51.49512049501909105188318111997102040104,-51.88503210190899717168635651971564410862,-53.3815521757269746417541487698100481987,-52.40969796178162686764426508150618802311,-51.38987773161446057573431760165086006687,-52.16285157283443124913331268126874027081,-52.71018615187743961868207532031605547572,-49.14567729019914634975018653059287673885,-49.40162378435868842241740027255688057085,-47.03358484376905515634457640227016867304,-46.86405249179428520077921837920301488131,-47.37979735093142209144709593831099512255,-45.09238585182370842034226079878151815888,-50.57824270631327822745351634911062520142,-52.5554717131557217760886154208488442895,-53.12090286279545749782290882224692460995,-53.09597555972104868587603574493646508785,-53.56942418000639284477177416606455272212,-53.31466311755758886978509903092051226428,-53.77879895187538825566363435353183080441,-50.5739685050418867134598960007081192067,-51.51510136127380923369919251259097761125,-52.67673369658178113445621281334433108461,-52.92910855763380520294426431819993997386,-51.469121616287574920004568060302263186,-49.61510793801806408534772493720630723873,-47.82348528507829087108955814762922727362,-47.25063378582344833365103117441586584388,