{"chunk_id":3676,"map_id":1,"chunk_size":100,"chunk_segments":16,"vertex_count":289,"x":-1000,"y":400,"vertices":[-50,-49.15022791280579316091669162645059284776,-48.16423373742004023290324247867157403443,-48.4285927683027697388281740958765877963,-49.18478618414963679283558022401836833788,-50.01526360795054704830620869114587488497,-49.29065979976047794472449684201325859905,-49.1428165673922486867040945283698598258,-48.64299391273083011834069060617841962628,-49.52183207605873596045550911656453030555,-50.83811561163221410642147341208710301606,-51.30763955413251181574522867099287765523,-50.70066577865093581113362996632098121597,-49.55261794123414054100659674201076193755,-49.22823447041550818864477307509595435292,-49.86440632654682609252916062085637646434,-50,-49.27350283964594080652812348226694518046,-48.25809922645426700416994626376441149927,-48.36371401578516404538425689245095459317,-50.84929248189600270685312782480271475266,-50.11629949383227588622853833429143488112,-51.3675071096827288026595800669126793588,-50.36861053040749770396881981423296925966,-50.99477072349790345450226760981329483657,-48.59127970043700552890961161588865181882,-48.47968308268721277620390902194177997831,-49.60085037928990108985575079817082708484,-50.5101257087142355812663160837361311971,-50.98500791386853804923168101960494408117,-47.58821800084411896382720975692215246479,-48.21029291278494148746278911017059808411,-47.37764846279016925373069355402450579669,-49.05843867737570070496580957209765120718,-49.76723552681406328170117613318894960848,-50.51531020366640275753354574993972866743,-50.41510347907769108312573872024431061776,-49.97131963605566880959171794243495311477,-51.53751657554841965716237072507156276762,-51.95073042703504300951837297785154436147,-52.06559934762027077606466004362055651768,-52.65697466894670024333826585671472719003,-49.95976025563414016586869424159717341004,-49.76982766161948704697908428796071774476,-49.37729781672126466203772326883336888976,-50.44619195179406671358997786900793749779,-49.71097330738192768118525881537860397284,-47.55998208779364646392480249269903113833,-46.96785426619892138729014960986003708724,-46.48892228404311363507036270692140716803,-46.90637722102087554850601365401783828554,-50.90364338143194762783178947749739575628,-50.41033065978305746482472343466541598051,-50.56855822295520985540494196415058371735,-51.36930812034977147075724681960138060297,-51.89333140452826089753767383306174752172,-52.06235944301313437368847295914976972755,-52.53020058376490571945578080199313233988,-51.39130835789798498965544063977034738231,-49.42392580064371197175907254356893717007,-50.07129258673500379025389225108174255564,-50.24667942809335847189726643786579696658,-51.4431192835812040438816639100525747751,-49.89253597168958778638500560618492578176,-48.43760576565025812667493539401659172897,-47.48311140324630583341236028572595452205,-48.75449527138346780904285593089843381678,-46.47973078367918392355818241627974064329,-51.75024360044962319859127811588781420983,-51.32420943616152739735383793232791298653,-50.54258308421892690543335536745466131307,-50.81524770167582802730744607428600137737,-51.87825027144555004829603227700963841698,-53.28208524635562904047753572185588177737,-53.19089810782132380623675245561138096242,-53.32728844949975061978478076913060841169,-49.84014617440127290788058503017230168524,-50.77667101423202934946247786955829285165,-50.1839179788875308124760648063215805668,-50.11049640887733086717841923798438929491,-50.40697695689394838961541118647375008517,-49.31039433286007608920439995673168562036,-48.13074513041789206718947255068426446281,-48.20397428348001272521605141034843907538,-46.8430245734415924120386119998797485069,-51.74302164746027475914000924787340654028,-50.67274433351437690460036806907146474007,-51.01979211649121536705720799957271522814,-49.94201351661112741245741079712139404782,-51.54021755564043339881873266997294881621,-53.47623118622712787657262400147429182859,-53.28711896783514729753210039009782837415,-53.59705231815934654700551495738709332644,-52.14705350874886292370055175039248470352,-51.33045169424601923698137669330660167228,-50.57050333909565202473741171285777253626,-51.93324225850878849026683684483956929647,-51.65241889032350045297636147444930968748,-49.55220644842936997590934594119512206144,-47.8493679117521802975843998604369162421,-47.38812145699432628128480245184080419924,-46.60660421525635090795603400178063484157,-49.83939138999128377799936492952977296335,-48.97145142384486407972815564879166408772,-50.59312258100620379819818751516506896432,-50.70327534008271821381865215029358052317,-52.98735101726070151321813555643083935564,-54.10031165889743569194505709066389083322,-54.66539736664794508598564700406260902678,-54.50272398170218391282324950560542153736,-52.99465069130669821651730105218393592323,-53.09726730536953943937566808584326531884,-51.25694783339289538115412979278766559796,-52.12648066068620766877982376671304198119,-51.89285080033376562289074583804911768521,-49.07401802443335968626871083832559978839,-46.42433607620700094326654801005656159674,-47.04347620470409040277819687055469278887,-46.46317586693210685251720852826302326733,-50.06087628229431034752022549885289335891,-49.73980151908061134633921883505276431097,-52.36800452665893073598895937603184273873,-54.06470522223742040532237484344800307273,-53.85956272449081701006341337856917755803,-54.39761825453345233650382453112290031363,-55.21787204570961538518542902194146228435,-54.6488264056388288105585930454025885413,-55.38747546709110752471315983472440644222,-54.37529000286703168984390405418481734525,-52.43790507462003500604837159804416307022,-53.71019086751369308367852946462628390885,-52.49027106317201345048326489910163076194,-51.28318746045264921793193224556681892277,-47.58196524746795578882772778376403862524,-47.77529720046818401884166521169848505361,-47.228273656865882265065634759252201946,-48.60336585225284733746842889482989724955,-50.88267725080881723881276225354856549301,-51.4248816162621502706723600324250256337,-50.8594978079190003335990687002222015245,-52.10065486330905400922220426930204378873,-53.47706985204399094936356541110607565354,-54.27745379531888952316927934423852012363,-56.13675005036316736415707712590144277019,-56.3494347299710494252431655352268961221,-55.07281593908114003698451806693211244174,-53.52079649316557919376822042600596182976,-50.79363218864210225366782629366296023469,-49.3843510988711081248103055527663409172,-49.20258376669642270071482275034915027383,-47.35312976461302556893786705622754514828,-47.1857230656869167343834714885322423071,-47.02699448102870815631211730775547482576,-48.82965445202495201639003392244887793075,-48.46468106518481710826420155692733306462,-49.2446776866621601626115425590409178836,-49.88717134260003312424262833394205995451,-50.4496979455373101827522713002116625387,-52.95958129127113738367685261640000308387,-53.04830148878556751753295285762487671883,-55.03182513187941645195728062352280038844,-56.37062922039266974576417171220583367568,-54.09000991144313237012228763090852241294,-53.38591359813949084120593541240315893334,-50.55552818986744271125081018974405330814,-48.84380119795049017693263633466237358141,-49.50895844325331946809372612287611507342,-48.03589688625699177594983012241419496153,-46.71747059138416498869667343425155361007,-45.62615130457655693428556603832658537886,-49.67477118161303111044852189017532523823,-49.89576435757847189125652679074381499077,-47.87415402805075122750207798891764604494,-49.47944801309991359531765101722193810332,-49.49767795954959196207164096033334334255,-51.51718245212822931440622809369469059472,-52.62804164123806108441297945440048511337,-54.80076367801618954053508622634369372979,-56.25937235442170781788000771299933848241,-55.22657537456930168891034554859985010619,-53.92187066322111988251018310548752575002,-51.43470228842236576433270612918577344345,-47.94452806016397183475963956824528245227,-47.19497926832251682792957799967952563511,-47.52909660431655746284212923526162858398,