{"chunk_id":3832,"map_id":1,"chunk_size":100,"chunk_segments":16,"vertex_count":289,"x":500,"y":1600,"vertices":[-50,-48.86673355150428518576762635364467550148,-49.13920377544488363534344748957418735581,-50.18832378094357041655797145063776791108,-49.63418663661145872129434569250383345761,-49.34378776833930453461492189695552534706,-48.24572108801469330794670055891986020563,-48.66829570342467458347418245123811490504,-49.81613891342733880226278577912105051504,-50.41119524068509502498931434749284284902,-50.19890737490936365291341879075317432288,-48.98582415329719739035294693792894382519,-48.34871895524086131347248892932979303285,-48.22994568693050773862668093626793196657,-48.69689094024903583099163513831042212698,-48.63613791341248090529509269996016307104,-50,-49.74500104824071582645452090937542292461,-49.91879138376121478443095885887645749923,-49.53091807763657795808343110586627030367,-49.58232568739200232211644115831242074978,-50.55720956165911114634213436075533973693,-47.83492281032998588765335688803918909233,-46.6868947855256008561212642239516931194,-49.47091718848956698097860401690267491391,-49.52504887617108300087848006769199813066,-48.08933210034188647464154594927452789474,-49.50508261138241721245018705564396405794,-49.74687113661248487522377643135417408186,-47.24873507718822507205928225475203620488,-49.35013267209289773569667350052492719952,-49.43516265069208194324993766045970879937,-50.10008733313760963995919466637294762963,-49.70011980176538422612123839092884417867,-49.70453698968873956967774165157899936758,-48.3421258725941869020375758101273682593,-48.3114651031328785323888990261957730079,-48.40209941022351198988748021888024145115,-50.10917659431112599494119735575110119501,-48.38627487499745614349675885391177624333,-47.05303190859613312265733015240157897393,-48.84052338303427559707294797230943356514,-50.19179702197443617271228022568338443428,-49.37816631230568518048014550400067667101,-48.30305217336975509913878915559232248766,-49.34346020403976387173475903579735435502,-47.7580677081639897525520575529477034318,-48.96459789582405028031956511482659106517,-48.74044248330625297100462370172789369756,-48.42964374264623250458754366630601559086,-48.28275922258757276678330061523151884876,-49.9659144576134200443521743721118714619,-49.36785898676449389894955201123517926882,-49.26665660738374058393333431587606526633,-48.91756128026299427670051764599725236783,-50.22148388371572099140578325574108892911,-49.37884692651521269403800748461682266596,-48.25716027600263677095141031913252262619,-49.33444381671356688298541720494543235222,-49.76938028287869527981154838761450307737,-50.96003276526483865337116366634746707463,-48.93462299511063906200503427595293215077,-48.33397268799314068322172488247140687543,-48.73463167133596074699612040327323351718,-48.07994389210138134158612910256629042926,-48.86351761188010970477892495540502650287,-48.55796636523248441670133984925295759212,-46.97690326336819349192478525448775587776,-52.10870599184771258126444083631843420591,-50.92879811190353584682722941688828367646,-51.21717980702977249560570758534309255088,-50.33932097050403890186601258327689894167,-50.03392630227865885080235622572142692386,-49.42530345706694925242850073834325099468,-50.69051957566522915862390711078990195542,-49.15872172941010451369048335841775812152,-49.79452489410314766289270132638540821298,-49.32242784892305821829274518589265835839,-49.08362642256894549673476556271316944905,-49.00024752397480430106234714875620855093,-48.89660125192374018815773800575261784035,-48.45582697500200163030532336315042469842,-47.4028085392546920144731478108828886688,-45.86122424793068823749928163167849846002,-45.65572610115092725514890254486563060639,-51.77742015014074233650211585992227900847,-51.6149361821684568396562166014492425586,-52.20014776835172317913328284614179766746,-52.35842090336493124407268845660148082221,-48.70218077096985630232839344090825407977,-48.90838558089178845308474521218137408209,-48.60494824662915959479463757537334303983,-50.47424733768493456011417866622685078558,-50.23702580022705223058296252375212749786,-49.8415569373665889834983206418999923378,-48.57432037552349449718774263120948917612,-48.89194683002969898349281032511787717101,-49.08634519345686705509455306372810284528,-49.1296488617834444550714340393773084734,-47.65923360906215766224183694467877575157,-46.13544107711579810775397893942592461751,-45.87953830888846272566805000909454475123,-52.93071936377840946957070377406534596209,-52.86719965674267621417011085868920156962,-53.09606506645788851794956924982352154798,-52.45545552995808175296749841987515574539,-48.3755258773797709898153503527018083493,-47.43989753887728472496212349982563286692,-47.83772923279770254126417568418714321007,-47.92941953957727676586431244523089841261,-48.84473080934559906100531090522802996574,-47.69670041243928805535602529415006791566,-47.66457103316653413806958776423059881757,-48.4765149829501000643641665236441194171,-48.6839239900253652344955801432428025491,-48.89378342943406711832417878143924895156,-47.81427080672400095495848456856134783449,-45.51719617128409382634403375331765447572,-44.43656063582044113776207792721367159664,-53.31946727832626730040170962398860038166,-50.76016419734599479213397699264971043943,-52.54792337354282760332668510956802811031,-51.09083799016212881616078268018239061696,-48.81859396253496407447079050068267446581,-50.31816556406469832236560519957757233012,-48.31992995146255989386178211746306139962,-50.08730217244086246103765504125952729148,-49.48164642003011964266322917064697321979,-47.95296505019964154291890640071901319268,-47.62951558608567034513979721666494588101,-49.25888006569221787955104886563729598503,-47.64244486895080432481106708619090511341,-47.50439415896991257058915779990748723799,-48.82641430124964737521340747325513510236,-47.95717840807269178647030246445278745135,-45.13015353145040477633569030661579046265,-52.36326455992111491459833989231867458608,-49.38746121208875351531232137131426707192,-48.93922920203679629822038754486166347382,-50.19626574615152002494411781603567895885,-49.71931544915538151383366648630901670249,-50.08891484682449178999447098683001051159,-50.86829991638426738737412913062377003363,-50.84082537823954001717924546866468660622,-49.0909714696529985718744310095135811534,-47.60148116371370698767011609263894763482,-46.41585857473585225149083010488849712119,-45.77548968145192260538565975891542882503,-46.01257004641615050885558184673766905674,-46.90713148127423616191069977452938916044,-45.95606235082925899116446571587460239299,-45.84627762008801541461071907507863291261,-46.19196713522317658579648162519340384734,-51.50188036847378473589231173247958949356,-52.03902192169498747590359432711903499662,-50.97047019657043843441137041135721860373,-50.32522933419868565674783208786841857554,-49.74019569907613451449427882084351804549,-50.14542134245306079677026153519805113169,-51.66681920092240580533367546280220187653,-49.66717584079763961143146412484659028702,-50.25731452178980121048411568118451137293,-49.16127019681077252881553745513429977049,-48.97474673545570301410699220030594061498,-47.2578243527408063612331455770444742645,-46.4464468337812475001043922470786220971,-47.74389289085694654718694343763449495418,-46.88569282307336463759742656966147055623,-46.65754513737507306742256729158257548972,-47.22704147191985801958830896580071901388,-51.87598643557827109207365866264839530709,-52.45146205373286689781133931401210982604,-51.99335404033681400565470843476908600364,-50.96641195664567052109410245633993053631,-48.867439981004268354246435630684203049,-50.18507923847672067494619026452836345643,-51.48094897437910476282292111365970656469,-50.98511882321592659641935012030667637048,-52.64327045461247005103585204073177719509,-51.54524544360248168903710670942000732175,-49.61565295737248140207088800305517970443,-48.56276164521621004994844727165884306082,-47.55842311242158582329713266321003023272,-47.70384477469060107860517466467533789643,-46.20698966153781831475822633210665698257,