{"chunk_id":2873,"map_id":1,"chunk_size":100,"chunk_segments":16,"vertex_count":289,"x":-500,"y":600,"vertices":[-50,-47.37972392988179423561048137217701228393,-46.16556995644704214941696372111859189179,-43.58406831174783420488574888803009600246,-39.69385348595935823440332664997620243609,-36.63623513972814218950779583646911032485,-31.87814319441554915610323990892561830675,-28.68239532601016966218582901092626587769,-26.00541893161720003065707925410211305701,-23.24511459860550021127805595672004124177,-20.69578051034087863985723847217691708869,-17.45143642418130985158999135227864736971,-13.07342684925777277283826450859647858485,-8.50241821005550080350761898303396829411,-5.20692118133463963235598653711359165125,-2.70418948685015170931171931936486951065,0,-52.31365041740128522874575589529312581714,-48.2062646304852114813063105781365165507,-45.31249758247883756571346448575493941061,-41.77041090838937698513230812883429915719,-38.19109490738832113932912947600408530483,-33.4366720248372719095887881613495278926,-29.53830717280968074540032097148169467967,-26.24056948315079847840821709183094176932,-23.86525397866912227003176135281267719235,-22.36030305055953217541413690108216174416,-20.21842951901514979635054894724161058517,-16.25814279733623783482070113406689420081,-13.29337552679446045842100251537016163174,-9.51530545298185991367773464249522108839,-4.8190881439589269852371749604716016066,-2.70360224369710195244720887002905792632,-0.680957489840010001615377436732138648535,-53.1310146369617167334095267376620252815,-48.21157093720866764722080738873672876681,-45.12896608360812113237625208820080493351,-41.48647086051890697326926246602894486203,-36.64769561946148322116769952387697314683,-32.1211755108207980603565283451277393805,-28.76596589305518713540352517004463778654,-26.82277931907736992203905467008363824026,-22.07666800649235945040962203578766407969,-19.85788068242574858891250346274818615195,-18.8352802804137181755424457741600894445,-15.3222801480943056560541714367797845453,-12.45175028070388300365859279474684175332,-8.55107173162126666970852277715739842117,-5.88237210766758364553170209876444224867,-3.9095948225735094263008808486957327379,-1.45097118020776528044966096076286917439,-53.57285228967012168954108576432486750043,-48.89504863919751065391430131750770184158,-44.43789176884774848351482475775409369891,-41.68918315170547635848155260834994733305,-35.75603441982163161592165967701193278121,-31.64106957616681720229347269064642365892,-29.5850297982002321850533956917375440313,-24.64913515602340145483152133852512020028,-21.19166192765962777215543882032136482693,-19.54862458978026873628235226015172878407,-16.80560597037217897050830376819732168872,-13.39220966498019874504690894815497780358,-10.97477433314700464008662035330120874104,-7.98044310490184630756485616414762070013,-6.7662812542089381524109375017763222712,-3.19067275667730221046748052000502785908,-1.25335502265525842064210983740481067723,-54.52871425768138898959878161728915452262,-49.11862340238529956190049400758973331156,-44.98932001278230201674457207814119015179,-39.67647566600342544316580356943231522257,-34.79744444397074958039982761971560364926,-31.30534006701705147751058456585360485472,-28.03901206333261903024432755934071910841,-24.65481895066289789888964953069843324461,-20.92869700631252830421439451916561827022,-18.32278759535236739854999759940690196299,-16.89827421094932442759627419427322831695,-12.77138507375752392864253502686642322109,-10.36544076342373349754908388307070675274,-9.41117675688389727839179237103357019424,-7.36219778483406206463006305670114671667,-5.64807688529390585010581378891843160237,0.030175355251139881948779839687760397865,-55.03552662013486495095193490151643808812,-50.62048301059088246793011569156101667422,-44.67330991030349890484474135137960608613,-38.56523574346836798166454670127882396625,-35.09258706711387025304430290489600235237,-29.7609214654054258623224237278438422067,-27.04712617382324377820621222992578526881,-22.90311443314919366165548294681404066007,-19.92861028012917445080883469561164464357,-18.19199578291847319531772865241369098042,-16.44958546622181039571486169652247010377,-12.08350956301708319927047737566275805498,-10.37162157018714681542779822582353645374,-8.68897631995775747258520322593710767852,-7.99476530968333949532814839279905320056,-6.15318266725359415364119188072894137982,0.2410007930703293624366840938012739520425,-53.72414159009039019768528072265903135718,-49.32568303458108290302454133904928436696,-43.10454001090246508035390045765739576132,-38.39426506859242362747799224612810388029,-33.76978491051379647107511037167254365147,-29.84372157139461092957007461947672151082,-25.35138704065115958562322980260673445376,-21.82871430478622944732716988620927061992,-20.24874220086592236271038755369469008706,-17.39915593313866535412459994134052210071,-15.68398731274702210301564086267826829046,-12.68974820211160990739425618406764008564,-9.94157621641737205909116825809438828674,-8.74283549935781835627581942478003815348,-6.80315493746246972039175951612499942035,-5.25823998233197140069403477391993805644,-0.15770086175975445535856647660541392662,-54.27358519173983840100930087574545033477,-49.87488577384150238689322590530993967801,-43.28701356075983981881244812213162013451,-38.9499995933148672083019877632081473147,-34.15741516619290594669421023016550275691,-29.19600858004455448740592031062929740364,-25.97020699982740404506262336808949692246,-21.07565573942126610955242376757503593946,-18.50502411502540933797677844085746697968,-16.07045949325723427383438654716310161626,-14.13945075090259823373145922744216658358,-12.05155216601903036789954888331082837264,-9.20512222491638060699834854233682293294,-8.47353892559308495031203661263568756819,-6.26383343965539332052905734259736334751,-3.84285482911483606926138737663329649641,1.68886621689164281118034377091110434905,-54.06734114249918461708826900781658692455,-49.49421962918361416139136659068021712391,-44.07343346911714387580151623124173312321,-40.05644601348230008635201055680759861386,-34.80932487134988929113655158793080327354,-31.40954961879191771471381502376313748718,-26.24873581083742015073380226160315781258,-21.45219643449363366807723276149305008027,-17.5980499895435297496743035782578818651,-15.90617416247987573789437179726993893837,-13.491124526820121293754123310223351817,-11.78284024951176274974586934483440347311,-10.85013652918455390164875922506013949692,-9.05351011673796761296150588196061129663,-6.33564701220100578359791374125761975861,-4.68470494328892333739606358370060173039,1.71617786434929526335538700065094323197,-53.73626321422385068740025371824697133396,-48.67473669255975360632475903803728196112,-42.79334299136340194410227797033498125903,-38.95512343360648191707671551719341509117,-37.41632340192696333033779742433025036579,-29.68242520188053726419597031575543246272,-25.99902912640912066970557728690033629064,-21.3414537806395210182585654494138675342,-17.18501741708436937994215181208068945962,-14.87858379195873033282655156727723730641,-14.06598371242949759718294451415365357027,-11.47577889725760554767906632033809906421,-11.06613154480800919654996400682245906633,-7.43034372558664348365137238907107454015,-6.29607409468957358274529868668796065963,-3.33037577769806105811113780412289460355,1.84137656358765844409091547778950762047,-51.68668896735861952841491330801908789477,-47.88333903558111556165229850725881471674,-42.76936999510406787464397920902403175552,-40.89090474078285685409212114061950500708,-38.08097521733972098929677183020607396106,-32.20915608822591908321199775051381292893,-25.02147989815977415314993015712344030453,-20.53048139389111394160575072360990700082,-17.37330136388183067937526523714023661632,-15.82004745235232135573353247853921628359,-13.03738570073022882344747580081695155713,-10.68505058079983755529417636127124146429,-10.94690239054074672809712947647307901232,-9.59020415658230673950260769073211504243,-7.67870817461299329404691046743032754476,-5.00439595900367294718762660047298952783,