{"chunk_id":3646,"map_id":1,"chunk_size":100,"chunk_segments":16,"vertex_count":289,"x":-1300,"y":500,"vertices":[-50,-50.76776399419728268656770557162795988329,-50.30965776861017377220756859485830417831,-49.74530742862480843821982825052643047618,-48.61791473821657170796161524216253583238,-48.00418128810372265224876731396396703967,-48.48778113900148768962710944800823788481,-48.28606845585411063394585720992734382329,-49.61841511576912793608268008888510091891,-48.61806171279759378572889872639735157875,-49.28987953546834333325286869712483505769,-48.02394606108292950307882623572954515562,-47.93128708765162728851110402752857879732,-49.81005709534333238388030753088776790644,-50.4255087191267337553368276365139796549,-49.86836883563540433872819584832093648864,-50,-51.15089388575287339474816025431177702756,-50.77434061869183418183090257115936602042,-48.43817405670502995700602428160237904689,-47.21188197157400500226938400612280734901,-48.66698451288570224485591355248218831882,-48.09541621581126765922175607275601573321,-48.65518335794830694696007584385424021803,-50.12444573123125903422866020166282806753,-50.80756734267735687087502912447883073187,-51.83011585709522594580984774500635820214,-50.53746875042755120412580336627888552399,-51.562557342498965993404187485712472947,-49.76212963000546694732400715379384823275,-51.5213991862191747006573122275658830158,-51.89689227430407665783090827009953617908,-48.89100462747829310820512874158726093288,-50.29236700873867328225545976890902366091,-50.73133571645997855386724072060394664529,-50.67826639893111853408801084865742113398,-48.06782872044041207979595544067744683594,-45.96934352320755054859878998864724456767,-48.01309223850893002943935810522401434803,-46.99072998433797185107677944334180890452,-46.1122359552303186431837818597275653521,-46.79059971719511459784588845431269695048,-49.64674288786698355758948685379301619339,-47.86702061411115174504055425819343091645,-47.42271278612085578675419375036252997864,-47.94045461175447288941904610026232533459,-48.46160153622364053157656053630302836325,-50.76515078138314517260308546994536245916,-51.98917329069032883215719884740377176657,-50.25683224488869218894696373025507279318,-48.71308324166706699890876249718450029548,-50.23185943582538439274928494811698443891,-50.61364114641565690408525709145236456325,-48.95967866763868493988709195954373429215,-48.23283863692559105639792509729816389834,-46.32365315088269968848395010958301678871,-46.80004531612725478196364741694835376316,-45.53168725713890472478500052381899076622,-45.95990496334736259772334388542087160125,-49.12726186135404414968958397401935757219,-48.95265130725017228541682813404214805223,-47.53524763309301459720028254736552512154,-48.57902554381265315295409148844036168736,-48.40413934437342391967538542546128092291,-50.49977398781196227492649748472706432995,-49.76713677027367184810936273506837727267,-50.31393245597974929906917365603867070342,-48.23694549576527928282518951616990106005,-50.97075120383900394807115126476703371711,-51.41849754467218092767405511041862855045,-50.40277985637864202059003114418069739012,-46.79911416589733532761347462953959170172,-45.05750646689760568053897345231133538897,-44.35744886270540587218072744284197062222,-45.00387585454857158786536135740646706374,-45.48006626684796004378143306736451007815,-47.67123094880118355347545989657473551439,-47.65141554336052571233528186789949784568,-46.49523655286020325405224242903810799892,-47.12036762038282309206965365843614319129,-47.72410287893362122623682915578529494858,-48.29949869091859801147238722630027360899,-49.48284932491534264506415654686994242561,-50.23487420949106442859235735043663621613,-49.19806393444656134560943516647773826338,-51.40207450575616580643209023841080355184,-51.02645934926320989591632126176488095184,-50.29520163800905962319834996727388855376,-48.41420614914691503821251519020021536999,-47.0355220379721597266392990121847966124,-45.77781375773948665454446975590915280561,-47.22777806947443126801760168967649349453,-47.12731724124217596501087912542794726749,-45.85832997554244842501466445814805028998,-47.40152571613267980967189600953870143752,-46.8420110843890051773141028660245585436,-47.19349208470266175657117612542060022062,-46.67838068506117246274319308416573334268,-48.88048199727609347146662823594166695745,-47.45335643918478582919056505653597259512,-48.27278304683148743940792574558800841436,-49.36787633312628863410521271046304637448,-51.06678614953344135731836894364961743875,-50.52185035372865664123910672067434139453,-51.01413704328158438800495423158386602576,-49.13752250767951830918021550780006882891,-48.03311112880669640388833694537458469252,-48.49152577185766976020986933708165562981,-47.59527538641866711070131282859689538407,-46.53785040869904867538662141405704949144,-45.72552717567069785198039924494986973958,-47.06431572770845865997452720311637020383,-46.8167905561542521154424564467218992218,-45.34393985441473276257930969135293684745,-46.08605501237876774648725776539936562437,-45.0534148535588167509298639131879174341,-45.95874258475660601047398069535678627644,-48.04222116546666879292596127257809521353,-48.71677197488596608091733605001444675943,-51.18037298085003799993285523377056634549,-49.00632230532303610629492287701007471224,-49.53802719915471089950294561569543432396,-48.2193392962139977117783544842411130899,-48.94757343897133089282892728621470604964,-47.96467123836865240675008271800093403217,-47.25952281795004418962614937884419645716,-46.28904765762361340367778176566042314158,-43.4194352562592986559466943131281977407,-43.7202329698146740155086594660724971848,-45.97206360613492485862682771585561476278,-44.83640351639373943054829899994612114362,-45.56785060825508968798142907628380883459,-46.49368490190684733455711163243129708281,-47.58126665363020580923618291930919802038,-48.97358735683052299714925127832760637178,-50.25847222914471368472392208304808125691,-49.45990335018138635868964044289189562594,-49.5050396610446757649715889542283827818,-47.67209545112842714820509830188851036128,-48.28249031185409442218261510808156926071,-47.00707805311149788963985782513580874502,-44.82406681501024425921338424246598343096,-44.09801264903990931772446649333531908876,-43.29360419905516359240182990978793220614,-42.665350661748908952626568462813669023,-44.47989973446546276830659036450009236842,-45.75230884089108881881759908041307177246,-46.2892693058760345612157226581628854633,-46.60039665077147952090845838954905679311,-47.83633365517789637135530441366128822928,-49.2847718779015426575057420980518894523,-48.97687371292844088932912709448768217138,-49.89204933328812548286120453915491977865,-50.75465008242177714110042792621915928836,-49.10429304443260310568376168937496423121,-48.74454684424754204425738630868452622241,-47.8948818667554885345828768680096724782,-47.78157711461198220729216759067916282353,-47.01971759160047356976895624887392849441,-45.41275271522021571069426121362716179195,-44.36938756495242361375231742719728719884,-44.80725059310768749928696600996713527608,-43.8590874158236727327787046002376200576,-46.07804124680753716787591734689282225847,-46.34678211412690226226450522253848211923,-49.26816268025532193155875404215938710678,-50.18604636840918593739889243911907767391,-48.70439638285503709841129717566266046742,-51.28309060403008370139748756206831809167,-49.8978077015400142817327628914819112181,-50.35647481440752582370332906564158159833,-48.91064139896454513185563604796836185286,-49.6001680179828770886650444716658404738,-48.52577244077446778046919544010600574914,-48.22194508549444606050833377925629527781,-48.26833965355478068111426526605707389426,-48.13295477120722360639691501878105226248,-45.00143244136910010409440668684445099349,-45.53373066997313683412823573209624351347,-44.91711374505237239013517012526406460865,-46.09949642522377682232765377547278631639,-47.10816079666728396075839723568204638957,-50.41107414087039954764477242631782759082,-49.98499965871776340177536671412980841051,-48.65133017625744509118665513402201133028,