{"chunk_id":3692,"map_id":1,"chunk_size":100,"chunk_segments":16,"vertex_count":289,"x":500,"y":1200,"vertices":[-50,-49.93715972126531040733039920659342495202,-49.27641514383502582268387471480629330717,-47.20167080267152832645705414467946712705,-46.54860011793223336916366519106815128187,-46.11448658177856625514386074575854295597,-45.69027807674494176118267678732026739741,-46.43503507588702155095730870658679973769,-47.36167960114009565628301924767355344962,-48.90898216075635008454406291720659283198,-48.68230039682796795580668782282658788031,-50.07840099741454493874958929562244677424,-50.26001510304507603318078992774158153895,-49.02773827572984394236516587782666851165,-48.63320520442505226780943322516275951127,-48.94662185755955617163156647613321414845,-50,-50.45742732552118110408209417644341922519,-49.206665380256200367166382923580739673,-49.22810767002284710952791921530599077629,-50.87713059547399133546213256414483819625,-47.70553984119444192906420592468869893844,-46.82311639939051901434918840987703027254,-48.83142464660312421267780160048530735995,-48.11439434730774412682432707154897385558,-48.63485313608768002444417807408435527108,-51.14435570480331599254363422984713207413,-50.01972061328738825834349269478340876321,-51.25616559632956001671970861199330544412,-51.93698962242693629243110530139078550358,-50.43936846638870472517314288634262927497,-49.75380487358775045985010243431552637094,-49.68555285211340643990796829776232120524,-51.33338268591371710863854972335248097671,-49.67640559782491931557762926891463763495,-50.53039284302910162410981082006293342056,-50.15386737739625803549323179958136589495,-51.15703288866676338122697058193852104213,-49.89406490250785482697049073535166451118,-50.47869319501446858572136539643441358884,-50.54378793687179298805144156294312139391,-49.64936761809240432331524022384104180253,-49.94803729392313640557763443617442428071,-50.57848558172248171356170808471753285519,-52.25189182991235625182160009463084376967,-52.67281985892439901627329722067714732515,-53.21527981113662378951243013541813542939,-52.6091505164002240180049781952647403489,-50.79618575372474931413517180495026144554,-52.14845243154601625959406422171091446682,-51.61709347118066716003058829848062487131,-49.91778709957516749889001106154661384607,-50.15481657867638402038140546379520311842,-50.30335669999798653601333732305893136497,-52.71598458452179695310995496133896958454,-53.12986720132415505842330528761682249057,-51.45603353389837341178642460241701412298,-53.40310542301457329587481546794738016097,-51.40456264673602545624380635333462052675,-50.43432543968686865825313050493173479952,-53.38124374565671502294601577289733161004,-53.02636673031192957233161372756215526353,-54.8390990601396919172049069129968681165,-54.22286269624485505705926151180914047675,-51.61492277434577896190735205076685709818,-52.48339372391793689860342459615554182229,-51.08144225398721024926470878312491159717,-50.54406839057552637824060133831971550443,-49.30000822997239172226687979788921242378,-51.99210664520076828068932480903517488761,-53.92740989982304727393965976100845580277,-54.78996680996023200372468530089471487086,-54.72589905235024580792424333355294239013,-54.00691208896679199798525110481626709669,-52.7274772326285098194105229614299347348,-52.57054591149997137107870626262451934998,-52.80505285954427962174419213519041559072,-54.2946143631757073688490975823561931443,-54.58823620839518553563553847433721033073,-54.81130403448358658791891043173387616759,-55.54855113906035583438743968958816391795,-54.4526108063917912790060718932140460907,-53.64973397910200159846919521874948143125,-51.59040373846039612459984735212348629645,-50.67508785762972623881287608557165641163,-49.79508681274159833609727065358016178772,-52.90127636040268725752181664583539719583,-54.23827456258231757544982587685659258173,-55.60415914868597705200207501798787369535,-54.51408037286209178329073647234938278397,-55.02490093727260863769231601073258020699,-54.14070153956456493318628872804838786552,-52.44592640144303305774121672364661966825,-54.50244928731819776789455443294296075498,-55.97518805869861594610130293509678565986,-55.24422187685411434006593917911138876445,-55.47160019379627860142118146673566939507,-55.44474090601692721374985977013390008977,-55.40876537071521667160602337038626466186,-53.70118244183477882458876678202138709988,-52.05349360971794865657950903558953845871,-50.27186890433305599055284637082825551267,-52.14188224691421677690137514808610324901,-51.66196349645238172171968301016008653552,-52.80387462697828333314931565227407659484,-54.85552735910913899292328723051616002435,-55.6933210163842235297779789536667936019,-55.13526391530334301991981675891158794813,-55.30569138101955726620487342006185354533,-53.92947058252447854977198961593608381579,-56.21440325531196029270523632345421571611,-54.81378488410815443012123496984173497855,-54.83396192421135557372852881681583841344,-55.6779008451989444495174760603329294458,-56.41801359396136779715463438423821632891,-55.78113050162037777820074721237894637735,-54.10200691548343370822088325048667836148,-52.80992968664966760498586700346969646568,-50.57965369728691683506473253140828798409,-51.88934208146076496645258325628261458688,-51.64441870305177197100557261145629820085,-53.50261923443928849867319093360609201824,-53.78550986135413213392673201067375218445,-55.39924446347066375885357579828096813364,-55.36986340108416282341223320178513464945,-55.1060577327577032287382546754922408046,-55.70079701377238450473595604208315424183,-56.65030199402197961041163926414980945853,-57.14858617356100697469686977212224695996,-55.64244005097047241813875369922549729642,-55.89999690675826548605975317404145109428,-57.29041592599519955213800500029751384112,-55.42238295815633959229507975402887801979,-54.6358629092390334522231299577057344953,-52.59551230299692365317549341560858604198,-52.67234401759972168765245359393258870477,-53.51962435498824744005436292442922578882,-50.37318453316309687507105011880970722906,-50.59055803662130626717206596633401403802,-52.51577323508171890089055929410327632761,-53.24892011521958485506910520548754563714,-54.24827747540273149974617509810826151105,-55.06026844106707768990568839829292477194,-56.10938659858228322215867600134629821786,-56.77691322220348654360564500563234853875,-56.52884985456893397581294006226254368203,-55.90426654319709924703100110707430028795,-55.1402307093792056462860220178385124617,-56.13754147312526493097142419970583514144,-55.45801912288282375810983817700497007915,-53.51256283409022840333498520516944522778,-53.86622282430283055055147666630148870484,-53.46133350068373097632697025272796891153,-53.52439901210335250659092137494292521959,-49.59220092939657165642906061578169753792,-50.9537075864897285204525634598322161959,-52.93387217095649530955009590102143983019,-52.55322905120324282733836851037481363549,-55.35171867953943743297722609424285783456,-55.92652069346752200217170413749776200494,-54.85922322543855946079993301610974429128,-54.60765992106777904346482930318804388373,-54.63504245768761343728705048797521408527,-55.4191797803019748463654338978691647251,-56.86619485558541254710194057718138033024,-56.0868163264080823806794694048876723913,-55.47060987045272328581299428903558615285,-54.31618270589294436773564599520049412285,-52.11803622761382088612491785009507440013,-52.30205117036137424567411842040386398017,-53.42082005317097665185890093252346009423,-49.61614324351433627047383237818522985098,-49.45062587506739879104762648633485481871,-51.80405832503535329907603173826302137554,-52.4286101021910487430013627732459029198,-54.12117946732335597770408189493639714767,-55.37118254179578206717421794516646888147,-53.74833535097579974734286867040346872968,-52.38773147251052714069061377398252526335,-54.1919144283176288497768203306934913468,-54.10551994808213059122492735058013916795,-55.57802588742842318796104147395493023646,-55.82935088565128084528013548250309127301,-54.56873658337147676617818432093442671864,-53.5896879281528927613897671192299202529,