{"chunk_id":3251,"map_id":1,"chunk_size":100,"chunk_segments":16,"vertex_count":289,"x":-1700,"y":2000,"vertices":[-50,-48.83061641477555337893121085810200142406,-49.30693219634283883183877184868247725586,-49.55892291249538057429056674359880750356,-48.25802160267223957670187613598124279896,-48.43861727058451619572929935107295560412,-46.84860432392651811223971045259407249727,-47.16856701633973158457780281736393672091,-46.53753954929261894308104965956177031729,-46.67676029098397205493874039698190723615,-47.61648625421840082615280150283030152,-48.26334088529561467435030155936489337976,-47.11241351595587471704514068780787454414,-47.25550093725495550830718830472762959423,-48.2325693338288242409469489442881841522,-48.72465491830355391641200420075115316595,-50,-49.72650485885821322688701829621147891961,-50.82159158384544077156343747628352503624,-48.5500119775556060625070165983570103732,-48.66532253436359920919935875213805231334,-46.9260305920318135377490802535420187795,-45.6332232027191137592082485970424605989,-46.21377279850438790978772619614693746075,-47.69390272969043372392427178776584829167,-45.73969261883712216713833524768067068901,-44.30842602419901947702492276917580126696,-45.60074432706409957455581718966093306149,-47.78492915108810518935920197874743679877,-47.74851193392962059204404291922849791852,-46.43214968290923768454238592980736307335,-46.90139502255180174012122672954510225187,-49.60524751792345694553976277447682714756,-49.68083632949955586810459469088144671587,-50.32094131684501681109822522749555429189,-49.44793221944597800443640878327436167298,-49.28527219534832197933580799078507458681,-48.25238855605228344939841117678433905904,-46.77208201241388830959214668117302069267,-44.90776452693806657487946967082048751391,-44.52304809688742063240780044884286596229,-45.6398482350489121470235907269793317882,-44.44265662790560660259228097020738558318,-44.502518393933299186549990392278483718,-44.57418948499129286023275414251724615473,-45.53945839305883368386638429615346329157,-47.79783648331176056826307152866422351243,-47.63011145066229393690059361519528396158,-47.06707717827563575168649494064306948759,-49.26397526198135850033789323508602841568,-51.04523623375399640609908676581651448409,-49.53508742496603223048044715322299399631,-49.55483601339517645119135122277847297871,-47.82752368191772889645076326684457137931,-48.30684567236030731733847520747219473821,-45.04764810023270635202329256928787918182,-45.86469390388528849429623878787381729051,-44.04557713037020450314497162362516343407,-45.85769803763477901594624587656706184719,-44.1690569919819018039449823124153399237,-45.59583030117232741610490086130818500804,-44.51604231555993591606423150286651689036,-46.55573473182498898153449488074473325363,-46.33608897790890790894976766171847156566,-46.64636241097005781281382487560361136244,-48.14153926013799718345402876510847002025,-49.63280180463367342855496478561021094074,-52.58654656126419111835217651370319076711,-50.39159118601296987039789579561970696298,-50.90722732093240442036276611360609071879,-48.31363693521233857352678003961734988955,-46.10047749221378535423679005208412452182,-44.74967638351404768715571199615578142847,-45.43631250859407941551470741445332548241,-47.84749695703012672366337191879762711297,-47.37921157455732200222192775897310314714,-43.72818386629455542376807478523718463932,-44.79885817467126361492293351069797870051,-44.1367823946422612477009120078970687708,-45.35345623468586107391384061612284816033,-46.77102463019307992141477330742905473594,-47.46140335521217150051200612611523042831,-47.4554937067480525990118117947384839535,-49.49449718734049734507029088453917105933,-53.86408841103667162003887356265832550723,-50.77182904279667437805010408720346186547,-50.55863760882179893904007428967151246146,-50.54328018543113609980897780029890348092,-49.20992212146530638608544017975998048837,-46.17226966174746081189732416299940296825,-46.73457838929118073170630461919989913559,-47.60818660729164680526344242867531339861,-47.83253583090998375079437239128720453246,-44.7689054882129938049943038304525067252,-44.04785535193537302990805332893713912712,-45.18132212418359976838146970759715839224,-46.30756261540544351530964673188763018391,-47.42960219457602566577186020310078699369,-45.62668341147066410011736868904822148205,-46.65453041845958900520611011357626574503,-48.03285297918079935558342489901940235623,-53.83838293005879869521452365492374852616,-50.46459355231112806556501388730572924375,-52.40218193456148880703373646444106981935,-50.87200136939326415242991484374431035591,-49.8415116959530013172991339284644717789,-46.01390073730225283316671030283270163471,-46.42179600359823236346007664418305159197,-46.1212275030109477398981329959657914553,-47.14717330454409948215136000873124148161,-45.08223811497594462431001605783724282907,-45.16061341996449965867257234274143331922,-44.61665376852370744183640056434586204401,-46.15060796666288728883500771015243237248,-46.45222509099609922115782410764086970476,-44.99751113744079358422076881417618145273,-45.4780431731738089542436545821674457652,-47.60337751613292037861186681605024890915,-53.49782149552191340977391733056953356135,-49.18456438243087297966942003423408071454,-52.30827429795188102379854598378866689558,-51.45408512769221860998209026340062449133,-50.21717456350650302374127393625317218386,-45.84084916969282206580137921956762359051,-47.28725360869585675627230300221488568524,-47.77172042081069383047174708967262140184,-47.14028926948228112461049874768110490982,-45.71594939985383153909352085505368916331,-44.57221216079841627418949929802919718679,-44.54566736500171676808049583344674566808,-45.69203039117797083469703093950088343908,-46.6309609049348715171611458467279372375,-45.43478790549591502000946261727605986573,-46.28450125046762989975156222643900447856,-47.66553891591357634135208519093753710014,-52.26932546046329706416204724245417069603,-47.86226821988653315569287469993822051095,-50.91134224604457637171060663834250314883,-49.70836147252961195508934560435886206104,-49.61447894882747748304313101517332123813,-47.79549544115866309115493019071738930664,-47.68263955045791111122624651782863379328,-46.01617601899291136115998109633557532092,-45.98770642567505867058125097131415363414,-46.1781072670349293992738874610816948696,-47.68063682915413656517053681938137036325,-48.02447167429520877949757094103770430446,-47.13847592868514293942145998414173546552,-46.96437609410324970837283554811465175526,-47.03012042223418704833455458286796565239,-45.73317651386512176055430659864553519824,-45.90710100646761948602873659795282746888,-52.66214083221215676342919034221905652886,-48.88691982416517085938251072978915913069,-51.63850253108273015095927527435336813034,-49.05242196844971562377776036924774989153,-49.48709051087581865344808141510986374226,-47.06362018084804682108175416600459836514,-47.32344468944555345180981151534367791405,-47.50242888138103416692030616748347685882,-45.80350218605531624463846869516957951985,-45.66802383388648934567965344443919096046,-47.15369908996270300536496976385616015588,-48.754619962818383469133737917565789564,-48.12802382747416835737759530922249968866,-46.44284785791254881626063731858669196772,-48.53249320252421106178498600714368568112,-48.73745248703513483562483097698641883856,-47.89635223346757367921736067443790463098,-53.01819149626726941094505325394438812046,-48.00437807568824193092778466456216072934,-50.80791400569670165531619939258057151221,-48.03298637545186937201321834369669179258,-46.87680268423905514825440539521647549275,-47.71940704086762918176073703223955541632,-48.80148607276363299740299472733034286037,-47.97542358493464524575457387085796310369,-47.64587765223584470496068554745706483672,-46.18104442915092807370920677782271450379,-46.75348785117547932030160273773984885444,-47.70565845027395273999167936594099843872,-47.67865027568897104692727025941304792309,-46.87970908036863504369732821587891989674,-48.75271955119162638074866831152346583939,-50.7767675133785757440912240957914815699,