{"chunk_id":3754,"map_id":1,"chunk_size":100,"chunk_segments":16,"vertex_count":289,"x":-200,"y":2100,"vertices":[-50,-49.65265365826680566260558470204651770968,-51.11990588265999321822681761983983495762,-51.10666396580328122107765983333797658088,-49.86958182554826076310953213098460497105,-50.570151616551642752915726868095072456,-53.20631249817070124717856261733591940293,-54.53895814706009320982183453975816197232,-54.11075063786965844282604411264299336663,-54.14921853851360686038726720005222442077,-52.34577660268100882382343335296444470079,-50.90853350425902453984790383600827850704,-50.0334240086032929307149835415899213493,-50.47607921087858720320689782135861260393,-49.75987196847233521645533930872531388832,-49.29598947650360752100813086597120721698,-50,-49.77713528760716251160495835712208472961,-48.02171972282822639346171637980150259804,-50.35586632958483777666882681932168774414,-48.57544117549755395574258291430865035876,-50.59115847587581185379271718149502516946,-52.99737491917501414164119021620469993411,-51.59182634176061945582930191402347756049,-51.11332509518512445013906864979334557989,-51.93215593317981780642841834988436976787,-51.59783699966784512057705531139075591958,-51.36759820413746263564217356308645308295,-49.05261450754762079255718289453515673058,-49.09014277527984083754476434307187782872,-50.01807986448192776742170319300366790707,-49.61227142730155362707576772728650503337,-50.79816156716916190407083191920831851293,-49.38649424487167533119932358721783698095,-49.4439343168482754316659268241289904356,-47.2058450309781946939893085473555000008,-49.09909185471090397874378672729279528922,-50.19970197856385285390553458379170040357,-52.14120748341291876736216525025496367897,-50.43273004663682792268623787398303586346,-50.3004309805216112176718602116847306544,-50.20858139461927170093808210263287496238,-50.04463090483923044418976092029044941235,-49.66531785156999105771081808453791354046,-49.51909567246175974296685696920393291742,-50.04185091964312253150382001703909398927,-48.50997389098821152950777716073168772698,-49.93004816627280918209832772405431299935,-49.81103844100069292073813525390651954052,-50.90713715189359195473399903270839212929,-50.14878892642322950772580077697879769097,-48.4463707783872535416441327969012626425,-46.94302167263694426096171341720552567872,-49.10368621343881735004972666326393722782,-51.71603106158818695734308711751223366617,-52.956979994856956484547422887284594828,-52.67320963976894483982894154905963910869,-50.48915956528587131671901005579501718359,-50.21506920388752583360558243828466144829,-49.11068107458940710161768608775293783465,-49.30776345732612138792643862841577651109,-49.10733833833042629976071095698534825903,-47.92724854983793279038038882961142304248,-48.89104498298266250212487698129457283142,-48.56441810061540426576674145184464852282,-49.71927585662045800781447731175221968968,-50.45270770122048022226902847641157807264,-50.05048002092715559965624445239066532179,-46.93575632660506429232318443182009832534,-47.77532645108467840864370883285252814259,-50.75530877150770183179623654846062183328,-50.57936696774010753460083603209608484159,-52.2204336633849257590482915351107730797,-50.86709380718723394527272263363394646741,-49.80208987273063838258821662648006675883,-50.0615326380403420423376896461778865154,-48.60586814647699920538194091825164717982,-47.35409150934946077883899676860843841757,-47.81680482436198452556040761770834695718,-48.19423348891216837289294942453595680301,-48.08634897232685222441926104474818713762,-48.8212554409586994657741597156928946027,-48.91591962883351131491653728932669421422,-50.60509913271201297844804576748340149672,-51.673920157925415070750843261291870304,-46.93896045636938630115031824155687464824,-48.76520519454383643546371599085127167572,-48.5645000286826176865633494435716265016,-51.23588916685915479633558510150601111179,-50.8937136941213465509571293608948205674,-50.95011095412099822807146181444416030383,-49.4144083252423550144609452584456528568,-48.34761772675769563754000290866485854066,-48.79912565410215195339857608580789192336,-49.25223108461903188427474011784011188142,-46.85442839543142367709459562524465043938,-47.05021085996781639535080646503101666286,-49.07170199801958017910859173951021168286,-49.95551384876385413845489078031238423794,-48.11745696849442847612401662895319300813,-49.93533246149327265337038308336944671829,-50.08589658114323752646520423534337633571,-48.62682769206989315153842578434809152383,-48.82716781055810944613270096873152639755,-48.11214588301433975384669019075684218297,-49.51473706147109644872376019258659501655,-48.31453320922302989246270263387430628538,-49.39540619815377417181046563137850101899,-49.2710041691005389835006699329670730914,-47.93593105370403743018521009276600504946,-48.9330053895233962559948721220359578431,-47.21850753237991520805287888710430444065,-46.9682591981685698435442791735436671946,-48.41207987844649873598337651813254016693,-49.40811462513247081867736862974696028972,-48.27664037027810278795175733561749728517,-47.45259660932723059572908298350066252273,-49.69777652208954693863195247616283941042,-50.38118195216955208400134145138647273887,-49.48861108522181108413658202771317577795,-46.53110557009915585240109224873057963488,-46.48575416059952507466149459056229444209,-45.92784818427457837180864172925966004927,-47.22027514812827819539309269667803412126,-47.91334059071560349032122657989677314702,-49.12672365930654689916969780189890744845,-48.60508455390064685652734032399423237209,-48.645113492669525685828649159131304734,-46.50586017444074558532486419549387940395,-47.97497849404580417768454639073749281154,-49.40443209567999229444268202836133207258,-48.8019604909149049481742191469186530812,-49.22480154319041053868591869131989420692,-49.57272773183326763096002559104919970808,-49.68168608875872947338936224212173806689,-50.35810499125031339081856494225990667359,-49.10512457661184340588261140615465381058,-45.71483334833597338137701919385891754535,-46.64004165041795913845351163358783938823,-46.46303099067172607937221391105979272749,-47.34939370047477856005956779752474042756,-47.4065843804352178750051224169414917861,-47.04620497476546727993939850419686105007,-46.03769929531465808562367101061417242071,-46.71079047814861858560744696900502253135,-46.81812755265680201271564045077478706155,-47.35211840855917881583557796374130648289,-48.541291480165499921834257587618679084,-47.83342864734096483127815278146799904375,-49.36891048217406334200209687406924258164,-49.14037249285626824771944390711830273745,-49.50981052279226798373879515699765719477,-49.75290744369963586288560105396521764739,-49.07999278282669733508770705551378420292,-46.43187800485074650451518467666080626005,-48.44323241468768007518625997396442008391,-46.60729348305964194971097150665800807365,-45.66142595812675247318091868452096083303,-48.45090262284590048399041163592423733038,-48.00193275005881090437251128988817780549,-48.65569128911293923033054014249102751288,-47.12767770493802620791896134082955076899,-48.16352598081621842918627358868309164413,-48.89860989576701077324225464199284224098,-48.88070641907915091283968928927200156358,-47.33535959433715971865071006736753328936,-47.5355473393517297937734579165630626606,-48.27943831965432794019632847243595704957,-47.67438554113497540135816607768453720585,-49.24911074975556990076982398501695959725,-50.42849112978956897772935457112663794574,-47.05155043264852246661575005991011416202,-48.75827193196000845560579287075547557716,-46.63422041975967481568221754569097153162,-45.70633945532027183159825516561834419176,-47.95183824362128503248814058738586880327,-49.01803011083349618044437213706547274742,-48.19711548670539957644769143848973392644,-47.13436258118608633039892484619201633017,-49.16921375340568501427353952888223094746,-49.72201528612798009354091583020793968641,-49.04974447591021208077566569523504835151,-47.48141925508380181377946472014750662149,-46.03351481059869334837463839045491705293,-46.21695823029689082191717543453131462193,