{"chunk_id":3835,"map_id":1,"chunk_size":100,"chunk_segments":16,"vertex_count":289,"x":500,"y":2100,"vertices":[-50,-49.18858352421408671811713343733404543842,-50.20449516913129275829517909864767396061,-48.65671243976908417042859236604180345163,-47.96494659125301950124333603062816469592,-48.11910413019279177130334059367724604899,-49.60275598028504505782016293432485852035,-49.97127408948634060863357013066481459462,-49.36487514007347085785638944805813287085,-50.00437268445359135907834642661223384358,-50.45462104049569110392915077616852131564,-51.05016721853550449333199009898568184446,-51.44796235091693861794179102207039281934,-52.39765599689475262091568863805781714163,-51.71069306490624534275477184059711422406,-49.95339161322263275585233844115935527651,-50,-49.82509105325310921580591590713221646739,-51.00279391631169383396867277198600874725,-49.198696982822058338918985449710570176,-47.8248543791674316818482012699210082662,-48.87097980271460941619506365879558257053,-49.46376641313146530251786788711495473356,-50.23352365232609972187902108741345873437,-48.14277058054883012865241713750769796871,-48.3898557030125254725200681633175682877,-47.87363695268670821917679847524300402158,-49.03902090328114388850456226180945470339,-49.32334970735758399133290737846231664372,-51.0080734401307138404390615217163576038,-50.67109269101355336925347101969691588731,-51.64526238026856556410648011516428391444,-50.03933361945746010462030217455198782267,-49.29091008414883718431339341591163283476,-49.91521073555903284902935445603937246387,-49.74938098596307607994463549714403463406,-48.59181368821357382966239745109600247417,-49.0567364173635634013430990426388081224,-49.41238174310803260680691818417547798272,-48.81274252180021925842203723170631984947,-49.81557210676148728039039820333380770372,-49.31129077549198797687437211023465289753,-48.20532758663801088283792752949418739354,-48.27469231597728308770553810789597391541,-48.17013520802494711359759035719098615681,-49.90620805633957177337964135011207730369,-50.05730630884119939356472944156275391975,-51.01806932873730034647906765923072723493,-51.66221300730682450802849712333819321128,-50.59992740622348231423589434512705181082,-50.52219703428636670809616856957125222354,-50.51644138471932456614430969311186028792,-53.0080846489636661363318882069738721386,-50.63343531516350005884368820965856466243,-52.59991463870195521934394479929215461233,-51.45876026363499296315149387962426348728,-50.18383801709960641825420151346630350568,-50.37830993640852822803084445074988925568,-49.38365708855134574551652158130318999303,-48.21031587200279218274687396205216719707,-49.54805745564472063555192729972025499284,-47.57753427903266463252549220501486111981,-48.28370873926981099979272874424201575559,-50.25718899432773661877572272875271267854,-50.61137429566372341703376419908021590259,-50.21866689328264424120447597843460364099,-51.7698698362025985742995020174233171572,-52.3222926484504939899936868905350046369,-52.27978277282966979257416252505422735391,-51.69371154921660938291141523868509308939,-51.48525998762601244364027839353604426313,-52.71409053750116174801827002037233171211,-53.50842643874394734531397701238894923586,-52.73431696276221105047419301515122232286,-51.31661954918575311790757800688344293895,-51.08623671210034044892295455412455423311,-48.37454857112707274865058344542381394773,-47.37976200931801359506646427634615271072,-47.55363269879440414455701374328749674232,-48.90242373233759517595465335593668688455,-48.77610676791786376656391194422230071353,-48.93386878976650333309659265714243443728,-51.00258694203382902136848135483143522998,-50.80641983853445417170138002918806760997,-52.43867182864823643822351489008294283098,-52.82576560080520498922382377859154389774,-54.15801141262406384046887349149449137235,-53.18715616269961448864275919211683068705,-53.65815804024178702522161565042941313862,-52.57223032236611720881763917768339479841,-51.25061228610033835868817043155866827324,-51.8838451340453545180682574787190792301,-51.87131649120868315027824296597207584093,-47.28232924138108453490403627294888483241,-46.42459667172044427740655763392708700206,-46.77446942229018899287713732353712349554,-47.48458402349261296101247851165645271635,-49.15875777720317122227191308190418348186,-50.7359433796949901678056811260950713747,-51.27641242703409725689675943242890553498,-52.17880979662540131847073935035516372323,-53.22548461813443799707929496738928340436,-53.47876118954773341614687344173060187815,-54.43607317782057221919670443074600898598,-55.04198029061617326756692090514175500101,-53.99007652146595560859334933747514342141,-53.1269987394855810421857714125033820569,-51.5852266888657908909452122231124410113,-50.77870121891891539717039831315926862785,-50.22519109151620377741860359292558886756,-47.74731676705247818511550820569579755851,-47.93043905630803098175285254804723564971,-47.09314088850608335571662714125580669747,-48.21012293674392583795475146051713518996,-48.88911665205359777206594141132905037226,-49.08212159362094345554733762533983845688,-50.26401694281652552612810356624581264005,-50.832570637126328127516391449442431827,-53.00369839013102735101245043636306579842,-53.75375425315172242887324163676578121555,-53.18650679907333991024175963753333106135,-54.69565669626169935908477983569777853353,-53.27578138019110676859684834356244823549,-52.19993494207973700903283126896294772943,-50.43100192550829225980551799060596822967,-51.01492085686610105353463574729845747626,-50.29206436862977146553587165726951322251,-48.06599341486229306096979721932810968963,-47.98816578507746454043679873719849243495,-46.77236914556896533592615041790699804618,-47.87641481982687982605005380100981219953,-48.5814797099920961011050578166950335095,-50.82348348684066649990907868830030632821,-51.42601700843147576648431881014262918411,-53.24264635232814966548147598082186472647,-53.02762707567751829790699698050786774314,-53.72939833849084954030685873932521417872,-52.80540241203814146958607857786348660311,-53.25565342582630369604752741263654916157,-52.51415958302471380158365627596313956571,-51.63967821739860538518628196875693413799,-50.39595115389206643098458202860645386599,-50.29176565656113991820918308371360798204,-50.36756867823762470301167520858989399249,-48.7912943430914382083917978009794235574,-50.33151450264637797008992727934985131235,-51.46066498096875140232689925781140851881,-50.51560516656444015083998456667920351181,-50.94005264196788075459530872557712539154,-52.29130776152850816070428511825535206302,-52.0708877788098103632072717220144029431,-52.13978860420918089535790160432553355295,-52.98019379184924231333612467002928703644,-54.00816016499157471720363542728428471783,-54.82011966667015824025841595695623706333,-52.07776873890497457755481086447329234161,-51.69366398718632547185094384417432539698,-51.346155922136621817396131515286233274,-52.02770958725356837088427579954743193894,-50.98144079607604902711625310173335608459,-50.17709096085377683878246108375938458982,-49.25114157803359468995645843115490858444,-49.62121151793913906456468182200390762085,-49.61180788562867221533873747745756826208,-50.39738027920774865946727343865988310469,-51.10609414045851989716621432736843774058,-51.33790813460020283896323814447786101261,-51.2980810162580677209380532199203951664,-52.18264705352831021797219932869947897609,-53.04280314929514883666253257871149053906,-54.29691443204426375041050038289629343424,-53.38044092375233720489110510340390207469,-51.88213788831691208977069674031733481097,-51.92249640676687047234298552298424971426,-51.97989918309614748194899204611917203057,-51.1334373966923854171176640996109471195,-50.34996835347112449727217194366604029333,-51.01915891291804787076088439284199445753,-50.94243897377744606758533320558412566079,-50.4932722007473974600521522195647621575,-48.80099541285895424252931236372068923176,-49.89880029164920645778330274747643616373,-51.49143087393252994321020295372431294603,-50.04638815159507637925956804512631995658,-50.16839249051134402644266451328401979527,