{"chunk_id":3077,"map_id":1,"chunk_size":100,"chunk_segments":16,"vertex_count":289,"x":-1000,"y":700,"vertices":[-50,-51.58981020709182890053865509696764526822,-52.3621521752955271934358142273508745774,-52.90502178936925706068384541592541560931,-51.77608309595129802888188746130447853176,-49.92804359781863460410112333855064639811,-49.54719616638073165594100692441717279703,-50.75885940692196699085668479129508578319,-50.19732585551260079720027863376456342363,-51.30593143547230201400378056317348381004,-52.04360556351956959587934565914106566502,-51.23575645298193486963802648797419656167,-51.34114162502977075710787749442782423758,-50.73531524381879116104645377345078942481,-51.41187164086412040273523459205792241444,-50.91657431824273362415569769487577397239,-50,-47.32423127835683287294077699767569593688,-49.87482459512970104069458615317914746092,-50.09778591582661667056616981827387298012,-49.75799267784830473717206978736131221794,-50.81519918275262504768730744681639848675,-50.23654682434756294538767037508132438216,-50.20836464527637853943133520540447290315,-49.56724983077793558451271167763931071031,-49.93923705063435665623115629626721076619,-50.44226068826668305470720960614126526066,-49.29930779984421926709632322692537806299,-50.29602944621155376055608540860121724568,-50.12584948770281792094387111771685324232,-49.62980813252160705216652995181493928603,-48.5790266999544089948656476080086496902,-49.02964498368450189636760376917110953517,-50.42066764729584269603674283513208465456,-46.44649231287777662906446515034980978173,-49.08741819007742179620616841852646202543,-49.46237413072658473359897200452571229517,-50.05027665404192167487799811801803955947,-50.09161187726506395967068995871361903536,-49.78956947588473948135970242156279499522,-49.68107084066432182591577913590548693925,-50.71903572312270318346280364624446803537,-50.19822177549935924285765462121379350476,-49.65417544423150864990493360772868276961,-49.56170166485417521524774324060258866805,-49.26841869775976885471389382583594436205,-49.43096240471723882224278353804213232973,-48.71733900127997548991753215692600665735,-48.96467687120398503699381716755265021932,-48.75778286723038009847247204175836068862,-49.65265027986698784974205830040314719699,-46.55300375349540022475420391119119963918,-48.80316725665564420804505565437245603649,-50.421814402095458280321812434032531959,-52.27279862081361791956449674042698737917,-51.23071016871406929722349437577692848304,-51.18539980821716234132154440042144733286,-51.62233894513943075875334289409268024725,-52.10626507759526105524496897340405647639,-49.97784733416860438710081876224194797878,-50.66246704968045667792812819318419779749,-51.8974544596391088226542578219892593432,-52.36172969570729799001822617771917217342,-50.23346677076475443934992276182840341232,-52.01326689798723161160801435351365977398,-50.83491571011952584005812982211989623478,-47.93196726422303688839298310778609204433,-49.66193400735011602808159463096300563004,-45.51808483297277470096843527532120388205,-50.22121696796040808473699743027947362707,-51.03315795065416611175848524526918803086,-52.8251249218038204431007289558034293613,-52.96353511469079681865425664111981942927,-53.03632156976537292765692548510510354003,-54.71991550138033143634361884767257981085,-53.18550938500387250155430773986743526666,-51.57603155714943764861563748745407678286,-51.63565895224331299158184878177182859897,-51.70458260844321091103018896852534384509,-52.84891128733467307614333088793535173934,-52.1257987259221726805370083695492585886,-51.45577637043870272611273796617927248322,-50.28447819115001729572903653492029107378,-50.35235682808906746061989704103347185947,-51.58718875622231518220366628591933270549,-45.0784295784058215795308312957272151339,-51.07009555120795481710839828875156467121,-51.45031118961059060611869259047949782253,-52.13992432782716004134123118074698111318,-53.72404139221099277826506937432623700653,-54.8898048195151232877771203294089708586,-55.04832159959988095682058232688825248806,-55.11961818396909509060333881108859905534,-52.35035269488107419102654988487721032256,-51.6042995774422070959683864604425004378,-50.76779841826395875144941731974431209279,-51.98755108509332067254483587539877153201,-52.64044046685675277135145820015557128949,-51.28259001287126326545288498469715831578,-50.43856740889584113358801770939175072768,-49.25593951773854655559865193748294005224,-51.87149616097061553315758785904967142247,-44.50409629146754880626056644248290606971,-49.86081546144218094640192304867811811954,-50.88711434544489979656998747355534116273,-51.64146467754619735268749154919313561564,-53.90944336282149406935949661820889174532,-54.24058165438396137077387123026365451606,-54.97662747258663634190063923274802521522,-54.36020246303877797744602911580251086607,-54.39387409963684869418073089794242429651,-53.52844682787170695601720080343629744836,-50.73650316856645440578445475127845323781,-51.47939338922928133459881229596384067304,-52.96327961799071467789144278068179209578,-52.03142620322992169569447984085232994732,-51.08900635138537667801635111535627155517,-50.82115160386767877809884096680000501696,-52.31382001591139242795319914437496493274,-44.65760887932590119645417090944963146191,-51.39191297783106942416594582970438731292,-51.56028561108652131826729216245838729413,-53.52060986518633696476583537403301854971,-54.42596218507306780058680257818240802781,-53.34573353914465458025968162035650699901,-54.47789656054047902467643812182547527359,-54.0497053157465447111977296923580386593,-55.39669911943232683830330227375421980496,-53.67150142385931766047737253126210423448,-52.61343751166054834442565223584874961561,-52.07255333445708295984368776346179485887,-52.54390970531596379590838631967579502638,-51.17760645202939544157199616454487127046,-49.97293645156251990353888777251884498768,-49.67547399631510589776095319457986867966,-51.89659406187446200249429134710259423337,-45.57991591540305583811246266371101036984,-53.15055743391608974724171552626777692799,-53.97782665624000328638694560911848316139,-53.53605946295951740650870878944100637834,-54.26203211605616112307854145972094682497,-54.29528211274819996589622982251478174675,-56.19969113055512986739004000331350650596,-55.19159389594115866413418393062768594573,-55.55439520508777551455333276428781691535,-54.54911965459752025412383809951761486957,-53.81306715551044850200529874629022499814,-52.84478671102487159211342953331197059913,-52.9769075161888667048788015511881100178,-52.17828373322707114582723341870149630238,-51.70986537436839418354021381854231289938,-49.3943651557743980096730966562949810828,-53.40186799903331107681113019743098636372,-45.33042822645191234422638664187242352994,-50.69574108437187850780903304090220087632,-51.60535273684742785181870298339417428813,-53.53602555396292091204513538307792993693,-53.15000686172224632996710075218414131983,-53.21174814140849005345967377473471111355,-54.39134047537713486658815824581083530217,-54.7973907135485354921367289006416199902,-55.79203428902378927300080560592805576567,-54.22813014557573456535721776457382882571,-53.09840302766131920615661391847755465525,-51.68107231431304337946946574351341498647,-51.22971504236942972938137011826995114687,-50.00375189030290628722926640806995630556,-50.29330636665761345193957629416949908878,-48.51732766739125232175755066007478750552,-52.32018770842012415735411437463599658109,-46.74213817807958406836921643877333358566,-49.37656322473219506631456651672278318428,-50.98202040946860157824225717757698299359,-53.14960788859983514616176739093092658628,-52.04695349364570644217636733607874910476,-51.90302633755277345711371747994028421658,-53.48829665653784262994644727075268271719,-53.5383949582394498260680020065079414873,-54.37364556541084517949088911539804795322,-54.52515587506883092932164931047855447033,-53.09055837809674198238580081632790539297,-52.03586180379835582526243690583010503038,-51.17948261547742386599599465810577192869,-49.47463018741618575477243335311478785954,-49.3251595078272083438364981206768003654,