{"chunk_id":3825,"map_id":1,"chunk_size":100,"chunk_segments":16,"vertex_count":289,"x":400,"y":2000,"vertices":[-50,-51.02014056932465864866697796037238977545,-51.45594980649709698854817379902522863258,-51.92014309549819270530552466779815042089,-52.90251078977655578714982904646135354581,-52.98847773678008661799694432443627845028,-51.22710527874111511483751303360125639253,-50.74046682538159794012367371416712288047,-51.27998400880657972759494984885120425201,-50.08701250338874870435754877387540525648,-50.58468919085811151507207105738716143809,-50.20708867373517795049042698998902741354,-50.04083391633879927632097969998519450973,-51.13108958314965374439650798111553047271,-51.38054915906663950763043160672041356307,-51.38443407468694247433606686866069435079,-50,-48.34214246945788098714933101333191555483,-53.0547382415564264679328389243334903725,-51.7736463734941891234296977028832017932,-52.49008249693386999354544081106744031689,-53.52865627380084558824086908460379669825,-53.61884512630290503320755867348274314986,-52.67280129646970127615945647914499279826,-51.40705839238578860942797462037467859198,-51.63417134348315129861049562116507444784,-51.14836710112432850807210305365908287066,-51.49536312317261323676886219808531058134,-52.05232938068010798086286265671396266784,-52.38477934614299642880551571838589606371,-52.32477865025853576595806837526896736139,-50.70177832997711273945229878791283732959,-50.24254087403648339565770432100155408247,-49.28519498304498141348355903004417482648,-48.42574600447300814592886229359655744203,-52.32761705658318111712498816961571049066,-53.01412608436782880269974849611553476748,-54.62313842235870059041248736856858375234,-53.58198590165809982006279516511475154812,-54.82728262009299240728101661332223433489,-54.30701343474999943068138845702452788153,-52.07554322767744186453707469159744907947,-52.63960496712493145287958522589312904323,-53.61888418153571631607252000928934482538,-52.77983085320989902658427621296031499747,-52.61270682127367331716187647017519702781,-52.96642277514613394483137258795425256842,-53.08226916549003203120557114138278129051,-51.94284946488283093602035650831226958881,-51.49454548066962708126468887244781899558,-49.65703901280294632196049396284860009686,-47.96068624162513948807366744639976415856,-53.30185551704556331740571997459394998648,-52.79900133482965285794946989195252097684,-55.54554832744812842263628181626653246667,-53.64456385787541205821380903520732658589,-53.30664492210355908572690303494165184672,-53.88305581607755807908064645249001965352,-51.45849973268863345834529924830629192631,-52.82964639508917112253698117403661635902,-52.27881118227363476552462851955632151171,-53.08321587025679573714644256457040059194,-54.71350221179776229960930519665260943438,-54.12815344047509473970852563497036254747,-53.95840823460118305036248831596950544779,-51.9743053967200640951435658903578802619,-53.21114054859976213797264867547090230185,-50.788493671947256932351310703839008933,-46.18247750192588416513169630735770673448,-54.12704835545540460900594870595981983537,-55.1066230468984318148592501977545807428,-54.10114552238940056173948433632442652867,-53.71830713564239400580432365565599642722,-53.57364144194280782612869720305172322377,-54.76174235633555944132795808160161072021,-54.01370522693860551250301590119107067789,-52.21077203614872276639152842675093383463,-53.53472023681808542457855088985969687851,-53.03531759948093404059473915784202980362,-55.24579615805900457086701245063194641431,-56.31238512384434711538246917247829643751,-54.3449677898179369785203004995448926042,-53.12159927741134141203019046007962946069,-52.91417468694814862853854673632634554841,-51.58365346343702387218960685209850045966,-45.33379544792378257168897840424590253375,-55.05852401872518791940589736926530790394,-56.04573305354335451455343774991450678595,-56.03812975760283223502718181771651822314,-52.83909012392535656216180710199934998696,-54.56706977870581670612755293229642530718,-55.34809968738170645153794467709625852461,-52.9863473559691000315807479409909625257,-53.45147126697600131071124248718694965368,-51.95861428063437922275792897748220078216,-52.73864677899369379411959941130983142506,-55.13597142574845927253091031946922734949,-56.01399470799854553657592575211274472802,-54.50927241248071113652061871635702460179,-53.99524175598532494071216013080282084871,-53.11803802551897256523170245265318811117,-51.43789638750691366057427600694098621847,-45.87192278019949901621243364831686629326,-55.28700386035060994392106789609579782863,-55.66614803286896903036069134598890671529,-54.60003822334891274312801311219409273299,-52.05070738534976589779753893907311296568,-52.57010637122570251135811421565260857385,-54.21965078953590459254219845331035964464,-54.65154165449349272246421390477248934095,-53.93093952314985576460341113383911390302,-54.62846883890957467267673687997432863967,-54.19642615657779342605639884166636457314,-54.63890534486623757239716970078527889361,-55.4953415627059921393445161198072869032,-54.40104044007233331749039437177108232713,-53.22723139575173479076461645756723706805,-52.14722625670906606359648204020681951466,-50.58196342716980225624950616019219162809,-47.23576874303217748747354956731320041335,-53.96458316663949066157022891535404430618,-55.1022610284309703183728925895282740665,-53.36859247005085105268006841050168811129,-53.25402177315332839713630443784615817543,-53.03643696008885719213009983238364612576,-53.82308381166895168951464635516525939802,-55.65467223868028014349841780433245183853,-54.00638154868418753045705954254325285664,-55.25278268119592577009542104362224045901,-54.13788468301862846884407265361877661053,-53.68699475589909853023637443359517004668,-56.1578954233618227900873021163604012569,-54.90259162050823899798449654980712877136,-51.79818566390906509253853837198655161764,-52.90864148301680353313381466190071485081,-50.30444992593829994435099896861680098569,-47.66624850914731564881916385657102783756,-52.19357933345533074087749978715780901023,-52.02802639305595815504745733265062467415,-51.88271963138924074630032338250907804461,-51.35021191543799897288850589722140667879,-53.45781033769952496531574802969568099276,-53.63835592070076913764627841100601611127,-55.22204209417961137037930744112668478986,-55.0112983816340579233876286948232719453,-54.80122342025115222018262682921048015301,-54.80376587552439204141866073822668114321,-53.93711321127768078845402737598548733658,-52.01335463992099745442761970270546765743,-52.09653970167787421178107876778472874267,-51.72014467728249322036990395041377596656,-51.89153091490637418642330061196297119496,-51.35134839743953582292551171873137829889,-49.3908760839661307271331108749223072623,-51.61819229476314831429335574885114558659,-53.04108776189574412235570469549301966797,-50.83629491729064329720520244616839721881,-50.28626371178337650493017934247219534651,-52.83010950041673280015139102965926479009,-52.29107203098103222383377957960074844444,-52.23693970776879595631536860441085560854,-53.91018961181720819234658418432675747435,-54.86976804414631558873416522879732238021,-54.29829561592471584307976166565931540083,-54.16028134443799263079498067084989480486,-50.66762913876574405800558342924629347312,-50.48445809519516803550062340027044889611,-52.31727626540819839923177798218565091975,-50.67656433453497127502185369579438171669,-51.2662306380383128866783647434309271946,-49.68647000624946291792320551862584171022,-53.13285620014159527788561442097114501018,-52.74150269575893799521859507474958501148,-51.72837508135027079534378025668680263159,-50.83192130554886815100424326486909349768,-51.53585222339083249320417149318836871152,-51.40262477738437886265272841246158092841,-52.8780443900973629454643386364766386395,-53.91741219269163455899238129246956526604,-53.59259860715390355466293943551521798775,-55.19153871304690948029144274133264831395,-53.40905869331054248919442839606498656671,-49.73252637292246590507058232762321833274,-50.87650142313372629564822161669585889431,-53.06093539850675647701093632122521022721,