{"chunk_id":3647,"map_id":1,"chunk_size":100,"chunk_segments":16,"vertex_count":289,"x":-1200,"y":-900,"vertices":[-50,-49.21735584029964692910716256708665270363,-50.18378508966980370734061465700848013835,-50.68369511048609619454585957159243228968,-49.33600177225205577682709470123543758229,-49.59006507521804159751353415593122228229,-50.00314255157906403312429265204071299133,-48.86725468545686379867165045485974184855,-47.55560343349763381392502452011244790228,-47.69396613674366712012734599546883161316,-49.34500276502499006843981345097089161242,-49.43541906179305568774595090682412104875,-49.45403037703622765214022272183276139419,-49.12360934020267536951340617619976084019,-49.0605776965232597876433654055206849173,-48.88182077202965330214548175807266411162,-50,-50.83979454564722706682584091454640621402,-50.24031207963195267156900714854205212946,-48.04032783199452341034877715616235514626,-49.67873083412009721567173770549661968706,-51.51118209512698163006985601985800073065,-49.68948641599753522991610577149729123965,-49.57065903593769205259652090449403285346,-50.78793423887538064323676633874355341297,-48.10056251983894174796000900857941559786,-48.63528631521606015882972790124962827557,-49.98612787206540442287522048635208062099,-49.88393655891495674356859373817605606464,-49.96970638732932972966507972174883635302,-52.12641977952571151215183168435182878627,-51.87418631880006402848874300318533876364,-50.42354666022954331939627604973075780973,-50.93457252290882203789408592417050479403,-49.77013273413179999926100569797284317156,-48.5642981473377692486079622940466234331,-46.84046631270548643792706678573515848795,-49.38146017274860618279571380185833866555,-51.76736767524035670889422011421833421097,-50.94221867284374848264138105699251194209,-50.84708951650172410586073381795504791773,-48.91331873124897645352489108546464405706,-48.29555545505224690244944938122999314314,-50.23435540158419804023430658470633369141,-50.99329363140141744943862169332619017155,-52.06039152985362525855198555933617884032,-51.19801984121024484121318370561201906021,-53.49378285701972017344487004503828704518,-54.23720437438275736931306521191447572955,-54.50792298106165538745130073980813188302,-53.19211274916671148555538562178430163976,-49.33744477791226035623657710230443832034,-49.37882203135907719404192088236041049473,-49.34076101627718779147517364588671338545,-48.98121004508666012727750641363108867987,-52.61617820547462309669645665565127742341,-50.18125089058076569405979206596451645347,-50.49516357436436166838042213643830915578,-49.66791975801308268424551233087522608314,-49.43252465370997453847905996819697784361,-51.67536667109855291701967101514218940324,-51.97738837055912917487468084859730731316,-53.14064724606829273608528612293460750657,-53.05028420140971586758256657077199611387,-53.73341991219037691221450729191242680503,-54.79383107383899579734107636694851174311,-53.94653339447362011892023837640873050311,-52.56505774177602807482513696134327735972,-49.89986336608800870029053012772911218379,-48.45582192068778128852074155767821255698,-50.07780641316376724087311731766806199678,-50.64523800367784981056007861989148231897,-51.97643975873736014088590490478818769561,-51.16211185493684093764840396330721072046,-49.14540511266655273035829747492741919423,-48.59994668804658918980016026740854783333,-50.91349203881393721382598010288418251368,-51.6787313083997789930325100864342523169,-51.49592684458206362718847307871916331389,-53.35471735453350296901925372255003178527,-53.4154277408351250334709334387683643323,-53.27684346679099047071800577718591082963,-52.41092221381090096361048294999961780098,-53.02021318910791331894620824135199880137,-53.61368881469364377740810915779447469901,-50.22811561866604614663086942250681572224,-48.38574900836081871573256771087725261107,-50.69198867089301538529870151747220209936,-49.23019079467547403588290700166211754484,-52.19876656521044303245886788353591648152,-50.44469776596414692830692609666216973055,-48.16673709827237466000289781263089315942,-47.25863093017683318608043202095925903337,-50.71719524276577331661845288240617303321,-49.40161027905386670680416734747569959156,-49.93204792569415988375491973513833197908,-50.82703222655975472083285707258081508606,-52.55163190175696755443208911581756415836,-51.58951591877418520564522469814893330203,-51.53652815413448635811054580588479522842,-53.02676697428209099474249576370438159776,-54.20183512615903063176790984052294286928,-48.76494880808385688034706311796457958214,-50.24677839244816516578850135960843284388,-50.86976843568752329818007723168620896779,-49.39209764315681420284312265099094270758,-52.19795384698101016054370564222869737239,-49.89529630261639237150941813430712844452,-47.16880459214879604751629678125317395594,-47.70824697515589514802110728338456144939,-50.5034141744356805992342843247249849665,-50.65504947552329885310036720208783993373,-50.22959224883239006153259805069503512478,-50.29376146852477376232753983896188563058,-50.8301267782402888730560984730215486788,-51.5341030300534213851556552286735774915,-52.37072780464232764158328865445192159835,-53.03183327941335769468127281352455052562,-54.7312542167769990451497637549199685272,-48.77839521142330429790617730109822662054,-50.25158747632831296131857607333534262256,-49.96771288282296847439718105690417563634,-50.66396281713652341516149839697458354227,-51.06681522462529722185620184086292835093,-50.74479481557970311913706842781806025944,-48.34947576300771964914223156729503104927,-48.91489059441290833562607992366901123539,-49.96835135197846958386034590466844426669,-49.35219784069883331465940390881812357098,-49.5864891847712717224646846196867078814,-50.84414341127535247755908600640795240188,-50.44415187129811956136510297456218921691,-52.63415214662026096121003314159283850535,-51.97439118035597276652107647357590787761,-52.31683377536502013175086826642626037115,-53.63322718550628218276469123892490413672,-46.90721363169121768853085260545083347486,-47.13662308742582136115862374587207597713,-48.91885526967765089353338999421187911414,-48.67534396266829489795813088933988714538,-48.88361007784777385963826929555989612226,-49.01622143624357687436118613018329340281,-49.59397114361198213194357899717542669596,-48.58927173232525911977078384117684481595,-49.15226533428081042396680354558018080295,-50.16132564658067507123125543725394141429,-52.13805343854332486616494464416011481867,-51.44048453186148995068655429766774180757,-52.31778637124797622173664246664973318935,-52.10981249735685977747978819836559273362,-53.6333801112240719066243779590759993662,-52.79888027598264914359807805666772139234,-53.03336465072032725026944034929922864774,-46.25947953397477334957525511550010411796,-48.36697321468702640893891181239152749502,-48.84094454116798351278353681832621912223,-48.7032917386676721639921476686687428705,-49.412668225138868915998947454474671329,-50.59345730092638794567656856035233557255,-48.68487198013757901958494339862886328829,-50.81050585142736014116714186703895942846,-48.33891557890601601507802713628099977742,-49.24150270313580674276479316593564883816,-50.82423799267495275918069999543660033059,-50.67631663408378297208891547500540149444,-51.36975376494349298989590190651777478289,-53.20534931609110826428961604801182972663,-52.49333966083828940121999179231511774854,-52.40411698929461817229181253292164778234,-52.33331237705159772242229313536506467333,-46.71567705289623732891476124767548347978,-48.3333619264074884281855754411119408941,-48.66464170497316815637109092666818850842,-49.09570020221014042217920678100006025111,-49.94621046938692912785053003184241184333,-50.49590141206044793648238604078903738185,-49.33706505217344515789039221859280577756,-50.17799275116662887967127288293869204314,-46.00986605580300931960370532522499478648,-48.4344877385091093344547925818574529086,-50.13805511516555746816882524303675419589,-49.71625474015073626418921913276686080583,-49.86390030473781155726436838014091417027,-51.9822863064155891267496391844148530177,-52.52686458852447013710120356098369268124,