{"chunk_id":3282,"map_id":1,"chunk_size":100,"chunk_segments":16,"vertex_count":289,"x":700,"y":700,"vertices":[-50,-51.8322774041382724242985288964722266207,-52.32448919042327314875674354449290294134,-52.91203499423455551853229810318062088788,-52.68397088113172941748835992617685197098,-51.30315553291181858307301529969704992624,-51.63976835828437511021886482741193328463,-52.55409180493680741896425611903545837336,-51.54762811054910111897362702939822283492,-51.86722395133493039422838952537574242252,-51.05980678535673927510052847597368466812,-50.97863711590219435288218549969610053863,-52.63307643553519007040236876796273580729,-51.67453761375948718064089428800207510177,-50.3244866421371906684661709720883058763,-50.31851039331717503388804906888042275219,-50,-49.41211747310472337134059940297543105343,-50.48896600049558019089461225531354497605,-52.24833738360983696876252660011797533956,-50.86564430157524584165181393701508611969,-52.52154858806597021970931275844962249424,-51.05434720554458967546616424971664527497,-51.44140614709180696559984311211654616734,-53.52814138045777879620351167816024453983,-51.35736052182898333558779093785767976675,-50.59811587065807259507145503976569970161,-49.85919177290305029283184083649102790747,-50.70377085290275866071896740804309537112,-54.30430175213560613846897643987203405994,-50.97831311669181629350090883394321657854,-51.32854065657217762287133883746476584664,-49.25025259240412201576936027433903151503,-51.06868653200924730405580610188055530129,-47.39020298060995099388653155877520192456,-50.83040144395428535169122923272343765267,-51.6094714026975996724230532313425390281,-51.27652533359830836694122571830516294149,-50.8922438625272092430583547163395694935,-51.71351582049098113224371738981837585175,-51.87031940538256155812633203033662352398,-53.13701537129516882573061368100743137436,-52.04063932494094623466476688128390589339,-51.57286051619732839834757476224541386329,-50.26359664121361773546112600231165694811,-50.58983365172108308520442961497157315922,-54.84233092419990314907461948363207474576,-52.69024662730207646873560169909015822438,-51.10922056212359301003115081225629498199,-50.63178331964914123181805317977372984428,-51.7894122941546235984425488880242084157,-47.29702445092996240340519663857362938742,-52.8308761483239351862559765526082226621,-51.75466568847629212673252324366617425888,-52.29754710678282444719663135762809721761,-51.06177660057815836684353871536895365314,-53.71249621040987082105671072504445175529,-54.04671441156961323985679149221903871801,-53.31672896350553134733625441787264214565,-53.04232161122657067333139997824301741673,-50.70158029073452481426589258296813686446,-51.0380730582153792173325376554228995677,-51.99379831020407407016739807145724589965,-54.59011558437356274908974200196656411155,-52.43109764320732343158829312268926020384,-53.22586253374595057969325569593465681496,-53.23960793270058256620504880976412945527,-51.82650812927314674120586100015395605955,-47.91681772674989502788399945608948236236,-51.33960120178235564147946652310150557337,-51.86846017108104484513469680919086075044,-50.99853144344086010679702947020278832559,-51.59321120349165865672722423318268475277,-52.55519035468340259547904142059288783054,-53.21200185013066559207464858101739655672,-53.67839901235795459633818842652182047533,-52.91659719406048473678375132840466201917,-52.74805054060504453566812160064946303253,-52.70382415337005163161986059841396493152,-54.27673586088727876153402261703614247284,-54.27739319080906901425676350032870620106,-53.51225553520687081287190739675471359253,-54.1759962465518259787374994984494883188,-52.29999481236543766932447645519362133151,-52.1467775165832224752566121933534451557,-46.96714979528440393732376880332133787847,-50.8876679694695449302345160934187302559,-51.61647480153612155894973463333600176364,-49.98167981009474663383417140119594138858,-51.21686993318455105464080732388704768966,-52.96813783804813511769765863781092139366,-53.08595443032167975368250330110776513112,-56.0600344635454091873870692871718437919,-53.81262687994666641315950508326983424001,-53.99147461660630198194529653245221159831,-55.44701743756125461433429098536939836852,-53.22486060021011933270084497206302550698,-53.37539184198915334679129239600687555797,-54.67226449649577138038347357585889861614,-52.24986476186795034195558229247086160546,-53.41596996997269485774153412277620157713,-53.05920227684578788725134241475183543631,-46.12568175699797085487793534396304497851,-51.75994653427062549919500992329551826703,-50.14980567108104829214694089742836966786,-50.12107843755998028402017430769831483289,-50.41467793311883681158846247919399947589,-51.93306461491237510207454654816148863581,-54.80754590839314274242762567599278021238,-56.07222453653465823626263313533760996695,-54.18488644942594936147398168954772473353,-54.62744484271833880733750557191909642605,-56.72824496373794465709828457133849248045,-55.48575627259385606186029440156948598565,-53.82468040681357964391223345144468343912,-53.10384041976726453094791142574565392378,-51.2588573988684029447800691838626782108,-52.73580506337226059543229353028648704086,-52.76095948320383614208218935447098471174,-45.83653990542823430832174185405160833856,-50.72099303485427164197527740233427758859,-50.89744292112681902099265910233711308274,-50.45719869931527729979408620401311223645,-51.09993063647388297611667503692976106642,-51.32020543727098591279471295958934694203,-54.84194783931706208589490198876675204217,-55.67233516467973414049333961623981431662,-55.73246393366198411981953321729208706317,-55.84638684485135548136150091390763547605,-55.4608219964539863641711441820069102271,-54.05092135210703285636515281337268655398,-54.14565359402337110644211874964824184098,-54.10263561870667640603636367077677245861,-52.5169591043802532997739238110153641531,-51.35475432344563268135773367431213586642,-51.97851480572334235295447565875270434443,-47.48713742717899444545035405042151307679,-51.03516419547774344639439768122917426771,-51.77024559558907357132623682384981650335,-52.71538148268443868074382920803519428092,-53.03587622177931934593707057860049527241,-52.86124031164498796384808062920638735124,-53.87340558784893453300363579614996197246,-55.0065189904073392871751571373133562218,-56.6285271541651159037531303846671955654,-56.94521799233072598345081892611746546578,-57.65809787024127352188952271217770383088,-56.9848660844454291445113729282876466594,-55.53943402699820503444976059268165664773,-54.28659089654320153679867063211552125746,-52.07697138941844702210669763933144617079,-51.39044682675334810975457252332549558643,-50.90228323058223267193678056089345701952,-47.53989828288121327492078434234485730422,-49.68537061311374370882233495567870724506,-51.24263080512564039984560471082585319503,-50.98556860651976038093987347544978802069,-53.29305669941677407424693105310339204738,-52.1063208192024442845357531790313458465,-54.35975968110322306310065610485598846218,-54.24642939089903171508918753264397970997,-55.1705882482745691817301737902069083426,-55.40524968244777761220731017995215022297,-55.60694550496739183655568100477030377604,-55.93219502202725137285344023103772452374,-56.15254427827043070179378752300567690527,-54.79990482842698712314618734398591842811,-52.0482583874981198516065762840973121454,-50.94557391266612025827384413208227374745,-51.24524051593529164584375285637497814152,-47.28520266893295546958715461833528485668,-50.04311498345201821824569702413095229123,-49.03183439505186740375969457823124137371,-50.0338103599848133197131534394346271839,-53.14841641228215303105939904390037756407,-52.97278202040137242484311170606280438724,-54.35991893938022474791725063564714766846,-55.47424996547575335558729184806944019709,-55.49728606162590309589006582136570625929,-53.06403486095496996478042597938975372364,-51.93014602784128584182988089571952496883,-53.09123935014149884552387909766694105353,-55.92466499003830576200619206005222275756,-55.53833846167028835984659324648557066407,-53.63572954915742883537354266746932352501,