{"chunk_id":3782,"map_id":1,"chunk_size":100,"chunk_segments":16,"vertex_count":289,"x":100,"y":1800,"vertices":[-50,-50.08855937541407047440239736021861880443,-50.16378484819639210629279890575102938871,-51.02098317347109721360350464092644563738,-51.54698868432926271014520162891966358911,-51.65641311846217740146742210467075148616,-51.47614128176616231221098217809517677208,-51.9708063353699893731083972848268798023,-53.33464411900898194300028279678537941472,-51.69087450129265077809481847712031526684,-51.50097752115143973084734514224218693231,-51.15438996301011222984877038331797568145,-52.37294159537300612244792775860505942914,-51.51138508586925559734704728015950263816,-52.51694138584884746628274543482983290196,-50.66220071236491148031325781633204130938,-50,-49.00969177152611851787249193686969086915,-49.89290717763272466477540987882330759637,-50.02885504736660957115677511951133541095,-50.29519783264967752837224879898212685175,-50.27748661765173092482538125243794277402,-51.6344051555174187265368665675005753852,-51.8263017203476035118900521459379987351,-52.72295269726919747519864930013966192355,-53.99962820024099191955236103522041285808,-52.1219238519517154236685007612679711973,-51.35902415876730610864998686764608170248,-52.17012143392240359578419516819246667167,-52.12345076357661722960211930966568909839,-53.48214152975884325508938082197751811717,-53.38816636616813643041742064216599529768,-50.70988943560076135866465993657101187347,-50.00502491604668049616953763464054383346,-49.93508318136650172633944652270130848628,-49.34123076468760138969352496356833408806,-48.64545239613429566465508751721064308684,-48.91118496716245336476560700895864595506,-49.61783693932249606346303814056947183941,-51.33857350398157098310252642965092475165,-53.07661290473704911960288788729001957118,-51.13758509000531805964333825181546956237,-54.53832412382336801255402171471950690403,-53.44213354327695767774596320788543603505,-51.50679509752018059258074734032085215934,-50.48321872727762526688273433216172969577,-51.66535721632353671446737960114294354494,-53.29944290866426456741931721433724520252,-53.70014434024785014093009977232161926489,-51.18988389161677078912934829069638835591,-50.61025731339146914113564985832478509092,-49.28690024270426712255926692458427500414,-49.79506492285762421431652039593571919673,-49.07658489892754333588674011628214698752,-50.93692501563125264758695481128301448572,-50.36308451796260239821404725042931618156,-49.80561005166517984984911305692269085217,-50.40081908297021126318023912118135925196,-51.68286957513613178140824040706063060735,-53.16784070301124770496211677098817378653,-53.98825671598838207743656263471355494257,-51.86265384223035695365958643455892028591,-52.72455506505795518841535769538274319941,-52.11936341399404050418021313712330076544,-53.28899430485387062160119695889004716749,-53.3219598000880756847161819494053973481,-50.88870534451249789111828915797843343874,-51.58300202255277279962173668277501606559,-47.83188495345958474440902814141677424772,-49.20783273531358357059679651392154928552,-49.57509958781345005679806114521601093994,-48.98522003070604934650979619931861707293,-50.07999432739248838349192850819662405513,-50.0198844161018862414293216387699890562,-48.92910262395022489994420797768638984832,-49.95325199100978877852946577376313423943,-52.78308510917479998129697821903147966261,-53.59197262464401927948236425671698977572,-52.54383519895295621376273736919893311915,-53.48561521876054285588424971815736760549,-52.83531340177060984279494183559955270646,-51.53292609514342427655982900247780220048,-51.29786565590115439406277373994778992453,-51.38218799983707331924299766146015424618,-51.05674822824918723093794567426405516337,-45.80424108638406898924626665481276648198,-49.98392486424399440729066850379845924456,-50.52260728582548921745348412586468295148,-51.68564143426916649336114755527611469852,-50.66226551437548317601907972684725689771,-51.9035910318164997786203317003971918632,-50.19820804674712981395785776827380428134,-48.36600132452213458970383785715818342218,-53.12033529943460689541266220308389795929,-52.29612800743806164904504867693125430212,-51.73267490658237600817643403471774771675,-52.64758109177505541573150642646345166802,-53.24222954796814140360605352561385613545,-52.90104193388199414998958854395983284771,-51.85644243202551038232471510981672041011,-51.64025820972944734995394810438810789474,-51.87559147103864736600703082487262818605,-45.16091718217308715845601122153734859458,-51.07394464479175645774390520032390766026,-51.28521295996464455387331423631729255304,-51.56753249475574810828284140445005219146,-51.35655558265432118400518752337087552946,-50.69486073052031104719937410882788962206,-51.39819382572933935669152049689374447278,-49.74910468159768276250898487275918990547,-52.02966937222182806297133887233025959215,-50.96526692931878729417147095838890881833,-50.71833926604550431307629177441650997149,-50.9230515796072545584879905394328053652,-53.15010690068729692414189864051929427053,-53.58159294282932281139223755707470330704,-52.29339155153289238439271229489870890351,-52.05130356981052419335904079605711696484,-52.4980276985356862914917637988617354421,-44.704996909473953836208091176488466811,-51.78680229819847540128766835391225922735,-51.57550379308381172649577850635752726394,-50.83179460287496149443704337047987356895,-51.41657591425369586533246252890248576149,-50.54423977087524884887246613834983442049,-49.31622988765870494203841077008194459305,-49.15077810460688891712295260618551242985,-50.57311489458291184367548152128173633336,-50.66453617549726898055361667057269036578,-50.10231416084879894030935447162320573305,-49.92718714234853171372261332429631414874,-52.97848362326862153975809307302535320866,-53.70427500955545552271493190028849631244,-52.50923153652699281026249674674779449628,-53.3633925139636190210091094276793847516,-53.49787633246633581901092694284820332044,-45.55904613962480806567871401920275570006,-51.41838771045690730517193886073054639495,-50.83476295539455952617091191940883166223,-48.93493594663729482324377872770096269078,-47.56252718967284973542664623160280169087,-48.15305696451152913008825768068285972483,-48.91984743611939889719528143526836321221,-48.6074836373334088912586012025147048599,-48.65482467920002823616397271966983904435,-49.71005427166441088415731364602502683404,-49.17121450610367028145448005011737217872,-49.19352088734724620612824251078176792662,-50.70454217635848823042060115231656731502,-50.09922353301141017333980384879143606136,-51.15854103176819384823277285504492568179,-52.64277674968321373710378060260169656143,-52.95868514834025151868489598602483980556,-45.88826321066037697219359529091883215326,-50.90983987566905861852182628824656279989,-48.68141426751107017206636920669963074225,-47.8882370931642982099509352818949579393,-48.18942803909811732381313064971331680926,-47.70828855649916794640225810620889898419,-46.90959181946547711807456717328041581323,-49.52131176728786135795711711384615374766,-46.85505760997057195814300603591697505026,-47.85163872422430115441270547179175609026,-48.77805667347421230042695864649014427618,-50.20672673953677979531943589959108306652,-51.25160058111920322449702845513719575716,-49.84642385152058309589742810242597785264,-50.02695273815430844445532188284237467245,-50.56112292650477108690824974203621012437,-53.23038535135110027023909515695520046219,-46.51735812593203462504667094754185038428,-48.06067258124234602982570978414902234974,-47.8591281159374843149627116594619140754,-47.83352529500213625204471536731412695845,-48.68553513637614676411412867481794886343,-46.8148074058997854923390142153998439229,-46.20043653734349207248508750183976397712,-49.26774784017232818941063797461169261441,-45.92100084790175765381272173782006299764,-47.40322889587459812786082623166405011229,-50.16776725182755158123223204145256984587,-51.47422978045061736009830113168713259016,-51.6519446091619086045242412474112245136,-51.17623983413144526808480985343701630216,-49.36073538333773022960457198055593161231,