{"chunk_id":3576,"map_id":1,"chunk_size":100,"chunk_segments":16,"vertex_count":289,"x":-1600,"y":-800,"vertices":[-50,-49.80251749081745116361846995931677951508,-50.09964390368828667079040669552950351747,-51.16050007874304622333715460769851553767,-50.41232702343626739985778667162055775048,-50.24175040288276179084236962497767241203,-51.43339625164707562106093294120154265198,-51.61808557385548206767743849952137775126,-53.30219249879377535412604539257048035106,-53.07898552495255047556978878316175888777,-52.60798788248535403773044021109760946994,-52.37486278766826392428481584049084289292,-50.38538387914008437378718716010422145351,-51.25010788860272349814173301525920848131,-51.77077823223295217954737151042313792058,-50.38054565019588131400490581599854510663,-50,-49.8645906777602815091503148118303688461,-49.87476243360678420859294286239114189827,-51.13667471670218478392233300222112234123,-50.58573367473436153576648096479453539494,-51.34670814966089882946908780118948207435,-50.91185990094304224820756652154729359768,-49.53525643924838161207314465095705232983,-51.06543931917684414199320556699354150702,-52.23807608590041007646531944806147580477,-51.32167303114079683599166978505787392106,-52.11441078998704154588140255301194449336,-51.14055776659401536587017914859845213269,-50.85916659750592186779870842123380573083,-52.43436222391551942673388567685783319808,-52.19960900315829504264410165819850616797,-50.83963045442687407830132335995108826272,-49.99619718996878542603301067872400142736,-48.87005683915059544372677243046587463644,-52.10535606386766145725465917973612940339,-52.41505981957896923709666472106109156106,-51.83495713351518193218397930873825394437,-51.47971190010218910298734851833490249485,-50.39229217329516759174746833881599819353,-49.0349896633483200740810503784134453569,-49.35229170601927741827673195839054397281,-52.85689486785184553959443300104349446055,-50.65591698663931790762689153192886105693,-49.9417135940079590722794997137336072452,-48.4775572071699029879505405051027459984,-50.11693056626576902733495757718016625787,-51.62277363961204667565766454750053356152,-51.30376144474275765078262568779389103986,-50.37515312655107294558269973797148867908,-48.89771472201974177015732968431659021658,-46.85257492045255559498184406147429807029,-50.28066788587400808360402838733460725013,-51.81224698987627136609898109729189619234,-52.12080911889257328583956839803289598786,-52.5542096639749329656962741623501676845,-52.65767644727578801472382696225145777451,-51.07901704367236026041067657408258988001,-50.24528085447899165996246009939341151113,-51.92591303834398549682947878300110980205,-50.2072437180333010521034356334840712016,-49.31965485298545705775311358500517776894,-49.96225660715389906750740259572944454001,-48.28837262155890118315798839835569055935,-50.85895188853886785741398332610684896588,-50.26481774570143022103223153460934467317,-49.48559972243373102052512575874648989296,-50.74112591620602684859986911634380591876,-46.62035558616668316476183992649686132463,-51.00820872906394306383540084497763937784,-51.9011769317528426443124110575751113006,-53.37119168709977282153618009811626685709,-53.00571093492859230386047164256774905966,-51.42439946290599811850709367436479312717,-51.0883380992770232599670335848512400175,-48.57013248248997932089630854606442003414,-49.89597419360967882894495021156126600936,-48.75298198828788612492210300161163524921,-47.59197688088196426006526334429461251657,-47.94889218680677792000930348494579265018,-48.15383839212146567802523143136256999314,-47.77297872476075346987226435969048839165,-48.98739860161455232247326718080270727829,-50.42212690404848601328279869137243966008,-50.8704164529204797051769523505138744259,-47.00587030373699219940993792753325180086,-52.38369137807760058094546141406865872793,-52.95389044620531588653661226907950626732,-50.67336025474979871215683370805515853726,-50.43602128017270518056574514604911470787,-51.34920678189006502412441468502458267921,-47.81252503316614651232561929424049103447,-48.89953250870737068934417704444072218962,-49.65125683770515437146785088591671454588,-46.75883819792561636172157641052076612845,-47.06787566934515100753834625825529060966,-46.35985106940612858838335852944754048027,-50.16790648345525336428838325506646570792,-49.88012932662862419936000091552426780554,-49.65478921391865446490280495498550041107,-49.40631234634259295646047146135241716245,-51.36611056035715349411854886198886240511,-45.8233763712194800999955611042511816238,-51.44619852950205601065149156126810741824,-52.34442594090855359339951017442929000698,-52.14169566200881435008522594101340846285,-49.51135250803293673132433526605956688651,-46.93345286109625880266375360721991527385,-45.40382430634036106900909084810518663006,-44.65517629432991166935439641903464703921,-47.94746210462499578513549580505378491346,-47.05717606538521334442762569586539712738,-45.93865598682072805285236130971593431659,-48.78302102196149319168190611694558311814,-50.94070655240737784094083011363500336286,-50.49733182361105458218530979206710794279,-51.03214817453263711202307817661767782039,-51.46100201379347413019993694619427777915,-51.48935832604627811187970552378210846528,-45.67196342227575149499293565755675409921,-52.18378434828017898900998264940773197423,-50.09471680478018433292226346482502900978,-48.35813803252463657852598616155047936854,-47.02423767730577207361390921384448903461,-46.96872771319952827338410216016242602907,-44.07828482159379763452909157016937927245,-43.63259089004805678343856637348926348515,-45.07752037141139685244712862740135749102,-46.28394076878439698715315988252934735955,-46.47691346237741671395992994414995157741,-48.20065205728722092630336384981270697949,-50.63962964814819780619065407425219575679,-50.54170819101155666171520198282509844964,-52.00603237803530320732637119426365013969,-52.179116462806688068760913821471115845,-51.62158078315955379479052121098966625346,-46.25028506155303138499419055134953692597,-51.29306558215509740529233991026329348997,-50.60912894681548500872842158697783652625,-48.96402644375852757519635491035779348079,-46.64917649101451686744951125539535744675,-44.69275749733649605189041311144386149737,-44.60256668166463599655301808289484204834,-44.26836898024482752452401201167830600367,-43.4821454665582174895434561469823055046,-43.98801622645399920233549359683105353033,-45.60645046700804495151938856292557883427,-47.10557343456871859631035839662882230614,-48.23642916826679693230457898140775186902,-49.89345015691821966654486756319103070272,-49.8945747312421490759548848643760988669,-51.57324798765762183290474179638181085154,-52.91883724940183262027596882008159179851,-45.94137402697085486186340838416084358988,-52.74557765727540396124630660017361973236,-50.66097625284527439925781269977791684956,-48.58386538239878294223192203128477103881,-45.41962293507888884691837732489831162113,-44.83740596426814950772166815555210534072,-44.24232917772992009739344591969442780075,-45.02242377733255902904876500152246218259,-43.76585263888423967432839403602915534378,-45.48251398677411365592168483159952752819,-46.7972982491491021171044026160081565387,-48.28132069970385289400083169066515919514,-48.35887457162711789509916296166881539721,-49.9091869480991070321714207357158650292,-49.91512188316338687062599787645879437254,-49.60425356831541735028571888792549421826,-53.39078017991240542660813552913597493037,-46.72917272204769689955781583782492223737,-51.56582024632061868620109159522002286803,-51.06526633432551408871275809864966517033,-48.55527551388532182858179854147006183076,-44.41998949898715061946953133309629316296,-44.8818142862947794756876093555544773761,-44.45211944426941638889733772867227202708,-44.27538561192102556435802551408861648544,-45.26383943128746089344766934913878221808,-46.69041112980211769586038938591114729769,-46.18675273564365722460313199535279622414,-47.77878047947274844294816466028323136152,-48.86834537510870412972111028266392261416,-49.41287165032998690505788564646596717057,-49.72455050884332054961614708030473031432,