{"chunk_id":3808,"map_id":1,"chunk_size":100,"chunk_segments":16,"vertex_count":289,"x":300,"y":1800,"vertices":[-50,-49.72010045924841141244018729706968754487,-47.73134316238161791798069358173986932853,-46.9991411898414803936122506040372453558,-47.39420983680612580123684352586740835022,-48.12277351158784393751956490685318232083,-47.40410385606393096976664422306033590522,-47.43557556646580746335419598711628301448,-48.78976235635908669557921850106501550828,-49.59338566669830188026137770119815377953,-48.91085621461201186409116553510213640744,-50.1847797647792829096068501461545421639,-51.54873683627632339048551527354069786373,-51.04393477464901037644359920736687267169,-50.79205716208285310429293987026372032138,-49.73887922120777197626285410719260044816,-50,-48.10234849119614796174980464058188134908,-48.3702337599009891553907918083737785822,-49.49080868522652427561101649319539407197,-49.49034365082177601381393517293006268841,-48.67726842085169543947835834310234691532,-47.81128655411490402135584487615619563437,-47.95429000771885462577260537672904602334,-49.14097121043681349501116709225310160057,-48.38244312825296296111737616267127258634,-47.94332204340088850677543989995122359069,-48.28031845339992579104000195016976008448,-50.15915125738982273079264580548007149249,-51.56672617079085460670409897672160162496,-50.04499385826092569382981304643589673914,-50.13539458202265008894430475290022326409,-52.2881270674281314298431028207540411994,-52.04420254578635767923436046167539601039,-46.92780539784073156208198930803546404501,-51.02148868826366287251644820032741879473,-52.54665408142511098912472582237779853192,-52.50642934285057241054118645292673534293,-49.50810350996542485951956295365423250094,-49.6860539398405450491640921249132369046,-50.17172716503610643872123897135031422476,-50.21859308800449555021548980346068864766,-47.90895699148848248975094586966765667385,-47.96425633764876985077801001234946893254,-48.86394182671826672260978171583244215628,-49.74294624869871185445663512152813587352,-52.39888166362840005522940783629312639686,-50.99056953375395478731661986356580243861,-49.91334872646979692466702041896892539816,-50.6548825040950548290763244281655232726,-53.1300390853159689884638339760872404941,-47.31671132861281563943158568679335607004,-49.99809713169334936483367421984927888656,-51.72404274576784428363876942748397649999,-53.30868239982006829307970165272739719382,-51.75197042822592917492858260188252266671,-51.96610271892570302132430939349970661359,-50.64761079781280015004185813330309751405,-47.78104016261027203889393629777661998688,-47.05182365355771721996312178844898151809,-47.90557490650211521880380164276272634297,-49.43819611856447687803005203952952845728,-49.65208842531304165355232910260900251271,-53.11598643139245524382433557715611645232,-53.35424326663832339743789856343501945631,-51.70505109991347669596341442127349710894,-52.18005225101686826885969284240102581333,-53.17963882473401013173040455538384400974,-46.213104592188275768508410964364410415,-50.19427508101768303220060922996716808881,-49.86035261074206464567107829238231798772,-51.24007263702796244944201120996783421208,-53.82483435262224694145953616594609720858,-51.72262956979399880355299967108476615333,-50.97349631352381417100924878500252893451,-49.51812555488443887121719726663552056919,-46.89792249046450784989439099886799953238,-48.50336577465490631021463748613576284923,-51.36781209820014113694473577694491486262,-51.23773379472926992048096304643768345265,-52.90741741545699471297150831369816130643,-52.77623121420066214426980103148130559424,-53.49815662070260690787667264635787310861,-54.95280495178026351931883178165711277943,-54.60241277252367266010222576030642221281,-46.80598851530076366491597743468037929893,-52.30077044426131995385375923733973269256,-50.83298733712361560499766888432147679247,-53.10142777946400262018656522292480021789,-51.87429694826467924666913073765965485759,-52.32331487591132393869546618612883771156,-48.96799143613644911101062592193652571245,-47.41484044128197355512000917708343549253,-45.96185402331702683070347630728655173929,-49.12874751802255015414956353903239554589,-52.06200263074716126315754058593021328696,-51.63723627301626414030823754183378959561,-52.07241462469096208476243411742477164705,-50.8025747265425832417056824669585403031,-52.28764039481603567479142477544819408869,-53.89154713413555225814333737413723016513,-54.47450533053797971138244038704280305413,-45.98179033234273578254337799295125429787,-52.56649941893072718920578634717277060826,-52.5155532430405725406567767775358814819,-52.42672513270359580531209849568380791048,-51.17185364418329396945600884312296918361,-50.01348623393638013359674896381840921985,-46.93925604568193910293572520853187732554,-47.8709745996934923075670370384234999611,-46.87042158174389386023537359187167929471,-48.7152288764321384149069961751115622446,-50.99895070369698039435701416937631156231,-50.33236712665409958892544366581873955231,-51.21827581432357242573814132514874448205,-51.58808421311431526718224297295600802943,-51.20629336660731504042275386447052477653,-54.34404920864659581287835204799380629618,-55.71157439827622885079973789270675840223,-46.73455176688819147427368347550169895307,-50.37032208744184426501507422623140299122,-50.7142936142037277170484688866263127851,-48.41453630865687274866125118438348635721,-48.88272579957478708297626051316996999761,-48.12199526127383684102432999694089069267,-46.9048590492043284578813584987097043038,-47.5281902435756249751405659497420059344,-47.43574991009608046455035839558704546024,-48.93461636128139275752560850039915905561,-50.33388784498735675348662874718911981246,-50.2830076432299388465378010937358996073,-50.29512793672987401964610467734893514524,-50.25950629243276697439900012688471720637,-50.71369320202300288250570097633590847741,-53.18076855768848880212401790896863343401,-55.73802756866756101508980199272157789113,-45.71019813618882992358008356831381794614,-50.50543532348412462065934473364271183349,-50.17834711017823000319503750712908023473,-50.66995805572878805520458496272237998373,-50.85300551194822644415686261627118634805,-50.30270273390122953757719683601930847229,-49.5135389590734462305320851362825272728,-49.80136309748798710148381638240762871629,-48.5855380926460032252535182057759894452,-47.76068532726123548043803739081293060252,-47.95724172708935599662784987193491194288,-49.12837568856369213577713960996117291491,-49.99707147972095460633646983494315030993,-50.00809181356634389982734351789370675683,-51.37768989151147402217316050718107189638,-52.10639116653248997321984736346281643196,-54.38656940891129994630343621175104676306,-46.5127766693075830375903604832135448084,-52.41662809705561311633370938090423265292,-50.59384954432310461067340450852448444561,-48.94475058084126490996600399584679471769,-49.48515590748111804554528499115822573431,-50.95868137659271667622218233048162730988,-50.94356376150311683325072484576228337468,-51.34777854955208084835338659145481957186,-49.40355219590987004980672271550506865241,-49.81244358788545479310294839092009951032,-47.57386092921017452827244243066319580873,-48.17663238008578430195643210724000805321,-49.68216643550930766852853885418979230978,-51.90573587784891887329916744831894765802,-52.71599276400069766901554906951045202838,-54.57733523303743878118786461949079573314,-54.98495442262288244349661675276488815662,-47.70707642928506749350741029725771971137,-51.43311890734924215003763670360157323621,-49.3910690085365307524796751277307582697,-50.02200126958129145070207419301311035437,-47.55204498002025394313220592020048806178,-50.20874166498768030022276893804389869326,-51.55971409424152123715169720326778061905,-52.0488771929956889964511737736821035045,-48.67979207994273584662491856344483676204,-48.12929118362363900340072310366670115219,-48.86231113138441791822425693225419899119,-51.31249345425055212402063495687633316769,-50.72514121999705483688800827169858726466,-51.03817234501987044049709285099209867391,-52.81448970857703888275609159669089599913,