{"chunk_id":3021,"map_id":1,"chunk_size":100,"chunk_segments":16,"vertex_count":289,"x":-400,"y":1100,"vertices":[-50,-49.13934552754043994410292012336054506943,-49.42811145506808555651502984346097363358,-48.55844645876794128837179972811753440427,-47.53624594895484262970516168994705478618,-46.90086149591304992321554917251637216742,-45.32852650726551555664185341919882285894,-46.6262226204255231888323137055489282449,-46.22025875385737457113862877124085871475,-46.29781255468837335200111601277291758135,-47.32940603867461559099924878904620019338,-47.26375887663909771393998350761591786415,-49.13872843960223321465485596538642964363,-49.91069328959726140671103113400603519916,-51.14431759318655973949416265216086731054,-50.15579056799336831935863131305679696238,-50,-48.95843066788285531690796414808852337558,-48.39743216272096817790875337975284624413,-48.8655877467096476795548674725288862324,-48.72952120259026199439363292097568462089,-47.69363650528583637077807703464572034643,-48.47845235626141783649776580997773053548,-46.70156234824147254095470105223451041711,-46.4418819692508231710374022580157096961,-46.80561705350932996517805114721905829264,-47.15227602902215346957086968065194414863,-47.88756510058293116025317479435874587036,-46.23981917678922220670571296645870562066,-48.51852902226489932597219348372623899357,-49.76448273779673605365763693207537957588,-49.54903364537463979947700723894229807134,-50.49121905811564756761869247099840952796,-51.10329852809655835016679665189713896754,-49.24048210108215431280275603944421018088,-49.46477968379717496530244584186669276275,-48.07982261668101778265370679123404676136,-49.36948657377917518975085272790023684322,-48.42418827957331816438422664162089373138,-48.10343546482185904285971614963156652518,-49.39840762182515254973831340743806641693,-48.46673598593229002270724884036521338891,-47.60146588865773174383147611376755627541,-47.07929117180442579840076780631284495825,-46.79025293943803707035119455888371517842,-46.15016028344798209003776402489977917922,-47.8548474165499709550391912351175794989,-46.69459413645754219103804009795678161751,-46.3126676407924538324154902873653047237,-48.67097619180171207460547855610477645722,-51.63651970905351869952893740619752874386,-48.471957036103154215299709781525454674,-50.65371111715333923709974437908351081683,-51.04594783816636879495508659603249404273,-51.88112355672728726887243896327354818912,-50.43569370122436118112715943438473333695,-51.09799509618464282980766814711015049065,-49.17108025658374887729377238400473134224,-49.39894138151150453023545337941505086052,-47.64716492722626704932614711431955999881,-45.53743174959574593627782922268837637633,-46.23007990485603467148131080961661434523,-47.10665863438812279498189893411012868753,-45.95626413329553629952805904199187971205,-47.39782113029942891221558481797105715058,-47.17176648420821937197942198495441761877,-47.54121634125135141180299511374705611934,-51.85114116219603898847463105318992243863,-49.29211517394107561166874132800170719411,-51.70899857864986395561653369030236648729,-51.20342318897246596692733617525150346365,-52.60597769151126330416561299410463840133,-52.24602027380921357605662698518583152925,-52.87611931607131959767073201955458378442,-51.92611820461475531668876167394709548715,-51.01326116258014856224818007221314279551,-46.78553840640224531093579218039726673673,-46.03121396305161800199216668843357706752,-45.66065384440001234456749053446258475161,-44.85221010348405890462723287933283140503,-45.55959508740663098091456648246290066592,-45.57181637393070309742290288088410194584,-46.93811735489572500853278076446486031151,-48.94380228796709712978146708398215873218,-51.15045400856537162988118893978835842049,-48.49761096225413028498025800293541794362,-54.94052234863700308051561031306044994057,-52.11400453232110531309171845882878979045,-51.50287301482132029787751201620262837461,-51.53526762544904648745084718915227414928,-52.71655072096187673573202500653679680357,-50.63372605052144027528168384170147657244,-48.01672473176308789625900364380619568461,-47.64287699166626303999275228765184873544,-45.09329765723774434755642739979644976762,-46.61726796063294008363302187092743379602,-47.22488303143239977748419545351690609232,-48.30502554047907460471121744906847494094,-49.46808953780036126927832399627360017622,-50.0730757430661480242539888330707746376,-51.07705751938747276823457165263953995569,-51.27689234816569530168046257499174071085,-48.17007396337437841910318737761262478358,-55.15160815322057062030015561163626100081,-54.2240620467784554287344153286703924925,-51.94740173670938452244940994653286550642,-52.30492771904505895431773533104931514187,-49.98778201677094173853610833542944747226,-48.69021215650261574869459893635620980341,-47.99650764176636566766641721415192996428,-47.23599075863424284709651202600705548809,-47.20140874321059560853637014789252519011,-46.30203206595658434803951214749780780099,-47.33697153118505900433638071468539841856,-49.11392869290218256143171895860355074268,-51.16829299108566007893674695769182717653,-51.60431626755799820924380647272091747239,-52.1626706645716984381419346049385969876,-52.20454110831060821407802419216283582373,-49.9978485355213938883484129944717913159,-52.62659453050001421481946095360404667846,-53.48709370640947869705093653169145114218,-50.96955692735692439424413234119400810511,-50.07320647003813236408338349344977946,-50.31668083027133341816532167932256440879,-48.40767860818942896043680172155284091794,-49.48799426529282001356310113212019497484,-46.99117422478830544769325899344809842076,-47.58880346470744044883229945217948938514,-47.80028157886565895117965553629558372823,-48.37725874697758704333653515061654439056,-49.75645399739087232243820940017757792698,-50.23417645424916580307378159743216455692,-52.25012801493485570822207748991325551521,-51.0521556970949990921135048420772387754,-52.43478566771129191956681185140091542851,-50.19273680942278402296831711576732937568,-52.01869300027316160181781007228702489078,-50.90891574618231011147546243485494160911,-51.22953036800266634738340868794744020698,-50.39873331319549169615820032687340507387,-51.09590336966902277358594817739620463491,-50.59025145246251308751792806928556239909,-49.89568056812272790659595069777178745004,-47.86762292508898148991099974614883837075,-48.73289641154440456614259242084291254236,-48.1077360734744084440518946486638802106,-49.69078989003041501599181858769501519138,-51.4210350091272417013706788876063142142,-51.66469522844374735112107474236476138486,-52.19250014877742211068827920466819309958,-51.81036233505748080934071723968465845763,-52.07745790549010905046446730327166728795,-51.28328870416280857293755977120632871143,-52.96169045933756199850577291921991512981,-51.9816913358466713059958272365456185594,-51.50350535688862860214679590278995783604,-51.13131033341574710302247475971742631881,-52.87485576288409888354663945747957610286,-50.05404007941176541302807480668547912443,-48.59130857750330096830030490010345138123,-49.02462157736921525285022170535500239849,-49.01238088960687779208554005716823272701,-47.62503766604234935953330583588372393226,-47.45459478667292961352193587774028982859,-49.9264300020529275992273855106439404645,-51.14120153563016657959737073383167654044,-52.42604260123070216923523951478114335388,-51.43393878762182196077495769964089200772,-52.64195722080743618779039722065932656414,-50.54418004104533665448915058751939617829,-54.98799195450996448895239403374210918092,-53.92758370212865140470818651463072173818,-52.46456978739504734002962468828404508257,-53.45548975820400707588415304318455464751,-51.87331166772586663617245818715165647041,-50.78895494284979406422865346106967025835,-49.71377123375605898497695257692678267552,-49.64052963350279502420996503083091484829,-48.23929721246188852482159592833772332744,-47.54515078702779137668414803862280031755,-48.49614709754089021330211812993252123202,-50.02412834177263441044466961781869798607,-50.7573634213400218568136350370227111221,-52.05220975411760904432663910777199748127,