{"chunk_id":3848,"map_id":1,"chunk_size":100,"chunk_segments":16,"vertex_count":289,"x":600,"y":2000,"vertices":[-50,-51.46415444691495749625571160704862855128,-52.11146725526874756354825372602044591571,-51.5774256823137216499365672573390847,-52.1018941336857355687710883671929485252,-51.09521153997208233268231199653877904986,-51.79912924681836019282867754984664441557,-53.94107516546955871942396656710508071442,-54.21254975186109686524068866871294146603,-52.79496968346448736356808971108950775399,-50.60287037715306177441744663561657322979,-50.75145898344897496291032097297088057595,-49.6839294821030514379870184485527984216,-50.036650087955522431864386610387858084,-50.09397239657605619192404455250395748291,-50.54416592660828338132668447212694400945,-50,-48.09990164291802327488646743847582129831,-50.42622981492438280422560602429487027281,-53.35445235952848441165091457566336084171,-51.69754812767791684950784865727897283912,-52.90558588534098384698168434153533417695,-51.19459533898258620511033400483262408421,-52.5600749152050031163696321837528102069,-52.98142650032528365028334894268240192757,-54.67411089090986763009173873608624042349,-52.24084839566948514509199408172998178028,-51.51472280708263279454846012517679568815,-51.78017253990073202376731507040393199286,-49.29814134629999647321768357193269993046,-49.0352414340945925792822599660799508921,-49.85910175684622175654554750290013312187,-49.15571580849532887608265241938702999802,-50.71335342166977151806615403560305511844,-48.07267537199329444492715584467860473556,-53.37303757683712036843842838804701323512,-53.70305492684064127709215457061295542,-53.91543608054285749539420276921424073304,-52.24339635341472836537464470588797669365,-53.09327574616803533031443284885573488444,-54.46965194725806872417168105976795499555,-55.23950423689066830925738898345639725171,-53.67746679346938957192694998251175091565,-52.90500531735126833557056377250721545111,-52.89665577181337143341436491974530854143,-53.12267771297176723166436057467987310304,-48.65033627589557846780678721451851072744,-49.67963636825894643857168289653023681602,-50.50963177349887000217564538312600660469,-51.4014331982253123507375479323862716564,-52.27282452584012908536050458023386871401,-46.50957300066726693051008381033891958271,-50.11004697853167312602870723920338472242,-53.49257133972904985634450438567331315446,-52.51878813838933817110228299278271659772,-52.04775757730750610266751004624968301656,-51.89104183999383243862370363922839250131,-54.52713900850566493441596830824524985696,-51.63060279493171936629524835740008952231,-52.48361296163290886350365596662354641727,-51.93177408628589726372431516602870049611,-52.02852690964548847791516535816493881308,-50.42234475965513193642674874033202187208,-50.18585098421455169173809438417073051062,-48.79517886602762767522428350092620853842,-50.15068851596398070148908919948294200201,-50.26300439865267907903207634899010253588,-52.29368550234474117056837714669970718927,-45.92530170089690531393476733472794969533,-50.21531366818713446549965710936323153373,-49.68694123129917595525179834605577581229,-51.63100298167515975741041829064458496166,-52.56493019106394053981729544616609141295,-51.96266442486592267595976859565728289368,-50.21437587306968504793404355465458986372,-50.51375523222496858406502567970136480774,-50.97209104775333251005877625426172522421,-50.40612798561192987549694255297826502056,-49.53463695512269155370638639825306071824,-51.0289146715499298865588349704401788607,-50.64374440757090786676257614509223709178,-49.52463957375782331373190187756289647723,-49.89548003493233804913557641460575968753,-50.79938686574684041991306167862267761071,-51.84434733686235103803959382185176781607,-45.09348437213640187804776345099064983256,-49.34124812055517355490583388565857882813,-50.74105199316284324396391641318848818216,-52.17894331267694246608907499552878752794,-51.94104271261796683549403893183088449497,-48.45009395573357574094394585035351461045,-48.28688123657592651581862684671263111044,-47.48710872276707503714840777875439598616,-49.42063690164922768842254590887157462024,-50.43881450785623916616188132926280772212,-48.67950620632410935525390481109048827066,-50.38655069157544577979401801612265363118,-49.31855741093616510225895421668203941371,-50.98752458106403458265897931401046343687,-49.7518358108735391106220401701990098385,-51.16504366694973663656888735610963924843,-50.65128229559953829965701759213087235158,-44.88306482356696330563107553814703919844,-49.64970340202233383086747561330985514105,-50.0994474799538824415296923409794155922,-49.76526078861363011841659601327470574586,-51.38469521177581523789353262908203080796,-49.45040795949556863583248987083081131083,-46.07530649437946675218984918644987101342,-46.60426201118255619688153496511741497778,-48.20859789652107643813701214437905300496,-48.75370914469356615949109386895894787876,-48.01477192380434109996787418326116709462,-48.49781165740122734595832708974164982129,-49.39350814407841812088209214874535469815,-50.28579371652469628414829075812258262586,-50.98464668386554144423821999155642517839,-52.03734819731027901149159603327268429791,-51.28199175234718876729498085157036734279,-46.57360940495026977388777855400685731134,-48.58019157331862284753091731567426581566,-46.64642716978655516388618729701530815186,-46.96122514286369776881104715292273076397,-50.13742274343704574246499004484096599825,-48.63325206229867306411212860828632026296,-46.86625018120047783730983702219375107547,-47.32315741481309462695540610737492844005,-44.79980333328896876043746078673785425368,-45.48991310114466616580704475030711314959,-45.31539326236266606611667465652094565525,-46.48030065430562480862476656843369072617,-47.61680137882511155338941185513007526411,-50.75905839761258734941832268274098731138,-51.05074364696434002804824610791699602448,-52.95303137770765424959487767373066957583,-53.09931987118831153327869693472688162123,-46.35224090404619657757894539459221573868,-46.07741483197835172278503855574402846786,-46.73750519113647338820140859647135420961,-46.52341256920336190990801843014455615038,-46.17775930892653190469576736282642708912,-45.55872402365616256541185960771873451822,-45.12939002391633454948650904651115652522,-43.15149299356011910931728408694021830358,-42.8107298482175181307434763423550153612,-44.12352160485189242557257662602732870522,-44.27255783024868120112551477563347737659,-44.85602679390990478051235367066105467068,-45.43902567526334752738078130979593566351,-46.78866957658597184498336000356816570016,-49.27724081553174222482442580338426891379,-50.28155085285652451592253672900005595616,-53.13434160116235413835769377813297300833,-46.98141511104835293097790015401378976726,-47.3056054218359369456375407731392916651,-47.25215647689702425592458183133392370292,-44.96401422372411490875547638833464667995,-47.24118744347786646555483985476307584245,-46.82254877832151333892182081516851196606,-46.4736113208022285270650686348524307759,-46.73315955385627025582419198179704819881,-43.87882090110422255862223668273006943633,-44.8572503336026759296204077626124015389,-45.40265338694601568008165251383531940596,-45.00751847610052043498056469552835614752,-44.77063349286982276962972692150787943084,-46.88075643280958375391916623442041536511,-48.11227269470984868889416476580962868117,-49.8143168089827532686888142403956902617,-53.2278760915163826214134885064246803714,-47.18258548899115788405987582119746060533,-47.86828825552858104749628881249404827191,-46.15425786923739731416325290474191675037,-46.11907726965274416108902027071577668237,-47.06999113679617659566926848596087005983,-47.67972528309955834893802069412040994317,-47.97894403024840823465938606870350298874,-45.81529786295918373784160015960107764929,-46.08444497750387718469925886388340037452,-46.15374979500090771111122916885698814024,-46.45436306126975371853265636576734826853,-45.52598401148642237304692595727995271489,-45.35315376914753104067356114702231924022,-46.98656619114937845613580171542044644308,-48.21043953694049801761583063275717382917,