{"chunk_id":2706,"map_id":1,"chunk_size":100,"chunk_segments":16,"vertex_count":289,"x":0,"y":100,"vertices":[97.7185486,97.83169848393374907787122340013412502076,97.42282826646024020294265338506373610539,97.40646562643797080760198583342683114392,98.41213130644096351211466367709605583,99.74934640327332868050562313567165536191,101.201164307064226873441642524392047286,101.599883338035476375269997226696957498,103.582948288533156654794341431378860907,104.005087020015734235097216481594218928,104.077808273608725343774405768211590093,103.298875343489616576528790454697587982,103.720082561787402392572379588433334101,104.141302532321736744088997904927204877,103.270101240792416512656314601586184359,104.344437432674015142779861238434933323,104.82893065,97.97438355884196244688053315158243383797,99.28147237786350550757588655412628068834,99.72160204142727106660853929544407872796,99.62679680941987126478350482034919198411,100.304290199042940726261839427457990507,101.909749326485724311587696266192552343,102.887605346349819980857445250721539062,102.232863168259181874997625270263419895,103.896350815565265082483606758495842352,102.042013612474612528971706837003097848,104.265730593540969613872693170046157586,105.193807076281297141421775673175633327,106.028000950048201709652942629815073192,104.740635118046907972516367995259914227,103.975202734469965720483076653950559178,104.456158112059940139971149591615935846,105.121461987358993367210019416332105152,99.655046693746920580239604657350774068,100.482205514731191871107760087775112134,102.741098571378946097730983412315660661,101.086297788546305858926824628704169119,102.462005742497405984745128094112829581,104.104402586896268693015240932824808642,105.846001652672534430309540234439590891,105.815499898269665370636457728988283052,103.100692278946066721162415916492927673,102.583094799274096851125870509280068245,103.362012756911524346331769238406059147,104.268471564307626926436853841081195201,107.04382406764562211391751716850807929,106.127034069339209347625328425899241102,105.402960112350969704260239627292620744,104.708504551207142294513201861591916272,104.429861484637408090049655876011993729,101.980253062853965648176471289881280298,101.494979567841122817216707343873266796,102.96016283301064841070106915899301316,102.059794304329919134087441458469244653,102.698648238557802951059474830569071976,103.712339279947945688888688166447633338,104.551955096609686859909180125945540831,103.825996472455474095441829002930812788,103.649475133192470764230316407501430878,104.895250742957380441499297222705737279,105.274453521723605853000152223334704231,106.252827950358276826032383407288911201,107.971132802546739579324715464816950903,106.648114596551656963056191523513317636,105.820174266273276086308664381570198461,104.908065216423480684917445311605593388,104.958878925555940461893459270960621466,104.652231121689699586015571249691552618,102.319484723908688906038636177521516711,102.860072406945588289981827882005292611,102.763126603630907029291600490301716658,104.172852409728637882079636522974721032,104.915833698814935114689113756378612106,104.744470276214785678119954021254458062,105.89512357595033005833607753045504291,105.855386335137875955698767314188851698,106.499541491006634218456990377772600918,108.646415446974670171547500032236096441,107.949356617030954038353282992270312974,108.989208562314285083535673890140711127,107.615413246920034619311108604867367841,107.637777100702711513930813920831202865,106.136690438750204692682594460262707456,104.464008776621150643385910035298312256,103.991425302633908373475490982064135113,102.359591640352513743446693775970117207,102.267472863402981150599117582118282586,103.493641140884581147847211985057385376,103.39445091400103929002612383427754343,103.628459806064270631064935990129870819,105.030146961460037187892972680254172245,104.518246454580884018547950843504029915,106.183471935053737543656437814372177079,108.512210233752216729380822267173892301,109.096005226325581631958071850831806946,107.677683183149769641600380511292968825,108.810639423611666204807359217817157521,106.021012077879362511613841603126645596,106.800348672103902629749926605082460346,106.627647361798664908678834030728173391,103.2628092980863371105577895702973008,104.561323512701538186045542909094443707,103.951985098806299405388774339706907242,102.959698282284605131533435325983402845,102.73944514941294808345302778330863868,103.779505565748196769265876952858223943,104.435671450679300255629976134938549434,104.443897008798329945242078023829560032,106.83238053266806456451385447462721926,107.715014012558480252870924693261196045,108.757410116120403632933061302478030607,109.088112679961531720408885880472730033,108.723733036526130208322677431340183378,108.28011448029700569272652071434275787,106.941763930525080236350540557795275388,104.22954377294099252308533737752473114,104.7123014006479349313852675823142793,103.969933598831029903756664422251855114,104.861238366575084958625996377437411199,105.342458236658096977433469111435178253,104.932199592482017788992327246092728434,103.986214059575424152883537460271380651,103.804826055450925548343354221342690721,106.142437794520445360041808953131757712,105.721888341544391623988689605173485166,107.911306969101485631942069721524203255,107.137395387340835836662952792011581963,106.951656732173561208505099870411827716,107.558668329986316835195342525260362897,108.419616768025979263126828484495340814,106.355257036836695564578627273544977682,105.19201920038706995891386267941416912,104.160784556862607763660177923892816715,106.32836447506060445629571442667609475,105.282326781715269648022753901348208385,106.628624523768009680821627342395578082,105.853284007707474388346453761382012375,105.287508063429273990144727505711637113,104.894848712700930888121131488863885332,106.320302277770002449307160299750337515,105.951934635332521574768915190244739798,106.753205957382883258491892676469254641,107.047626552133609081615866995647440929,106.822293631005888109912361682003619662,105.452819425005440980968371477457995982,105.100360602682081237429602574695916534,104.465187521017520130132478906747442525,105.201992330032606893891744164670258678,106.551007790543557041798893909662631373,107.341715284917114247128921914085131911,107.669878912577459160896550748039280634,106.67592343640447924068077157143774689,107.761397194354611207871916888416095098,106.77023582242599013390281594387279266,106.186282007162320858708706949026124758,106.722801542812450934048655542807079286,108.440805594805457705985785835480599878,109.041125643995392956665628132527924247,108.183323660537766137356682121787716273,108.128652726369232474161335203924701472,108.143071195569440103309041570272030368,109.32849735821169759340401805373965633,106.591148373998137217107361149572504423,104.916416834293731175506018777442064248,105.032477677978653899004156303785495925,104.339297833154902318542942169277129999,106.170026049543123429494443459213017075,105.476346201182786003453907324045673928,107.310525385815411364670412624677758611,108.980115528477825324915850069674836803,108.878124493844164459392726980534167873,108.399978625003859127264463638989925195,110.032932650472961499431528553956755062,110.208659257879473554878926986075442244,111.505475240601770533740803024952690865,110.898562374649088914116950093276783708,110.133040420360929121955246278258800292,110.391053814423113387521236198560946188,110.159115433632206275607620317262446561,108.570120052427101302146063705750643986,107.366837104393638023450954442899762541,105.322025382393803857324259676948825365,104.992961949230612463814813313427324524,104.913419792166889536184611919746259894,105.346057938733558462663475860866749036,107.604941919214601529425619963130222934,111.070158495119935147106236059231097965,110.466801426474866930771173821414096963,111.25498509425861573301091169008577584,112.834105967113221456939094742700343403,112.768044840275461078784301523732566493,112.761698159569341205463054281949743101,111.66932914800195773933461832609015475,