{"chunk_id":2711,"map_id":1,"chunk_size":100,"chunk_segments":16,"vertex_count":289,"x":-100,"y":200,"vertices":[84.9689209,89.69268165990417573094955780970429873824,92.59257095779227845479955785851073731204,96.71579896629540820914696103530707839901,99.89482113789598201526993829560109127346,104.772129001769260649074996026396926263,109.463289387009218660343115540710412505,114.88090592973293987061113178859363502,119.412020126561223552899473300333151262,123.376203616790704990164789376812407288,128.957009588946672534010754631186191441,134.799454982720893356332725189076609998,138.728906590353354048365802939061363104,144.199528111233827846755795488653274539,148.330693703251199597505880785017163853,150.967950483849890641613486737663362592,155.0812866,84.08363064682266440279949134760866817852,87.40680023443127606883286754748517612948,93.03254591550379743305722850364804013792,95.83159546319123520810501959908111561618,99.68731508648021580558549658252228371817,104.578644149251969973355324622570003025,108.251797877743728100333617893271968458,113.751880137802575552777100113319622347,118.338537401521108697935130574644409225,121.176629603370293915758600400303656265,126.276781246798119664238661997462861242,131.880569255848335728569240653645898967,138.433073761419273334203909738982237346,139.566409118620081064880260008447322238,143.723488504395718219101258934308760011,148.15803353900586366399071803173183624,150.332116053941291652573658563044032814,83.89581801939838487076025602467502781307,87.79824909120550323566688980766269302042,92.42157672174952937651002983165754393022,97.38216252492723694313079227813204782366,100.555842242387756445802548350424197113,104.81794849496409088118002791150015592,108.325882389056945762233478794685351649,111.752795488391306995852027128073626448,116.58653581187809730052059500566100171,119.033670615836447798555249381611491309,122.74249865626867325696221952739661278,128.611278667308530011163353292326638191,136.311677263088139968233422923912620968,138.882552929876808705815570923676132391,139.803091798647936614329330348554122293,142.5547826754029774050581284420747124,147.078550363667745068993672421387180457,83.61365719449441264175496032330257453484,87.00132219992205552570693180347006285479,93.19317402322365476639861001023021960435,98.72116666527390460267383717416135143711,101.859968528153079492140292520215399889,105.825744233884117718199692190982693244,108.04032754959992534570719200364430644,109.992102138335796839809978939464598842,114.310328582776497063142002682890592375,117.859314977773056267682585518272535858,121.946867401498113246829838732045067829,128.356232916310730627929236718377357332,134.161925971342752658709483297663441659,136.503896593213786883672371899881788702,137.825036577566110050791602163801634669,139.671186602732774891956746798641365238,143.314911099162398526039309775418570542,83.30654946607428015481363043514276332417,86.15125563858234006444608904102200247355,90.87811461494830679122909825297975866833,96.10946161858560578839390266844876362888,101.438514728009438675527484070362220557,105.806655250420914469794921223483964333,108.977818817599726525146386193127367496,111.814557084183668693445092713364027809,111.35505503483683304734250952833327449,116.936048140430659342694400087893085105,121.936617801021241980005231355322458393,126.136919237328755706762674743703005996,131.482463019820847330774786398804876106,134.316511538908749181180573358166426227,137.106390217789028660069402317399734061,138.088937580118035421207672757801890073,140.738777826550971867136068287774048755,85.24967915408339663330094398632177986073,87.17755939539488717510093462614794562624,91.80915065638611246803629015133474876889,95.22670089681111192619046494320111616017,99.82465782540192901469835839348520686858,101.903345934144478221586844084964695174,106.281244597148948829876898919876467709,109.113778530581742329349098346155170254,111.447980408095720841643864883553638315,114.235497715577122879387643509512348473,119.436407644955398710460075832484339764,123.413196675301522699880769976452745826,127.928834520061056836399813466997931737,131.302231788005928431858697985004494295,132.491401709919001465586477486690026252,133.271114780362974847122758352332628086,137.705838039291033521349206685438112641,85.76726693272228030825403687768447153154,88.44511594443255312840983602867169242218,91.30751684494365358746781716266508157641,94.24919386356260468124640169346501374734,98.19309272998462718211437891540442366944,100.766784469670425599705095713802316415,104.598856387879384801659455733684805917,107.006682277212227875792984193394849904,110.330591374250298747478120750596876777,113.931680681476293870566015171608369634,116.862222695423556850824820213123533535,120.227333446020813715286029407094964803,124.250584542269137058493186559111526017,126.263949365255642280303728431009550688,127.414426087648677961253899748859390496,129.930136472761597874856417336310415965,134.026248629234731011469822966380282712,85.78695665950933991254199555006833309474,89.27561976757926416125465213285160885991,90.12166438937123945167970198096229486542,93.42235636872675449263888791203620843854,98.15410014603220646395527008863475674348,101.844392833244214298390982562365068228,104.168794135282748058028702231480453046,105.971330687421417462334505778449087836,109.681375858161477856863660492552389888,110.861422741946669019832378736411285887,115.039722922870656851623923976106574714,118.155712577584926492035942684260815778,119.861156860056792102855962729289433416,120.72457090823379546077832353953143738,123.947707508598350118321111440269759805,127.858994648872681289567911256051047622,130.909165273504728704855103779273623316,85.81319988893517495404541016918068935275,89.88273845615512974448994275837157907007,93.82933459302303406184036098067929631173,96.03284736425379157792829831491359110252,99.29801757360058002470235188919409150557,101.741710239636518128057911067110932636,104.725778364686602328786275442039902256,106.572594159183716364692393573327751886,107.710185429243181743023757707855423404,108.52712439374836913712456681114314502,110.974330292339349020068435152238328172,112.599179883450854576054422922157099233,116.152932416087446531312476717599695546,119.285215749488529524463441716251274403,120.878894798509897684987201036552554403,124.183957448175382946513391200097767157,127.837569566667802618866000146126055759,85.67807845418471564462373596694077743531,89.79545146766548043831744599439314717472,93.02254521191394857737837379225757523184,93.41268045068725735258773920104409960444,96.81676050404772704486571003549044654305,98.41800756068388199677880907558762813101,101.419730369641181328090415586037660674,103.717879956484448956905655928167388104,105.911901920152818846101729795868275668,106.645011460690827746345031259255665064,108.958570885514441930683136597428684707,111.318920203981851139004270437954696002,114.534336162649545530466016025425607915,117.798252247943801881914741969577775412,118.618491092335523029586874063913422866,121.287042106116327738381737352425439593,124.26720172051152389145505656999460107,86.23247277212232407521800427639549787125,89.55336144483010568649849726730319647151,91.86507392144279418761641159688316922288,93.35845693693290850876010899073327944782,94.6264109223565568945376382639170531718,97.50500735565485092007559601691588213548,99.47275282984341354445078845603131867046,102.592415358128209769203990544284012567,102.445561920446676576024312511095515992,103.632206046052427939741546564032276446,106.317109707260703217993915718122227491,109.693953725902056130918334110678850193,111.497184052607368151106977982271608954,115.694283066100821551402871929843193486,118.234734228205509106778445063162665063,117.815843010848255628596094384351337111,119.129999748346554479534599300985421285,86.38879978361396060443824576374043489779,88.07370118253416346521477980876489563727,89.71363178186806469107590323162705735242,92.04354810562232144983694142970405075534,92.05649548553319903891513865087439256715,