{"chunk_id":3502,"map_id":1,"chunk_size":100,"chunk_segments":16,"vertex_count":289,"x":-2100,"y":-600,"vertices":[-50,-48.95819090620154137336934878778329010499,-46.85061761515438429255339619407899467673,-46.25234002389758025670761223744591764284,-46.70186656029568856907828390523453944673,-47.29254211445801441330603503218361707824,-46.32753010134664231547366000501548159997,-46.31321657973987426289117105156991578488,-47.97939218858856496374579870239513656778,-49.70272797598182190150240046514791366548,-50.17933483730269334346113911041132024163,-50.63621742099970680402843087737358568196,-49.28823927101380936864479362345435676298,-49.55506588109939134933568853868373578583,-48.58451957461047854346444251562641276533,-49.66092684719093338378711906063566031286,-50,-49.64013587106306560070558903760795843759,-49.27994429252952604078631401336800570956,-48.9876504866127068013600174998310912247,-50.22971189210435482352431961817189997479,-48.8414121553087281161295895311293258617,-49.73110010701755587555450012680231008723,-48.09753875730947677823943908287812578855,-49.731965056752156740102825212799057841,-47.67327110296813414962122996681998680842,-50.67221117110211020476803859025101944713,-50.56712721317323673273736740334380189312,-48.99526577553314637831259270745924695825,-49.62836249710730249535184787810282966546,-49.05669089360830209015187015810453599813,-47.5329702090927890976899887740200198338,-49.00706090502849455191434971819311725505,-49.98377918542189700801689562880720723044,-49.10690907189898352171413852659722975763,-50.42002693351884080894580696045829243731,-50.64953140615601724104433518508613407376,-49.8316660236427367032027566974525380324,-51.48783991088233489536529478207362032123,-51.00036684828182598443858333168925888609,-51.38269793536218988854334305259161794301,-50.57972214602475602948068391901203822985,-48.37411279792523205672097908634343183365,-50.44080223842426641562572115824111308125,-51.75333591534548570206915817419364015396,-51.59370786977070895660295675118693176041,-48.21820057810940784876622330943855269733,-48.10499414754363307209027284524060274782,-47.84713025633280491197848475972079140681,-48.40486664407752287870728148460612491923,-49.2204744934336364345611131841553314724,-49.28419858638664613375331950878769419617,-50.35638374566624269180153284146957622635,-52.81095779407729112018086839470446362459,-53.52860270533302961134891748040892467382,-52.39120533739203105123970137256051394627,-51.59702005126884079980276767605838264641,-51.17189428629949390837290601612270874051,-50.25995157409432723783417382759654035345,-48.40367535445721938734451529801083801314,-51.16494819099032625990844217298651907232,-49.29664366485854136915209122810102391918,-49.74506394410761261124838807756939838731,-49.23482581507278410122026354048105797951,-46.74440504638819956348477965297869633553,-46.68503572180971859657022910247860604886,-48.50052337439612841025557437809881875752,-47.5242196210186665101300984727294923247,-50.22027913313941569342661313586284006349,-51.18883652609371866220886043838239036373,-50.37495009731754515466752096064896764552,-51.94635969268113245530784622719563052631,-53.48866531474101095163564448356651356217,-53.11601211583483335690168631314565257739,-51.33072597618673395226698678966313036021,-50.47377849031875983589928050159312487473,-49.98674213557029930459595893180214797983,-50.30372561048197533703777255420427051185,-51.53955446891678139056296352985710464225,-50.7307612152192992468179301034585106477,-49.93263686713941930094897263231713702365,-49.24048866603474149843956108305699093604,-49.11086028366846116469051430403915695093,-47.37541502831819396293782334229130432902,-46.77580217898319894388899995108167122794,-50.18466109781989639091925345060607526181,-52.36675165281667811310347446253059966429,-51.28882635103123928705850594636039608316,-52.16579013217061285295774846312986457783,-54.11972660886076280083092918527017908405,-54.12717331332916483414983966268404387457,-52.37309011585746330403471679880340943645,-50.8106205919558149353016467040433718019,-50.51405435931418449322472176439707650521,-50.17701930908476029053185303998814925343,-49.66939887613972167163319762243455927086,-51.36734187061968112883257671299515912647,-49.57154749063272143723885131251740560271,-49.78542042994965523988601459401585988335,-47.65157176380125389856538756440975391063,-48.75773097458026308954516466849686350677,-46.7240930994653920732031940076599134421,-50.62463878381982761953695297350956647713,-50.61539863069565437576431065232870745311,-52.41765236724408779769232522933592429357,-52.71518849066639005102021881743615841811,-52.91112568689093428945254660064498302706,-53.32342561760428589940135590751751783895,-54.08389259435828341166325965274022353862,-52.05544709673181827760704765918618904698,-51.09963189311882114382290942921917629805,-50.29308078144427271121772730295277865558,-49.51283314736569588736560863182390664094,-50.19681459302070886459293361181338989615,-50.92930514221236485141692447749735264801,-49.19823431865737978874242692185879544945,-47.30484348236578888023095935471831259803,-48.17499395304209356870851588405913103127,-47.31880004958677697923804492467245980495,-50.64334891873357033366162948199295914045,-50.20932962072153945357409406387246928083,-52.2682962740907495586992343129835792117,-54.12464432305827663605822171595848240396,-52.80269599557173365484199510014795098237,-53.7946563227008238090868114735368039159,-53.94871639976351427300446227317914846238,-53.85366252202585542704029784513391456126,-52.98495138358037886528176041591176328231,-50.95665636936393576170807986422767385213,-50.74125201410336788771183119699695840265,-49.89832296689311370378931306849240894225,-51.75131851407195114105123289417568116693,-49.70973560121448500258539546468877742363,-48.04454737983062110031359755663139731252,-47.50650389559272168597826356154773118775,-48.2842907016817323418487658099566956642,-49.92339623218775973210111897425008470323,-50.78795082023961025180333715357133320992,-50.06814000849081476391192640389584922118,-50.94993278252692819915225718219254038146,-52.43020909106559591522902187390369587874,-51.20669905865093744894364287125880037079,-51.45617341164212024026529608682741776807,-51.81035301740374636343223699925654763665,-52.98735308057225394268637827487679901625,-53.09014371831949145157632997867591606044,-51.60009033568689918348574144994183732921,-52.45297969834035045787052089817522083598,-52.58048980282108918324738102025871348348,-50.42488754661635789534306634588846850805,-50.20523275867009330828102234526559474412,-49.10553077358567530005276638320762698281,-47.62874215035226003775224296191273564837,-50.54290925623403486849785397170321414792,-49.22583986150879720862400816440116162187,-50.83598018636084748034113329994414792994,-50.16215348197029441411381256791166449979,-50.65378514616665741876649897283629471132,-51.52431833180078875840792532344852314431,-50.54129806987486574595673719823284395136,-52.37417192817195098172794704651479162144,-51.91410567899364464351168111533315000776,-50.71775118488687045380508305079983750349,-50.31371376683111429481361984261403514322,-51.96179521441888149745684527887144619364,-53.52535294687650261460676733579303467786,-52.10445563477690720381361625743475707281,-50.86942967203231474296903498696765371311,-49.13689200678861360203281269658565809027,-48.44004146771299023092716562535686154095,-49.83920740907945893562437857162582696268,-51.85757473376307544755062434371225038816,-52.50924263424918631413638468334255890042,-51.15796734426446578872250228628144286352,-49.98260341311709587189594338076582129405,-50.7014859395442347751002396994863564597,-51.09861756673870749184524791057949936645,-51.56852822875934343495235369629625400182,-52.43204268211235294925901790602766300879,-51.27465065013462062454202870654930991446,-49.61498128183393466334062382187555450625,-50.79833126029624617437521336447371745571,-52.57143517566999015111877279715221452285,-52.24673170954621163998242325690610464745,-51.22541215708464421482389879103565606202,