{"chunk_id":3767,"map_id":1,"chunk_size":100,"chunk_segments":16,"vertex_count":289,"x":0,"y":1400,"vertices":[-50,-50.49148399571490711405749546258436362607,-50.79851546196421932940837788995658719232,-51.1742257018897138278341147374776290438,-50.90210813674627781729100015243832108145,-51.22685946221602375633829455169966329252,-51.43552975970301939447325645388997126051,-53.59443712557225612744504890148999503964,-54.04312698072088790663983341602462226794,-53.43556363807913018519773526516213231308,-53.0683108753374872786159395841242338721,-52.87618971023266516201035050806796123101,-52.74019076146580767989050609026153040277,-52.50699406970738401459226020390203114014,-51.36512457480241372345672163244756745771,-51.50920362523658106182676844972010367486,-50,-51.0381620684126324811490517163564093184,-51.41885995102934125098816939711905725056,-50.53003602197746748236787631151489080868,-51.02574088490406061324818989605031462458,-50.52895353726864583718959679981906076721,-52.52813938260383936736016536229294093636,-52.43506012462572486793906479418310111738,-51.68827534615545490620677869336781340066,-55.82451221132214440264935522720360078407,-54.19293873639291058571861375361421903021,-53.027751980887674576828765398312928645,-51.28970171365232093980780548147097640548,-53.5890186329369898026969714013866780029,-53.62590975525405356092981964879332655557,-52.86764029292770128867897421236713528846,-50.94343266250150616457668189133869391692,-49.38366336815498515778397364822378902746,-50.40113220714555937129921691656942280574,-50.21636611772568246514792975052983431657,-51.43087075711390774165741141741380048695,-51.4075533036115636139755605153807046581,-51.45926857841335860209966730573012038384,-51.93821129699170052966114421939413575608,-51.5621454938166620344792067012213138538,-52.87867077607453656099898337644013067124,-55.8439655066982996804715597822434777771,-53.52717794374492523056349500094757430335,-52.07474898621849722908894168383839969475,-52.24840808265281990534336027884944980287,-54.4449183758868015439748261114810711373,-54.31505371568083570578001692561479502055,-54.48180731183380319542801334650775358685,-52.99898461656007730848799709791041470205,-50.12729682880437305962858755650341831758,-50.63836809612053097938154446391927807339,-52.0301865585449057009987498334047651351,-50.94237138103407716432790764448401528628,-50.05641188664788018952322362407924748834,-51.45590211052034108685103674216937970962,-51.24104271141501602490198893076688550449,-51.71246949316242452402186400115675923291,-53.17886192791070727793199058920538770767,-55.25710159340219222470179109002982806543,-52.67837229898014050750532392391928777984,-53.20570901989492183055525530699590072286,-54.28643550336096293102040844008282469454,-55.04755887106584938491091694045305001477,-54.78478777155178167772008336134132246313,-53.67996161046602685911121061815908851437,-53.26085085506254716150632626197755130126,-49.61567375593585494781446181285082916793,-50.81868107006716203997005690421207884789,-52.92577641791966027370803491041022349417,-51.71893125409970408390157179270959364156,-51.22244005785168992889267831868846548288,-51.05944466361726898884791255868758611462,-52.81466266900127831228611449651796634663,-54.26623955937675655148815982707711923984,-54.42854058225775333612075525464346284803,-54.7870186575002979970034575327175932829,-54.42555234996882110830566205106677793392,-54.45229478004270847154650893118808516155,-53.43841799405774842767409179707315555683,-54.16737238886468676837121370844020237463,-53.52949033560118428410678573147135255188,-52.04871664243964805051367283463467359113,-50.92006900423928428919912993789786964212,-50.22072800088433852433681224815990168096,-51.06076247490301345007778883509694683681,-52.88651160710397156292586602229830712811,-51.72680771432033318584439859155983024447,-50.96139181120355370792922006883921248837,-50.21262278198684126142201289900501413444,-53.36248327075772873749104936533382394936,-54.37054542687206800512284093132184114888,-53.67338426209820658322692453950357764655,-55.66421481344433627180208698592751666419,-55.10622626702431360772555782743115183864,-53.78385894877105253677402653015499068671,-51.60715311196717625535429938335107755344,-52.92494158435978771659332785978099600431,-53.17637897572871039386617257510982230575,-52.49082295852389721341151274791443264732,-52.53726032205284436705091334172459056064,-51.17337643407991388355149683864167294337,-52.96050992935876931613461071416918579816,-52.6059080491536374298657639283503422459,-51.95304197101340496761393696427164026371,-51.10509481009494710269903145019941686007,-50.92885517692801053488842643546907673203,-53.28068143959223172239701308590294666261,-56.29019201524807898542400611996302201216,-55.864997673054775723535453907618557912,-56.77670471139971461200705696491043333576,-55.19662572727956456971813400175861634121,-52.38881837912774875797693418788783026817,-51.11850821392842045677019165046099647938,-52.46702751075676417437167458383451913684,-52.82614253992212238113076837265695822503,-51.38420988369214024671938442193555981376,-51.42073983604390920268343442972567104066,-51.68998874660107273554010767934670613647,-53.95879926904377445032556328182048719853,-50.93836512452378762305209652226022627369,-52.77747257987701624200159422011360273436,-53.33004844954129147621732331882131080445,-51.72107459238413276998784015069648301826,-53.63592136060934567712736942537333843609,-55.95317826789641232343522994674798115502,-54.08151829878681779695233120291365332593,-56.72972047120774088992610299566544050487,-52.87887160653613877772023123745202683643,-53.23768768267712199238166756468903547898,-51.74366122205990392670802337967129416893,-51.59027400261714299345935786774781005029,-50.06928945755767242240991284391908038738,-51.60526306058732229452654434096510878048,-50.7866102066534513096321337427721481834,-51.18165534164258384352488936900676242037,-53.60088090415053533073042615404151263396,-51.91903485490697996140753383652402026582,-52.04574960353902844649863584317036697621,-53.80692276793060010501688275777859330741,-53.92530770873581677477656586302233975457,-54.45277591724353063443675785727011738376,-55.14368185190247424244577542712454983825,-56.10485839512188194658629320495864917451,-56.06100945512565412169568423076458405875,-55.1617499997056427286943374492415564647,-54.59590553339082099884388566255305819539,-54.17267008998258665925832168327379352108,-53.91019994991067704176073037279742395794,-53.25993778183607574509325249837691365539,-52.7566758707291642559789223608848224378,-51.83704251665080510380852632623046966611,-50.11499955600265811254645019334959503418,-52.44770774628368259574703005214774146338,-52.55595904559674021228667526095704753665,-51.94840052040944405924840395706700368433,-53.21879070087572290365427075894187071948,-52.67251581466037500814851611499233848333,-54.55775116086154072148191208441116693289,-52.23965068835260068863008802311196157714,-52.76716178222272682241281657018306465693,-55.34005491782811372819999519841714802234,-54.75168973725701703339096237218472028352,-56.12130887665662174165721979610148650008,-53.8435177252561826912567973230273694992,-53.19041397718843097818428095708132261659,-53.25812231926116786686946762242283324029,-50.62901806463731193416839194272333455571,-51.5516699766671603116478955178715233388,-49.74855277850458310570592273282010708846,-51.65707703745240771398008968816165848934,-54.06914142552127408861529788476200202724,-53.49775333375362982442578733672841043679,-52.59345849386787875580584045248225835417,-52.16036895292055369670934590538692769968,-51.91019246454134704102489821133916184842,-51.27165202834360455651645131613456371086,-52.35875051029114556167311324876268765342,-54.63186025723259389378093478609148167501,-54.56531996094584521303149883124023289539,-55.78118273276990034275258342748779929581,-53.68117691032291341600258724145353095343,-52.44490429284147289910151542610998506113,-50.98960817027621801593338736133576662829,-49.94211205845330021925855073909779890195,