{"chunk_id":3682,"map_id":1,"chunk_size":100,"chunk_segments":16,"vertex_count":289,"x":-1100,"y":500,"vertices":[-50,-50.71958396236047685105177962235664937617,-50.23372545664515194622301668408658157165,-51.40924498995820010882018054061280415609,-52.91274325305461321433223806933413674713,-51.72411430417402592148734353695393899704,-52.16191427855227794122834323466141301526,-51.880800611445421405528974701064347104,-52.2342488201225855870314281105688971083,-51.01919311702697514095289459804120659553,-50.11009266664430805373470165102963453011,-49.14788060780964428918934781364074812364,-48.9766135519022382325720376110916772247,-49.68435830656875098638735754672029142829,-48.87842457506545487183694165536615591899,-50.26190384744202112798520737571632442859,-50,-50.16912124850068147724590138043637726345,-49.60363601409186352723203065808946041091,-49.38846405385228918280886471942561167051,-49.65437961119647733830487953279072946096,-49.38785306293481277452790565670860505072,-48.62451411803032138276866127407665797127,-47.00914383796308434572876627394218482893,-48.12469235445103129797005269131314210707,-47.12586684692600368292439714569958628569,-47.12300369315717648482484251072297083998,-46.04538212251081815972421791357293682795,-46.01189043349311536709319296847795476867,-48.29330928813875028679995393139653965747,-46.59554273566398022646311328547327313649,-46.4541176475993096685474795348337571563,-47.05309101906190144745808891457465423873,-50.16840760680340961200645232304756479055,-50.69318196792259761363775144727606078036,-51.19021825821487243093341713500456782041,-52.02838817349651809673495207063648581706,-51.83488042428319283359066442275734561968,-50.69038443621863131319551116996523650234,-50.02222533902535774718042845561488517689,-48.11438057528325996347388803825159618355,-47.22296291648503960277807978273312383246,-48.43015287524430306301183684927062897512,-47.96586887389191328022089391914520935585,-48.00300061460406988174804073849068646217,-48.01738142077412022411374282962424894794,-49.55638566616634404987549513787945390801,-47.95210950338469677551707579316334375777,-47.7758006592582234590616006584950499558,-48.86090142449867996137239142245562482172,-49.5143649660290936925749317846149348292,-51.1083723210585109773867301325896708469,-49.56158024538844112810157627336972256584,-50.85938004046436946968553319622201292654,-52.00601731960553746388445039603874146063,-51.1186761770847652821985924656728478722,-49.11926902905266898440164633753178917781,-49.84665759672969068289118085875957019159,-50.43930486032545899302202629356518730832,-48.19071155854269534304317893884230106941,-51.09730473200802113670260371175518459331,-49.47663670115655165137868886012750495987,-49.99637046809711261534809702648819938162,-50.89181986958966937019084450123805808696,-50.17071566515694513768086962678670894707,-48.35255251099002317206301497777371373779,-48.83860005650587542191790283653875496606,-49.22780265651453336237374582431842340486,-52.52915133438429685206137988135329742597,-50.14944525910327406456195344181966118663,-50.4850796036779070968364878684432342407,-49.48046842116961034583296179955353005308,-50.36870143729123139399963793914875037382,-50.61075679940802125359324053286823655647,-50.80093900418369741020890434451553034987,-51.73866093282946714813767272829851794378,-49.55242929579069297127507752003292110189,-50.87762365880843942950062403845068382682,-50.98514123227618533170612781929971948366,-52.03349687945367498840978804235438916327,-51.69090100871863710535034968013241155999,-50.73955929005034532820738080861373294477,-49.48181869300184816190518952643499335,-50.0269194838814668616440939026727255099,-48.81140980624089578970798752543672516349,-52.44033561396740629042751158194771799649,-49.70989345886075457449210204877454206036,-49.60229287690981445418325879352779093156,-50.57331274984853210572932922865882812021,-50.59144067521569195322381271676329633421,-50.73208434682462217914543500611094651623,-53.07656337389792999709501979716561592173,-51.49370037593816147848404657363136942334,-50.71441243282348837325730902184954628604,-52.53973909259331460154021357183057775961,-51.5480317436546128602323047780566954039,-52.19365177905614201772018543565865352334,-52.1110237747779875496965015237098701961,-49.9137685761793667735140350913013002057,-49.93874298659730650809694801767180071637,-50.44015874951893823095349557660197428704,-50.33190132800442964847399469707766989956,-53.69892989739942777559177872051343182911,-48.83389197253297522155147822853051993077,-49.56471579092777807551251919091465236106,-49.54801136435504428844298433074235533324,-51.26935566575192957515120077809408842446,-53.54982722097634610098024081474336709806,-54.64120659899610311907016042921415738351,-54.03393725956417633005047218046490132928,-51.04381475907291841957737949504534493258,-51.34214737453404168377981500264990127322,-52.45067726236836817407444758334671614078,-50.99468582552142096537573808566137877934,-52.82783223766654304523937620863493466517,-52.04818784767679050750112095109696460022,-49.49505622557070777439292481606620122419,-49.51960777630975410195506232400043875686,-50.99082591254438564566635249963250875992,-52.02520263437182594641279444351550448755,-50.5129653870314102338493454267835581439,-50.14187908470420719273765721231784915627,-50.83584902569794489552146861984637519007,-50.63429749249619200925972590403051067652,-50.66841045901095718558386567476384132489,-52.22436403334290242357525893347012801787,-52.84442830576370018006152890357708802636,-53.02120578585476554294057258268505728466,-54.77109385774775178219886235677262125425,-52.41071801934117728725087866536714600626,-51.83359670316643003184510288685551022962,-51.46501953880365362941495420325120398907,-51.18721518122125242416370172474083199606,-50.68144304962126796549019905259720801808,-49.85346599266930475803809772041318551066,-51.39284526527403509413948236449424122853,-52.1118858859366149781045757652848400473,-50.45582852189959289610288487763903116139,-53.40342360516180957420409903675987134928,-54.48431306810736007970903902128942834229,-55.22379370492500837980842203889109745781,-55.37581013808309295340372806610945959427,-56.28320374861685696923742156263530328901,-56.90372051779731221467757289553733423028,-55.71632915009899235610017342514413752505,-55.08299935292476553460943655426961039387,-54.42004917775188108302016102790490759351,-54.67647124018778377870472621007518612508,-55.946906298758111057056194179308855795,-55.45272665551329761190066088237926497768,-54.78970888585097116530507508883151254584,-53.5434906774574708412646783105870724803,-51.69367742898983321102662127914588416218,-52.61292040536022611268287874073976377673,-49.44887656939007389253052528557630794297,-52.71684518692061942727831289515004313305,-52.459750182542358846569268217124650177,-54.28275690168139894358734199062853806006,-55.19935526593881964316568113353519379068,-56.74329757831000088501386712514754783967,-56.78488838448992312610967812516806034476,-54.56245714801970454149044829944012598829,-55.56943921008793937647634745168972900568,-53.25323129200800555758197407031196086573,-55.0014576132650297602105486035033923681,-56.9643588085996384822145677752924851172,-54.42078583622989212037384352850720025397,-52.9185144726573462362558702610307184122,-50.69293521319461639306971964680499983051,-49.9229794588964778277418423386779668378,-52.18114708038685166020509714011858870038,-51.31205634650120424195246246139629043391,-52.55341130749456729399348184659952722656,-52.05987076503118172674029495516505147089,-54.26460377632350191330180192739747689066,-54.63150459051431774620154300566251495277,-56.23726372190316786272399821706766045654,-55.35300782463549869878856610747963050668,-53.91142782852065351557970422280837514134,-53.76077047140500374809687311187804472535,-52.74477004584320814517287402216869896525,-53.89074721251446923098317123086253001068,-56.8982331981260959474599994943125905159,-53.87651521139714263533574487437527357986,-50.95758147025824449286464570636400837064,