{"chunk_id":3073,"map_id":1,"chunk_size":100,"chunk_segments":16,"vertex_count":289,"x":-1000,"y":1000,"vertices":[0,-0.3601429363132001862949359500447821770425,-0.954397593565452550853937641463450570765,-0.1768891764227590110896298087893738773575,0.44117061432295327328360788743208526193,-1.20766629572847043896104892061356829946,-2.56213401912276176790781753193742986453,-3.57609716126160899833032042732568839632,-3.0753998683253657647805166794517621946,-2.87728715521124142304972670402093692891,-1.81661654399440775156536303143364632977,-1.27954536365565581740597000438032137298,0.53654662218628862681625193000435786664,1.045227646492274370985233061419481837,0.40597753103716400232239888636827610429,-0.1945261023467976318396693560337888417011,0.69307705,-0.3749611896135649988733018247776049704328,-1.26432710280306078588424654745239543054,-2.27584029062621788914113700837520660621,-1.60374654648830933950534030188596155397,0.821780580226728474176035465693998332735,0.0792815899334231917119975844138950753975,0.45168173334371464748206120842421331637,-0.32088636224963055459171558342093485668,-4.11225001988864032688614506650527499252,-1.66482975022664597047330856437867223656,-1.13281382623843890857415885084896109312,0.3663283630722783985779304005732907070975,-0.737996799850285495705007255243447691842,0.491646151668509072916139138260194257485,1.15897861773783485827333431618494594332,2.0811297631921909755278930490454718176,-0.3683154172790808883745100935740622048904,0.86418111064022262110055674207555806031,-0.76412899083146328466413953912499744428,-2.92114526198319521103133386624053817334,-1.17857325566151589682835232141494755596,0.19768001128051269494953728566037878002,-0.4134634266312584799099011672102249812154,-0.08465113188710914483783984312655814694,-1.31066857221546921484796120552516319041,-3.92509764946444962161667626848371269983,-2.71623809173608160118093729644256992719,-1.55883702985335030795496565206609238742,-0.2466400983189583575168012911203401639565,0.2819246062974954809281589915879257565296,1.38032673521988992747284898045060544741,1.48676409158489119547120128088753496601,0.1741627279427641913109682517573369011704,-0.17161935201364405550030610426095868496,1.09639542172804257436363125296623365346,-0.72420322107197827149808679974423057326,-1.26458334113667263737768409987642095129,-2.02262879192915466833380301719742028921,0.358589359908535195890272890922235412745,-0.19773766813756354961964789743599619028,-1.07047198232706649348871328006176024456,-2.74876436953404154679565547436442462768,-3.37854653334106544626144065475637386851,-0.80671992139070638083985290042664605159,-0.9765143738939185828542480721571546775804,-0.9262191431876614600163288417973170341275,1.78728997792109721407359488344087235483,0.69340265691891635935470111937874851829,0.8967388666340092958027814263779505079663,0.9672850281001544643784747614082028136,1.06547478853280328689379425270101732526,-0.60336946695670564942357617831016771184,-1.71710816157252215362620218131129042866,-2.02472040543679220430006552096914396719,-2.59920461463171733438946042776899201373,-1.33630155464613009852349784812977340871,-2.44829017221015804683111835364954956515,-3.41832772601683619033898874659556132057,-3.19833589581114222696130641905910618082,-3.92463998320607220206405320881142391993,-1.40147621955726214143988314008400846763,-0.20019755018140606438717312749571100971,1.01403761969853067714223894944778351517,1.63331714629892990211314352669255369395,1.83206753470986697178112905695413018139,1.32956240480011621745472935306969106319,0.76814327123339914300173796640187554312,2.13154373703709313266049988050520019121,-0.94024284559591731940879092978131872798,-2.95799174441924116214131768053329665499,-1.63902017571181402478726701598471591498,-2.54046235372438315646466535160064967007,-1.08244494081149011778938976328726985836,-0.24362806137348810940221544503064553253,-2.7284654100355007287967274099135221554,-4.00224198621812808533292538157271345034,-4.29364993431534097449463523903545546648,-0.71053960150909319455051242912617082795,-0.8052078377114737781196076134894110973412,1.01628496120440897639974830858063512127,0.5547010531431409655693663568247379326966,0.5912413445306979432413240825627215839668,1.75939756049484335094932985455977804827,0.91214047594989412879426780323774762344,2.26899116506842140825079376021161267,-2.10497200349208285173099728457818193921,-1.25541790914871832046376975472652861678,-1.29061741803885913119963664537025999334,-2.09316278129422978089938195970472886865,-2.23617309459332964951716323339644053629,-2.15432566487408446496703914757534222863,-0.21844061723328876012852424324977125626,-2.72957951802731477294220318204839513292,-3.57156604932429463674386675190734312968,-0.78282468316892011746806233524193293236,0.18386972391854077803654546185821166441,0.9871307839930673306646673877911622840675,1.03238317527461139392168437933546681752,1.87494897533885398921890313728002441223,0.856555989567173145623873672893888614975,1.11364655950040432164549518048964287058,2.01172344822226494034847832724217803324,-1.59885566234384253010927913583494406002,-0.50792347375064282967044347556223583639,-2.35758627960765506483999997542380387203,-3.90781655492282397131449950444769381819,-2.26743254177838005879415975296288723937,-1.16946605585076646719648815058640790807,-0.91774329636016510273545707436168995627,-1.85410066142149068906304765642895532814,-3.7661837923963396256923480012028589314,-3.4142945126676134818454906008187865308,-1.13002556556095595587748517486186628189,-1.76574256471221392996572280904671847942,1.02153722453091775927078872813717598114,-0.435550120378517880380834528102403733665,2.11946791933369692943700882379699340013,2.7345177548062228662894541372604429431,2.53243563099592206575293216328730770303,-2.09542150510554365993379997337856772824,-3.36431547933629426217098638928995775276,-3.26503854649458718213519248081825161552,-3.56701323401081103287058263107087501993,-3.28309059113592516296175773018316240297,-3.50916463660745803440856515854799547065,-2.86093147174183973349159931728138716276,-3.23763911814269920938308757544728406448,-3.2108059818154909410707013412600113359,-2.84900069613661104815285596530992437177,-0.81497774713594415261384056336772975939,0.44251731341266418794697407148740372526,0.93313488960391574599809729221047153007,0.2563668376687768565612401352656177200448,1.50577677904553816983380955159502110898,1.37458497514434259608158215862820121414,2.83901156635106904590962387750653777236,-1.97153989154627636859839138360681821646,-2.04697149110371314794583443083639662003,-1.43003804872158693222550238454964192676,-0.73147962255965049034106366874293583272,-2.65294484844941963778332209389851043415,-0.88696736505146740964157961659601397127,0.257970673311885527918404539519528902425,-2.60638301167723612541999475777715125079,-1.59757809712252679442512163711587471008,-1.99097193340537932857330863280852308611,-0.75116999272697353656242069334231038192,-0.6410957463899713805778827430491282708756,2.34910754894961635057670651415528360571,1.35885248847305084499045542641307955029,3.46600099997458442232464124435908738939,3.05419333318169023395862673924284739922,2.52168360061415642606017978015496628892,-3.40181996020738179107601751062894042698,-2.97248233711624412757982086758724276117,-1.01006977295587588908834504780191367009,-0.6137328066390875510835479480646456413,-1.71956189242703142288389491039044995934,0.732890218208737491889000881604632771585,1.46836699881567113278133203754756471101,0.613081745664665656894869305583371562245,-1.41707852167168030682101801468367892211,-2.04710629961792847158214561653937090896,-1.95813666965236473220988867658159542282,0.39933657882926293819852760131696634481,3.67688135104250837403116595037544995889,5.08566694454904580620462261839415835818,4.8475782032221638771928704200789813021,3.19874784717718143503229482491630802246,0.9986096751465040331715553614303839639,-3.78979630325426887926392110612382262264,-0.90131864410339028497898223735284969201,-0.8617227492117876465385678125551752733767,