{"chunk_id":3304,"map_id":1,"chunk_size":100,"chunk_segments":16,"vertex_count":289,"x":-1600,"y":2100,"vertices":[-50,-51.14341787548077298763682962753871941444,-51.15154890660453221433522342350496788485,-51.33457886820434092711605640951972521577,-51.21409574204823888149201538393829893482,-50.18529781414129721572536579590679730776,-51.01555345018915325449578984025572293671,-52.46523643533203380913191824263196050723,-53.87223135313723860072667759689116385197,-53.87175586469739977948210490884788801809,-53.25705692974302858478774430464402576349,-51.64992335368278910433122462615596415812,-50.29094425351898957010561170538305157648,-51.00225929754870374028442100516444563396,-50.75325317918083291944159303375865562637,-50.01968095065455030595923096005981183896,-50,-49.17739541509103782795825188426872513898,-50.56465011760369187030706948142496204898,-50.31525071884026906733991012382634122886,-51.18005588425793436233810841533772755836,-50.15518956562755356065185213701848104092,-51.47719288636202037942738544177851394829,-52.46719255504900699004156571008649731617,-54.49082657956703222705280225323624576368,-55.26072454115133902781166124723499467469,-52.81996005820866400077279232744695560217,-51.58462427585686035782416379389480530453,-52.03120792399931569608608505037871973549,-50.30678905878715432809935150347643010999,-49.93289427493415109390706240559269271786,-49.804555574506945058366446466352347676,-50.77537888077321597132031593494716129742,-51.54496521777119628310047914472053731951,-48.95818278320327181484255683309396463539,-50.03302753214619196770410550957349100648,-51.00843807599531444891663084175522670156,-51.32884556986949371368926983815169405862,-50.22190391284792796710296383241695480324,-51.17585303207086301091641222077965201155,-53.65178915792857751617308674334807803785,-54.31164451418610074444577737947299060423,-54.77121826437320608915392491901951977791,-51.91970498205108621912580546619765154274,-50.98788573297421496325444478238026243022,-51.11149020525873982087885599954981899469,-49.99036699671607064380254195969281251912,-49.84706237605013521919654160267887367585,-49.45306931574780113007657989935711547841,-50.59169352015258399577596409695735400062,-51.57062844893257113338438145909206776494,-49.54424109545640593965905731718177481586,-51.0120920537645009427695498614963114251,-51.44595877172790136020418787484357331596,-50.95085193508506172101482123909565218236,-49.7694755850680695342336337078471203471,-52.64099643848815939701856717396966147245,-53.8280864181585320901527293522628455998,-53.12957199743797302036437203166369179201,-54.57545785422502087686947251782870264157,-53.27509804705132165555421908216163996879,-52.54694013862644442587123426654741332501,-52.60568634008729767595496217596309851108,-50.51521965226585903450420485767915500325,-52.15215340267253819673548154640245655122,-49.77847588997373293300289409930679958955,-49.88534209465580434763567886314532001513,-51.63304185974738144133581622954848869005,-50.83342963764924933841765806900223767803,-50.32682772080415398778228975688828145049,-48.8253750287565591562280233761321610399,-48.17002722895154360047055591354581688666,-48.38176380005925911424094682924050146549,-49.38770816489903393965452784005488514413,-50.1929605432752802833571614797930015417,-53.17572672883638196628825614231121065511,-54.47993658407356028779794566042703724124,-53.74391951016934730105884764732508040744,-54.72998585231785144259065393903316459812,-52.53083047892439604062569840876998665331,-51.88826865264453523155037805509248158577,-52.48368570475199262991796142819552459726,-52.64549565276998786645434391043684414269,-52.4434727371233855914751610871864228487,-52.23665528877553820485490699816594365998,-51.18988777573482202815155195026679300475,-52.49100559454798049092476718883046746342,-49.74884085227886661094373976621504134842,-49.33469383863021956822963067087085207142,-50.72650851292561396935572489348579472479,-49.95704654662164622267204402251357168084,-52.05998961641913425707050925473326988341,-51.76293937084180891785762809685762962926,-53.31279342292785347323019826909205952987,-54.78790663205400809596957750894981941681,-54.81247374651579189696031899889923058915,-53.67240502927994785551733343209921008946,-50.27831971230405554243097747076408521214,-53.08694257733531219648964789033499664887,-53.25876958868230936137789625194980395343,-52.76058410808426160827756646630551272652,-51.23393766984723511624001948397480245947,-51.04135528182381881807669463048216630081,-51.66257454733940852075958237208076530308,-51.51667512315087426097967322983771211788,-50.14747050166383784333620165727638293185,-52.20554931015061778142587320006239351983,-53.39328056486389523038126878600446004299,-53.19445348199226453701892494624520039907,-52.54350158038593272535069800361744936165,-52.64615184395517292352597031204402293505,-52.42600387767607229128715158381096130172,-54.00064101352391399456562680901880679549,-53.47040761823528608389156932078615150452,-50.07639823885184154224232989356154749122,-50.79858569500670242580779899725123238768,-53.31786007330809954228180355639580866425,-50.86987486820483174796633200669591389133,-50.07612570580025799436345989484175097107,-51.91334506056930255973567159307258039639,-53.75025905997721365627257504660454440724,-52.81120178357969407870284399931518568736,-53.18836135621508374518810705461510353798,-53.28155773326598710383235127932485786163,-52.99580927731625497638165706916991841986,-51.81094320912241840442244116168682940981,-52.64990572399300545515363604381687542632,-51.94185052811907779105173710223059490749,-51.83984883638288394298948756106261368701,-50.85315323725405405433019425497303018615,-52.52161760822200649787490224468779122926,-49.63038144439958950359172788374490523343,-51.59508732064672175463697853147945067577,-51.90778366360765877978289023095914417997,-50.9664764071501476923153646380970624294,-50.69564315389130285483047689997384839746,-51.29630006612279599438757550013418910293,-53.56314676276782066792339626780775812532,-53.32024144484469409163945275912880089627,-53.11312463534510153504674352375449187402,-51.6887414594541547237969440133513446888,-50.3089455709040248656640915555638883653,-50.40039184137071758568826299116474877223,-50.11021926084505888609217642655973995478,-51.08313460115823779849449650529087641305,-51.31043075344556490239785496234145157919,-49.76922153125873688155671411618264200171,-49.69212759017734677594068681892973813865,-48.20801874602469707572086167017032838971,-48.65468961932988129839228287908049563415,-50.22106007179481012196216223847075492859,-50.33366473756630946310668491958567045133,-50.27980089848999173477370777200419190373,-50.98397174348866113908592561114541913396,-52.00774175081265273753796404652756394556,-51.55393854018599012885431050022160275185,-52.89559715357245349668438426232688543738,-51.018261257918264893267601215155843655,-52.9683256926915002959573573407333602628,-50.93420815900463724701737090358289641125,-49.20871202166671724263907496571480649301,-49.61649226339682719529999347123970690251,-50.49178913571243445465956871918165145278,-49.38914830316611528874967314065701722804,-51.07990163870932534353160811917595057724,-49.72053130805357034567054780424339118142,-50.00899831539502245052981708959895862077,-51.88432783968663830037225066328316312098,-52.1487636446239714753272705453231549689,-50.82522436433694759476203543767642204183,-50.50133632199446743594041003324428965008,-50.53328696508771057281131673650698961623,-50.83252047563622269766373972579785692857,-51.47947695795563926748073091753751815651,-52.0836903786576780708494284636669059906,-52.23648354707071443573268203323419289916,-51.31000013387470734156881723998813856046,-51.08332912671224224896611483079853939994,-49.74467344944229179110793461405966657779,-50.50370221650451906053457896432329941229,-50.60906253509477285530631820431273769966,-51.78502520849594235876589696844996578579,-49.9967922248987064729555005265546985816,-52.57375890828940496184216054061700069132,-53.23343550848404469926096314519161535408,