{"chunk_id":3716,"map_id":1,"chunk_size":100,"chunk_segments":16,"vertex_count":289,"x":-800,"y":-700,"vertices":[-50,-49.81640112114551197109440162837323072011,-49.31060912018571135767366161123881034355,-50.62239891206904254134666616819876259929,-51.57301273829410162566302563320635627256,-50.64883954718708174421631622471488601705,-49.88078471126450834305087413782200042284,-48.82543043952107064837229638450858042703,-48.12019425624460838740576606630846967387,-47.45667531755933955150671356263376232847,-48.56717118696851521612347834214320995239,-48.13192115917403377150877005519462157441,-49.47585046985285285910940104028450202499,-49.52824564994509598930895841829892487816,-48.804252559836363971969806357187982226,-49.81515734115035806788743719570438113181,-50,-51.31170730767074256112178440997338987481,-50.40609398478030511962688575573959538522,-48.13304183881741223791380575159435170441,-49.03721295915100392854004705255337119946,-49.93937252250833631092102221879993319837,-49.50009831477152166024236865557600175279,-47.73077586957262677293727932531577323529,-48.89771958996106100984256660073379628648,-47.81190899579832635501613629178814842549,-48.29122550412360050414822427138706631529,-46.990251795258552149692802660946966865,-47.61347502145954461542420232773708126725,-48.22183206597869934647149783611074119695,-49.77672313525807163007949646938272265772,-47.04464087913640555372749848449599061874,-48.33425484048386211866106446911162914188,-50.72651229001069553299834070005920944036,-51.58544643249881841983963630224929297286,-49.73962254414129032622173894539487879083,-48.29466202797266058897575221918746599685,-47.97445280141159871143737240179408564354,-47.11139249241689273845228601954426596943,-45.38570956497991702568175500750633299964,-44.9612127847398394792054861794403938359,-46.52862287214681417707681380845980488043,-46.67739920741039287781652881079740858681,-45.8804411734371478611713002235046364885,-44.37145955025015459599769952100938779417,-47.67025551427595917664151408828570867405,-47.18242575885772309505449287009454117871,-47.94544810762702910176487570427826793527,-47.22753312485479752790222914427603590687,-48.32976816485502542965275916915816614896,-50.31348103787654175828809282195581924166,-51.9569696726594388959170880029329029008,-47.93477476702706553658278744409964926474,-46.39096764131062872876512481986111473633,-47.61553734334152794642733058393167209696,-46.63673371659884302452884248719769544316,-45.55391851285590034435957160729054467344,-44.07766485323091377258837006049871867088,-43.75539396235553439332761438944035964865,-44.1880265544154178121289208516609610288,-45.73979361122552798984178928627908822101,-44.50362219525918515175142272983814455558,-46.07572797043241054910492768833719573906,-46.08457570821530786072841003984622479307,-46.73534877292917907125639144897797714017,-47.06770797902716441930270034637400326237,-48.23145887525785360447312130712327235638,-49.50837208059328680036267427963898399597,-51.377831188765578360974046496722949914,-47.64599658807582884454924962608797886237,-47.69837776142191732193587675314393182181,-45.95590099606565793793751543557534092302,-44.49303394889286263304467167681180177422,-45.23049853331004631857596037867473633737,-45.32167284887894447586076868291304563462,-45.32684933852570021274011367665726472936,-43.54106632963279662730270615092374581817,-45.48153301287739289564433596847245043192,-46.58249967883502622489756611888499328005,-45.60774726505924897918567574123973193652,-46.42596047108875151410498570707227677414,-45.97772521008244720768628349591990041681,-46.84631061217740207982165926739096161805,-48.18804683466249396763720925096004724001,-47.44179471322870273255369332038938806603,-53.39162665925409537634920590509801267473,-47.82034460049557331985490800503003133831,-47.59394032171286451056421074935151638493,-44.06809653447390126501249394861349568543,-44.28653099066433450888186961337956314535,-46.57887169935193812674640213276992484941,-46.26348229859056333047677678354124553755,-45.45445202540661668733051617631290955369,-43.80407308312612004510284690894498544387,-44.11078860441600658898020215158688565995,-46.49338484518723945302834458743099625723,-47.40697308937494226240541697970680518329,-45.29520149873507403075732537142226398848,-47.91825877940957430835072530969570578552,-46.82016537864743588276290888194828080306,-48.79771489202331217309129585445558284789,-48.49254239027957892863684626288256760507,-53.98507276140514436547081725479327681478,-48.38153813855934361978562668581222573828,-45.64508880648351009395835801745160822596,-45.11298431860249727389159460066523326785,-45.96161871789272515737903953472095424984,-45.61914635764849112902275108606496572163,-45.42978086662608807699400613345732736656,-45.58246692503286267573796836041233209878,-42.22736434936148996745010941989378660442,-44.13787819603609529247746494076373290036,-46.74565721339682608881043591038121513881,-45.0355570648701700238247285550535448731,-45.11183464614798887224044141220849068717,-46.74622530269289459331276785457533291493,-48.11313222458368400783665706752699903222,-48.24963727336775885918273110520413983917,-48.54326810513389824314388622010157932121,-54.02195821460584176608595137369266751927,-48.81818913841977732141385915833993003085,-47.76265481213506613831698342369456963785,-47.62212998316671053718351721807239898575,-45.29181508152278553259917515881958925226,-44.74505096602053106919612326330794444863,-45.27259066346933308910143062793247362729,-44.76031613712412183944323873955789887411,-43.09534340065981666178541444189825911374,-44.88044819165655781811822281977481743047,-46.53692214022737956076627247691608682379,-44.71930864267322658305402926884420289407,-43.29388276327844640802141791630764336033,-46.71049538559292388619509896995823913698,-46.75717848002878740365484124499667232613,-45.78751713307177404001514020488761688889,-48.36272335958339125680292439912155326594,-54.26685220746558568774288938384539419907,-50.69125691412922392358347738209213052397,-50.59209138602679207549340086546329501091,-50.20728111412703370699450865470563079728,-48.37966541896562569277074671890069831844,-48.42919016115038000032918218530183110976,-47.82511609295541045714640352381591494722,-46.83066921743044301618847610522206273629,-44.039387476195356705051223970940615602,-44.11819591169261032582069123449854596523,-42.55275351132896140461875482804542444177,-42.07908398327888288659821933642679668439,-43.41924888870627270518462161043242913843,-45.01253092945985031620971039581925134128,-46.32024121778217706923698421141726564817,-46.35608865121518372349620731264670691457,-49.75724115180909602234989934267811379658,-53.21029871703828392478882366458461283432,-51.25754221967339188963359873008482546668,-49.58861418455437395680582012771841421338,-48.63688721331593569482719723108659443942,-47.46802458484768894240418835656055656271,-47.77598797862278939602853055001999526999,-47.3001347445422381192842093458796019209,-46.01014488056608202981102399332854147228,-44.61299835691657756883097969361418999654,-42.99421645506498128405391719040033309028,-42.74864178702059902382087931254855164529,-44.6830084637190529727633902070618054333,-42.7341041808504057825658242986495793395,-43.89034844192671289967156945282745996901,-46.66815601547243968772783567841412385334,-46.25761147581087654742648454076837857177,-51.30045404480669896052052705842887130484,-52.69800199462247912013429795963385959259,-48.4132370492341620645529939407455194462,-48.94616586080698786399284550337324327558,-47.46058259333375617082647182108194793905,-47.97037542415510040479801750116686472666,-47.78647617667093598416415029499437134831,-45.7020263092161759366463667364532976638,-45.95872212259848498988986013957340503133,-44.98151355771715651962001707417630872211,-44.93809701230600649344371878978638623368,-44.76225789180130309708425013619317133499,-45.99208968522449444109568226905260749817,-43.59580937098588992808248601338609639696,-45.9945308293920436912095955844708628044,-47.98472881835175245540646802820240229049,