{"chunk_id":3715,"map_id":1,"chunk_size":100,"chunk_segments":16,"vertex_count":289,"x":-800,"y":-800,"vertices":[-50,-51.18403284799953691758447025052948578637,-51.2658446736039450004897798567405037035,-52.06306242693287936278523319518503228445,-51.98942778020933217791941920919846534401,-52.35053303769783414948995127730353387043,-53.62133787856525641665786691465038497537,-52.06555646674364086904068107922186421944,-52.41562166637272278746928165179376256045,-53.18686886930900203517732202601683716605,-52.74629149683064085990105905994885513814,-50.44399752334628199099421828034265661525,-49.96940820650503539688484930595153874242,-50.65900506315256856508467331103112685125,-50.51564192909438644439078866119327531848,-50.6048274187754773874033739241730011243,-50,-52.60160265419934412114182823023156975179,-50.32692049433467069183894297542997657068,-50.82617644982155729885470786569973871562,-49.13789387192080584982002676764611162283,-50.67142672479412721045633177176360646666,-49.83421989609982181297393078708203852466,-51.37051151113938849356127397387400038664,-53.28715840913117887750700077792412785582,-50.66770602035464417130654360944325767027,-50.56721902881429888763496890688144701342,-51.17678130432962095948350534449930504217,-51.43967826943986652290845683051160639609,-49.0157277838938859330273848243598456505,-50.45188428487387864429802805567708099899,-51.33972774247429627775748540873599403566,-51.46413085385161031274422593171642079538,-48.52524628838064161186406523508090422976,-53.3598953652521945189197660621146579354,-48.93108989790963833626040491570483902401,-50.04810376064541526537059130016956460429,-49.17339305476163387852172687546049816746,-50.19968669876834123875095325754846687588,-50.08753769108005624524342676843759857327,-48.82706043479038607117571799390397446628,-49.70660059906119792193010173932086528804,-49.82829850360962628190182948567167070213,-50.49030517004397749779464184496879336184,-51.10404666393464830597598593340053330601,-50.07437079010575363403842599156643832578,-49.48707659765751240525111681583825566033,-49.95153435183969485061497418954629835443,-50.9873450109121341380884611999907999344,-51.09697545619996464768595852703360405031,-48.83466680441955351753036476949500817421,-54.62056576152392093896631827527019053527,-49.67503418557635774246857517113564062855,-49.85909380401221878153087968286371121125,-49.28559544338443574504308615746980101983,-49.13171299888254304399300984384759140288,-49.71656910066582097346998166885464792702,-48.69260973146440327142906758833361347446,-51.74943399299910045342862205774882791958,-49.48223381134376455300154382151596668665,-51.7817415558953189610052880913635937446,-50.87643851706073004269690996265549480383,-50.27007613958160450330810858642188451309,-50.48815507972370718386533759805716495191,-52.48265031791476620075844112826278744424,-50.83828758291041907496107788527334549305,-51.59119576437195759137007921303552928732,-48.8479832098017894471492596859409890615,-54.55123321046164394829876970538602561492,-50.41027336916017971882890492034602113144,-48.40561189997770529520750192626498080233,-48.08575683647925628095366891803421824273,-46.30987071296588702780314553357692908308,-46.61408955179311437833719880075224712569,-48.16426004916090933386632040068692667064,-50.3788599933898956806777773359169683043,-49.7133651708865261299652305186925052702,-50.17304589912434049794344142120036083371,-50.61499576362993721766840484361597117054,-50.8527612035687354987585769129491755342,-51.56828244949495949909137677007098696295,-52.5671250716932654057681021654518248489,-52.50853919662593503342428868699543851012,-51.74929642540180712486853368926758211571,-50.11174370817324136793534736174656608763,-54.14958331527126476331784568255277500143,-48.40810327647346128434447347847358855937,-48.61614775421916284428113590386932058514,-48.82318004427784001219238791608758201248,-47.36895619700161320028878377081635417315,-47.36676795696944945650341365206052727176,-50.21792185311557333044346328766488561769,-49.41975873976417614419760767846947303623,-49.83441853822518917156599430275989874153,-49.44350337933543183816263640144467812026,-50.15332877811512842571506461826884389749,-51.45083623009346314520646063668754378772,-51.06227770775990187529067214059172531162,-52.55316143858111179127508847611627141657,-52.81072338758838166450534946646661520334,-51.14635419492796812104631471944006630218,-51.69950953799532983467150153118028709277,-52.8412028486354198757032880005507938143,-49.11861384430834088346411121334040374321,-48.27708673367036877609324752396387575418,-49.48899256656545439349284399750825005372,-49.77360278988222943012441077841732774893,-50.56339428583667751771318440462104175143,-50.36293968754280577696918855864598837952,-49.7630429144774950336011639596756798292,-48.85778041257760753020723319645204093217,-49.12917547079989008164497953352865202426,-47.82320993116766507162603965658319490539,-49.96648753283560766133082685576323980914,-50.18138909830879301900624153863900222573,-51.28973314584237905596855356854434418143,-52.57620595119338658341435923891564977172,-51.76476762769959612062641483034492987079,-52.5067694404472704858812048534336309012,-52.76100703707058536786344673071844955387,-48.21960821603274658304675728254550672143,-48.18101199954797499615166032024306585613,-48.14186963527910334847528270706104129464,-50.32652386714311744500499141875341271716,-51.57931315307256291209287107024071820058,-51.1076074903396785027992551327125537797,-49.11802900216398945543531103773849201684,-49.06809234437649392441751157110895156871,-49.96240446398325171049673611357970998161,-49.10630919747398172506407823286317743129,-48.7183976823676166736435198760893686524,-49.63755488237667239233333809093790451136,-51.34576481622577667425367454679260747173,-51.25043366947039952965191901552692866889,-52.19596041568475766316256308578413602019,-52.30771422038272889485049411935060326506,-53.88144168737409222724826458066429095347,-47.88543268233573593320963530439220270384,-46.98330054945144007449200720798193991862,-46.83574338218967190628032800436260786934,-46.48447840613124021596086907057816165793,-46.35858491832377161410389606651539985533,-46.77585037888429627180167147972772893384,-48.31055676594687308317800931401197484617,-48.1371669198248592351218650629639136343,-49.27455779929817073194313542279688001403,-50.04172659929277420548921200270489726246,-51.02776738671105207490775017175037957915,-53.02791118311938355726664607274921587746,-52.80219383032193573244062637156406402056,-53.39632389644973942778956517967543643393,-52.58106788459132632630532909115298850171,-53.20036212368522312923406978317534697621,-53.19032385309538067472188287205121301382,-49.45782290709625642653158305791031893633,-47.87474407043189782994121449855276335186,-46.75096543924948738218294831750396415341,-47.59084653222127417625149688841163035248,-48.20330694152693222529433757722206536833,-47.91385676792267324938767520447794846291,-47.02514066851118942268971744632663939882,-48.42079066408120714503635680401046294091,-46.44663198799444090970036773401432654015,-47.42201472692484845646085501616819796246,-49.19957774148408723510000660927398599826,-51.09539449292511394678172807905443140364,-50.84894374599612781975230790662658773679,-53.72853168997353102742274347760830276259,-53.60788721047934727881690748565547028765,-52.81442597701886258355335969535165995723,-53.37381763047782817129022654445786648732,-49.60167992841084109967929553186666446261,-49.72337706754998831340593718073712536363,-47.59048219269020376055989312651548763566,-47.70927631525871428501938529839441738764,-47.9714307040020070717996150951020284465,-47.4839619482609789574991541411605781823,-48.32509480609497671320326651374734675758,-47.3588789534846401640748062662083976784,-47.22024708049709084959615003124171013954,-46.41149988185178510225256007344545660173,-48.70373116311527749984900202843902684914,-48.34564455409010297693426590836376518779,-51.11391611251503491689410318114699712266,-53.02903882975986334453002719451452884012,