{"chunk_id":2801,"map_id":1,"chunk_size":100,"chunk_segments":16,"vertex_count":289,"x":-100,"y":-300,"vertices":[126.6251709,126.405880465357630755153439541819830813,124.260804991674565209695775391597785792,123.733658480298310246558712935965014042,121.782140657438147955535022022562053802,120.387051710138760933413290441115512052,117.263947179942919025207877182904778564,114.298021274980907693876897090838723337,112.579510989645089773255907996536804932,108.667083202830603853843825488971301003,105.905673217359866181397864125463287941,104.386349453339341272665409434139868992,101.930708326966918094461510862980272908,98.88869811833515358943410528155694198728,96.53881136535981737880597296848186034709,95.53543694738152049550851917042658910175,93.70581055,125.27615307495817875433932889554259131,121.678565765353136508748874879850474735,118.455024624820662099828318919429513929,116.831928990806698568457415271596330129,112.462328075314677467257666389603406482,111.720376991088974650672924864833475414,108.012780677709555090398026761853819708,106.993971335335977741350719943841066975,104.259781048133616936056887588564047596,101.947525049704743364603873433353836667,100.914961830982021807337015462257438503,97.91337266319333439920551946604241654636,99.12297158788691693000745286861892243681,94.88951635161289729588448689441350322057,93.61293434533901865310740859554675061928,90.96998640682361307280964317365253873633,89.66835377759113001181694868611868869728,122.116285817791585309565575615432538853,121.027323729180310232616059512762588574,117.578513306119512683206132412830605822,113.791977573141331303708712369231401614,108.435862815166012528287795205546570488,105.190098453325191884900954462906920857,103.00541629613761704956709906905796535,102.230991233374823977795120515008924389,100.685295511964210924819241556193614236,98.4188510368313008845539302191197146368,97.60965652535554976563579821694896655905,96.32756131735619205036424825709161785907,94.91937256472285405344864506319228044294,91.24255705721203132136462632787122038719,88.70837708842742829736625654351960552301,87.04192650155099380174867156742357257195,85.7044260882915363752572403064113871444,119.936539295974713684983029292201469211,116.89969538896086640180611260123468242,112.54830890357581677872003906110230861,109.726823909018344550510042693972109746,104.18162888759190614078423479299067141,103.296372861798541745615773789419917365,99.9702850075675031966283832933554148408,99.45815206430049367262047572484592809357,96.97850654282747275242226073752062104269,95.24667955819460243249370535135807469805,92.64048504201544760696419720406219647489,90.84085092557048392271019391181995422534,89.82705280016669181388578368553598677082,87.93806881457651972392989713988428289099,85.07976703119945559174948895108446953879,82.12128510448972365153759288069648023468,81.15672856549277761528780154571292267657,118.975808622114019841269692973627660344,112.206215453329298795071103569972534007,108.122912493410097376712503860300416663,103.610924133051509421874328960432954215,100.392463007182220309764696983998368596,98.11078509609169021931798183365477493765,97.41278621243623546592195342282168467198,95.15561895021258665239696195508638837739,94.67371390310580476539357383280483838736,91.39505666355734865154476835485873996618,88.98840371793608038352960292214951202891,87.33261377648526865957260910173717774439,85.71496982244579553732964986481408217227,84.24698205640562783426114202878302572475,82.83607793619316065623279886106988408254,80.23375066712479602092554858163655633008,78.01323737853762919130312518391182200047,117.640357077162319552403142817474983704,109.314323194033374829721736075936034833,105.274154686247221665788855099237884643,102.134210741059084586773554417946446636,100.071341114865482752373688043136937935,98.74773749218619038817054956747689625527,95.49842574694476456671699981787654007753,91.96280487491751015774791937312271745219,90.90026470854547024329201272793232396666,89.03841854346967829631759154619836760665,85.25822444956452682362867056897917642229,84.43964359867986445049195669493465103242,83.29355890703784394342725059151680132701,80.4202083228281126548007572715183886646,78.99197446392576132883739593597966405499,78.34829780433640878950657591362568271318,75.45317055066235427291950849856928779969,115.043049715337548874464533627620175531,106.626769812612479498046921521138456592,103.087207053801707440834910969044215206,100.788621516361202784507317449817836616,98.73328656376503807300243026610707055562,95.03391397872957850653414230934666330228,92.73949037088971836835892812970967756662,90.51547670761308886556518533664771947601,86.83163990826463519695904927455357058743,85.35880119184778606516841375820964443651,82.11687321397564480095002275028484609862,80.5945149276553096020898715743935342965,79.2807800497216046919129102897153328944,78.40125341241319940054260441600155974026,76.93692378867456364525975974282435298079,75.07799833605413917112327052957007233078,73.15310970785132368009867157880303720513,111.97952310624177491306354087309756961,105.555676229705949912533059546779722341,100.724744103228167831721467454614148114,97.46328718492550887724373876036210335854,96.96425906580308732512837805641238756675,91.34522009855438731263144043613940041955,89.13864650931741981257940096644805331049,84.49433507629450495129574822210098092321,83.39503688399107905666183046901385270162,80.1925794818221193188435915303347121049,78.39072051070757026511575380123641521988,77.57708047121953778307562988691107535996,75.50642488180605374094709883120747615467,75.70092387422986837606878742434624756411,72.40752038585417943492396686971378813683,69.99893815597149815463888680811758806415,70.73560020478013641038725897556283356459,109.368993105647207320328568777477288074,101.804591242372472732605573876632796673,98.59266675586374798854702160380530976448,93.64361137915721839934776191923225590845,89.94054926803534001632295233178035038931,88.00192006349401907205857161302993062324,84.34869035500644221059573805801283930024,81.77874341385167950515263266760869894029,79.0079427484387092381506707511117927731,77.30508098676415473146060491215118409525,76.28488768992548931207383977972187548454,74.76661740299553168254754058620492848264,71.83813527540518075192848307111883318066,71.27306264380684882704913783925088036015,70.73009996443687076736254920521038629087,69.73795830860825108299251278181179904091,66.90077404503703263730459814769329110956,106.122820948464025654405305030692253443,97.88213978050031953952842045808893943769,96.42718982645373207472285043681423779287,91.80312961168866039312879728408669574867,89.4784381822160223008582910556034505221,87.03734802451082766247811267396126446718,82.63462724493459757893608848799458008093,80.27308123356740758868882860652550782193,76.40698090124731614161167356212145224503,75.93085034320778919375331115201760572896,73.89737094153542033589185740022793794079,70.49228607799719202660661462005525561541,69.48430984655098628782071503844134114086,68.01331961358091420328612544327234341005,65.59713399051457052732563684916776922686,65.37718155545854755310290565923985067328,62.18626623137972605318412968837062722534,103.403734661119173555125337511543916562,97.05191471093943995904294695610451301693,93.28835491030758550380579068600776452769,91.39969836236021773558288766735992411674,87.94462591698823584889347008326551156918,85.08271695076505500261947639827759705291,80.61999671752294461038747259685312954024,76.59521441861532524928681079167867936645,74.74783619528148725506715052255529925639,72.52341535264529632424970608339780077392,72.08072272563025997916829335381809278976,68.49355566966257981688461242983162784412,65.24194132419243082749269723623127679752,63.47933541245730760794897250030711079228,60.62529784880234301954293404649399515787,59.65534965338778538747669802350178222422,58.394699691341379040228285955805903426,100.926503528373877063643112656704293008,95.44777209890059841265015364198672487469,91.60078958054879335092995650718606941217,88.05622312094341699373346039930672478059,