{"chunk_id":2849,"map_id":1,"chunk_size":100,"chunk_segments":16,"vertex_count":289,"x":500,"y":-300,"vertices":[0,0.5522685248499899224970155045277644939125,0.739594654811013633797614016021446543005,1.31673573759433571192425462199653949769,1.41568457329092315158878501615422982615,1.34667780554646516177454547897366374453,0.46712618272975415290669022050322858778,-0.0195340753497724188491896755802493119426,0.72706663732862672996091049673411925456,0.1591129376448928965123859881917817239822,0.70382428318810933042230147782841345325,-0.5820423364470100436616455516936532720644,-1.49142963319329666622700211264686935312,-0.61987157855083493656335199097565381537,-0.7999053969006907576190979303159727067,-0.7089312556534744832219582373579762197668,0,-1.49035703428758163501441076400475214049,-1.85223224388204549812133007210401159628,-3.44236397306901892330475928455369182016,-1.52542006192989577591669202000522570604,-0.5808214356087520335826740515678603373,-0.78561818048575695534739524821073492537,-2.92321909760777687277996305046095242239,-0.6761666631455181844856935263414367367,-3.35304212718405396785912496579900026488,-2.01582213056231620159360016418328193296,-2.99637424827969627534433854716248681876,-3.09402713132268046165163331677192780348,-5.38990169239068560900431376227841842831,-3.60989680302804480740925710857639225113,-3.2868093487108607557062741082052360353,-3.70177995780139264241294768504651206649,-4.0459532164992768338807797508692578339,-4.89277061463999967044042341778906248693,-5.94040449061539774668992558568447929052,-6.07481390940823223324786604017019435802,-3.59080128384362994735543239487446741025,-3.36015800924874661345569174955702576945,-3.93688530925857563106568567597372695725,-4.54449010814634848403945873955709824153,-5.52899445322125779961573098019235272978,-5.94688923465932048026816747560168277262,-6.22002565298452306129363980473930566087,-6.56677763466663628066161685453609292691,-6.88800240039172310091586131198557790363,-7.43573872943067287887320944560962343005,-7.99860303534674079179325233994586176513,-7.60559548818129065672571615979344020513,-7.26736675409754341383092837218602422125,-6.76101470410637380042397452372249680791,-8.15041354461442243030090244625165009094,-7.34762846442079334983976039161421039989,-8.36599177519602598677134739848786555953,-8.06542904017188309018356096763721607548,-5.40626387485029013207390222285137332643,-6.89520076914032702454395586919352157916,-6.48465939825899151298151319748793459188,-9.18043972514328021150255777951446476896,-9.11102832486427193111628579162646351734,-8.80811839943374879177154665569574041891,-9.40166905062987257864161567192875296231,-11.01305914339919806310607925948608934412,-10.47525412842318029380250893375857379505,-11.75477584066285546804660498579974984218,-10.93057199014993672560544793601354489378,-11.80752862901144693862531047003896179145,-9.54471512455214262788215195161836399337,-11.14914120275382825665013004110269763625,-9.90029098441097296951849055891360050606,-8.12262099370455547425934434122528112208,-8.33139168768392481113012086784585839414,-7.82491416838167735068034266538463587967,-10.5883915373807156389071122153857237902,-12.03165024174484435286233611278990719738,-12.55255282488292319288655651983630516119,-13.33750503039574713530899079100077713986,-13.77106597884239465469846644914897108434,-13.52092279723598681137973539210926030513,-13.18181547661554215263064093422948354804,-14.54196772144627874546550564238883853825,-15.93943238511679943477093525233122499662,-15.85250468909349541261987885784106193141,-15.31446277181613709588687941150432216692,-14.15058977921009543201800433897332555844,-13.99980763089453031997289588322725317349,-10.88477905193497437177068120653168150362,-10.70007996522476563896196427821651332231,-12.25851675613116786908433342374235889122,-12.98499824263858040312477451754490856685,-15.5439294197813011904412872679020865955,-15.9912051046083159032872180372916812248,-18.44137761968414566776630386521396221522,-17.95571820059042383041955921760304949537,-16.74212499007049452161956376892201281308,-16.00767812876266032166641514223397708306,-18.82385876295229265474975891330501803562,-18.22318253863771985724444115580383492402,-17.46772847487025827434370550241244000614,-17.85227016714743071272864826217156790538,-17.58633675479735247261087472819634038056,-17.87074876704566498860165316807976929871,-18.17862520584699557666574027232486906657,-15.17073497906641458325125695485248687593,-14.67154713403835518029169255164306566947,-15.19946161874671362433693144929754764682,-16.93324035739354862439437366046309097754,-18.96372014006363876366367309871422058077,-20.95130720035899762400280583367136535331,-21.26941453300841039140797665512752273182,-20.99489862866933728301045860125225161874,-19.66166145020378591912772385418356755261,-20.00376367624423719726149800063979127836,-19.92676072089988912572032701198194747692,-21.16012558771813011620004537701136496927,-20.4605364961098882647537773287619188271,-19.25969649299090897722079498501382508222,-18.96172361497665860850669204535354495296,-19.99343666095233665913126712823172329209,-22.31066220359964983308826070618670733994,-20.72776124575705020955015580170538932793,-19.85487214123514565578711131819307238494,-18.78890568448488634449640103709509068138,-21.83150241244345321282276416199382391913,-21.0467082512795489151402709771907496322,-24.02575732190551231861402300168384818018,-24.81350756933428740953667078547492460946,-23.71570529891568605377597943762068458772,-23.59839014578451555664949311449874357409,-24.37098120306014822369202161300020028993,-25.30853348008247983614137341975655524077,-23.49522619645286764387241529267576605745,-23.31737923398288663275661647190636482168,-22.39003390734771393829138147191742769926,-22.78099861095984049194314736474632378492,-24.239211631746384106533226903731134117,-26.53112579289436970034642887377845356791,-22.18162029660882480870508637054572672939,-23.69261455359405125382383354166149413727,-24.56347908478369337399210704216063119611,-24.8628673623417447229082736278812723048,-25.75842568366504147683270554367439686297,-26.75240198489446192030324865822839042193,-26.54173748497755061336512721247770901243,-27.63275970967491101526732001197184366,-27.6910707592478582115836844448665726894,-27.28762756751911893476642339491359980726,-25.64692923093709279144750023668775041602,-25.253608826847481595217847725462224421,-25.55026372446811928975906906946205180644,-26.46660770757106297117103261851919518451,-27.68962251648427353595847296267585329009,-27.90858386262310541988244049531770552879,-29.21665728436763234972533620268710902695,-26.6631727797036602633877117812506068062,-27.97601558957771062699571586654251070322,-26.79122581075271715100689386045243009994,-27.33527436189733338754557310356381263553,-30.61965331992099119880686856882037664397,-31.39549536438503668568439282603455933146,-29.20594768694159520497168762101977555288,-30.74909363651830248887776326183039174394,-30.87628387652011981855633372331428124146,-28.36162050377908583717803244725525633825,-29.75404074340310004459222366071006834166,-28.7603416690797125438220417339062790796,-27.68295646994213519470488961205679433234,-28.89090664814485872125260263408586521373,-28.44515713454704692674663421883652379029,-29.95600937914249331472480493035874343306,-33.01077647183998922781324016549700651602,-30.3529278098807990952716583079988571615,-31.19891576618759001834012567351036784257,-31.08830423215116518927036631576865206902,-30.82235419869460275678643721778804929197,-33.61564932175940400026799319055327053174,-35.04555963914243309898012845294617386917,-34.39354601520019202019187271971263606112,-33.93029884392636988811099136388589422458,-33.09746122220774193699477409814989578133,-30.57760590065325663470792682784853263819,-30.61205416490294105106369822007557887522,-31.7826458788462973273339384277659180329,-31.81611855290929388190903960768391426255,-31.69984746832803297160563535633866577431,-31.98377740934495617480686904105570967471,-32.22183547604243544732565638621019586508,