{"chunk_id":3145,"map_id":1,"chunk_size":100,"chunk_segments":16,"vertex_count":289,"x":0,"y":-900,"vertices":[-50,-51.37421554545430214285298472570911217725,-51.89753658877504553038188068131596286428,-52.41179350725445087021949435489249546155,-53.4118910616769520868632024480810251018,-54.53254316119941006109488796392501764259,-54.58334835834223779173728940033869215619,-54.2880868592512767797138690403601170166,-53.51067896845002596688818612902478237249,-51.87026436651341161040384649327415216497,-51.61127735201384850932402615831301886642,-51.09159586040754185440697511214370014434,-50.56984101373216914400742949557339325203,-49.68005781789544836009490239237702635569,-49.4526165285566551533152421310786957032,-48.99857529357279962012487663235515951154,-50,-49.89103525865809941099001409138574189814,-52.29950798229337913177227274701131039788,-51.71040598845269030568526620195787705828,-54.38467197541163196992638834621346369713,-54.11755390871992336475973011246804879041,-52.73259604704424701938100342544424186392,-53.63258977211183594670094320454681405959,-52.96359419817423334574273828620191021145,-53.39462481007730136488597336221215268359,-53.73588633644159628580295945606709572729,-54.89467091500814993607006594762133557218,-54.11844463900041190936831745828450490832,-53.03346266891051570898651401862321084142,-52.80002251122333302311735834586459988204,-51.61961915068764177171003656256498474105,-50.48391256306825559305528849919782802495,-51.718241413273615131277601631829721875,-50.4343171526914444840058177066739834768,-50.12975791970582662745449913329599828287,-52.24126847870360981755488914417065390495,-54.58072720948364110524091839457369039574,-54.68150831385209479647779899233521774453,-54.08156042256513017897161561203672696262,-53.13670443206484851312238743332579092279,-52.84043394505850713394025258626815337278,-53.11020671783534697928520215384925467527,-52.5876522884708579735008677100236499101,-53.74694936295204527299110821245113371805,-53.02304111394852544653529745310783375198,-53.66162486186220369265239700039072889968,-52.60675149289069948510484045694992723636,-51.22063382684774341085862908092808374259,-52.00855851581764025706038697012157575416,-52.47011912253376147370197174254262468675,-49.23408501512581174610354999365295566901,-51.16770071063659598185538202272209161761,-50.24603284021451973563239610572253561784,-54.10242931845366470233541225663681963336,-55.02889356464448326826159041756262762941,-53.02803715978411478266738372372564261119,-51.17020509508062456958041319038472948067,-49.53333106269368712504492263432837273942,-53.54047180716030075061363477012456662744,-53.46787228492569477401132782861430996027,-53.59398380087098035089879591430684378374,-53.75619980967098930906934056115009136993,-53.14390073563357812432903521773965157839,-52.97476709920734387992271238125870392185,-52.10236821262697577940329276856089307536,-53.55674605346225011021152441259776250996,-53.25250873267424058321254598861691198119,-49.4996169141057662608488075432533989007,-51.07278809448894093865215332226610309935,-52.2332572259712054889366865206796463642,-53.44165685526985065457604590682979259493,-53.56727985657163428209691331395897548678,-50.64673231226563245966690005532242204099,-49.26473015352223459904826855884633849723,-47.86290626868310589479297268214095728972,-53.00803000137631325913543767299704875344,-53.85691227805771719369407344564954056458,-52.94088101092738368363928929938071623184,-53.39294712482200814600048645002632647731,-52.27286284348653404261931393558022132619,-51.71202307750294595218599402545558435249,-52.39701197676105335478465800394518663359,-52.85370597663071816847826890128298150182,-54.16636250234297757986483828610328618151,-49.06912734891880640941107894869490085349,-48.78674812415252500905199558636431239666,-50.82737589551088777112052916349875106364,-49.8234437507433314321650832187634184942,-51.09581434593815155564898064645957818174,-49.94278924902995859782255027000032937856,-49.08466978096471964273821068959044685155,-49.81387400243766698256009165549156812857,-50.71011871253537184226030008249953333425,-51.9676907781281699142782382840159191756,-51.16907209384853583429885368555995606355,-51.46499017102029653450100082192074767168,-50.94123742616648091097912979356054837191,-51.23589247718062489583965570710656921381,-50.517814211036754513010240717184236505,-51.70660858701956666710728613066098765244,-53.79594850978378694439347291689686348408,-48.58300672212625254926376775457578928292,-46.55709954123411979901392360143136691037,-47.90876249551786678488607653505144634929,-48.65373101668092498182617969912588707206,-48.22638676927781404715378030155055746183,-49.83123780265302879796459033515184465195,-50.17439219827135040157523639964352042232,-50.22187499422510510123739509577375616264,-50.3411447928949409515438886677233042249,-51.03268053248007199938524287404844222994,-50.78700648857805578691270505382869686975,-51.13672754596714551769306102956489490796,-50.12059769274650020683590835672825076467,-50.83107415748367260118509098634911499405,-49.67530128927180462200601737201063521821,-51.12794334128967484173721715523500163363,-54.22114635354037929029224823435041455044,-48.56921952867066685402715758335998832095,-46.66096758838908296844523711976823129538,-47.98178684462232068266464789328847448878,-48.61188191479151157255611115162360025194,-46.18853309520754741423026101488859184234,-48.95402641068925444161130820075978849472,-46.72192742556069631585830033213109304108,-49.19859325903832837363380451759190534607,-49.04553206214665427836632986076566976808,-49.33184951866865889961522505612988994353,-49.44888083114617944326266731288739094633,-48.60729494453219504181664930473533495327,-49.41212185673073285701382414594286979836,-49.32201042767472415778781800243742994208,-50.12987173200509681902040191468371781183,-51.70585008219803117941890100259489006186,-53.20407361605749237136758821740503478341,-50.0327759080778256811734587856280678514,-46.95028483706885317037441426079217174966,-47.48483396367465751498899305596461060277,-46.96667696911107856811083267065058505917,-47.91038591146878550904588783237451571091,-46.95614646533292482147058370880482628326,-47.23283844372111583942404726917300632998,-46.90414331908732862186816594604997108525,-47.531127002682015874971915238578973088,-47.83058162181420646638644152824084371224,-49.63027375017487090117290508467138119731,-49.66650428941146220219749597072932630031,-51.56481221207737487271182208801828931761,-52.75161120983861166835693636017986719783,-52.27507596438780696832909779088011357186,-52.61803638429755682526187796268421047942,-53.95682368466998793217225442025809723346,-49.24999832751573050663658025914638890716,-48.28581879430837672460304028668880359648,-45.76783666817514090634150901121821075732,-48.35323002998262443993249687231237919923,-48.77426988897133949075810356649693093306,-46.83331240454673282651930375186676244457,-48.60503161940927656792142486366731293481,-47.60039463580737973131753671943623495877,-49.67451801656279584252454509198040869528,-48.70739624488050867609773594904713092883,-47.24948573503311288101338584906206179754,-49.8030839563725517297974740567480558475,-49.39851200785867451106972793148173570393,-50.195253885578768891992739368562735882,-52.49310060716197200676724299870455392731,-53.60754874406498042128832356163073823268,-54.3766240138401247358994122185671203191,-49.07106618813967026578219053157512575007,-45.60210258374344777449559352719335567589,-44.35254521032658669734127043604382169812,-46.85710425553725635857927784655848988593,-47.84046034167424569181558183726379133282,-49.31801428341399215126301979057546649996,-49.10565726330806659544175893277905736379,-48.03638847387158121538082380591186098433,-50.17297337415858879058475375837037599873,-48.14501885709966036033247229838024900831,-46.63906562697866275142257812451251177851,-47.60862007177385262382262388461044456289,-48.16584866511793231168506055099854958156,-49.58831342509176629234540484624497564077,-52.76403077952976161665649036753163152914,