{"chunk_id":3034,"map_id":1,"chunk_size":100,"chunk_segments":16,"vertex_count":289,"x":-900,"y":700,"vertices":[-50,-48.88511214305567320279744370508430982495,-48.50113215445000650084103536440041782929,-50.17587973629671554234686087732441984587,-49.98848616493685299135247022590218816822,-48.626511168240950093504064142322465752,-47.53152127105020636710778575882879360376,-47.66425020304243951947464330284714274821,-46.29602893099601449987970112696728538338,-45.86994552356133414672018739901007656846,-47.13608478770437067895180354627005757441,-47.2168697352569127615933582553048025799,-49.01296119648062812060531166364329959467,-49.2540094134227306042240969291730554037,-48.36134637606986846224605581405374575265,-49.27423140885525143219653873913809020833,-50,-50.42066764729584269603674283513208465456,-50.72757838278521798527864317498308118197,-48.08751399602952099437612499101153851912,-50.71683480160393198478650345249092344759,-49.59414234710318148268092907593203672789,-49.8744004668520437504900071233936240388,-47.79735262725714298452241499323652640551,-48.93648199765465621168904277881757445771,-45.30718486612453509286379783968039553373,-48.81560438827736715563647781177605599408,-49.58156603249140446618094899692622421248,-48.37276694886721608845153941526660583219,-48.96114804275486957898731754966493336736,-49.05123060635212809992417672299750540722,-47.7690562530611901676517584667242177964,-48.00229591299721656256430502514375634741,-49.96502718355773800345523417269006304223,-49.65265027986698784974205830040314719699,-48.74738404193149332627772260625566634528,-49.15334593284347315964876098512162854749,-50.34297753971745573054451344348083964178,-49.40732824251498679026378994502949828437,-49.23451132054213927377237201767085866536,-49.5118417935197220493442975597574943757,-48.89006354014722949584965967416277264692,-45.08822063063981350578603141316377180928,-47.94196877562593523349333826113018673092,-50.76681221657618958597098897061224392712,-48.82287823302356447287039857181194095476,-49.11181904396850467677486653375897384594,-47.85843583524792326258981548766764214663,-48.18279875583320326860580498755033547024,-47.99554742644933162230047580926880089274,-50.7180191134841086732743804392705954102,-49.66193400735011602808159463096300563004,-49.41640899405424672577960724266780820108,-48.30397120811529148989314862543543787931,-50.10237745584012557087043073790913620377,-49.75429138089549402887949533165236006499,-50.79468452784549788268860953289372651998,-48.98438213145414372863156163616479821794,-49.63104267820689404109318118648886632155,-46.51684520850843859946259382965005179834,-46.844936708059505933280056108738324743,-49.06175272214354093946056779590200468345,-50.4882367767682985820128618648120142658,-49.60694140406721232078746935340902554943,-50.86215529721853091887449364442594976827,-48.39965315153317375562259976210822388146,-49.80700965371050266449366769015964143118,-49.07935150304756057160724348212140254953,-51.58718875622231518220366628591933270549,-51.5520298542221962879096131563965598498,-50.62315119317957508751837200074462980644,-48.87936956916034611299553648514246323583,-48.89296849486385519255134342255513832765,-49.66262387219813345410303456348111921191,-49.10014262872669299175117285298241142831,-49.0946893657885446790094722719193408061,-46.92521324849460919355772349421205801432,-47.7111461606779642809642435454793676361,-48.75237450759391482860051359977947005942,-50.30017979477428202365257537497414321057,-51.13540863761547374265636665749090609284,-51.93527143718923989649401143807196169765,-51.45372061808833853242388751549034811045,-51.1731424556008499352528181797877824175,-48.33343342449825191891023170355080700746,-51.87149616097061553315758785904967142247,-50.42684862189430687730085827017871857299,-50.62284240701841335494304448129573200356,-51.62916163402771817850390177562338287406,-48.98310735059241570607453657645618823122,-49.50932709211840098035805346564006128068,-49.71434999572727121111514335431688903539,-48.70254733661242764170217505186231540064,-46.94530009826703674864696817934207733127,-49.13334386408786958037938045669663179834,-49.30646855736715901120218037083808311945,-49.64848970618335666673289873687540394324,-51.49803007468019835139785655656309782017,-49.70271925450466233811453101065213802836,-51.66127388015629428843440501059153389078,-50.17352625056758870477605877327791535754,-49.13784507720401929042400458506395902337,-52.31382001591139242795319914437496493274,-52.53097665675320643474502064221588745844,-51.6448337056377132514884172920718623564,-50.23824737821849104408310835330272241208,-50.59763803001962910145442940958736294315,-51.59138088801434352072396832885111099868,-51.58636731693082394063632784858982245216,-52.47355896223542109677145164826193084985,-48.22242856557059703052334996270466136934,-49.39365268511636774728407192022112105889,-51.44073118223219638814515762201789684442,-51.52853016391795530332915780852827331118,-51.40501428199373043337435137909145873768,-51.2379277247322115467646592133039726094,-50.38260673189623914408021560679791917818,-52.21689583894899536415822642762074430733,-48.24316094898214972339305521476540113981,-51.89659406187446200249429134710259423337,-52.46457170797514058045587054388832323363,-51.60329629046736170913302956295221971636,-50.60624321570167988257526344280256010169,-50.68028752937744458241827379744335997506,-52.5131811762537546942809612960678267398,-52.44950659796133421259478982314842049991,-53.58055410104796127556629132619778346021,-49.80624505968059878920229926261519676322,-52.08405997491742832207298273960224536549,-52.37942500408038750326406356459444843058,-50.56043945502442728042327826653542899259,-52.45897909796381583826260200242417013339,-51.61138811507573589479665178582138421791,-51.92975420928884402048316259445945794594,-51.86918429063341387243231691127711113853,-50.23088018885171308059863867350871558654,-53.40186799903331107681113019743098636372,-53.05122302340157800824241069634191145289,-52.68163545797498014992645033316425334515,-52.64848025467717297243962103558690717842,-51.37348547839479609522965656951230960887,-51.64733080226674876838901764121899786595,-51.37148879969036728008771916443234071137,-51.8358082194525754067118622304522248497,-51.8867100514477174782951214213331505692,-51.80936308481999191407542425063696957508,-51.31130870951077901503141348153208466466,-50.80796530102869360513696568172453603413,-50.55799933803014079046575895268448075681,-50.1585737444285054574537603084825479466,-51.54447704655541219442596055796691898331,-52.3063475649669267094328861957319313956,-50.8346621066329368330301736103650691356,-52.32018770842012415735411437463599658109,-52.55859617797460085214391338243444151426,-53.58965960101469951483069546505913607194,-54.23773178057421608696438657673988385257,-52.14929741125742436228610827742162375335,-54.03446352454308082660154688016421055808,-52.64040648731588993369990129006483979167,-54.51097488548441442845486662052760214412,-53.3355635895440336373842344806048827386,-51.72916015906238652748127069105803926429,-52.08810810435772704818732286701574863112,-52.18015735917067301885838436643319360062,-50.18147300284316197201764186140123965511,-51.87235050378760369515096170858593782784,-51.04247193145777041004198379011833394565,-53.30067868155546746864616660158702841903,-52.13459752970329652008744493120559299876,-53.15813541666340244677646694691090232753,-54.30933142110374628950989932911676404386,-54.58635267911319918427219155200442173174,-53.7027817806696553324202555979858619918,-54.06072165125574822589029656915598065811,-54.49907406728942590578680057059483791139,-54.34816117481853689720013565471395518251,-54.51983850355104411006797480681581407633,-54.45380051641040199276835895971980386001,-53.39501031908193513991414102957005215238,-52.44384282507583722419728990802110770265,-51.56478406163290997073646830441767355394,-51.17861186004963011968633872272026491285,-50.90282133762129546469630957065036624529,-52.00249098848369453464180998545263565196,