{"chunk_id":3583,"map_id":1,"chunk_size":100,"chunk_segments":16,"vertex_count":289,"x":-1600,"y":-200,"vertices":[-50,-48.59592587128011098767539475941525896341,-47.90531357650572097843769576103294940742,-48.00605639014822140570456802506916977396,-48.39111435814272692022928415892812910627,-48.8275271594678337236649035046733804977,-48.48253418019511396896919515582657897057,-49.22784223327274088337646333364657956927,-49.61860707401562548825208972864101135579,-49.34173129750475872240341543467598200053,-47.71374877589386679895345140561414732756,-47.13750780770385419440979977746055353318,-47.67337833592524581472860532013773057845,-48.93449927266176335930331489372650840527,-50.13147854904102234475931283054390060806,-49.45565667600437653253226565602143168021,-50,-49.31688612016480905941775395520213143948,-49.34324278019004944391039593029121501341,-47.78476349356112456355238916491415666901,-49.18657724021842999587726022709687723825,-49.26468353498486134937061771545299264662,-48.97039047354372466333875343666298305125,-49.56200103518505294715674540195540567122,-48.45565577729474500639195072098557230855,-50.85703158761111558294739137125944302645,-48.32220406579870990011545989691354647658,-49.05553497489574701542160706186741188483,-48.60718765237571314111642198320990243561,-47.39858359809512918356012863814346214051,-49.04145613947906506148234025075963129319,-49.22552965166910650170784014568314902072,-51.25730015146843904728463863534938988155,-50.59108793743673542342038467295910398647,-49.51115432248809788413550990035065155205,-50.25290233050896299223644479883298440598,-48.39416719870989330759691354664958946762,-48.30877501391306243511872918085759422987,-50.53946275681689851209337530088306509736,-50.38388510188772806032067329254295758078,-48.91125665189703287294164832949117823934,-51.20996882292071441413062375757601390681,-52.77128788185124981997795658740042356456,-50.97515845582568389378885868489079769468,-48.62818859485600747163012135014547222484,-48.40474813951686463571229006755270571041,-46.70575240163585849070503080967200181804,-47.21566379253775468506904582458896525966,-47.96841184199287706012682866619719074757,-49.23111863039802981189387650418661769978,-51.77565495676726653518882488826518030562,-48.848482582171249116724406085905560098,-49.86256756988613240023985319790255847802,-48.58398371574221343026752327636887745963,-48.95824647875266920703854140642517741151,-50.64490709627589357833341390817756557068,-49.95213409779852906885000916132550134367,-51.12414336971268237165571329805455636642,-51.52834843940643404706293648547050622359,-52.87318583915525892493131749971918246531,-50.54607126568002903335585549579692808997,-48.60354364722833381178182237343202236795,-49.37414248787372583709705837424362007538,-47.74995407476412261550825544927653751841,-49.62178204858391055615657222148063279334,-49.75770174485373208969880153198972776658,-50.62871595080861779868693259772645642731,-53.66741941399741499886105672202223098142,-49.10146451654287104011710803083474235617,-50.28828011202979670637670294900256435825,-50.79567973310736343984411032781584566978,-51.28127480508590876958713794679388402349,-50.66917352687301518868061856751745962001,-51.0109940359799873556505575655060082899,-52.76537183473518689789285921744054790813,-51.86244228799601016281519322977820746021,-52.73852625806273261257874579384228328332,-50.30849375389647786547178689028917334013,-48.3091063976272916301152178915807259816,-47.95030691367904337526056279124408444709,-47.07835965583439300212174294286432716893,-48.74568479498714203411964128924939948733,-49.61129231951342281484291424198925428794,-52.42461182965001699045885145308770903317,-54.09942289290734658313538063686667311713,-47.84046002872265287071060433824778668286,-49.55654971891995281810448377312147913698,-51.45085425231873401966551232192606773491,-48.73179064698608804927034211741396314548,-49.39622755565457380806860110279116368255,-50.85362618910180095959505129041014570692,-52.56969627140196736879837984119173347605,-51.93334544506761330816711061721625750621,-53.60332450967300015980887024539932442633,-50.86030894054462906799859273877259302801,-50.99334335853683726905340801083705855046,-49.34580188718371307440869824343251600056,-47.57883027946009285541257987191338026349,-49.88534703160506741994139512579387557013,-51.34886916645500399991273175359935182089,-51.35018813207684337818715699097416533264,-55.05214277450279659184432498627263511907,-46.02312140848972057019488294457863092109,-49.21562815105447999541481718729552849567,-50.7496358144827885530380252748041089056,-48.63754831501816129958491294683314561076,-48.53055241091509574272568714905740749309,-50.28623953296735670410273018384811998816,-51.42995854086445939877565140541451767576,-52.27552886917857456350972617127336733245,-52.94711004501470345868993590099579169263,-51.8911827828794223998773526219634807873,-52.34527043973376849120815006684455436275,-50.32921480873008473511819375067386799953,-48.85864468736407122264962055928436091827,-50.629088958937819431763546626886030611,-51.15505470266449963504631802357692005396,-52.60486523670704769477226938437546501712,-55.03224869736897331269468645190338742894,-46.85427238985203803133390118197195514885,-50.17544322425216591640574667133205199995,-49.77656697182448963771151197142748997122,-48.13592624294822975364271079869138350773,-48.91175712076525576135599819357050187036,-48.41975664336107853333251894404648712031,-50.08839104943954827415921331514269296562,-52.35200320706970787971850514731917311484,-51.46323121566151540354423289051583373334,-52.9356740923194516769660685144453198908,-52.66402154668063677148091292559427988916,-50.13945031804316518240365950530021765182,-49.67335733678413219310140172026691539522,-52.22903173800874999252309775527450850425,-51.56719971249672698221562619480424559322,-54.07819200644938639455184832615983247468,-54.40079840526268044345408225889080522042,-45.81757915822672912987336616786929958747,-46.70979826257596109087795603877590208275,-47.83675984242978397857832527529326516472,-49.06997131792065020955622401324172064295,-49.19521484475917497214115942027893244478,-49.68725632790247197519202629724659290362,-49.95352023435713752404390027075990641899,-51.32710464344706098373260236896627396328,-51.37438500429897686783367003056170880435,-51.93632587295740387864476714259990022021,-53.13992005492545332136090597223434257612,-54.39220263263691420033938776166764354695,-53.8375350157247536936169924833166203428,-54.25187712355976876142339847657247069676,-53.59677089916797189187251552469828779255,-52.90539912764140605053302681988073285072,-54.10499244045646975455845985136971000791,-46.0677622871458177594449341781719635016,-46.91045735456841188603243109666593870644,-49.04169853870609830950145724768398064793,-47.91009142373608908488680161123924788095,-49.72556202233275670816011409829151873404,-48.44907989223038877077070635638615055499,-48.76926273561634498059672808630378969102,-49.81262036049984612784669654050100962629,-50.00622439327495206742654340783795726544,-50.48258241107667625966523303356369783744,-51.40153293108435970295501930556986125021,-52.88437195187696256087020338608854166686,-54.54114627629626745809280526882286103658,-54.55643484965409886215306865434753369857,-53.52787015643647113596600551451028232618,-51.97256283092980239436359247043576866859,-53.76272894945644359635285579922130468637,-47.88019085504762881854872211149408203237,-50.0360658652542135685731504750360871106,-49.71981890839053364070173312950636871288,-48.47585729782305540595419055235313979538,-49.46791256150800625515386662832047963077,-48.46487699874744996029089351406728138414,-49.12084804572737049743221914442161429256,-50.59183262712249412653324740200770439236,-50.50782917001021380093221581682769458673,-51.29898536435186702821090549521060056153,-51.51235508347911537742432259733929792279,-53.17152071303129345120955378613530367594,-55.44420472407477472934566031153393852433,-55.045916212453390539719873712384661982,-52.71937061948826574027141987536852074493,